CD_CVM,rank,DENOM_CIA,setor,setor_fonte,setor_cvm,categoria_cvm,mercado_cvm,origem_dfp,template,pdd_fonte,score_0_100,score_bruto,obj1_teto_rs,obj1_teto_pct_receita,obj1_0_100,obj2_potencial_viavel_rs,obj2_viavel_pct_receita,obj2_desconto_financeiro_rs,obj2_0_100,obj3_potencial_final_rs,obj3_viavel_pct_receita,obj3_boost_readiness_rs,obj3_0_100,exposicao,exposicao_score,exposicao_0_100,f_fin,f_fin_0_100,f_caixa,g_alavancagem,h_fco,readiness,readiness_bruto,readiness_efetiva,readiness_0_100,mult_setor,rho_captura,fator_execucao,obj2_desconto_captura_rs,obj2_desconto_total_rs,obj3_ajuste_execucao_rs,pessoal_modo,fator_pessoal_liquido,receita,sga,vendas,pessoal,cpv,pdd,estoques,sga_afetavel,vendas_afetavel,cpv_afetavel,pessoal_afetavel,caixa,divida_liquida,ebitda,ativo_total,fco,fco_sobre_receita,valor_sga_rs,valor_vendas_rs,valor_pessoal_rs,valor_cpv_rs,valor_pdd_rs,valor_estoques_rs,contrib_sga,contrib_vendas,contrib_pessoal,contrib_cpv,contrib_pdd,contrib_estoques,caixa_sobre_ativo,dl_sobre_ebitda,alerta_receita,valido,obj2_viavel_rs_rho_conservador,obj3_final_rs_rho_conservador,obj2_viavel_rs_rho_base,obj3_final_rs_rho_base,obj2_viavel_rs_rho_otimista,obj3_final_rs_rho_otimista
23302,1.0,QUALITY SOFTWARE S.A.,tecnologia,cvm,Emp. Adm. Part. - Comunicação e Informática,Categoria A,BOLSA,consolidado,padrao,dva,100.0,0.375101448869588,69429117.36,102.4461605751176,16.017316017316016,48600382.151999995,71.71231240258231,0.0,24.675324675324674,48096533.58993239,70.96885846484209,-503848.56206760556,25.324675324675322,1.0244616057511757,0.5414727543051877,99.78354978354979,1.0,100.0,1.0,1.0,1.0,0.9242424242424242,0.10302031893099245,0.9308855143714991,92.42424242424242,1.2,0.7,0.9896328271557249,20828735.208000004,20828735.208000004,-503848.56206760556,liquido,0.0,67771322.0,31574337.0,0.0,165267560.0,0.0,93012.0,0.0,0.0,0.0,0.0,165267560.0,37601374.0,44204271.0,39725077.0,279567562.0,37811058.0,0.5579212103904362,0.0,0.0,69412375.2,0.0,16742.16,0.0,0.0,0.0,1.0242145667455032,0.0,0.0002470390056726354,0.0,0.1344983435524612,1.1127548223506276,True,True,34714558.68,34354666.84995171,48600382.151999995,48096533.58993239,62486205.624,61838400.32991307
6076,2.0,"DM FINANCEIRA S.A. - CRÉDITO, FINANCIAMENTO E INVESTIMENTO",financeiro,cvm,Bancos,Categoria A,BOLSA,individual,financeiro,dre,86.90075011310958,0.3261869748411801,399383000.0,55.583266414392696,52.16450216450217,279568100.0,38.908286490074886,0.0,62.77056277056276,240591112.91788024,33.48374849768211,-38976987.08211976,60.82251082251082,0.5558326641439271,0.5414727543051877,99.35064935064936,1.0,100.0,1.0,1.0,1.0,0.05411255411255411,2.700194076449245e-06,0.07054281032970089,5.411255411255411,1.25,0.7,0.8605814215494552,119814900.00000001,119814900.0,-38976987.08211976,liquido,1.0,718531000.0,177535000.0,,1594000.0,,664220000.0,,177535000.0,0.0,0.0,1594000.0,2348576000.0,-2348576000.0,-397968000.0,2962750000.0,-532681000.0,-0.7413472765962776,66575625.0,0.0,697375.0,0.0,332110000.0,0.0,0.09265518815472124,0.0,0.0009705565939395794,0.0,0.4622069193952662,0.0,0.7927013754113577,,False,True,199691500.0,171850794.94134304,279568100.0,240591112.91788024,359444700.0,309331430.89441746
25399,3.0,NEOGRID PARTICIPAÇÕES S.A.,tecnologia,cvm,Comunicação e Informática,Categoria A,,consolidado,padrao,dva,73.44647520942179,0.2759467865838261,108695019.04007831,39.655531612809405,22.51082251082251,76086513.32805482,27.758872128966576,0.0,31.16883116883117,75636462.30905357,27.59467865838261,-450051.0190012455,32.900432900432904,0.396555316128094,0.396555316128094,97.61904761904762,1.0,100.0,1.0,1.0,1.0,0.9567099567099567,0.11602233068260837,0.9605667286429765,95.67099567099568,1.2,0.7,0.9940850092964465,32608505.712023497,32608505.712023497,-450051.0190012455,liquido,0.3944369759731269,274098000.0,135903000.0,50598000.0,180634000.0,111790000.0,3199000.0,0.0,53605168.34567586,19957722.110288274,44094109.54403585,180634000.0,91238000.0,-73229000.0,15646000.0,606878000.0,1865000.0,0.006804135747068567,19297860.60444331,7663765.290350697,75866280.0,5291293.145284302,575820.0,0.0,0.07040496685288952,0.027959946042476407,0.27678523739684346,0.0193043843635645,0.002100781472320119,0.0,0.15033993652760522,-4.680365588648856,False,True,54347509.520039156,54026044.506466836,76086513.32805482,75636462.30905357,97825517.13607049,97246880.11164032
25925,4.0,BIONEXO S.A.,tecnologia,cvm,Comunicação e Informática,Categoria A,,consolidado,padrao,dva,60.93513631610593,0.22922765635560008,58035340.55060427,32.81465387520173,12.987012987012985,40624738.38542298,22.970257712641203,0.0,22.51082251082251,40540744.84773871,22.922765635560005,-83993.53768426925,23.376623376623375,0.32814653875201727,0.32814653875201727,94.58874458874459,1.0,100.0,1.0,1.0,1.0,0.9848484848484849,0.14481982893005052,0.9862163563348375,98.48484848484848,1.2,0.7,0.9979324534502256,17410602.165181283,17410602.165181287,-83993.53768426925,liquido,0.2819347140657392,176858000.0,59424000.0,39166000.0,107722000.0,51427000.0,4337000.0,0.0,16753688.448642487,11042255.011098742,14499056.54025877,107722000.0,143893000.0,-137579000.0,9828000.0,321389000.0,29852000.0,0.1687907813047756,6031327.841511295,4240225.924261917,45243240.0,1739886.7848310524,780660.0,0.0,0.03410265773395207,0.023975313100125056,0.25581675694625067,0.009837761282107976,0.0044140496895814715,0.0,0.4477222306924008,-13.998677248677248,False,True,29017670.275302134,28957674.89124194,40624738.38542298,40540744.84773871,52231806.495543845,52123814.8042355
25259,5.0,ENJOEI S.A.,varejo,cvm,Comércio (Atacado e Varejo),Categoria A,BOLSA,consolidado,padrao,dva,56.64367281823103,0.21320271739930588,83341508.04552615,31.423419731290565,18.398268398268396,58339055.6318683,21.996393811903395,0.0,27.27272727272727,56545837.9113613,21.320271739930586,-1793217.7205070034,28.57142857142857,0.3142341973129057,0.3142341973129057,93.72294372294373,1.0,100.0,1.0,1.0,1.0,0.7770562770562771,0.05470635330456163,0.7950809337947247,77.7056277056277,1.1,0.7,0.9692621400692087,25002452.413657848,25002452.413657844,-1793217.7205070034,liquido,0.8141311728293329,265221000.0,129828000.0,56890000.0,56390000.0,116668000.0,0.0,0.0,105697021.90608662,46315922.42226075,94983055.67165262,56390000.0,198800000.0,-198800000.0,1531000.0,422174000.0,4924000.0,0.018565649024775564,34880017.229008585,16303204.692635784,21710150.0,10448136.123881789,0.0,0.0,0.13151302962061295,0.061470263262093816,0.08185682883331259,0.039394075596886326,0.0,0.0,0.4708958865301984,-129.84977139124754,False,True,41670754.02276307,40389884.222400926,58339055.6318683,56545837.9113613,75007357.24097353,72701791.60032167
26034,6.0,GRUPO MULTILASER S.A.,tecnologia,cvm,Comunicação e Informática,Categoria A,,consolidado,padrao,dva,54.49087848125662,0.20516387520653082,1102672167.1586485,32.541620716867726,74.89177489177489,771870517.0110539,22.779134501807405,0.0,81.81818181818183,695197380.8095794,20.516387520653083,-76673136.20147455,81.81818181818183,0.32541620716867725,0.32541620716867725,94.37229437229438,1.0,100.0,1.0,1.0,1.0,0.30303030303030304,0.001971028688756193,0.3377720354930417,30.303030303030305,1.2,0.7,0.9006658053239562,330801650.1475946,330801650.1475946,-76673136.20147455,liquido,0.879425520977057,3388498000.0,131311000.0,835966000.0,430390000.0,2602218000.0,0.0,1497297000.0,115478244.58501832,735169835.0691063,2288456920.3458753,430390000.0,744553000.0,-96750000.0,41374000.0,5308700000.0,65845000.0,0.019431913490874128,41572168.05060659,282305216.66653687,180763800.0,274614830.441505,0.0,323416152.0,0.012268612243715827,0.08331278834059717,0.05334629089348732,0.0810432322644148,0.0,0.09544528342646211,0.1402514739955168,-2.338425097887562,False,True,551336083.5793242,496569557.7211281,771870517.0110539,695197380.8095794,992404950.4427837,893825203.8980306
23817,7.0,BRQ SOLUCOES EM INFORMATICA S.A.,tecnologia,cvm,Comunicação e Informática,Categoria A,BOLSA,consolidado,padrao,dva,53.84276368910744,0.2027437218052483,194345120.971271,33.40032257792533,32.03463203463203,122437426.21190073,21.042203224092955,19434512.097127095,43.722943722943725,117969678.43193263,20.274372180524832,-4467747.779968098,44.15584415584416,0.33400322577925323,0.33400322577925323,94.8051948051948,0.9,90.0,0.9,1.0,1.0,0.7359307359307359,0.041670280556930256,0.7567330013272344,73.59307359307358,1.2,0.7,0.9635099501990851,52473182.66224318,71907694.75937028,-4467747.779968098,liquido,0.12169248314938963,581866000.0,126239000.0,0.0,436662000.0,370924000.0,0.0,0.0,15362337.380295798,0.0,45138662.6197042,436662000.0,26052000.0,-17591000.0,101893000.0,392006000.0,87711000.0,0.15074089223291962,5530441.456906487,0.0,183398040.0,5416639.514364504,0.0,0.0,0.00950466508939599,0.0,0.31518947661489066,0.00930908407496658,0.0,0.0,0.06645816645663587,-0.172641889040464,False,True,87455304.43707195,84264056.02280903,122437426.21190073,117969678.43193263,157419547.9867295,151675300.84105623
22519,8.0,TECHNOS S.A.,varejo,cvm,Comércio (Atacado e Varejo),Categoria A,BOLSA,consolidado,padrao,dva,51.82420537003165,0.1952061361170728,115308137.1146638,28.806869470036922,23.376623376623375,80715695.98026465,20.164808629025842,0.0,32.900432900432904,78137112.16494188,19.520613611707276,-2578583.8153227717,33.76623376623377,0.2880686947003693,0.2880686947003693,92.64069264069265,1.0,100.0,1.0,1.0,1.0,0.7683982683982684,0.05296630581363089,0.7870233470696754,76.83982683982684,1.1,0.7,0.9680535020604513,34592441.134399146,34592441.134399146,-2578583.8153227717,liquido,0.7085956630861581,400280000.0,39405000.0,106680000.0,95439000.0,181429000.0,1807000.0,142936000.0,27922212.10391006,75592985.33803134,128559802.55805857,95439000.0,119913000.0,-12150000.0,77340000.0,724487000.0,48231000.0,0.12049315479164585,9214329.99429032,26608730.838987034,36744015.0,14141578.281386444,298155.0,28301328.0,0.02301971118789427,0.06647529439139362,0.09179578045368242,0.03532921525278916,0.000744866093734386,0.07070382732087539,0.1655143570554061,-0.15709852598913887,False,True,57654068.5573319,55812222.974958494,80715695.98026465,78137112.16494188,103777323.40319742,100462001.35492529
23310,9.0,CVC BRASIL OPERADORA E AGÊNCIA DE VIAGENS S.A.,outros,padrao,Hospedagem e Turismo,Categoria A,BOLSA,consolidado,padrao,dva,51.7362848386473,0.194877828268448,410128339.1529682,28.866766600268186,52.81385281385281,287089837.4070777,20.206736620187726,0.0,63.20346320346321,276875207.924165,19.4877828268448,-10214629.48291272,64.06926406926407,0.2886676660026818,0.2886676660026818,92.85714285714286,1.0,100.0,1.0,1.0,1.0,0.7424242424242424,0.043212135035546086,0.7628006254030987,74.24242424242425,1.0,0.7,0.9644200938104648,123038501.74589048,123038501.7458905,-10214629.48291272,liquido,0.6680018796736862,1420763000.0,963863000.0,253824000.0,439444000.0,105947000.0,12196000.0,0.0,643862295.7479181,169554909.1062937,70772795.14578803,439444000.0,400233000.0,142088000.0,313318000.0,3840648000.0,382454000.0,0.2691891610353029,193158688.72437543,54257570.91401399,153805400.0,7077279.514578803,1829400.0,0.0,0.1359541941367951,0.03818903709768201,0.10825549370303139,0.004981323073995313,0.0012876179911779796,0.0,0.10420975835327788,0.45349453271117524,False,True,205064169.5764841,197768005.66011786,287089837.4070777,276875207.924165,369115505.23767143,355982410.1882122
24910,10.0,LWSA S/A,tecnologia,cvm,Comunicação e Informática,Categoria A,BOLSA,consolidado,padrao,dva,50.98839688228661,0.1920851075910468,378635420.8570583,27.63697642515345,50.21645021645021,265044794.59994078,19.34588349760741,0.0,61.038961038961034,263162744.12317708,19.208510759104684,-1882050.4767636955,62.33766233766234,0.2763697642515344,0.2763697642515344,91.34199134199135,1.0,100.0,1.0,1.0,1.0,0.948051948051948,0.11434226411763562,0.9526608202309232,94.8051948051948,1.2,0.7,0.9928991230346385,113590626.25711751,113590626.25711751,-1882050.4767636955,liquido,0.6204625269438581,1370032000.0,257444000.0,283852000.0,476819000.0,715020000.0,0.0,0.0,159734354.7865346,176119529.198068,443643116.01539737,476819000.0,447378000.0,-372951000.0,244220000.0,4010622000.0,146002000.0,0.10656831373281792,57504367.72315246,67629899.21205811,200263980.0,53237173.92184768,0.0,0.0,0.041973010647307844,0.04936373691421668,0.14617467329230266,0.038858343397707266,0.0,0.0,0.11154828353307791,-1.5271108017361394,False,True,189317710.42852914,187973388.6594122,265044794.59994078,263162744.12317708,340771878.77135247,338352099.586942
24805,11.0,VIVARA PARTICIPAÇÕES S.A.,varejo,cvm,Comércio (Atacado e Varejo),Categoria A,BOLSA,consolidado,padrao,dva,49.3442870227802,0.1859457660472871,837544012.8860912,32.49930745621085,68.83116883116884,527652728.11823744,20.474563697412833,83754401.2886091,73.37662337662337,479203328.5148067,18.59457660472871,-48449399.60343075,73.16017316017316,0.32499307456210846,0.32499307456210846,94.15584415584416,0.9,90.0,0.9,1.0,1.0,0.3528138528138528,0.0031506919770985737,0.3878625464363608,35.28138528138528,1.1,0.7,0.9081793819654541,226136883.47924465,309891284.7678538,-48449399.60343075,liquido,0.7224464524113078,2577113417.0,257972375.0,946097059.0,547101596.0,767087486.0,22251.0,1332577733.0,186371227.13886955,683504463.9113218,554179632.9498087,547101596.0,278153431.0,120407273.0,838115320.0,4273730310.0,150681232.0,0.05846899519672944,61502504.95582695,240593571.2967853,210634114.46,60959759.624478966,3671.415,263850391.134,0.023864880975018012,0.09335777374395055,0.08173257454272141,0.0236542789395128,1.4246229815814118e-06,0.10238214173792415,0.06508446037157642,0.14366432652728506,False,True,376894805.79874104,342288091.7962905,527652728.11823744,479203328.5148067,678410650.4377339,616118565.2333229
4669,12.0,GUARARAPES CONFECCOES S.A.,industria,cvm,Têxtil e Vestuário,Categoria A,BOLSA,consolidado,padrao,dva,45.8494559793428,0.17289556670121806,2545307098.6564245,26.419476960132005,86.58008658008657,1781714969.059497,18.493633872092403,0.0,91.77489177489177,1665711678.981842,17.289556670121808,-116003290.07765508,91.34199134199135,0.26419476960132,0.26419476960132,88.74458874458875,1.0,100.0,1.0,1.0,1.0,0.5346320346320347,0.014126885360640263,0.5659489421068319,53.46320346320347,1.0,0.7,0.9348923413160248,763592129.5969275,763592129.5969274,-116003290.07765508,liquido,0.8003904637800789,9634207000.0,1379185000.0,3509676000.0,1764804000.0,3952420000.0,787579000.0,1461441000.0,1103886521.7885282,2809111201.3578124,3163479276.8536596,1764804000.0,1158206000.0,812790000.0,1452043000.0,13633267000.0,1505901000.0,0.15630772724729705,331165956.53655845,898915584.4345,617681400.0,316347927.685366,118136850.0,263059380.0,0.03437397146818191,0.09330457446414635,0.06411336189890875,0.032835907271388916,0.012262228743891428,0.027304725754802653,0.0849543986778811,0.5597561504721279,False,True,1272653549.3282123,1189794056.4156015,1781714969.059497,1665711678.981842,2290776388.790782,2141629301.5480826
24694,13.0,GRUPO SBF S.A.,varejo,cvm,Comércio (Atacado e Varejo),Categoria A,BOLSA,consolidado,padrao,dva,45.64209515996859,0.17212125172124806,1887302832.643681,26.38951771063106,82.68398268398268,1321111982.8505766,18.47266239744174,0.0,88.09523809523809,1230961965.6323738,17.212125172124807,-90150017.21820283,88.52813852813853,0.2638951771063106,0.2638951771063106,88.52813852813853,1.0,100.0,1.0,1.0,1.0,0.512987012987013,0.01183161082530262,0.5450801123677388,51.298701298701296,1.1,0.7,0.9317620168551608,566190849.7931044,566190849.7931044,-90150017.21820283,liquido,0.8698044940057456,7151714000.0,688354000.0,2230503000.0,853750000.0,3638589000.0,735000.0,1665936000.0,598733402.666831,1940101533.2932975,3164861064.0398717,853750000.0,996713000.0,1920597000.0,1038070000.0,8945967000.0,1069935000.0,0.14960539529405117,197582022.88005424,682915739.7192408,328693750.0,348134717.0443859,121275.0,329855328.0,0.027627226547377908,0.09548980002825068,0.04596013626943136,0.048678500992123834,1.6957473411268964e-05,0.04612255579571555,0.11141478612653054,1.850161357133912,False,True,943651416.3218405,879258546.8802671,1321111982.8505766,1230961965.6323738,1698572549.379313,1582665384.384481
20044,14.0,CSU DIGITAL S.A.,tecnologia,nome,Emp. Adm. Part. - Sem Setor Principal,Categoria A,BOLSA,consolidado,padrao,dva,45.402457290213356,0.17122640961520533,140220030.58517167,24.702324996198584,26.406926406926406,98154021.40962017,17.291627497339007,0.0,36.79653679653679,97194787.92756556,17.122640961520535,-959233.4820546061,38.961038961038966,0.2470232499619858,0.2470232499619858,83.76623376623377,1.0,100.0,1.0,1.0,1.0,0.9285714285714286,0.10566973288824284,0.9348484169214359,92.85714285714286,1.2,0.7,0.9902272625382154,42066009.175551504,42066009.175551504,-959233.4820546061,liquido,0.442092033373796,567639000.0,106593000.0,7540000.0,246809000.0,328250000.0,953000.0,3380000.0,47123916.113413036,3333373.931638422,145116709.95494854,246809000.0,96197000.0,-25656000.0,192365000.0,696188000.0,176168000.0,0.31035217805682835,16964609.80082869,1280015.5897491542,103659780.0,17414005.194593824,171540.0,730080.0,0.029886265391963367,0.002254981757330194,0.18261567651271315,0.030677957636092348,0.0003021991089407176,0.0012861695549460132,0.13817675685303396,-0.13337145530631872,False,True,70110015.29258583,69424848.5196897,98154021.40962017,97194787.92756556,126198027.52665451,124964727.33544144
11258,15.0,TELEC BRASILEIRAS S.A. TELEBRAS,utilities,cvm,Telecomunicações,Categoria A,BOLSA,individual,padrao,dva,45.055308770208455,0.16993010735267852,113178312.4733373,27.316971983475685,22.943722943722943,79224818.7313361,19.12188038843298,0.0,32.25108225108225,70404592.42782499,16.99301073526785,-8820226.303511113,31.38528138528138,0.2731697198347569,0.2731697198347569,90.47619047619048,1.0,100.0,1.0,1.0,1.0,0.22510822510822512,0.000948805435716757,0.25778929340969126,22.51082251082251,0.9,0.7,0.8886683940114537,33953493.74200119,33953493.74200119,-8820226.303511113,liquido,0.8485628462861146,414315000.0,93268000.0,30029000.0,114140000.0,630415000.0,2752000.0,0.0,79143759.54741333,25481493.711125735,534946746.7414609,114140000.0,425387000.0,-369664000.0,288540000.0,4089985000.0,121636000.0,0.29358338462281114,21368815.0778016,7338670.188804213,35954100.0,48145207.20673149,371520.0,0.0,0.05157625255615076,0.01771277937995055,0.08677962419897904,0.11620435467393526,0.0008967090257412839,0.0,0.10400698291069527,-1.281153392943786,False,True,56589156.23666865,50288994.591303565,79224818.7313361,70404592.42782499,101860481.22600357,90520190.26434642
23507,16.0,OUROFINO S.A.,varejo,cvm,Comércio (Atacado e Varejo),Categoria A,BOLSA,consolidado,padrao,dva,44.85048251331528,0.1691652567917953,263934863.3826486,25.754969143265033,40.692640692640694,184754404.367854,18.028478400285522,0.0,52.5974025974026,173359201.83817747,16.91652567917953,-11395202.529676527,53.246753246753244,0.25754969143265033,0.25754969143265033,87.01298701298701,1.0,100.0,1.0,1.0,1.0,0.5584415584415584,0.015417713218546032,0.5888162064420694,55.84415584415584,1.1,0.7,0.9383224309663104,79180459.01479459,79180459.01479459,-11395202.529676527,liquido,0.7546908107916683,1024792000.0,64079000.0,275949000.0,207810000.0,507107000.0,58000.0,265432000.0,48359832.46471932,208256174.54715008,382708992.98813057,207810000.0,233957000.0,125397000.0,224515000.0,1384706000.0,73936000.0,0.07214732355443837,15958744.713357376,73306173.44059683,80006850.0,42097989.22869437,9570.0,52555536.0,0.015572667149389706,0.07153273390170574,0.07807130617725354,0.04107954514544841,9.338480394070213e-06,0.051284100578458856,0.16895788708938939,0.5585239293588402,False,True,131967431.6913243,123828001.31298393,184754404.367854,173359201.83817747,237541377.04438373,222890402.36337107
20362,17.0,POSITIVO TECNOLOGIA S.A.,tecnologia,cvm,Comunicação e Informática,Categoria A,BOLSA,consolidado,padrao,dva,43.91781140556163,0.16568252937830277,932538147.8305016,25.283506605178108,71.86147186147186,652776703.481351,17.698454623624674,0.0,78.78787878787878,611091180.851758,16.568252937830277,-41685522.629593015,78.78787878787878,0.2528350660517811,0.2528350660517811,85.93073593073593,1.0,100.0,1.0,1.0,1.0,0.5432900432900433,0.014380476146449498,0.5742748129411054,54.32900432900433,1.2,0.7,0.9361412219411658,279761444.3491505,279761444.34915054,-41685522.629593015,liquido,0.863912948806568,3688326000.0,220817000.0,436329000.0,465613000.0,2764289000.0,1078000.0,1096246000.0,190766665.6166199,376950273.039821,2388105061.3435593,465613000.0,566929000.0,715895000.0,366927000.0,4466987000.0,529080000.0,0.1434471898633689,68675999.62198317,144748904.8472913,195557460.0,286572607.3612271,194040.0,236789136.0,0.018619829055778466,0.039245149384108474,0.05302065489872641,0.07769720121302376,5.260923248107678e-05,0.06419962226766289,0.12691530107430354,1.9510556595726125,False,True,466269073.9152508,436493700.6083986,652776703.481351,611091180.851758,839284333.0474514,785688661.0951174
19992,18.0,TOTVS S.A.,tecnologia,cvm,Comunicação e Informática,Categoria A,BOLSA,consolidado,padrao,dre,43.87855249603152,0.16553593099082442,1249064734.8497686,23.91008922556514,76.83982683982684,874345314.394838,16.737062457895597,0.0,83.54978354978356,864760862.2475835,16.553593099082438,-9584452.147254467,83.76623376623377,0.23910089225565143,0.23910089225565143,81.38528138528139,1.0,100.0,1.0,1.0,1.0,0.9199134199134199,0.09989133493699572,0.9269209240372175,91.991341991342,1.2,0.7,0.9890381386055827,374719420.45493066,374719420.45493066,-9584452.147254467,liquido,0.28387971877653473,5224007000.0,593409000.0,1135920000.0,2380010000.0,1594149000.0,59356000.0,0.0,168456780.03946468,322464650.15264136,452546569.80789405,2380010000.0,1942162000.0,-280613000.0,1203538000.0,8531721000.0,1114611000.0,0.21336322864804738,60644440.814207286,123826425.65861428,999604200.0,54305588.376947284,10684080.0,0.0,0.011608797770410201,0.023703342215776947,0.19134817392090017,0.010395389664858276,0.002045188683705822,0.0,0.22764012090878266,-0.23315674286977228,False,True,624532367.4248843,617686330.1768454,874345314.394838,864760862.2475835,1124158261.3647919,1111835394.318322
26506,19.0,LUPO S.A.,varejo,cvm,Comércio (Atacado e Varejo),Categoria A,,consolidado,padrao,dre,43.69087614478817,0.16483512063237582,391101503.2360265,25.289443927681038,51.298701298701296,273771052.26521856,17.702610749376728,0.0,61.904761904761905,254917678.8930898,16.48351206323758,-18853373.372128755,61.25541125541125,0.2528944392768104,0.2528944392768104,86.14718614718615,1.0,100.0,1.0,1.0,1.0,0.5086580086580087,0.011555682233755436,0.5408968377985086,50.86580086580087,1.1,0.7,0.9311345256697763,117330450.97080797,117330450.97080797,-18853373.372128755,liquido,0.6860042479794419,1546501000.0,88094000.0,221709000.0,431081000.0,1063085000.0,4479000.0,357049000.0,60432858.221500956,152093315.8152741,729280825.963225,431081000.0,306611000.0,-143060000.0,223825000.0,1698091000.0,124816000.0,0.08070864486993543,19942843.213095315,53536847.16697648,165966185.0,80220890.85595477,739035.0,70695702.0,0.012895460923138955,0.03461804885155359,0.10731721802960362,0.051872511466823985,0.0004778755396860397,0.04571332446600423,0.18056217246307765,-0.6391600580810901,False,True,195550751.61801326,182084056.352207,273771052.26521856,254917678.8930898,351991352.9124239,327751301.43397266
21440,20.0,VESTE S.A. ESTILO,varejo,cvm,Emp. Adm. Part. - Comércio (Atacado e Varejo),Categoria A,BOLSA,consolidado,padrao,dva,43.563200764826206,0.16435836248888347,357245511.65016687,32.139256415576995,48.05194805194805,187553893.6163376,16.873109618177924,89311377.91254172,53.246753246753244,182693359.61633086,16.435836248888346,-4860534.000006735,54.761904761904766,0.32139256415576994,0.32139256415576994,93.93939393939394,0.75,75.0,0.75,1.0,1.0,0.8116883116883117,0.06225991272132822,0.8272306728735266,81.16883116883116,1.1,0.7,0.974084600931029,80380240.12128755,169691618.03382927,-4860534.000006735,liquido,0.7568710636113856,1111555000.0,171160000.0,490219000.0,260067000.0,408288000.0,2740000.0,249099000.0,129546051.24772476,371032575.93250984,309021372.8197654,260067000.0,35290000.0,312604000.0,216131000.0,1656533000.0,237950000.0,0.2140694792430424,42750196.91174917,130603466.72824347,100125795.0,33992351.0101742,452100.0,49321602.0,0.03845981252547033,0.11749618033137674,0.09007722964675612,0.03058089884007017,0.00040672751235881267,0.044371715299737755,0.02130352972141213,1.4463635480333688,False,True,133967066.86881258,130495256.86880778,187553893.6163376,182693359.61633086,241140720.36386263,234891462.363854
23221,21.0,SER EDUCACIONAL S.A.,saude_educacao,cvm,Educação,Categoria A,BOLSA,consolidado,padrao,dva,43.31077633178738,0.16341577352534517,473831927.63650787,23.914551747769853,56.060606060606055,331682349.3455555,16.740186223438894,0.0,66.01731601731602,323784496.53753674,16.341577352534518,-7897852.808018744,67.74891774891775,0.23914551747769852,0.23914551747769852,81.6017316017316,1.0,100.0,1.0,1.0,1.0,0.8268398268398268,0.06704663395336981,0.8412566958798174,82.68398268398268,1.05,0.7,0.9761885043819726,142149578.29095238,142149578.29095238,-7897852.808018744,liquido,0.6425197516392193,1981354000.0,640459000.0,151262000.0,600155000.0,887127000.0,197746000.0,0.0,411507557.6151027,97188822.67245159,569996619.7124456,600155000.0,370728000.0,593605000.0,461363000.0,3456087000.0,240520000.0,0.12139173514677337,129624880.64875735,32655444.417943735,220556962.5,59849645.06980679,31144995.0,0.0,0.0654223731088727,0.016481378096969916,0.11131628295599877,0.03020643714843829,0.015719046167418847,0.0,0.1072681330070684,1.2866333017602192,False,True,236915963.81825393,231274640.38395482,331682349.3455555,323784496.53753674,426448734.8728571,416294352.6911187
4537,22.0,GRAZZIOTIN S.A.,varejo,cvm,Comércio (Atacado e Varejo),Categoria A,BOLSA,consolidado,padrao,dva,43.26637935193523,0.1632499888478507,192684825.48829854,26.44619011577104,31.818181818181817,134879377.84180897,18.512333081039728,0.0,45.23809523809524,118942635.87463324,16.324998884785067,-15936741.967175737,44.58874458874459,0.2644619011577104,0.2644619011577104,88.96103896103897,1.0,100.0,1.0,1.0,1.0,0.18181818181818182,0.0006154778265431279,0.21229658567638207,18.181818181818183,1.1,0.7,0.8818444878514573,57805447.64648957,57805447.64648956,-15936741.967175737,liquido,0.7867816110029533,728592000.0,69642000.0,222634000.0,135586000.0,343626000.0,17652000.0,141882000.0,54793044.953467675,175164337.18403152,270358617.86250085,135586000.0,207188000.0,-207188000.0,109342000.0,1353420000.0,155134000.0,0.21292300766409733,18081704.834644333,61657846.6887791,52200610.0,29739447.9648751,2912580.0,28092636.0,0.02481732551914423,0.08462602758303564,0.07164587313613106,0.040817697648169476,0.003997545951643719,0.03855743131958627,0.1530847778221099,-1.8948619926469243,False,True,96342412.74414927,84959025.62473802,134879377.84180897,118942635.87463324,173416342.93946868,152926246.12452844
10456,23.0,ALPARGATAS S.A.,industria,cvm,Têxtil e Vestuário,Categoria A,BOLSA,consolidado,padrao,dva,43.183892920442496,0.16294197270602678,1023935345.6986321,24.92351104136547,73.37662337662337,716754741.9890424,17.446457728955828,0.0,81.16883116883116,669416298.8298695,16.294197270602677,-47338443.15917289,81.16883116883116,0.24923511041365468,0.24923511041365468,84.4155844155844,1.0,100.0,1.0,1.0,1.0,0.5281385281385281,0.013040465808201354,0.5596965006672019,52.81385281385281,1.0,0.7,0.9339544751000802,307180603.70958966,307180603.7095897,-47338443.15917289,liquido,0.7429276765673389,4108311000.0,263819000.0,1305082000.0,1003743000.0,2335615000.0,15993000.0,709119000.0,195998436.7043188,969581537.9898559,1735193025.3058252,1003743000.0,1488511000.0,-64987000.0,301051000.0,6839725000.0,845031000.0,0.2056881769661547,58799531.01129564,310266092.1567539,351310050.0,173519302.53058255,2398950.0,127641420.0,0.014312336873059425,0.07552156887751534,0.08551203888897407,0.042236165307490726,0.0005839260951763389,0.031069074371438774,0.21762731688774037,-0.21586707899990368,False,True,511967672.84931606,478154499.16419256,716754741.9890424,669416298.8298695,921541811.1287689,860678098.4955467
19550,24.0,NATURA COSMÉTICOS S.A.,saude_educacao,cvm,Farmacêutico e Higiene,Categoria A,BOLSA,consolidado,padrao,dva,42.883545161591556,0.16182043118443876,5324360048.758796,25.03039289398717,93.29004329004329,3727052034.131157,17.521275025791017,0.0,94.8051948051948,3442176247.574284,16.18204311844388,-284875786.55687284,94.58874458874459,0.2503039289398717,0.2503039289398717,84.63203463203463,1.0,100.0,1.0,1.0,1.0,0.45670995670995673,0.007675609348137462,0.4904359013539016,45.67099567099567,1.05,0.7,0.9235653852030852,1597308014.627639,1597308014.6276388,-284875786.55687284,liquido,0.8343311001129068,21271580000.0,2536438000.0,8609117000.0,3016637000.0,7063276000.0,418081000.0,2386616000.0,2116229106.908181,7182854057.610727,5893110835.4810915,3016637000.0,1741187000.0,648212000.0,2289748000.0,20315234000.0,1909139000.0,0.08975069082785576,666612168.676077,2413438963.3572044,1108614097.5,618776637.7255147,65847757.5,451070424.0,0.031338159585516306,0.1134583779558079,0.052117148679129616,0.02908935949870741,0.0030955743531980227,0.021205308867512426,0.0857084392924049,0.28309316134351903,False,True,2662180024.379398,2458697319.695917,3727052034.131157,3442176247.574284,4791924043.882916,4425655175.452651
25038,25.0,LOJAS QUERO QUERO S.A.,varejo,cvm,Comércio (Atacado e Varejo),Categoria A,BOLSA,consolidado,padrao,dva,42.83168955104789,0.16162679491235693,677162211.1014714,25.39678926094937,63.85281385281385,474013547.77102995,17.77775248266456,0.0,72.51082251082252,430950372.0786646,16.16267949123569,-43063175.69236535,71.64502164502164,0.25396789260949376,0.25396789260949376,86.58008658008657,1.0,100.0,1.0,1.0,1.0,0.3593073593073593,0.0031640244424534615,0.3943467664603988,35.93073593073593,1.1,0.7,0.9091520149690598,203148663.33044145,203148663.33044147,-43063175.69236535,liquido,0.8324561271278387,2666330000.0,267760000.0,581238000.0,433468000.0,1738193000.0,28185000.0,518113000.0,222898452.59975007,483855134.4195307,1446969412.9807193,433468000.0,489905000.0,44617000.0,236932000.0,3702247000.0,323646000.0,0.12138257455003694,73556489.35791753,170317007.3156748,166885180.0,159166635.42787915,4650525.0,102586374.0,0.027587166388975678,0.06387694220733173,0.06258984446786407,0.05969502478233345,0.0017441670760933567,0.038474747686895475,0.1323263952945333,0.18831141424543751,False,True,338581105.5507357,307821694.3419033,474013547.77102995,430950372.0786646,609445989.9913243,554079049.815426
25453,26.0,INTELBRAS S.A. IND. DE TELECOMUNICAÇÃO ELETRÔNICA BRASILEIRA,varejo,cvm,Comércio (Atacado e Varejo),Categoria A,BOLSA,consolidado,padrao,dva,42.70323305083384,0.16114711995403824,1157328302.4752307,24.333321611137055,75.54112554112554,810129811.7326615,17.03332512779594,0.0,82.46753246753246,766439229.9809192,16.114711995403827,-43690581.751742244,82.25108225108225,0.2433332161113706,0.2433332161113706,82.90043290043289,1.0,100.0,1.0,1.0,1.0,0.6125541125541125,0.02100033378094813,0.6404643542389067,61.25541125541125,1.1,0.7,0.946069653135836,347198490.74256927,347198490.7425692,-43690581.751742244,liquido,0.8615225439912826,4756146000.0,259342000.0,644734000.0,581272000.0,3293517000.0,7093000.0,1772722000.0,223428979.6037872,555452875.8776755,2837439144.518537,581272000.0,887969000.0,53761000.0,642151000.0,5569521000.0,105173000.0,0.022113072222761876,73731563.26924978,195519412.3089418,223789720.0,312118305.8970391,1170345.0,350998956.0,0.01550237592984946,0.041108791090294916,0.047052743965387105,0.06562420621592338,0.0002460700323329015,0.07379902887758283,0.1594336389071879,0.08372018419343737,False,True,578664151.2376153,547456592.8435137,810129811.7326615,766439229.9809192,1041595472.2277076,985421867.1183246
24546,27.0,PRÁTICA PRODUTOS S.A.,industria,cvm,"Emp. Adm. Part. - Máqs., Equip., Veíc. e Peças",Categoria A,BOLSA,consolidado,padrao,dva,42.57377465840383,0.1606637037867801,84171575.40290499,24.86854673819674,19.047619047619047,58920102.78203349,17.40798271673772,0.0,27.48917748917749,54379201.16589631,16.06637037867801,-4540901.616137177,27.48917748917749,0.24868546738196742,0.24868546738196742,84.19913419913419,1.0,100.0,1.0,1.0,1.0,0.4523809523809524,0.0074693306586067045,0.4862080001302113,45.23809523809524,1.0,0.7,0.9229312000195317,25251472.6208715,25251472.6208715,-4540901.616137177,liquido,0.7223198774683648,338466000.0,74721000.0,44499000.0,81039000.0,172623000.0,348000.0,93386000.0,53972463.56431369,32142512.227464765,124689024.20822154,81039000.0,64007000.0,53834000.0,55173000.0,298099000.0,48129000.0,0.1421974437609686,16191739.069294106,10285603.912788725,28363650.0,12468902.420822155,52200.0,16809480.0,0.04783859846866186,0.030388883707045095,0.08380058853769654,0.03683945335963481,0.0001542252397582032,0.04966371806917091,0.21471725836047756,0.9757308828593696,False,True,42085787.70145249,38842286.5470688,58920102.78203349,54379201.16589631,75754417.8626145,69916115.78472385
26786,28.0,SENIOR SISTEMAS S.A.,tecnologia,cvm,Comunicação e Informática,Categoria A,,consolidado,padrao,dva,42.46092723848145,0.16024231536846387,225822234.52477103,23.13851974416635,36.58008658008658,158075564.1673397,16.196963820916444,0.0,48.917748917748916,156389769.6223753,16.024231536846393,-1685794.544964403,50.43290043290043,0.23138519744166347,0.23138519744166347,79.43722943722943,1.0,100.0,1.0,1.0,1.0,0.922077922077922,0.10112636077625002,0.9289034307170624,92.20779220779221,1.2,0.7,0.9893355146075593,67746670.35743132,67746670.35743132,-1685794.544964403,liquido,0.22514229167858746,975958000.0,121712000.0,147064000.0,460422000.0,325426000.0,5402000.0,469000.0,27402518.604784235,33110325.983419787,73267155.411796,460422000.0,278242000.0,-248717000.0,276029000.0,874409000.0,276065000.0,0.2828656561040537,9864906.697722325,12714365.177633198,193377240.0,8792058.649415521,972360.0,101304.0,0.010107921342642127,0.01302757411449386,0.19814094458982864,0.00900864448000377,0.0009963133659440261,0.0001037995487510733,0.31820578241989733,-0.9010538747740273,False,True,112911117.26238552,111706978.30169664,158075564.1673397,156389769.6223753,203240011.07229394,201072560.94305396
8133,29.0,LOJAS RENNER S.A.,varejo,cvm,Comércio (Atacado e Varejo),Categoria A,BOLSA,consolidado,padrao,dva,41.77462622415407,0.15767956914781323,3463341219.303137,23.990394946367644,89.17748917748918,2424338853.5121956,16.79327646245735,0.0,93.5064935064935,2276319970.94014,15.767956914781323,-148018882.57205582,93.29004329004329,0.23990394946367646,0.23990394946367646,81.81818181818183,1.0,100.0,1.0,1.0,1.0,0.5627705627705628,0.015845415989224437,0.5929642636173637,56.27705627705628,1.1,0.7,0.9389446395426045,1039002365.7909412,1039002365.7909412,-148018882.57205582,liquido,0.8212749112588994,14436366000.0,1847770000.0,3881212000.0,2041648000.0,5694417000.0,957280000.0,1929908000.0,1517527142.7768564,3187542040.8769755,4676681816.3461685,2041648000.0,1926110000.0,-980610000.0,2503597000.0,20364590000.0,2487007000.0,0.17227375642873005,500783957.11636263,1122014798.3886955,786034480.0,514434999.7980786,157951200.0,382121784.0,0.03468905935997762,0.07772141537480384,0.05444822332711709,0.03563466039847415,0.010941202238845982,0.02646938876445776,0.09458132965112483,-0.39168045016829783,False,True,1731670609.6515684,1625942836.3858142,2424338853.5121956,2276319970.94014,3117007097.372823,2926697105.4944654
20028,30.0,VALID SOLUÇÕES S.A.,tecnologia,cvm,Comunicação e Informática,Categoria A,BOLSA,consolidado,padrao,dva,41.6587247556046,0.1572467764747846,504810213.42209566,23.248744253425325,57.57575757575758,353367149.3954669,16.274120977397725,0.0,68.18181818181817,341436844.6178647,15.72467764747846,-11930304.777602196,68.83116883116884,0.23248744253425327,0.23248744253425327,80.08658008658008,1.0,100.0,1.0,1.0,1.0,0.7554112554112554,0.04798187678783797,0.7749214511872936,75.54112554112554,1.2,0.7,0.966238217678094,151443064.02662873,151443064.02662873,-11930304.777602196,liquido,0.7023650725333112,2171344000.0,164621000.0,220823000.0,529711000.0,1394290000.0,24128000.0,274491000.0,115624040.60550621,155098362.41202337,979300596.9824704,529711000.0,569472000.0,29744000.0,583350000.0,2943849000.0,438198000.0,0.2018095704780081,41624654.61798223,59557771.16621698,222478620.0,117516071.63789645,4343040.0,59290056.0,0.019169995458104397,0.027428989218758967,0.10246124980657141,0.05412135140166479,0.002000162111576977,0.027305694537576725,0.19344470453477744,0.05098825747835776,False,True,252405106.71104783,243883460.44133198,353367149.3954669,341436844.6178647,454329192.0798861,438990228.79439753
25852,31.0,W2W E-COMMERCE DE VINHOS S.A.,varejo,cvm,Comércio (Atacado e Varejo),Categoria A,,consolidado,padrao,dva,41.049774281770816,0.1549728682438454,199890500.6938517,25.214408428982143,33.116883116883116,125931015.43712656,15.88507731025875,19989050.069385167,44.15584415584416,122856755.94759563,15.497286824384544,-3074259.489530936,45.23809523809524,0.2521440842898214,0.2521440842898214,85.71428571428571,0.9,90.0,0.9,1.0,1.0,0.8225108225108225,0.06694061715268489,0.8372516636001235,82.25108225108225,1.1,0.7,0.9755877495400185,53970435.18733997,73959485.25672515,-3074259.489530936,liquido,0.9198296872549827,792763000.0,145554000.0,187032000.0,60328000.0,419912000.0,699000.0,148093000.0,133884890.29871175,172037586.06667393,386247523.6346143,60328000.0,58702000.0,135048000.0,82163000.0,772159000.0,35149000.0,0.04433733663150273,44182013.79857488,60557230.29546923,23226280.0,42487227.599807575,115335.0,29322414.0,0.05573167995803901,0.0763875588233422,0.029297886001238706,0.05359385793712317,0.00014548484225424246,0.03698761672782408,0.0760232024751379,1.6436595547874346,False,True,89950725.31223327,87754825.67685403,125931015.43712656,122856755.94759563,161911305.56201988,157958686.21833727
25526,32.0,CRUZEIRO DO SUL EDUCACIONAL S.A.,saude_educacao,cvm,Educação,Categoria A,BOLSA,consolidado,padrao,dre,40.55135907895244,0.15311171453625622,570928597.4385971,22.229375001502795,60.3896103896104,399650018.20701796,15.560562501051958,0.0,69.91341991341992,393244778.2526228,15.311171453625624,-6405239.954395175,70.34632034632034,0.22229375001502794,0.22229375001502794,75.97402597402598,1.0,100.0,1.0,1.0,1.0,0.8831168831168831,0.08485670273271377,0.8931525140733299,88.31168831168831,1.05,0.7,0.9839728771109995,171278579.23157915,171278579.23157912,-6405239.954395175,liquido,0.6154778536394842,2568352000.0,812962000.0,0.0,819106000.0,1317230000.0,172492000.0,0.0,500360106.8504623,0.0,810725893.1495377,819106000.0,555331000.0,468077000.0,724038000.0,4569487000.0,718902000.0,0.2799078942450256,157613433.65789562,0.0,301021455.0,85126218.78070146,27167490.0,0.0,0.061367535936622246,0.0,0.11720412739375287,0.0331442959456887,0.01057779073896413,0.0,0.12153027243539592,0.6464812620332082,True,True,285464298.71929854,280889127.323302,399650018.20701796,393244778.2526228,513835737.6947374,505600429.1819436
20087,33.0,EMBRAER S.A.,industria,cvm,"Máquinas, Equipamentos, Veículos e Peças",Categoria A,BOLSA,consolidado,padrao,dre,40.09059000326797,0.15139113685583366,7946437922.940777,22.43224619137422,95.45454545454545,5562506546.058543,15.702572333961953,0.0,96.32034632034632,5362905974.038865,15.139113685583366,-199600572.01967812,96.32034632034632,0.2243224619137422,0.2243224619137422,76.83982683982684,1.0,100.0,1.0,1.0,1.0,0.7402597402597403,0.04233459353121246,0.7607786221709583,74.02597402597402,1.0,0.7,0.9641167933256437,2383931376.8822336,2383931376.8822336,-199600572.01967812,liquido,0.8785915137435598,35424174000.0,1074842000.0,1671416000.0,3859357000.0,29041940000.0,121576000.0,18181138000.0,944347059.8151553,1468491913.5352058,25516002026.64964,3859357000.0,9678721000.0,5746693000.0,5103940000.0,73219718000.0,5532441000.0,0.15617699371056612,283304117.9445466,469917412.33126587,1350774950.0,2551600202.664964,18236400.0,3272604840.0,0.007997479854986783,0.013265444448507562,0.03813144521026799,0.07202991388493529,0.0005148009943718094,0.09238337752067274,0.13218735696305195,1.1259327108077288,False,True,3973218961.4703884,3830647124.313475,5562506546.058543,5362905974.038865,7151794130.646699,6895164823.764256
26379,34.0,MADERO INDÚSTRIA E COMÉRCIO S.A.,industria,cvm,Alimentos,Categoria A,,consolidado,padrao,dva,39.76182728192617,0.1501634897971516,484230761.0998755,23.671635394906744,56.926406926406926,338961532.76991284,16.57014477643472,0.0,67.09956709956711,307176837.34489006,15.016348979715161,-31784695.42502278,66.23376623376623,0.23671635394906745,0.23671635394906745,80.73593073593074,1.0,100.0,1.0,1.0,1.0,0.3398268398268398,0.002674052389466707,0.37486130721509264,33.98268398268398,1.0,0.7,0.9062291960822639,145269228.32996267,145269228.32996267,-31784695.42502278,liquido,0.5993042950549381,2045616000.0,205424000.0,856097000.0,657627000.0,579692000.0,0.0,101148000.0,123111485.5073656,513062609.0836473,347411905.40898716,657627000.0,379522000.0,596025000.0,603667000.0,2801441000.0,448757000.0,0.21937499511149697,36933445.65220968,164180034.90676713,230169450.0,34741190.54089872,0.0,18206640.0,0.018054926072248983,0.08025945969662299,0.11251840521388179,0.01698324149835488,0.0,0.008900321467958796,0.13547385077893842,0.9873407027384303,False,True,242115380.54993775,219412026.67492148,338961532.76991284,307176837.34489006,435807684.98988795,394941648.01485866
24848,35.0,C&A MODAS S.A.,industria,cvm,Têxtil e Vestuário,Categoria A,BOLSA,consolidado,padrao,dre,39.60641415551635,0.14958315493820257,1731099584.5540922,22.668640657162783,81.6017316017316,1211769709.1878645,15.868048460013947,0.0,87.22943722943724,1142297596.4286268,14.95831549382026,-69472112.75923777,87.22943722943724,0.2266864065716278,0.2266864065716278,78.35497835497836,1.0,100.0,1.0,1.0,1.0,0.5887445887445888,0.017760413149167303,0.6177925435144579,58.87445887445888,1.0,0.7,0.9426688815271687,519329875.36622775,519329875.3662276,-69472112.75923777,liquido,0.8478171023489903,7636539000.0,887313000.0,2355001000.0,1019973000.0,3459970000.0,202442000.0,1032231000.0,752279136.5365896,1996610123.8489745,2933421739.614436,1019973000.0,1403225000.0,94788000.0,1158372000.0,10053899000.0,1485047000.0,0.19446597470398566,225683740.96097687,638915239.6316718,356990550.0,293342173.9614436,30366300.0,185801580.0,0.029553144554225006,0.08366555053692147,0.04674768897271395,0.03841297398748879,0.003976447969426988,0.024330600550851636,0.13957023041508573,0.08182863536066134,False,True,865549792.2770461,815926854.5918761,1211769709.1878645,1142297596.4286268,1557989626.0986829,1468668338.265377
27669,36.0,CORPÓREOS - SERVIÇOS TERAPÊUTICOS S.A.,saude_educacao,cvm,Serviços Médicos,Categoria B,BALCÃO ORGANIZADO,consolidado,padrao,dva,39.275643874321574,0.14834801136367903,207686524.5331466,21.76984775140162,33.76623376623377,145380567.1732026,15.238893425981132,0.0,46.96969696969697,141525486.32106346,14.834801136367906,-3855080.852139145,48.268398268398265,0.2176984775140162,0.2176984775140162,74.67532467532467,1.0,100.0,1.0,1.0,1.0,0.8073593073593074,0.060400216611828345,0.8232188832800327,80.73593073593074,1.05,0.7,0.9734828324920048,62305957.359943986,62305957.359943986,-3855080.852139145,liquido,0.5463918143081945,954010000.0,169818000.0,7357000.0,378771000.0,657843000.0,1069000.0,0.0,92787165.12218897,4019804.577865387,359440030.2999456,378771000.0,214989000.0,276328000.0,202135000.0,2018357000.0,232658000.0,0.243873753943879,29227957.013489526,1350654.33816277,139198342.5,37741203.18149429,168367.5,0.0,0.030636950360572245,0.0014157653883740946,0.1459086828230312,0.03956059494291914,0.00017648399911950608,0.0,0.10651683522786108,1.3670467756697258,False,True,103843262.2665733,101089633.0864739,145380567.1732026,141525486.32106346,186917872.07983193,181961339.555653
11762,37.0,VULCABRAS S.A.,industria,cvm,Têxtil e Vestuário,Categoria A,BOLSA,consolidado,padrao,dva,39.15587270772079,0.1479007686842406,688522305.1777449,22.585031617289925,64.5021645021645,481965613.62442136,15.809522132102947,0.0,72.72727272727273,450887029.59386486,14.790076868424059,-31078584.0305565,72.51082251082252,0.22585031617289925,0.22585031617289925,77.92207792207793,1.0,100.0,1.0,1.0,1.0,0.538961038961039,0.014213839671694326,0.5701133974151809,53.896103896103895,1.0,0.7,0.9355170096122771,206556691.55332348,206556691.5533235,-31078584.0305565,liquido,0.6498990954182201,3048578000.0,177783000.0,552412000.0,875386000.0,1770187000.0,5577000.0,648390000.0,115541010.88073742,359012059.0981698,1150442930.021093,875386000.0,307660000.0,29192000.0,686766000.0,2993308000.0,564506000.0,0.1851702662684045,34662303.26422123,114883858.91141434,306385100.0,115044293.00210929,836550.0,116710200.0,0.011369990619961577,0.03768440857062353,0.10050098767359733,0.03773703444757172,0.00027440662499040534,0.03828348823615469,0.10278260706883488,0.04250647236467734,False,True,344261152.58887243,322062163.99561775,481965613.62442136,450887029.59386486,619670074.6599704,579711895.192112
27766,38.0,UNIÃO PET PARTICIPAÇÕES S.A.,varejo,cvm,Comércio (Atacado e Varejo),Categoria A,,consolidado,padrao,dva,38.921630934046384,0.1470260763733296,698354271.4577913,25.506679741928522,64.71861471861472,439963191.01840854,16.06920823741497,69835427.14577912,70.77922077922078,402546664.20660114,14.70260763733296,-37416526.811807394,70.77922077922078,0.25506679741928523,0.25506679741928523,86.7965367965368,0.9,90.0,0.9,1.0,1.0,0.39826839826839827,0.004747213140663991,0.43303549667117786,39.82683982683983,1.1,0.7,0.9149553245006766,188555653.2936037,258391080.4393828,-37416526.811807394,liquido,0.8412969917124926,2737927000.0,246434000.0,856685000.0,422997000.0,1562218000.0,0.0,347555000.0,207324182.8556764,720726513.3452168,1314289303.7991068,422997000.0,183445000.0,-183445000.0,436143000.0,2454914000.0,377320000.0,0.13781229375363185,68416980.34237322,253695732.69751632,162853845.0,144571823.41790178,0.0,68815890.0,0.024988606468460708,0.09265978702044149,0.059480711136564265,0.052803388628660214,0.0,0.025134304165158532,0.07472563193659737,-0.4206074613142937,False,True,314259422.1560061,287533331.5761437,439963191.01840854,402546664.20660114,565666959.880811,517559996.8370586
23574,39.0,INTERNATIONAL MEAL COMPANY ALIMENTACAO S.A.,industria,cvm,Alimentos,Categoria A,BOLSA,consolidado,padrao,dre,38.66473092499638,0.14606677496835752,528125375.39325345,23.736142614654913,58.87445887445888,332718986.4977496,14.953769847232593,52812537.539325334,66.23376623376623,324996237.2361959,14.606677496835749,-7722749.261553705,67.96536796536796,0.23736142614654912,0.23736142614654912,81.16883116883116,0.9,90.0,0.9,1.0,1.0,0.8311688311688312,0.0672524168990396,0.8452598223535019,83.11688311688312,1.0,0.7,0.9767889733530253,142593851.35617846,195406388.89550382,-7722749.261553705,liquido,0.7411181872190495,2224984000.0,228376000.0,606288000.0,603089000.0,1494928000.0,5865000.0,60059000.0,169253607.12433764,449331063.4926631,1107918329.3829992,603089000.0,217796000.0,361225000.0,282337000.0,2796869000.0,66633000.0,0.029947631084088693,50776082.13730129,143785940.3176522,211081150.0,110791832.93829992,879750.0,10810620.0,0.022820875178114222,0.06462335923208984,0.09486861478554452,0.04979444029184027,0.00039539610172477645,0.004858740557235467,0.0778713625843756,1.2794107750666757,False,True,237656418.92696404,232140169.4544257,332718986.4977496,324996237.2361959,427781554.06853527,417852305.0179662
7617,40.0,ITAÚSA S.A.,financeiro,cvm,Emp. Adm. Part. - Intermediação Financeira,Categoria A,BOLSA,consolidado,padrao,dva,38.44767589658548,0.14525626042427162,2123736456.9536424,25.78914944691733,84.4155844155844,1337953967.8807945,16.247164151557918,212373645.69536418,88.31168831168831,1196185304.5938766,14.52562604242716,-141768663.28691792,87.66233766233766,0.2578914944691733,0.2578914944691733,87.44588744588745,0.9,90.0,0.9,1.0,1.0,0.2597402597402597,0.0014569247546346784,0.2936046795318503,25.97402597402597,1.25,0.7,0.8940407019297776,573408843.3774835,785782489.0728478,-141768663.28691792,liquido,0.8229139072847682,8235000000.0,542000000.0,1225000000.0,1337000000.0,5783000000.0,8000000.0,1642000000.0,446019337.74834436,1008069536.423841,4758911125.827814,1337000000.0,4852000000.0,6260000000.0,17619000000.0,114625000000.0,613000000.0,0.07443837279902854,167257251.65562913,403227814.56953645,584937500.0,594863890.7284768,4000000.0,369449999.99999994,0.02031053450584446,0.04896512623795221,0.07103066180935033,0.07223605230461162,0.0004857316332726169,0.04486338797814207,0.042329334787350056,0.35529825756285827,False,True,955681405.6291391,854418074.709912,1337953967.8807945,1196185304.5938766,1720226530.1324503,1537952534.4778416
3395,41.0,COMPANHIA INDUSTRIAL CATAGUASES,industria,cvm,Têxtil e Vestuário,Categoria A,,consolidado,padrao,dva,37.00047448996547,0.13985220322792521,71654308.30903935,22.664655482852872,16.450216450216452,50158015.81632754,15.86525883799701,0.0,25.108225108225106,44214274.050508566,13.985220322792525,-5943741.765818976,24.675324675324674,0.2266465548285287,0.2266465548285287,78.13852813852814,1.0,100.0,1.0,1.0,1.0,0.17965367965367965,0.0006036419251541367,0.20999775488405484,17.965367965367964,1.0,0.7,0.8814996632326082,21496292.49271181,21496292.492711812,-5943741.765818976,liquido,0.7612059101537236,316150000.0,17797000.0,40793000.0,67200000.0,222824000.0,994000.0,94572000.0,13547181.58300582,31051872.692900848,169614945.72409332,67200000.0,80645000.0,71889000.0,43332000.0,418460000.0,33178000.0,0.10494385576466866,4064154.4749017456,9936599.261728272,23520000.0,16961494.57240933,149100.0,17022960.0,0.012855146211930242,0.031430015061610854,0.07439506563340186,0.05365014889264378,0.00047161157678317253,0.053844567452158786,0.19271853940639488,1.6590279700913875,False,True,35827154.15451968,31581624.321791835,50158015.81632754,44214274.050508566,64488877.47813542,56846923.779225305
7510,42.0,ROMI S.A.,industria,cvm,"Máquinas, Equipamentos, Veículos e Peças",Categoria A,BOLSA,consolidado,padrao,dva,36.37869858924189,0.13753040301722222,375176819.06395245,30.751921012511563,50.0,183836641.3413367,15.068441296130667,112553045.71918575,52.38095238095239,167788604.5154443,13.753040301722223,-16048036.825892389,52.16450216450217,0.3075192101251156,0.3075192101251156,93.29004329004329,0.7,70.0,1.0,0.7,1.0,0.38311688311688313,0.0038549875658862743,0.4180327088658614,38.311688311688314,1.0,0.7,0.9127049063298792,78787132.00343002,191340177.72261575,-16048036.825892389,liquido,0.6688547168714698,1220011000.0,152274000.0,118493000.0,376036000.0,864795000.0,6719000.0,715544000.0,101849183.15688619,79254601.96625108,578422214.8768628,376036000.0,262220000.0,593264000.0,173233000.0,2546623000.0,203988000.0,0.16720177113157175,30554754.947065856,25361472.629200343,131612599.99999999,57842221.48768628,1007850.0,128797920.0,0.025044655291686594,0.020787904887087368,0.10787820765550474,0.04741122947882132,0.0008260991089424603,0.10557111370307316,0.10296773413261405,3.4246592739258688,False,True,131311886.67238335,119849003.22531736,183836641.3413367,167788604.5154443,236361396.01029003,215728205.80557126
20338,43.0,M.DIAS BRANCO S.A. IND COM DE ALIMENTOS,industria,cvm,Alimentos,Categoria A,BOLSA,consolidado,padrao,dre,35.99994474996097,0.1361160819687164,1945215819.648683,20.130905911844728,83.33333333333334,1361651073.7540781,14.091634138291308,0.0,88.96103896103897,1315266968.678018,13.611608196871645,-46384105.07606006,89.17748917748918,0.20130905911844724,0.20130905911844724,70.56277056277057,1.0,100.0,1.0,1.0,1.0,0.7532467532467533,0.047698084724353385,0.7729026377358241,75.32467532467533,1.0,0.7,0.9659353956603736,583564745.894605,583564745.8946049,-46384105.07606006,liquido,0.8418948854152918,9662833000.0,417007000.0,1936590000.0,1373994000.0,6336786000.0,0.0,1687637000.0,351076060.4823746,1630405216.1464,5334907723.371225,1373994000.0,2152587000.0,237102000.0,1198318000.0,12768867000.0,591669000.0,0.061231421468217445,105322818.14471237,521729669.166848,480897899.99999994,533490772.33712256,0.0,303774660.0,0.01089978665104865,0.05399344779805757,0.04976779584206826,0.05521059634758488,0.0,0.03143743247968789,0.16858089288579794,0.19786233704242112,False,True,972607909.8243415,939476406.1985843,1361651073.7540781,1315266968.678018,1750694237.6838148,1691057531.1574516
25836,44.0,DOTZ S.A.,tecnologia,cvm,Comunicação e Informática,Categoria A,BOLSA,consolidado,padrao,dva,35.97515481291501,0.1360235127954988,56321832.46565024,36.568819126357155,12.554112554112553,21112238.89974899,13.707821849514978,26161491.180294536,14.502164502164502,20949797.346711542,13.602351279549879,-162441.553037446,14.935064935064934,0.36568819126357155,0.36568819126357155,96.1038961038961,0.5355,53.55,0.9,0.7,0.85,0.9437229437229437,0.11294417548079394,0.9487054076993611,94.37229437229438,1.2,0.7,0.9923058111549041,9048102.385606712,35209593.56590125,-162441.553037446,liquido,0.5299602607724474,154016000.0,126778000.0,0.0,72388000.0,27226000.0,0.0,0.0,67187301.94020933,0.0,14428698.059790652,72388000.0,6418000.0,63045000.0,22522000.0,194574000.0,-19995000.0,-0.1298241741117806,24187428.698475357,0.0,30402960.0,1731443.7671748782,0.0,0.0,0.15704490896059733,0.0,0.19740130895491378,0.01124197334806045,0.0,0.0,0.03298487978866652,2.7992629429002753,False,True,15080170.642677851,14964140.961936817,21112238.89974899,20949797.346711542,27144307.156820133,26935453.731486272
6211,45.0,FRASLE MOBILITY S.A.,industria,cvm,"Máquinas, Equipamentos, Veículos e Peças",Categoria A,BOLSA,consolidado,padrao,dva,35.931568210394126,0.135860754182952,809891031.6727691,20.42200647925574,67.53246753246754,566923722.1709383,14.295404535479014,0.0,75.10822510822511,538793318.2806505,13.586075418295195,-28130403.890287757,75.54112554112554,0.2042200647925574,0.2042200647925574,72.07792207792207,1.0,100.0,1.0,1.0,1.0,0.6428571428571429,0.024102896040630737,0.6692041299363619,64.28571428571429,1.0,0.7,0.9503806194904543,242967309.50183076,242967309.50183082,-28130403.890287757,liquido,0.8085972229378814,3965776000.0,317435000.0,404731000.0,642622000.0,2635267000.0,2022000.0,1054752000.0,256677059.46328637,327264362.6368717,2130869577.8998418,642622000.0,844881000.0,266297000.0,677883000.0,4869614000.0,113984000.0,0.02874191583185737,77003117.8389859,104724596.04379894,224917700.0,213086957.7899842,303300.0,189855360.0,0.019416910546381314,0.026407088056359954,0.05671467576585263,0.053731465869475276,7.647935738175831e-05,0.04787344519710644,0.17350061010995943,0.39283622690051234,False,True,404945515.83638453,384852370.20046467,566923722.1709383,538793318.2806505,728901928.5054922,692734266.3608365
24236,46.0,PRINER SERVIÇOS INDUSTRIAIS S.A.,construcao,cvm,"Construção Civil, Mat. Constr. e Decoração",Categoria A,BOLSA,consolidado,padrao,dva,35.880601274412065,0.13567043634888293,221737315.06885123,20.147259685898405,36.14718614718615,155216120.54819584,14.103081780128882,0.0,48.484848484848484,149316575.8481626,13.56704363488829,-5899544.7000332475,49.35064935064935,0.20147259685898405,0.20147259685898405,70.995670995671,1.0,100.0,1.0,1.0,1.0,0.7251082251082251,0.03758219014255241,0.7466094509944331,72.51082251082252,0.85,0.7,0.961991417649165,66521194.52065538,66521194.52065539,-5899544.7000332475,liquido,0.42434678853153684,1100583000.0,156653000.0,0.0,581834000.0,854084000.0,1000.0,5778000.0,66475197.46383084,0.0,362427802.5361691,581834000.0,232537000.0,255971000.0,138582000.0,1229162000.0,107751000.0,0.09790356565565704,16951175.353276864,0.0,173095615.0,30806363.215574376,127.5,884034.0,0.015401996354002256,0.0,0.15727629356441086,0.02799094953817602,1.1584769163252568e-07,0.00080324155470328,0.1891833623232739,1.8470724913769465,False,True,110868657.53442562,106654697.03440188,155216120.54819584,149316575.8481626,199563583.56196612,191978454.66192338
22470,47.0,MAGAZINE LUIZA S.A.,varejo,cvm,Comércio (Atacado e Varejo),Categoria A,BOLSA,consolidado,padrao,dva,35.588509065895764,0.1345797222338961,8552644254.257619,22.484433894638443,96.1038961038961,5388165880.1823,14.165193353622218,855264425.4257617,96.1038961038961,5119152625.754053,13.457972223389614,-269013254.4282465,96.1038961038961,0.2248443389463844,0.2248443389463844,77.05627705627705,0.9,90.0,0.9,1.0,1.0,0.6406926406926406,0.02402607235479938,0.6671554410036771,64.06926406926407,1.1,0.7,0.9500733161505516,2309213948.6495576,3164478374.0753193,-269013254.4282465,liquido,0.9134158886330778,38038068000.0,2707003000.0,7131584000.0,3138622000.0,26410812000.0,452704000.0,7611132000.0,2472619550.7774076,6514102136.721439,24124055312.501152,3138622000.0,1827197000.0,2754963000.0,2895720000.0,37311858000.0,15835331000.0,0.4163021896906015,815964451.7565446,2292963952.125947,1208369470.0,2653646084.375127,74696160.0,1507004136.0,0.02145125908488687,0.060280767996049305,0.031767372359710805,0.06976290395125029,0.001963721185839407,0.039618314368647746,0.04897094644817741,0.9513913638058928,False,True,3848689914.4159284,3656537589.8243237,5388165880.1823,5119152625.754053,6927641845.948671,6581767661.683783
16373,48.0,CIA ESTADUAL DE ÁGUAS E ESGOTOS - CEDAE,utilities,cvm,"Saneamento, Serv. Água e Gás",Categoria A,BALCÃO ORGANIZADO,individual,padrao,dre,35.498007078800626,0.1342417748601526,639531027.2249333,19.669392687367885,62.55411255411255,447671719.0574533,13.768574881157521,0.0,71.42857142857143,436473975.2638499,13.42417748601526,-11197743.79360336,72.07792207792207,0.1966939268736789,0.1966939268736789,69.48051948051948,1.0,100.0,1.0,1.0,1.0,0.8181818181818182,0.06434495295203961,0.8332447145692742,81.81818181818183,0.9,0.7,0.9749867071853912,191859308.16748002,191859308.16748,-11197743.79360336,liquido,0.2888705190450038,3251402000.0,587164000.0,153984000.0,1622454000.0,1540369000.0,197148000.0,19688000.0,169614369.44454062,44481438.00462587,444967192.5508335,1622454000.0,2784708000.0,-2184740000.0,781185000.0,14449298000.0,927238000.0,0.2851809773137865,45795879.75002597,12810654.145332253,511073010.0,40047047.329575025,26614980.0,3189456.0,0.014084963886356092,0.003940040064357545,0.15718542647141143,0.012316855107296796,0.008185693433171291,0.000980947911085741,0.19272271912448619,-2.796699885430468,False,True,319765513.61246663,311767125.1884642,447671719.0574533,436473975.2638499,575577924.50244,561180825.3392357
14826,49.0,CIA BRASILEIRA DE DISTRIBUICAO,varejo,cvm,Comércio (Atacado e Varejo),Categoria A,BOLSA,consolidado,padrao,dva,35.382687082684214,0.13381115348841763,3812830120.3050976,20.29180479140552,90.6926406926407,2668981084.213568,14.204263353983865,0.0,93.93939393939394,2514311574.047368,13.38111534884177,-154669510.16620016,93.93939393939394,0.20291804791405518,0.20291804791405518,71.42857142857143,1.0,100.0,1.0,1.0,1.0,0.5844155844155844,0.01770288788509364,0.6136615302845065,58.44155844155844,1.1,0.7,0.942049229542676,1143849036.0915294,1143849036.0915294,-154669510.16620016,liquido,0.838726453253207,18790000000.0,648000000.0,3040000000.0,2791000000.0,13618000000.0,38000000.0,2014000000.0,543494741.7080781,2549728417.8897495,11421776840.402174,2791000000.0,2631000000.0,1414000000.0,725000000.0,19703000000.0,1363000000.0,0.07253858435337945,179353264.7636658,897504403.0971919,1074535000.0,1256395452.4442394,6270000.0,398772000.0,0.009545144479173272,0.04776500282582182,0.05718653539116551,0.06686511189165724,0.0003336881319850985,0.021222565194252262,0.13353296452316907,1.950344827586207,False,True,1906415060.1525488,1795936838.605263,2668981084.213568,2514311574.047368,3431547108.274588,3232686309.4894733
25046,50.0,D1000 VAREJO FARMA PARTICIPAÇÕES S.A.,varejo,cvm,Comércio (Atacado e Varejo),Categoria A,BOLSA,consolidado,padrao,dre,35.321603663155095,0.133583059256769,469744495.42992556,21.74093825824814,55.62770562770562,295939032.1208531,13.696791102696329,46974449.54299255,63.63636363636363,288625569.06784165,13.3583059256769,-7313463.053011477,65.36796536796537,0.21740938258248146,0.21740938258248146,74.45887445887446,0.9,90.0,0.9,1.0,1.0,0.8203463203463204,0.06607699075583252,0.8352484293673729,82.03463203463204,1.1,0.7,0.9752872644051059,126831013.76607993,173805463.30907243,-7313463.053011477,liquido,0.8812029299740779,2160645000.0,595348000.0,0.0,248803000.0,1499005000.0,0.0,280444000.0,524622401.9542073,0.0,1320927598.0457926,248803000.0,57598000.0,-18727000.0,180881000.0,1834454000.0,176739000.0,0.08179918496560055,173125392.64488843,0.0,95789155.0,145302035.7850372,0.0,55527912.0,0.08012671801470785,0.0,0.04433359251519801,0.06724937959962753,0.0,0.02569969245294808,0.031397898230209095,-0.10353215650068277,False,True,211385022.9434665,206161120.762744,295939032.1208531,288625569.06784165,380493041.2982397,371090017.3729392
20370,51.0,LPS BRASIL - CONSULTORIA DE IMOVEIS S.A.,construcao,cvm,"Emp. Adm. Part. - Const. Civil, Mat. Const. e Decoração",Categoria A,BOLSA,consolidado,padrao,dva,35.16369762550233,0.13299341551041793,37094556.46896018,19.285127201197923,8.225108225108226,25966189.528272126,13.499589040838543,0.0,16.883116883116884,25581017.486597873,13.299341551041795,-385172.0416742526,17.0995670995671,0.1928512720119792,0.1928512720119792,67.53246753246754,1.0,100.0,1.0,1.0,1.0,0.8917748917748918,0.08840103952947614,0.9011093403456121,89.17748917748918,0.85,0.7,0.9851664010518418,11128366.940688055,11128366.940688055,-385172.0416742526,liquido,0.7113465468325297,192348000.0,90060000.0,29745000.0,43647000.0,31404000.0,935000.0,0.0,64063870.00773763,21159003.035533596,22339126.956728764,43647000.0,52831000.0,-52831000.0,64636000.0,409416000.0,50651000.0,0.263330006030736,16336286.851973096,5755248.825665139,12984982.5,1898825.7913219451,119212.5,0.0,0.08493089011569184,0.0299210224471538,0.06750775937363529,0.009871824980358232,0.0006197750951400586,0.0,0.12903990073665905,-0.8173618416981249,False,True,18547278.23448009,18272155.34756991,25966189.528272126,25581017.486597873,33385100.822064165,32889879.62562584
21130,52.0,TRISUL S.A.,construcao,cvm,"Emp. Adm. Part. - Const. Civil, Mat. Const. e Decoração",Categoria A,BOLSA,consolidado,padrao,dva,35.13524915338273,0.1328871848435738,292575625.55725235,21.725471826357907,44.8051948051948,204802937.89007664,15.207830278450535,0.0,56.060606060606055,178958374.50573176,13.288718484357378,-25844563.384344876,54.112554112554115,0.2172547182635791,0.2172547182635791,74.24242424242425,1.0,100.0,1.0,1.0,1.0,0.13203463203463203,0.00024669739045038544,0.15871768733394706,13.203463203463203,0.85,0.7,0.873807653100092,87772687.66717571,87772687.66717571,-25844563.384344876,liquido,0.9780567246613642,1346694000.0,101335000.0,93128000.0,25594000.0,971908000.0,12470000.0,996887000.0,99111378.19355933,91084466.65426353,950581155.1521771,25594000.0,449769000.0,371949000.0,225055000.0,3042594000.0,320641000.0,0.2380949198555871,25273401.43935763,24774974.92995968,7614215.0,80799398.18793505,1589925.0,152523711.0,0.018766996392170478,0.018396885209230662,0.0056540052899916385,0.059998335321858616,0.0011806134132921063,0.11325788263703558,0.1478241921202763,1.6527026726800116,False,True,146287812.77862617,127827410.36123699,204802937.89007664,178958374.50573176,263318063.00152713,230089338.6502266
25089,53.0,PET CENTER COMÉRCIO E PARTICIPAÇÕES S.A.,varejo,cvm,Comércio (Atacado e Varejo),Categoria A,BOLSA,consolidado,padrao,dva,33.841596577246115,0.12805650095834267,843261370.1601716,25.379502191055085,69.04761904761905,442712219.3340901,13.324238650303922,210815342.5400429,70.995670995671,425481554.53619707,12.805650095834267,-17230664.797893047,71.21212121212122,0.2537950219105509,0.2537950219105509,86.36363636363636,0.75,75.0,0.75,1.0,1.0,0.7186147186147186,0.03604571374002396,0.740528737098323,71.86147186147186,1.1,0.7,0.9610793105647485,189733808.28603867,400549150.8260815,-17230664.797893047,liquido,0.8554580297452661,3322608000.0,345965000.0,1033141000.0,454211000.0,1763310000.0,0.0,473207000.0,295958537.260821,883808764.3090539,1508437698.4301252,454211000.0,76559000.0,390906000.0,405532000.0,3895459000.0,460541000.0,0.1386082860211015,97666317.29607093,311100685.036787,174871235.0,165928146.8273138,0.0,93694986.0,0.029394474851102186,0.09363147414223616,0.05263071508886995,0.049939128187048785,0.0,0.02819922964129383,0.019653396429021586,0.9639337956067585,False,True,316223013.8100644,303915396.0972836,442712219.3340901,425481554.53619707,569201424.8581159,547047712.9751105
5410,54.0,WEG S.A.,industria,cvm,"Emp. Adm. Part. - Máqs., Equip., Veíc. e Peças",Categoria A,BOLSA,consolidado,padrao,dva,33.02726639665167,0.12501567550549747,7259126220.669724,19.109530879756083,95.02164502164501,5081388354.468807,13.376671615829258,0.0,95.88744588744589,4748963089.50248,12.501567550549753,-332425264.96632767,95.88744588744589,0.19109530879756081,0.19109530879756081,66.66666666666666,1.0,100.0,1.0,1.0,1.0,0.5324675324675324,0.013596892395054861,0.5638655661577507,53.246753246753244,1.0,0.7,0.9345798349236626,2177737866.2009177,2177737866.2009172,-332425264.96632767,liquido,0.7503194180657698,37986941000.0,1299421000.0,2987307000.0,7355546000.0,25173096000.0,22896000.0,9903951000.0,974980808.5424408,2241434449.8238006,18887862741.63376,7355546000.0,7347599000.0,-3752362000.0,8503013000.0,41489701000.0,7252269000.0,0.19091479358656438,292494242.5627322,717259023.9436162,2574441100.0,1888786274.1633759,3434400.0,1782711180.0,0.007699863028263639,0.018881726326518796,0.06777174029359194,0.04972198930583476,9.041001748469297e-05,0.046929579825867,0.17709452762747074,-0.44129792580582905,False,True,3629563110.334862,3392116492.501771,5081388354.468807,4748963089.50248,6533213598.602752,6105809686.503187
26867,55.0,UNIÃO QUÍMICA FARMACÊUTICA NACIONAL S.A.,saude_educacao,cvm,Farmacêutico e Higiene,Categoria B,,consolidado,padrao,dva,32.7960975667408,0.12415245800644287,1129329131.5692632,26.807822839098183,75.32467532467533,553371274.4689388,13.135833191158106,338798739.470779,74.24242424242425,523015197.5568717,12.415245800644286,-30356076.912067115,74.67532467532467,0.2680782283909818,0.2680782283909818,90.04329004329004,0.7,70.0,1.0,0.7,1.0,0.6060606060606061,0.020338344480770133,0.6342892097630797,60.60606060606061,1.05,0.7,0.945143381464462,237159117.62954527,575957857.1003244,-30356076.912067115,liquido,0.7014635946027419,4212685000.0,874557000.0,670648000.0,1128001000.0,2233232000.0,17777000.0,1038063000.0,613469896.9049901,470435156.79313964,1566530946.3018703,1128001000.0,621907000.0,1989018000.0,851623000.0,5786233000.0,399677000.0,0.09487464645469576,193243017.5250719,158066212.68249494,414540367.5,164485749.3616964,2799877.5,196193907.0,0.045871698815618034,0.03752148871384756,0.09840288735094127,0.03904534741185168,0.0006646301586755241,0.046572175940047734,0.10748046267753131,2.335561627621612,False,True,395265196.0492421,373582283.9691942,553371274.4689388,523015197.5568717,711477352.8886358,672448111.1445495
25500,56.0,BEMOBI MOBILE TECH S.A.,tecnologia,cvm,Comunicação e Informática,Categoria A,BOLSA,consolidado,padrao,dva,32.72278887927057,0.1238787128744481,272839932.34692216,18.212823365269344,41.77489177489178,190987952.6428455,12.748976355688537,0.0,54.112554112554115,185578364.00226006,12.387871287444806,-5409588.640585452,55.1948051948052,0.18212823365269343,0.18212823365269343,62.77056277056276,1.0,100.0,1.0,1.0,1.0,0.7943722943722944,0.05867655843245994,0.8111717321876818,79.43722943722943,1.2,0.7,0.9716757598281522,81851979.70407666,81851979.70407665,-5409588.640585452,liquido,0.8643967209479774,1498065000.0,226576000.0,0.0,187137000.0,1153457000.0,3837000.0,15740000.0,195851551.44550893,0.0,997044448.5544912,187137000.0,378610000.0,-378610000.0,186649000.0,1627212000.0,167143000.0,0.11157259531462253,70506558.52038321,0.0,78597540.0,119645333.82653894,690660.0,3399840.0,0.0470650863082598,0.0,0.05246604119313915,0.07986658377743218,0.00046103473480790217,0.0022694876390543803,0.2326740461599349,-2.0284598363773716,False,True,136419966.17346108,132555974.28732862,190987952.6428455,185578364.00226006,245555939.11222994,238600753.71719152
23264,57.0,AMBEV S.A.,industria,cvm,Bebidas e Fumo,Categoria A,BOLSA,consolidado,padrao,dva,32.53045122706307,0.12316049655100776,16092840153.397104,17.99034096276893,97.61904761904762,11264988107.377972,12.59323867393825,0.0,98.26839826839827,11017035131.852942,12.316049655100779,-247952975.52503014,98.26839826839827,0.17990340962768928,0.17990340962768928,61.68831168831169,1.0,100.0,1.0,1.0,1.0,0.8398268398268398,0.0699945822342512,0.853260401069496,83.98268398268398,1.0,0.7,0.9779890601604244,4827852046.019132,4827852046.019133,-247952975.52503014,liquido,0.8912210064187714,89452669000.0,6201074000.0,20191324000.0,7615343000.0,43615080000.0,132720000.0,11689767000.0,5526527411.157277,17994932096.207493,38870675492.63523,7615343000.0,28595666000.0,-25142938000.0,28551153000.0,162507949000.0,26099035000.0,0.29176362529775385,1657958223.347183,5758378270.786398,2665370050.0,3887067549.263523,19908000.0,2104158060.0,0.018534474620843153,0.0643734651538055,0.029796428433007404,0.04345390241249843,0.00022255344890827124,0.023522585558626543,0.17596472157801954,-0.8806277630889372,False,True,8046420076.698552,7869310808.466387,11264988107.377972,11017035131.852942,14483556138.057394,14164759455.239496
20605,58.0,JHSF PARTICIPACOES S.A.,construcao,cvm,"Emp. Adm. Part. - Const. Civil, Mat. Const. e Decoração",Categoria A,BOLSA,consolidado,padrao,dva,32.475566966265916,0.12295555086537599,447324873.8225081,27.81987021987285,54.761904761904766,219189188.17302892,13.631736407737694,134197462.14675245,57.57575757575758,197704287.7696166,12.295555086537599,-21484900.403412312,56.493506493506494,0.2781987021987285,0.2781987021987285,91.77489177489177,0.7,70.0,1.0,0.7,1.0,0.3116883116883117,0.0020184376910437666,0.34653405786140495,31.16883116883117,0.85,0.7,0.9019801086792107,93938223.5027267,228135685.64947918,-21484900.403412312,liquido,0.7096943156287939,1607933000.0,379551000.0,0.0,310378000.0,689591000.0,0.0,1599349000.0,269365187.19122434,0.0,489398812.8087756,310378000.0,1126004000.0,3364118000.0,1297377000.0,13293747000.0,330001000.0,0.20523305386480656,68688122.7337622,0.0,92337455.0,41598899.08874593,0.0,244700397.0,0.04271827416550454,0.0,0.05742618318051809,0.0258710400798702,0.0,0.15218320477283567,0.08470177745973351,2.59301498330863,False,True,156563705.8378778,141217348.406869,219189188.17302892,197704287.7696166,281814670.5081801,254191227.13236424
22497,59.0,QUALICORP CONSULTORIA E CORRETORA DE SEGUROS S.A.,financeiro,cvm,Seguradoras e Corretoras,Categoria A,BOLSA,consolidado,padrao,dva,32.290215496028786,0.12226342194537464,442360173.12476134,27.98934822888549,54.54545454545454,195080836.34801975,12.343302568938501,163673264.0561617,54.761904761904766,193232325.58436486,12.226342194537464,-1848510.7636548877,55.84415584415584,0.2798934822888549,0.2798934822888549,91.991341991342,0.63,63.0,0.9,0.7,1.0,0.9307359307359307,0.10683872593084574,0.9368292379624211,93.07359307359307,1.25,0.7,0.9905243856943632,83606072.7205799,247279336.7767416,-1848510.7636548877,liquido,0.748624244738438,1580459000.0,369148000.0,433035000.0,268596000.0,266321000.0,133246000.0,0.0,276353142.6967049,324180499.8203095,199374357.48298556,268596000.0,322307000.0,1559544000.0,585131000.0,4366325000.0,377935000.0,0.23912989833965956,103632428.51126435,129672199.92812382,117510750.0,24921794.685373195,66623000.0,0.0,0.06557109580904304,0.08204717738841932,0.07435229259348075,0.01576870686640602,0.04215420963150578,0.0,0.0738165390803479,2.6652903366938343,False,True,139343454.53429982,138023089.70311776,195080836.34801975,193232325.58436486,250818218.16173968,248441561.46561196
9539,60.0,PETTENATI S.A. INDUSTRIA TEXTIL,industria,cvm,Têxtil e Vestuário,Categoria B,BOLSA,consolidado,padrao,dva,32.13706464082235,0.12169153473090744,142784650.74942723,19.128487775253074,27.056277056277057,99949255.52459906,13.389941442677152,0.0,37.44588744588744,90836680.29520711,12.169153473090743,-9112575.229391947,36.79653679653679,0.19128487775253078,0.19128487775253078,66.88311688311688,1.0,100.0,1.0,1.0,1.0,0.35714285714285715,0.003155706251218371,0.39218655296208826,35.714285714285715,1.0,0.7,0.9088279829443132,42835395.224828176,42835395.22482817,-9112575.229391947,liquido,0.8331519367541615,746450281.0,54540904.0,33244602.0,120196337.0,632608454.0,953684.0,140952383.0,45440859.799922794,27697804.54292127,527058958.65715593,120196337.0,163398300.0,97824366.0,72226965.0,877647024.0,83876826.0,0.11236759920249799,13632257.939976837,8863297.453734808,42068717.949999996,52705895.86571559,143052.6,25371428.939999998,0.018262780907141004,0.011873928752308699,0.05635836574894396,0.07060871595507591,0.0001916438423847281,0.03398944254667646,0.1861776950547718,1.3544022789826486,False,True,71392325.37471361,64883343.068005085,99949255.52459906,90836680.29520711,128506185.6744845,116790017.52240916
25208,61.0,TRACK & FIELD CO S.A.,industria,cvm,Têxtil e Vestuário,Categoria A,BOLSA,consolidado,padrao,dva,31.976657877267975,0.12109255291610031,208369484.34014457,25.051665727710137,33.98268398268398,109393979.27857588,13.152124507047821,52092371.08503614,41.34199134199134,100719820.72094268,12.109255291610031,-8674158.557633206,41.55844155844156,0.2505166572771014,0.2505166572771014,84.84848484848484,0.75,75.0,0.75,1.0,1.0,0.43722943722943725,0.006064234347997858,0.4713811116579436,43.722943722943725,1.0,0.7,0.9207071667486916,46883133.976532534,98975505.06156869,-8674158.557633206,liquido,0.7671948529028394,831759000.0,148145000.0,162030000.0,156280000.0,361116000.0,0.0,289396000.0,113656081.48329115,124308582.01584707,277046336.50086176,156280000.0,23410000.0,127874000.0,180764000.0,825166000.0,100384000.0,0.12068880529095567,34096824.44498734,39778746.24507106,54698000.0,27704633.65008618,0.0,52091280.0,0.040993634508297884,0.04782484619351406,0.06576183726295717,0.03330848677331556,0.0,0.0626278525390167,0.02837004917798358,0.7074085548007346,False,True,78138556.62755421,71942729.08638763,109393979.27857588,100719820.72094268,140649401.9295976,129496912.35549775
25186,62.0,GRUPO MATEUS S.A.,varejo,cvm,Emp. Adm. Part. - Comércio (Atacado e Varejo),Categoria A,BOLSA,consolidado,padrao,dva,31.922867410947212,0.12089169161560279,6276335851.462788,19.561328125224907,94.15584415584416,4393435096.023952,13.692929687657434,0.0,95.02164502164501,3878861667.130628,12.089169161560283,-514573428.8933234,95.02164502164501,0.19561328125224905,0.19561328125224905,69.04761904761905,1.0,100.0,1.0,1.0,1.0,0.18831168831168832,0.0006451707503042567,0.21917828510541215,18.83116883116883,1.1,0.7,0.8828767427658119,1882900755.4388366,1882900755.438836,-514573428.8933234,liquido,0.9101270102751463,32085428000.0,5161274000.0,0.0,2694988000.0,24825355000.0,35653000.0,6047328000.0,4697414874.830846,0.0,22594226125.169155,2694988000.0,1664167000.0,609691000.0,2467560000.0,18959322000.0,1460996000.0,0.04553456478747923,1550146908.6941793,0.0,1037570380.0,2485364873.7686076,5882745.0,1197370944.0,0.04831311300239408,0.0,0.03233774472324321,0.07746086085461,0.00018334631534290273,0.037318216356658857,0.08777565991020143,0.24708254307899302,False,True,3138167925.731394,2770615476.5218773,4393435096.023952,3878861667.130628,5648702266.316509,4987107857.739379
22608,63.0,EMPREENDIMENTOS PAGUE MENOS S.A.,varejo,cvm,Comércio (Atacado e Varejo),Categoria A,BOLSA,consolidado,padrao,dva,31.710163540039854,0.1200974249164346,3169619234.9232607,25.07248150423899,88.09523809523809,1664050098.334712,13.163052789725471,792404808.7308152,90.47619047619048,1518250628.7442067,12.009742491643467,-145799469.59050536,90.47619047619048,0.25072481504238986,0.25072481504238986,85.06493506493507,0.75,75.0,0.75,1.0,1.0,0.38095238095238093,0.0038204324612534156,0.41588509570149196,38.095238095238095,1.1,0.7,0.9123827643552238,713164327.8577338,1505569136.5885487,-145799469.59050536,liquido,0.8604923786707961,12641825000.0,386182000.0,3072840000.0,1684517000.0,8615709000.0,0.0,3359412000.0,332306667.77984536,2644155400.874769,7413751931.345386,1684517000.0,149126000.0,1267250000.0,1092400000.0,8983695000.0,384477000.0,0.03041309304629672,109661200.36734897,930742701.1079189,648539045.0,815512712.4479926,0.0,665163576.0,0.008674475431146134,0.07362407730750259,0.051301061753346526,0.06450909678373119,0.0,0.05261610376666344,0.01659962854927733,1.160060417429513,False,True,1188607213.0962229,1084464734.8172903,1664050098.334712,1518250628.7442067,2139492983.5732012,1952036522.6711228
27014,64.0,SOLAR BEBIDAS S.A.,industria,cvm,Bebidas e Fumo,Categoria A,,consolidado,padrao,dva,31.680255578857192,0.1199857443085262,2044747750.8255596,17.762021492921455,83.76623376623377,1431323425.5778916,12.43341504504502,0.0,89.17748917748918,1381264969.7770214,11.998574430852619,-50058455.80087018,89.82683982683982,0.1776202149292146,0.1776202149292146,60.60606060606061,1.0,100.0,1.0,1.0,1.0,0.7467532467532467,0.04488529844270281,0.7668430260353427,74.67532467532467,1.0,0.7,0.9650264539053014,613424325.247668,613424325.247668,-50058455.80087018,liquido,0.8720511251477266,11511909000.0,646312000.0,2265445000.0,1266266000.0,6984899000.0,0.0,1062021000.0,563617106.7964776,1975583861.2102916,6091189031.993231,1266266000.0,891945000.0,604812000.0,2693300000.0,11122604000.0,2318369000.0,0.20138875315987992,169085132.03894326,632186835.5872934,443193100.0,609118903.199323,0.0,191163780.0,0.014687844738778188,0.054915899316724394,0.0384986625589205,0.05291206725134147,0.0,0.01660574106345003,0.08019210249686134,0.22456169011992722,False,True,1022373875.4127798,986617835.5550153,1431323425.5778916,1381264969.7770214,1840272975.7430036,1775912103.9990275
16675,65.0,CEL PARTICIPAÇÕES S.A. - CELPAR,saude_educacao,cvm,Emp. Adm. Part. - Educação,Categoria B,,consolidado,padrao,dva,31.42761510053067,0.11904234860096018,19085264.477055024,26.500479434802145,3.896103896103896,10019763.850453887,13.912751703271123,4771316.119263756,9.090909090909092,8573258.882386211,11.904234860096016,-1446504.9680676758,8.008658008658008,0.26500479434802143,0.26500479434802143,89.17748917748918,0.75,75.0,0.75,1.0,1.0,0.027056277056277056,0.0,0.03756549578285064,2.7056277056277054,1.05,0.7,0.8556348243674275,4294184.507337381,9065500.626601137,-1446504.9680676758,liquido,0.6244935359201838,72018563.0,47861646.0,0.0,23626611.0,15057673.0,0.0,0.0,29889288.54550012,0.0,9403419.454499882,23626611.0,12479.0,16966350.0,12249311.0,134960740.0,7538.0,0.00010466745913827801,9415125.891832538,0.0,8682779.5425,987359.0427224877,0.0,0.0,0.13073193215244433,0.0,0.12056307680701711,0.013709785388559997,0.0,0.0,9.24639269168204e-05,1.3850860672898255,False,True,7156974.178895634,6123756.34456158,10019763.850453887,8573258.882386211,12882553.52201214,11022761.420210844
8451,66.0,MARCOPOLO S.A.,industria,cvm,"Máquinas, Equipamentos, Veículos e Peças",Categoria A,BOLSA,consolidado,padrao,dva,31.087359635126287,0.11777178599094362,1568228556.927226,18.248293014252262,80.3030303030303,1097759989.8490582,12.773805109976582,0.0,85.28138528138528,1012111532.0050532,11.777178599094364,-85648457.84400499,85.4978354978355,0.1824829301425226,0.1824829301425226,63.20346320346321,1.0,100.0,1.0,1.0,1.0,0.4458874458874459,0.00661650437159286,0.4798592367731084,44.58874458874459,1.0,0.7,0.9219788855159663,470468567.0781679,470468567.0781679,-85648457.84400499,liquido,0.7785330343440207,8593837000.0,380061000.0,352368000.0,1593434000.0,6462477000.0,11172000.0,1828739000.0,295890043.56582284,274330128.24573386,5031251828.188443,1593434000.0,2093398000.0,1162588000.0,1625164000.0,9441753000.0,1244148000.0,0.14477211983424865,88767013.06974685,87785641.03863484,557701900.0,503125182.8188443,1675800.0,329173020.0,0.010329147861397285,0.01021495299929878,0.0648955641118164,0.05854488313181229,0.00019500020770698816,0.03830338183049085,0.22171709003614054,0.7153665722351713,False,True,784114278.463613,722936808.575038,1097759989.8490582,1012111532.0050532,1411405701.2345035,1301286255.4350684
8575,67.0,MAHLE METAL LEVE S.A.,industria,cvm,"Máquinas, Equipamentos, Veículos e Peças",Categoria A,BOLSA,consolidado,padrao,dva,31.046943398348827,0.11762086597787053,809007383.3058543,17.749252592285494,67.31601731601732,566305168.314098,12.424476814599844,0.0,74.89177489177489,536113554.70981437,11.762086597787054,-30191613.60428363,75.32467532467533,0.17749252592285492,0.17749252592285492,60.3896103896104,1.0,100.0,1.0,1.0,1.0,0.6168831168831169,0.021697788966511814,0.6445778084142083,61.68831168831169,1.0,0.7,0.9466866712621312,242702214.99175632,242702214.99175632,-30191613.60428363,liquido,0.7797535488800955,4557980000.0,140635000.0,343228000.0,824323000.0,3258867000.0,6711000.0,815753000.0,109660640.34675223,267633251.07501742,2541113108.5782304,824323000.0,291793000.0,776737000.0,974975000.0,3593297000.0,568018000.0,0.12462055559699692,32898192.104025666,85642640.34400557,288513050.0,254111310.85782304,1006650.0,146835540.0,0.0072177131325775155,0.018789604242231334,0.06329844580274595,0.05575086131528069,0.0002208544135779446,0.0322150470164415,0.08120480995587061,0.7966737608656632,False,True,404503691.65292716,382938253.36415315,566305168.314098,536113554.70981437,728106644.975269,689288856.0554757
1562,68.0,BAUMER S.A.,commodities,cvm,Metalurgia e Siderurgia,Categoria A,BOLSA,consolidado,padrao,dva,30.55211023393537,0.11577308811439756,40304524.50796908,20.734273305674833,9.090909090909092,25391850.44002052,13.062592182575145,4030452.4507969073,16.233766233766232,22504667.506205276,11.577308811439751,-2887182.9338152446,16.450216450216452,0.20734273305674839,0.20734273305674839,72.72727272727273,0.9,90.0,0.9,1.0,1.0,0.20995670995670995,0.0008427838378059715,0.24196598940666297,20.995670995670995,0.75,0.7,0.8862948984109994,10882221.617151653,14912674.067948561,-2887182.9338152446,liquido,0.7037430572325525,194386000.0,43027000.0,48035000.0,49072000.0,74578000.0,837000.0,62716000.0,30279952.523545034,33804297.75416566,52483749.7222893,49072000.0,16862000.0,-137000.0,40970000.0,286669000.0,31278000.0,0.16090664965583942,6812989.317797632,8113031.460999757,12881399.999999998,3936281.229171698,94162.49999999999,8466660.0,0.03504876543474135,0.041736706660972275,0.06626711800232525,0.020249818552630836,0.0004844098854855802,0.043555914520593056,0.058820451461441596,-0.0033439101781791553,False,True,18137036.028586086,16074762.504432341,25391850.44002052,22504667.506205276,32646664.851454955,28934572.507978212
25712,69.0,GPS PARTICIPAÇÕES E EMPREENDIMENTOS S.A.,outros,padrao,Emp. Adm. Part. - Sem Setor Principal,Categoria A,,consolidado,padrao,dva,30.262730217057307,0.11469250171119531,3573421051.1031933,24.186623815224824,89.39393939393939,1750976315.0405643,11.85144566946016,1072026315.3309581,91.55844155844156,1694509341.814331,11.469250171119532,-56466973.226233244,91.55844155844156,0.2418662381522482,0.2418662381522482,82.25108225108225,0.7,70.0,1.0,0.7,1.0,0.7662337662337663,0.05227435008304912,0.7850076640436064,76.62337662337663,1.0,0.7,0.967751149606541,750418420.7316706,1822444736.062629,-56466973.226233244,liquido,0.3815938777302592,14774369000.0,1091047000.0,0.0,8428296000.0,12538016000.0,1834000.0,110546000.0,416336855.5159661,0.0,4784430144.484034,8428296000.0,1468264000.0,3739028000.0,1673729000.0,14370413000.0,752529000.0,0.05093476411750647,124901056.65478984,0.0,2949903600.0,478443014.44840336,275100.0,19898280.0,0.008453901256614738,0.0,0.19966359307798526,0.032383312914981574,1.8620084553188024e-05,0.0013468108181134504,0.10217270721446907,2.2339506574839776,False,True,1250697367.8861175,1210363815.581665,1750976315.0405643,1694509341.814331,2251255262.1950116,2178654868.046997
16292,70.0,BRF S.A.,industria,cvm,Emp. Adm. Part. - Alimentos,Categoria B,BOLSA,consolidado,padrao,dva,29.73264449338316,0.11271308574559577,10416023425.37468,16.970001102615324,96.96969696969697,7291216397.762276,11.879000771830729,0.0,97.40259740259741,6918220773.076183,11.271308574559582,-372995624.6860924,97.40259740259741,0.16970001102615323,0.16970001102615323,55.84415584415584,1.0,100.0,1.0,1.0,1.0,0.6320346320346321,0.023160310168590784,0.6589543688937215,63.20346320346321,1.0,0.7,0.9488431553340582,3124807027.6124043,3124807027.612404,-372995624.6860924,liquido,0.848066277135488,61379038000.0,953059000.0,8082662000.0,8292382000.0,45543222000.0,28817000.0,6728002000.0,808257198.0204711,6854633071.684478,38623670730.29505,8292382000.0,11165364000.0,9575184000.0,10364890000.0,62675076000.0,10776742000.0,0.1755769127564365,242477159.4061413,2193482582.939033,2902333700.0,3862367073.0295053,4322550.0,1211040360.0,0.0039504881032208635,0.035736672558130234,0.047285421775427626,0.06292648433215108,7.042387989202438e-05,0.019730520377331424,0.1781467963437332,0.9238095146209945,False,True,5208011712.68734,4941586266.482987,7291216397.762276,6918220773.076183,9374421082.837212,8894855279.669378
24627,71.0,BLAU FARMACÊUTICA S.A.,saude_educacao,cvm,Farmacêutico e Higiene,Categoria A,BOLSA,consolidado,padrao,dva,29.711169692781517,0.11263289576637066,394631616.62336856,22.49412991418992,51.94805194805194,207181598.7272685,11.809418204949708,98657904.15584214,56.493506493506494,197600449.14302233,11.263289576637069,-9581149.584246159,56.27705627705628,0.2249412991418992,0.2249412991418992,77.27272727272727,0.75,75.0,0.75,1.0,1.0,0.6666666666666666,0.028592306129824496,0.6916988238626126,66.66666666666666,1.05,0.7,0.9537548235793919,88792113.74025795,187450017.89610007,-9581149.584246159,liquido,0.7980537748466541,1754376000.0,166764000.0,147005000.0,284622000.0,1095626000.0,14689000.0,606189000.0,133086639.70852742,117317895.17133239,874368465.1201402,284622000.0,33317000.0,525635000.0,380558000.0,3411729000.0,507203000.0,0.2891073521297601,41922291.50818614,39418812.777567685,104598585.0,91808688.83761473,2313517.5,114569721.0,0.02389584188804802,0.022468850906286728,0.05962153210030233,0.0523312498789397,0.0013187124652868029,0.0653051119030356,0.009765429786480696,1.3812217848527688,False,True,147986856.23376322,141143177.95930168,207181598.7272685,197600449.14302233,266376341.2207738,254057720.326743
26050,72.0,UNIFIQUE TELECOMUNICAÇÕES S.A.,utilities,cvm,Emp. Adm. Part. - Telecomunicações,Categoria A,,consolidado,padrao,dva,29.55327344040944,0.11204328855965828,166898620.19087327,16.276773777390922,29.004329004329005,116829034.13361128,11.393741644173645,0.0,43.073593073593074,114886835.18001387,11.20432885596583,-1942198.9535974115,43.722943722943725,0.1627677377739092,0.1627677377739092,52.81385281385281,1.0,100.0,1.0,1.0,1.0,0.8787878787878788,0.08251276275190911,0.8891714450949338,87.87878787878788,0.9,0.7,0.9833757167642401,50069586.05726199,50069586.05726199,-1942198.9535974115,liquido,0.6763276299766774,1025379000.0,164827000.0,105528000.0,250916000.0,504861000.0,31721000.0,13539000.0,111477054.26616581,71371502.1361788,341451443.5976553,250916000.0,447756000.0,101581000.0,499931000.0,2282619000.0,539311000.0,0.5259625952940328,30098804.65186477,20554992.6152195,79038540.0,30730629.92378898,4282335.0,2193318.0,0.02935383370623425,0.020046239112776348,0.07708226909269646,0.02997002076674964,0.004176343576375175,0.0021390315190773367,0.19615888591131503,0.20319004022555112,False,True,83449310.09543663,82062025.12858133,116829034.13361128,114886835.18001387,150208758.17178595,147711645.23144642
24171,73.0,ATACADÃO S.A.,varejo,cvm,Emp. Adm. Part. - Comércio (Atacado e Varejo),Categoria B,BOLSA,consolidado,padrao,dva,29.427359740603396,0.11157310878202481,19728017587.739216,17.060446217215414,98.05194805194806,13809612311.41745,11.94231235205079,0.0,98.48484848484848,12901868007.118223,11.157310878202482,-907744304.2992268,98.48484848484848,0.1706044621721541,0.1706044621721541,56.27705627705628,1.0,100.0,1.0,1.0,1.0,0.5303030303030303,0.013498622589531682,0.5617814201543636,53.03030303030303,1.1,0.7,0.9342672130231545,5918405276.321766,5918405276.321766,-907744304.2992268,liquido,0.9483727970591416,115636000000.0,16527000000.0,0.0,5730000000.0,94461000000.0,13000000.0,12592000000.0,15673757216.996433,0.0,89584242783.00357,5730000000.0,15207000000.0,9758000000.0,6105000000.0,100188000000.0,4706000000.0,0.040696668857449235,5172339881.608823,0.0,2206050000.0,9854266706.130394,2145000.0,2493216000.0,0.04472949498087812,0.0,0.019077536407347193,0.08521798320704965,1.8549586633920235e-05,0.021560897990245253,0.1517846448676488,1.5983619983619983,False,True,9864008793.869608,9215620005.084446,13809612311.41745,12901868007.118223,17755215828.965294,16588116009.152002
27510,74.0,VITAL ENGENHARIA AMBIENTAL S.A.,utilities,cvm,"Saneamento, Serv. Água e Gás",Categoria A,,consolidado,padrao,dva,29.29336817058422,0.11107276508079593,363618560.5282017,17.47805671465845,48.484848484848484,254532992.36974117,12.234639700260916,0.0,59.74025974025974,231079001.5842752,11.107276508079593,-23453990.785465986,59.95670995670995,0.17478056714658455,0.17478056714658455,58.22510822510822,1.0,100.0,1.0,1.0,1.0,0.35064935064935066,0.0031131632060604386,0.3856987374640974,35.064935064935064,0.9,0.7,0.9078548106196146,109085568.15846053,109085568.15846053,-23453990.785465986,liquido,0.48600297853596264,2080429000.0,156468000.0,0.0,857658000.0,1512137000.0,22522000.0,23103000.0,76043914.04556501,0.0,734903085.954435,857658000.0,508226000.0,-179044000.0,468875000.0,2133971000.0,620286000.0,0.29815292903530954,20531856.792302553,0.0,270162270.0,66141277.73589916,3040470.0,3742686.0,0.009869049504838932,0.0,0.12985892332783286,0.03179213409152591,0.0014614629963339294,0.001798997226052896,0.23815975006220796,-0.38185870434550784,False,True,181809280.26410085,165056429.7030537,254532992.36974117,231079001.5842752,327256704.47538155,297101573.4654967
5258,75.0,RAIA DROGASIL S.A.,varejo,cvm,Comércio (Atacado e Varejo),Categoria A,BOLSA,consolidado,padrao,dva,29.224504906387196,0.11081561979559545,8701044848.096424,22.38411155626071,96.32034632034632,4568048545.250623,11.751658567036873,2175261212.024106,95.23809523809523,4307571802.828124,11.081561979559545,-260476742.4224987,95.23809523809523,0.2238411155626071,0.2238411155626071,76.40692640692642,0.75,75.0,0.75,1.0,1.0,0.5909090909090909,0.018278526437486498,0.6198570135697374,59.09090909090909,1.1,0.7,0.9429785520354605,1957735090.8216958,4132996302.8458014,-260476742.4224987,liquido,0.8951447351022869,38871522000.0,1570628000.0,7627819000.0,3828600000.0,27314741000.0,32575000.0,8407430000.0,1405939385.0042346,6828002018.163191,24450646596.832573,3828600000.0,528002000.0,2765928000.0,4153537000.0,22163756000.0,2771263000.0,0.07129288634491852,463959997.05139744,2403456710.3934436,1474011000.0,2689571125.651583,5374875.0,1664671140.0,0.011935730148446398,0.06183078476817665,0.037920074238410324,0.06919129962679577,0.00013827282090986815,0.0428249539598681,0.023822767224111294,0.6659211173513081,False,True,3262891818.036159,3076837002.0200887,4568048545.250623,4307571802.828124,5873205272.465086,5538306603.636159
20346,76.0,PROFARMA DISTRIB PROD FARMACEUTICOS S.A.,varejo,cvm,Comércio (Atacado e Varejo),Categoria A,BOLSA,consolidado,padrao,dva,28.943718469816996,0.10976712305129809,1866906042.8987777,18.38659996435536,82.46753246753246,1176150807.0262299,11.583557977543876,186690604.28987774,86.58008658008657,1114533985.2574904,10.976712305129809,-61616821.76873946,86.7965367965368,0.1838659996435536,0.1838659996435536,63.63636363636363,0.9,90.0,0.9,1.0,1.0,0.6233766233766234,0.022410588725050473,0.6507430770462108,62.33766233766234,1.1,0.7,0.9476114615569317,504064631.5826701,690755235.8725479,-61616821.76873946,liquido,0.9461523226408425,10153623000.0,302884000.0,922095000.0,530710000.0,8630785000.0,13324000.0,1820459000.0,286574400.0907489,872442325.9455076,8166037273.963743,530710000.0,229552000.0,570167000.0,469208000.0,5616238000.0,497088000.0,0.04895671229865438,94569552.02994715,307099698.7328187,204323350.0,898264100.1360118,2198460.0,360450882.0,0.009313872696469737,0.030245332009354562,0.020123196419642525,0.08846734807230994,0.00021651975851378372,0.03549973068726306,0.04087291172489485,1.2151689655760345,False,True,840107719.30445,796095703.7553504,1176150807.0262299,1114533985.2574904,1512193894.7480102,1432972266.7596307
25330,77.0,ALLIED TECNOLOGIA S.A.,varejo,cvm,Comércio (Atacado e Varejo),Categoria A,BALCÃO NÃO ORGANIZADO,consolidado,padrao,dva,28.7498453210011,0.10904317296373991,893234965.2134879,16.177745480949202,70.995670995671,625264475.6494415,11.324421836664442,0.0,78.13852813852814,602068903.3817073,10.904317296373993,-23195572.26773417,78.13852813852814,0.16177745480949202,0.16177745480949202,52.5974025974026,1.0,100.0,1.0,1.0,1.0,0.7316017316017316,0.03930115144390946,0.7526852164582922,73.16017316017316,1.1,0.7,0.9629027824687438,267970489.5640464,267970489.56404638,-23195572.26773417,liquido,0.9719643733469888,5521381000.0,133794000.0,392091000.0,151106000.0,4863900000.0,15270000.0,684089000.0,130043001.36758702,381098483.1099942,4727537515.522419,151106000.0,427961000.0,77767000.0,241738000.0,3480239000.0,1299080000.0,0.23528171665748115,42914190.45130372,134146666.05471796,58175810.0,520029126.7074662,2519550.0,135449622.0,0.0077723653649881645,0.02429585389139383,0.010536459990716092,0.09418461191275627,0.0004563260532102386,0.024531837596427415,0.12296885357586074,0.3216995259330349,False,True,446617482.60674393,430049216.70121956,625264475.6494415,602068903.3817073,803911468.6921391,774088590.0621952
21350,78.0,DIRECIONAL ENGENHARIA S.A.,construcao,cvm,"Construção Civil, Mat. Constr. e Decoração",Categoria A,BOLSA,consolidado,padrao,dva,28.42038173855243,0.1078129087893676,648041028.478748,19.353347304253823,62.77056277056276,408265847.94161123,12.192608801679908,64804102.84787478,70.12987012987013,361008290.6939338,10.781290878936762,-47257557.247677445,69.6969696969697,0.1935334730425382,0.1935334730425382,67.74891774891775,0.9,90.0,0.9,1.0,1.0,0.19696969696969696,0.0006763609215720515,0.22832050919860367,19.696969696969695,0.85,0.7,0.8842480763797905,174971077.68926197,239775180.53713673,-47257557.247677445,liquido,0.8368858691932749,3348470000.0,210307000.0,289706000.0,429013000.0,2130127000.0,52228000.0,1643111000.0,176002956.49243006,242450857.6205069,1782673185.887063,429013000.0,792054000.0,841291000.0,825046000.0,10067406000.0,76254000.0,0.022772788766212627,44880753.905569665,65946633.272777885,127631367.5,151527220.80040038,6659070.0,251395983.0,0.013403361507067307,0.019694556998503164,0.03811632402261331,0.045252673848175544,0.0019886903570884612,0.07507786630909041,0.07867508273730095,1.0196898112347674,False,True,291618462.8154366,257863064.78138128,408265847.94161123,361008290.6939338,524913233.0677859,464153516.6064863
25631,79.0,KALUNGA S.A,varejo,cvm,Comércio (Atacado e Varejo),Categoria A,,individual,padrao,dva,28.40274412814825,0.107747047427573,598856133.171479,23.713055100817723,61.25541125541125,314399469.9150264,12.449353927929302,149714033.29286975,65.5844155844156,272107410.4909208,10.774704742757297,-42292059.424105644,63.41991341991342,0.23713055100817723,0.23713055100817723,80.95238095238095,0.75,75.0,0.75,1.0,1.0,0.08225108225108226,8.406449988861454e-05,0.10322029835618579,8.225108225108226,1.1,0.7,0.8654830447534279,134742629.96358278,284456663.25645256,-42292059.424105644,liquido,0.8846610911833915,2525428000.0,94725000.0,644564000.0,263605000.0,1546193000.0,1568000.0,597342000.0,83799521.86234677,570220691.5775316,1367856786.5601218,263605000.0,46256000.0,576098000.0,387965000.0,2141213000.0,397170000.0,0.15726839173399518,27653842.214574434,200717683.43529114,101487925.0,150464246.52161342,258720.0,118273716.0,0.010950160612210854,0.07947867982587155,0.04018642582564223,0.05957970154825773,0.00010244600123226637,0.0468331371949626,0.02160270837137641,1.4849226089982344,False,True,224571049.93930462,194362436.06494346,314399469.9150264,272107410.4909208,404227889.8907483,349852384.91689825
1570,80.0,EXCELSIOR ALIMENTOS S.A.,industria,cvm,Alimentos,Categoria A,BOLSA,individual,padrao,dva,28.17649748670974,0.10690221008480774,43466671.69400678,17.585668097797384,9.956709956709958,30426670.185804743,12.309967668458171,0.0,18.181818181818183,26423126.16887201,10.690221008480773,-4003544.0169327334,17.532467532467532,0.17585668097797388,0.17585668097797388,59.09090909090909,1.0,100.0,1.0,1.0,1.0,0.09956709956709957,0.000125849209765027,0.12279939660731215,9.956709956709958,1.0,0.7,0.8684199094910968,13040001.508202035,13040001.508202035,-4003544.0169327334,liquido,0.81757591150737,247171000.0,4741000.0,37838000.0,41658000.0,185779000.0,163000.0,14505000.0,3876127.396456441,30935437.339615867,151888435.2639277,41658000.0,35468000.0,-35468000.0,24415000.0,183553000.0,21788000.0,0.08814949973904705,1162838.2189369323,9899339.948677078,14580300.0,15188843.52639277,24450.0,2610900.0,0.004704590016373005,0.040050572068232426,0.05898871631380704,0.061450750801642466,9.89193716091289e-05,0.010563132406309801,0.19323029315783452,-1.4527134958017611,False,True,21733335.84700339,18873661.549194295,30426670.185804743,26423126.16887201,39120004.5246061,33972590.78854973
19615,81.0,GRENDENE S.A.,industria,cvm,Têxtil e Vestuário,Categoria A,BOLSA,consolidado,padrao,dva,28.099549055522715,0.10661487362880265,584032988.5092463,22.21857385011095,60.82251082251082,306617318.9673543,11.664751271308246,146008247.1273116,64.71861471861472,280245724.5231981,10.661487362880267,-26371594.44415617,64.71861471861472,0.22218573850110945,0.22218573850110945,75.75757575757575,0.75,75.0,0.75,1.0,1.0,0.3917748917748918,0.0045679401092296795,0.4266122010987037,39.17748917748918,1.0,0.7,0.9139918301648056,131407422.41458045,277415669.54189205,-26371594.44415617,liquido,0.6748297642511776,2628580000.0,111264000.0,618441000.0,688454000.0,1387506000.0,19421000.0,502517000.0,75084258.88964303,417342394.23326254,936330346.8770944,688454000.0,76109000.0,12715000.0,625044000.0,4500059000.0,702738000.0,0.2673451064833484,22525277.66689291,133549566.15464401,240958899.99999997,93633034.68770945,2913150.0,90453060.0,0.008569371168803273,0.0508067344933934,0.0916688478189745,0.03562114704049694,0.0011082599730653053,0.034411378006376066,0.016912889364339444,0.02034256788322102,False,True,219012370.69096738,200175517.5165701,306617318.9673543,280245724.5231981,394222267.2437413,360315931.52982616
26182,82.0,LABORATÓRIO TEUTO BRASILEIRO S.A.,saude_educacao,cvm,Farmacêutico e Higiene,Categoria A,,individual,padrao,dva,27.956735984000115,0.10608158917830135,353968271.6748948,25.764470643696,47.83549783549784,156100007.8086286,11.362131553869936,130968260.51971108,48.701298701298704,145741464.27167946,10.608158917830137,-10358543.536949128,49.134199134199136,0.25764470643696,0.25764470643696,87.22943722943724,0.63,63.0,0.9,0.7,1.0,0.525974025974026,0.013006761765605078,0.5576108042374033,52.5974025974026,1.05,0.7,0.9336416206356105,66900003.34655513,197868263.86626622,-10358543.536949128,liquido,0.7541216818420735,1373862000.0,60586000.0,129224000.0,301257000.0,1035418000.0,14735000.0,591602000.0,45689216.21608387,97450620.2143601,780831163.5695561,301257000.0,71940000.0,406057000.0,176923000.0,1955998000.0,105623000.0,0.07688035625121009,14392103.10806642,32743408.392024998,110711947.5,81987272.1748034,2320762.5,111812778.0,0.01047565411086879,0.023833113072510192,0.08058447464155788,0.0596764974755859,0.0016892253370425852,0.0813857417993947,0.03677917871081668,2.295105780480774,False,True,111500005.57759187,104101045.90834248,156100007.8086286,145741464.27167946,200700010.03966537,187381882.63501647
16993,83.0,EMAE - EMPRESA METROP. DE AGUAS E ENERGIA S.A.,utilities,cvm,Energia Elétrica,Categoria A,BOLSA,consolidado,padrao,dva,27.881202121165455,0.10579953492299708,104502265.33492146,16.818095771736147,21.861471861471863,73151585.73444502,11.772667040215303,0.0,30.952380952380953,65740445.416032836,10.579953492299705,-7411140.318412185,30.08658008658009,0.16818095771736152,0.16818095771736152,55.41125541125541,1.0,100.0,1.0,1.0,1.0,0.29004329004329005,0.001758545637818936,0.3245860410722,29.004329004329005,0.9,0.7,0.8986879061608299,31350679.600476444,31350679.600476444,-7411140.318412185,liquido,0.7115796246340425,621368000.0,140211000.0,0.0,160482000.0,416206000.0,183000.0,2054000.0,99771290.74956372,0.0,296163709.25043625,160482000.0,311326000.0,-311326000.0,650000.0,2087293000.0,81839000.0,0.13170778025260393,26938248.502382208,0.0,50551830.0,26654733.832539264,24705.0,332748.0,0.043353131320541465,0.0,0.08135570225695563,0.04289685634364703,3.975904777845014e-05,0.0005355087484389283,0.1491529938537618,-478.9630769230769,False,True,52251132.66746073,46957461.01145203,73151585.73444502,65740445.416032836,94052038.80142932,84523429.82061365
1228,84.0,BCO NORDESTE DO BRASIL S.A.,financeiro,cvm,Bancos,Categoria A,BOLSA,individual,financeiro,dre,27.806623986826512,0.10552104949469328,2315845250.0,19.038359267158338,86.14718614718615,1458982507.5,11.994166338309753,231584524.99999994,89.6103896103896,1283568703.679448,10.552104949469326,-175413803.8205521,88.74458874458875,0.1903835926715834,0.1903835926715834,66.23376623376623,0.9,90.0,0.9,1.0,1.0,0.16883116883116883,0.0005065393517070994,0.19846512703739178,16.883116883116884,1.25,0.7,0.8797697690556088,625278217.5000001,856862742.5,-175413803.8205521,liquido,1.0,12164101000.0,2369026000.0,,2763152000.0,,437163000.0,,2369026000.0,0.0,0.0,2763152000.0,3032421000.0,-3032421000.0,4293924000.0,69962975000.0,1813569000.0,0.14909190576434708,888384750.0,0.0,1208879000.0,0.0,218581500.0,0.0,0.07303332568514516,0.0,0.09938087492039074,0.0,0.017969392066047463,0.0,0.04334322547032913,,False,True,1042130362.5,916834788.3424629,1458982507.5,1283568703.679448,1875834652.5,1650302619.0164332
21016,85.0,YDUQS PARTICIPACOES S.A.,saude_educacao,cvm,Emp. Adm. Part. - Educação,Categoria A,BOLSA,consolidado,padrao,dva,27.5668315009284,0.10462563002984215,1295884942.4072883,24.214069556368358,77.27272727272727,571485259.6016141,10.678404674358445,479477428.69069666,75.32467532467533,559933877.4092588,10.462563002984217,-11551382.192355275,76.83982683982684,0.2421406955636836,0.2421406955636836,82.68398268398268,0.63,63.0,0.9,0.7,1.0,0.8528138528138528,0.07496993487096143,0.8652472424758852,85.28138528138528,1.05,0.7,0.9797870863713828,244922254.1149775,724399682.8056742,-11551382.192355275,liquido,0.702409127268097,5351785000.0,1342673000.0,1054972000.0,1334493000.0,2086676000.0,669832000.0,0.0,943105770.1364377,741021961.8122789,1465700268.0512836,1334493000.0,677472000.0,4928500000.0,1742141000.0,9938424000.0,1218469000.0,0.22767525227564261,297078317.5929779,248983379.1689257,490426177.5,153898528.1453848,105498540.0,0.0,0.055510136822196306,0.046523427075064815,0.09163786988827093,0.028756485573576813,0.019712776204574737,0.0,0.06816694477917223,2.828990305606722,False,True,408203756.8582958,399952769.57804203,571485259.6016141,559933877.4092588,734766762.3449324,719914985.2404757
25372,86.0,SENDAS DISTRIBUIDORA S.A.,varejo,cvm,Comércio (Atacado e Varejo),Categoria A,BOLSA,individual,padrao,dva,27.414500525174493,0.10405680436260348,11576282884.082314,15.681982801287356,97.40259740259741,8103398018.857619,10.977387960901149,0.0,97.61904761904762,7681369241.243025,10.405680436260347,-422028777.61459446,97.61904761904762,0.15681982801287359,0.15681982801287359,50.21645021645021,1.0,100.0,1.0,1.0,1.0,0.6255411255411255,0.022735946307547213,0.6527968665058945,62.55411255411255,1.1,0.7,0.9479195299758841,3472884865.2246947,3472884865.2246943,-422028777.61459446,liquido,0.9425450190591638,73819000000.0,878000000.0,5995000000.0,3934000000.0,61598000000.0,12000000.0,7127000000.0,827554526.7339458,5650557389.259686,58058888084.00637,3934000000.0,5628000000.0,10937000000.0,5484000000.0,45593000000.0,4932000000.0,0.06681206735393327,273092993.82220215,1988996201.01941,1514590000.0,6386477689.240702,1980000.0,1411146000.0,0.0036994946263455494,0.026944231173809046,0.020517617415570517,0.08651536446227531,2.6822362806323577e-05,0.019116297972066813,0.12344000175465532,1.9943471918307805,False,True,5788141442.041157,5486692315.17359,8103398018.857619,7681369241.243025,10418654595.674082,9876046167.31246
26026,87.0,DESKTOP S.A.,utilities,cvm,Telecomunicações,Categoria A,BOLSA,consolidado,padrao,dva,27.30419598677446,0.10364491142786501,172226981.07129264,15.256960767874746,29.87012987012987,120558886.74990484,10.679872537512322,0.0,43.290043290043286,116998729.106054,10.364491142786502,-3560157.643850848,43.93939393939394,0.15256960767874747,0.15256960767874747,47.4025974025974,1.0,100.0,1.0,1.0,1.0,0.7857142857142857,0.05619098399504174,0.8031303628277928,78.57142857142857,0.9,0.7,0.9704695544241689,51668094.3213878,51668094.3213878,-3560157.643850848,liquido,0.7066066690152089,1128842000.0,187627000.0,174653000.0,231529000.0,426862000.0,6005000.0,0.0,132578489.4873166,123410974.56351328,301623535.94917005,231529000.0,290953000.0,1056386000.0,573194000.0,3510912000.0,288810000.0,0.25584625660632754,35796192.16157548,35542360.67429183,72931635.0,27146118.23542531,810675.0,0.0,0.0317105424510919,0.031485682384507156,0.06460747828305467,0.02404775711341827,0.0007181474466754427,0.0,0.08287106028291225,1.842981608321092,False,True,86113490.53564632,83570520.79003857,120558886.74990484,116998729.106054,155004282.9641634,150426937.42206946
6173,88.0,TAURUS ARMAS S.A.,industria,cvm,"Máquinas, Equipamentos, Veículos e Peças",Categoria A,BOLSA,consolidado,padrao,dva,27.29558858686275,0.10361277016458131,420222503.64498115,25.122797607004184,53.67965367965368,185318124.10743666,11.079153744688842,155482326.34864303,52.81385281385281,173310386.72227088,10.361277016458132,-12007737.38516578,53.03030303030303,0.2512279760700418,0.2512279760700418,85.4978354978355,0.63,63.0,0.9,0.7,1.0,0.5367965367965368,0.014172157767855478,0.5680315514020492,53.67965367965368,1.0,0.7,0.9352047327103074,79422053.18890144,234904379.5375445,-12007737.38516578,liquido,0.8616915251679917,1672674000.0,221305000.0,199514000.0,208996000.0,1090267000.0,4218000.0,779281000.0,190696642.9773024,171919522.9523667,939473834.0703309,208996000.0,112614000.0,634924000.0,252570000.0,2628647000.0,224157000.0,0.1340111701383533,57208992.89319072,55014247.34475735,73148600.0,93947383.40703309,632700.0,140270580.0,0.03420211762315354,0.03288999969196469,0.04373153405863904,0.056165985366564614,0.00037825661186818236,0.08386008271785177,0.04284105092848146,2.5138535851447124,False,True,132370088.64816906,123793133.37305063,185318124.10743666,173310386.72227088,238266159.5667043,222827640.07149115
25062,89.0,LAVVI EMPREENDIMENTOS IMOBILIÁRIOS S.A.,construcao,cvm,"Construção Civil, Mat. Constr. e Decoração",Categoria A,BOLSA,consolidado,padrao,dva,27.142045582123522,0.10303941860762864,289055863.38509357,18.657203250314726,44.58874458874459,182105193.93260893,11.754038047698277,28905586.33850935,52.16450216450217,159638868.20938045,10.303941860762864,-22466325.723228484,50.86580086580087,0.18657203250314727,0.18657203250314727,64.28571428571429,0.9,90.0,0.9,1.0,1.0,0.14935064935064934,0.00035053158124417454,0.1775330423746722,14.935064935064934,0.85,0.7,0.8766299563562008,78045083.11397527,106950669.45248464,-22466325.723228484,liquido,0.9716269207595128,1549299000.0,73484000.0,115190000.0,34470000.0,1026210000.0,0.0,950318000.0,71399032.64509204,111921705.00228828,997093262.3526196,34470000.0,106168000.0,549312000.0,398158000.0,3457891000.0,6812000.0,0.004396827210241535,18206753.32449847,30442703.760622416,10254825.0,84752927.29997268,0.0,145398654.0,0.011751607226557605,0.019649340611865376,0.006619009629516317,0.05470404828246367,0.0,0.09384802675274431,0.03070310776134933,1.379633210936362,False,True,130075138.52329211,114027763.00670034,182105193.93260893,159638868.20938045,234135249.3419258,205249973.4120606
10880,90.0,SONDOTECNICA ENGENHARIA SOLOS S.A.,construcao,cvm,"Construção Civil, Mat. Constr. e Decoração",Categoria A,BOLSA,consolidado,padrao,dva,27.07246899166333,0.10277960966006013,31223765.802915484,15.77404003299695,6.277056277056277,21856636.062040836,11.041828023097864,0.0,14.935064935064934,20344607.054550942,10.277960966006013,-1512029.0074898936,14.502164502164502,0.1577404003299695,0.1577404003299695,50.43290043290043,1.0,100.0,1.0,1.0,1.0,0.5064935064935064,0.011162802718978574,0.5388039881959432,50.649350649350644,0.85,0.7,0.9308205982293914,9367129.740874646,9367129.740874648,-1512029.0074898936,liquido,0.6435365564194451,197944000.0,29642000.0,0.0,61573000.0,143091000.0,1681000.0,0.0,19075710.60538519,0.0,92084289.39461482,61573000.0,13275000.0,-10089000.0,25812000.0,116073000.0,20531000.0,0.10372125449622116,4864306.204373224,0.0,18317967.5,7827164.59854226,214327.5,0.0,0.0245741533179749,0.0,0.09254116063128966,0.039542318021977226,0.001082768358727721,0.0,0.11436768240676126,-0.3908647140864714,False,True,15611882.901457742,14531862.181822103,21856636.062040836,20344607.054550942,28101389.222623937,26157351.927279785
27820,91.0,GRUPO SALTA EDUCAÇÃO S.A.,saude_educacao,cvm,Emp. Adm. Part. - Educação,Categoria A,,consolidado,padrao,dva,26.980355775602142,0.1024356457267354,520971627.8749325,23.635073995190726,58.44155844155844,229748487.8928452,10.42306763187911,192759502.31372502,58.44155844155844,225791825.81588763,10.243564572673538,-3956662.0769575834,59.307359307359306,0.2363507399519073,0.2363507399519073,80.3030303030303,0.63,63.0,0.9,0.7,1.0,0.8744588744588745,0.07923738016050681,0.8851885928754409,87.44588744588745,1.05,0.7,0.9827782889313161,98463637.66836226,291223139.9820873,-3956662.0769575834,liquido,0.5310897670842432,2204231000.0,555353000.0,186613000.0,876374000.0,1126993000.0,0.0,52121000.0,294942295.4195357,99108254.70489188,598534449.8755724,876374000.0,176168000.0,1354452000.0,563507000.0,4282186000.0,278423000.0,0.12631298625234832,92906823.05715375,33300373.580843672,322067445.0,62846117.23693511,0.0,9850869.0,0.04214931332385478,0.015107479016874217,0.14611329075763838,0.028511583965988643,0.0,0.00446907288755126,0.04113973563969431,2.403611667645655,False,True,164106062.78060374,161279875.58277687,229748487.8928452,225791825.81588763,295390913.0050867,290303776.04899836
20729,92.0,PARANA BCO S.A.,financeiro,cvm,Bancos,Categoria A,,individual,financeiro,dre,26.967027280156994,0.10238587521697957,273090000.0,16.725308443497195,41.99134199134199,191163000.0,11.707715910448036,0.0,54.32900432900433,167175145.1249082,10.23858752169796,-23987854.87509179,51.94805194805194,0.16725308443497192,0.16725308443497192,54.32900432900433,1.0,100.0,1.0,1.0,1.0,0.13636363636363635,0.0002541962814779949,0.16344150018250422,13.636363636363635,1.25,0.7,0.8745162250273756,81927000.00000001,81927000.0,-23987854.87509179,liquido,1.0,1632795000.0,374415000.0,,102786000.0,,175431000.0,,374415000.0,0.0,0.0,102786000.0,3064450000.0,-3064450000.0,110423000.0,10622500000.0,-1145222000.0,-0.7013874981243818,140405625.0,0.0,44968875.0,0.0,87715500.0,0.0,0.08599096947259147,0.0,0.027541041588196924,0.0,0.05372107337418353,0.0,0.28848670275358906,,False,True,136545000.0,119410817.946363,191163000.0,167175145.1249082,245781000.0,214939472.3034534
25445,93.0,MPM CORPÓREOS S.A.,saude_educacao,cvm,Serviços Médicos,Categoria A,BOLSA,consolidado,padrao,dva,26.961739393430708,0.10236612949106615,220174333.79433835,21.38090253020704,35.714285714285715,107885423.55922577,10.476642239801448,66052300.138301514,40.25974025974026,105413671.53214464,10.236612949106611,-2471752.027081132,42.42424242424242,0.21380902530207044,0.21380902530207044,73.59307359307358,0.7,70.0,1.0,0.7,1.0,0.8333333333333334,0.06896413290831299,0.8472606743008114,83.33333333333334,1.05,0.7,0.9770891011451217,46236610.096811056,112288910.23511258,-2471752.027081132,liquido,0.5462945087092503,1029771000.0,188039000.0,7885000.0,399514000.0,684634000.0,1753000.0,0.0,102724673.12317872,4307532.201172438,374011794.67564887,399514000.0,224068000.0,640738000.0,238037000.0,2291655000.0,118666000.0,0.11523532901975293,32358272.0338013,1447330.8195939395,146821395.0,39271238.44094314,276097.5,0.0,0.03142278432175823,0.0014054880352951668,0.14257674279038737,0.03813589471925616,0.00026811543537349564,0.0,0.09777562503954565,2.6917580040077804,False,True,77061016.82801841,75295479.6658176,107885423.55922577,105413671.53214464,138709830.29043314,135531863.39847168
80225,94.0,ALMACENES ÉXITO S.A.,outros,padrao,,,,consolidado,padrao,dva,26.8385476462368,0.10190611387409093,4856057640.0,16.78288912140579,92.42424242424242,3059316313.2,10.573220146485648,485605763.9999999,94.37229437229438,2948610094.8484244,10.190611387409094,-110706218.35157537,94.37229437229438,0.16782889121405792,0.16782889121405792,54.97835497835498,0.9,90.0,0.9,1.0,1.0,0.7380952380952381,0.04212923654046319,0.7587560813856521,73.80952380952381,1.0,0.7,0.9638134122078478,1311135562.8000002,1796741326.8000002,-110706218.35157537,liquido,1.0,28934575000.0,0.0,6192930000.0,0.0,21617778000.0,0.0,3958568000.0,0.0,6192930000.0,21617778000.0,0.0,1889851000.0,1281807000.0,931299000.0,24652780000.0,364129000.0,0.012584563623277688,0.0,1981737600.0,0.0,2161777800.0,0.0,712542240.0,0.0,0.06849029577935739,0.0,0.07471261630765269,0.0,0.02462597912704783,0.07665873787864898,1.3763646261834277,False,True,2185225938.0,2106150067.748875,3059316313.2,2948610094.8484244,3933406688.4,3791070121.9479747
8753,95.0,METISA METALURGICA TIMBOENSE S.A.,commodities,cvm,Metalurgia e Siderurgia,Categoria A,BOLSA,consolidado,padrao,dva,26.801799986730074,0.10176889285364565,84451839.02012601,16.658340246172283,19.264069264069263,59116287.3140882,11.660838172320599,0.0,27.92207792207792,51593196.13793684,10.176889285364567,-7523091.176151365,27.056277056277057,0.16658340246172282,0.16658340246172282,53.67965367965368,1.0,100.0,1.0,1.0,1.0,0.12554112554112554,0.0002153150019955401,0.15160536202363797,12.554112554112553,0.75,0.7,0.8727408043035457,25335551.70603781,25335551.706037812,-7523091.176151365,liquido,0.7863258220438583,506964306.0,33509477.0,48719377.0,101426312.0,392448587.0,358270.0,144591495.0,26349367.04828476,38309304.16898964,308592457.78272563,101426312.0,168625460.0,-122491565.0,45298385.0,555656591.0,46155277.0,0.09104245891425737,5928607.585864071,9194233.000557514,26624406.899999995,23144434.333704427,40305.37499999999,19519851.825000003,0.011694329394985199,0.018135858662517976,0.05251732042058203,0.045652985939614504,7.950337829109413e-05,0.03850340466573203,0.30347063767664373,-2.704104462002343,False,True,42225919.51006301,36852282.95566917,59116287.3140882,51593196.13793684,76006655.11811341,66334109.32020451
14346,96.0,WHIRLPOOL S.A.,industria,cvm,"Máquinas, Equipamentos, Veículos e Peças",Categoria A,BOLSA,consolidado,padrao,dva,26.7883927499968,0.1017188283126494,2122659404.117768,16.414441242706605,84.19913419913419,1485861582.8824375,11.490108869894621,0.0,90.04329004329004,1315393099.8998992,10.17188283126494,-170468482.98253822,89.39393939393939,0.164144412427066,0.164144412427066,53.246753246753244,1.0,100.0,1.0,1.0,1.0,0.20346320346320346,0.0008197107519884406,0.23515314864504558,20.346320346320347,1.0,0.7,0.8852729722967568,636797821.2353305,636797821.2353306,-170468482.98253822,liquido,0.8568394674825741,12931658000.0,495236000.0,741646000.0,1711945000.0,10721337000.0,31296000.0,1497142000.0,424337750.5182001,635471563.7005812,9186464685.78122,1711945000.0,3376540000.0,-2285247000.0,1276666000.0,10569338000.0,2379939000.0,0.18403974184903435,127301325.15546003,203350900.384186,599180750.0,918646468.578122,4694400.0,269485560.0,0.009844161139697634,0.01572504472235393,0.04633441048317238,0.07103856818500164,0.0003630160958478796,0.02083921180099257,0.3194656089151468,-1.7900116396927623,False,True,1061329702.058884,939566499.9284996,1485861582.8824375,1315393099.8998992,1910393463.7059913,1691219699.8712993
26417,97.0,OLIVEIRA TRUST S.A.,financeiro,cvm,Intermediação Financeira,Categoria A,,consolidado,padrao,dre,26.614764971644306,0.10107047733620662,47238937.5,15.984481270936959,11.03896103896104,33067256.249999996,11.18913688965587,0.0,19.047619047619047,29869358.16716914,10.10704773362066,-3197898.0828308575,18.83116883116883,0.15984481270936962,0.15984481270936962,52.16450216450217,1.0,100.0,1.0,1.0,1.0,0.3203463203463203,0.0021059172675359185,0.35527397885617745,32.03463203463203,1.25,0.7,0.9032910968284266,14171681.250000002,14171681.250000004,-3197898.0828308575,liquido,1.0,295530000.0,0.0,0.0,103313000.0,0.0,4079000.0,0.0,0.0,0.0,0.0,103313000.0,175976000.0,-175976000.0,125861000.0,466685000.0,145805000.0,0.49336784759584473,0.0,0.0,45199437.5,0.0,2039500.0,0.0,0.0,0.0,0.1529436520826989,0.0,0.006901160626670727,0.0,0.37707661484727384,-1.3981773543830098,False,True,23619468.75,21335255.833692245,33067256.249999996,29869358.16716914,42515043.75,38403460.50064604
26760,98.0,TECIDOS E ARMARINHOS MIGUEL BARTOLOMEU S.A.,varejo,cvm,Comércio (Atacado e Varejo),Categoria A,,consolidado,padrao,dva,26.530039043887758,0.10075409859478511,913809607.4469109,18.221567533785436,71.21212121212122,575700052.6915538,11.479587546284824,91380960.74469106,75.54112554112554,505280696.15776277,10.07540985947851,-70419356.53379107,73.37662337662337,0.18221567533785435,0.18221567533785435,62.98701298701299,0.9,90.0,0.9,1.0,1.0,0.15584415584415584,0.00038378214047042587,0.1845365052563809,15.584415584415584,1.1,0.7,0.8776804757884571,246728594.01066598,338109554.755357,-70419356.53379107,liquido,0.9498800329643696,5014989000.0,279440000.0,510690000.0,233477000.0,3868233000.0,997000.0,814296000.0,265434476.41156346,485094234.0345739,3674357289.5538626,233477000.0,99848000.0,681102000.0,456614000.0,2920928000.0,275785000.0,0.054992144549070796,87593377.21581595,170753170.38017005,89888645.0,404179301.8509249,164505.0,161230608.0,0.01746631492428317,0.034048563292994265,0.01792399644346179,0.08059425491280738,3.280266417334116e-05,0.032149743100134416,0.0341836567008841,1.4916362617002545,False,True,411214323.3511099,360914782.9698306,575700052.6915538,505280696.15776277,740185782.0319979,649646609.3456951
8192,99.0,TREVISA INVESTIMENTOS S.A.,outros,padrao,Emp. Adm. Part. - Sem Setor Principal,Categoria A,BOLSA,consolidado,padrao,dva,26.515927312929353,0.10070140337151498,25128810.645528466,18.413971718617432,5.194805194805195,15831150.706682932,11.60080218272898,2512881.064552846,12.770562770562771,13742317.71249716,10.070140337151495,-2088832.9941857718,11.904761904761903,0.18413971718617433,0.18413971718617433,63.85281385281385,0.9,90.0,0.9,1.0,1.0,0.09740259740259741,0.00011809209263028535,0.1203701137976465,9.740259740259742,1.0,0.7,0.868055517069647,6784778.874292687,9297659.938845534,-2088832.9941857718,liquido,0.6359136650943803,136466000.0,20580000.0,0.0,42222000.0,95387000.0,1905000.0,408000.0,13087103.227642346,0.0,60657896.77235765,42222000.0,10877000.0,-5588000.0,37776000.0,208312000.0,24716000.0,0.1811147098911084,3926130.968292704,0.0,14777699.999999998,6065789.677235765,285750.0,73440.0,0.0287700303979944,0.0,0.10828851142409097,0.04444909118194836,0.0020939281579294474,0.0005381560242111588,0.0522149468105534,-0.14792460821685727,False,True,11307964.79048781,9815941.223212257,15831150.706682932,13742317.71249716,20354336.622878056,17668694.201782063
18627,100.0,CIA SANEAMENTO DO PARANA - SANEPAR,utilities,cvm,"Saneamento, Serv. Água e Gás",Categoria A,BOLSA,individual,padrao,dva,26.311903411054672,0.0999395489191153,985012226.7643471,14.383480241568606,72.72727272727273,689508558.7350429,10.068436169098023,0.0,80.3030303030303,684407917.7593149,9.99395489191153,-5100640.975728035,81.38528138528139,0.14383480241568602,0.14383480241568602,41.99134199134199,1.0,100.0,1.0,1.0,1.0,0.9458874458874459,0.11302427345426176,0.9506833196764032,94.58874458874459,0.9,0.7,0.9926024979514605,295503668.02930415,295503668.02930415,-5100640.975728035,liquido,0.6612326110366834,6848219000.0,1082608000.0,562354000.0,1536428000.0,2890386000.0,124439000.0,73183000.0,715855714.5692017,371846803.746923,1911217481.683875,1536428000.0,1800757000.0,4830578000.0,2936562000.0,20508000000.0,2775021000.0,0.40521791140148994,193281042.93368447,107091879.47911385,483974820.0,172009573.3515488,16799265.0,11855646.0,0.02822354876993339,0.01563791687723682,0.07067163301874546,0.025117417149122825,0.0024530852474198036,0.0017312013532277519,0.08780753852155257,1.6449773578763194,False,True,492506113.38217354,488862798.3995107,689508558.7350429,684407917.7593149,886511004.0879124,879953037.1191193
24260,101.0,SMARTFIT ESCOLA DE GINÁSTICA E DANÇA S.A.,industria,cvm,Brinquedos e Lazer,Categoria A,BOLSA,consolidado,padrao,dva,26.273064847627925,0.0997945201641528,828552409.2364589,14.847800572091751,68.61471861471861,579986686.4655212,10.393460400464226,0.0,76.19047619047619,556883760.0501025,9.979452016415278,-23102926.415418744,76.62337662337663,0.14847800572091752,0.14847800572091752,43.93939393939394,1.0,100.0,1.0,1.0,1.0,0.7121212121212122,0.034118561100520306,0.7344430259688716,71.21212121212122,1.0,0.7,0.9601664538953307,248565722.7709377,248565722.77093768,-23102926.415418744,liquido,0.7847767806299988,5580304000.0,575312000.0,450965000.0,924102000.0,3267414000.0,0.0,0.0,451491499.21780586,353906860.8768074,2564190639.905387,924102000.0,1490624000.0,4423990000.0,2675876000.0,18350302000.0,1375541000.0,0.24649929466208292,135447449.76534176,113250195.48057836,323435700.0,256419063.99053872,0.0,0.0,0.024272414149003666,0.02029462829992387,0.05796022940685668,0.045950733865133285,0.0,0.0,0.08123157864104907,1.6532866246417997,False,True,414276204.61822945,397774114.3215018,579986686.4655212,556883760.0501025,745697168.312813,715993405.7787033
4693,102.0,CONSERVAS ODERICH S.A.,industria,cvm,Alimentos,Categoria A,BOLSA,consolidado,padrao,dva,26.24635801501372,0.09969479302851003,191901480.89736116,26.179569574822125,31.601731601731604,79926966.79375091,10.903790727913416,77720099.76343128,32.467532467532465,73078277.1857584,9.969479302851,-6848689.607992515,32.03463203463203,0.2617956957482213,0.2617956957482213,88.09523809523809,0.595,59.5,1.0,0.7,0.85,0.3939393939393939,0.004611998555300894,0.42875436724917887,39.39393939393939,1.0,0.7,0.9143131550873769,34254414.34017897,111974514.10361025,-6848689.607992515,liquido,0.8363074055371835,733020000.0,44214000.0,101063000.0,109245000.0,522102000.0,4223000.0,395718000.0,36976495.62842103,84519735.32580438,436637769.0457746,109245000.0,101282000.0,224170000.0,67396000.0,1032741000.0,-19938000.0,-0.027199803552426946,11092948.688526308,27046315.304257404,38235750.0,43663776.904577464,633450.0,71229240.0,0.01513321422133954,0.03689710417759052,0.05216194646803634,0.05956696530050675,0.0008641646885487435,0.0971723008921994,0.09807105556959586,3.3261617900172116,False,True,57090690.56696494,52198769.41839886,79926966.79375091,73078277.1857584,102763243.0205369,93957784.95311795
25801,103.0,RODOBENS SA,industria,cvm,"Máquinas, Equipamentos, Veículos e Peças",Categoria A,,consolidado,padrao,dre,26.192595174694663,0.0994940348874571,940435364.0630978,17.327669760430535,72.07792207792207,592474279.3597516,10.916431949071235,94043536.40630977,76.40692640692642,539990144.1748589,9.94940348874571,-52484135.184892654,75.75757575757575,0.17327669760430534,0.17327669760430534,57.7922077922078,0.9,90.0,0.9,1.0,1.0,0.37445887445887444,0.0035259580230344307,0.40943557086721344,37.44588744588744,1.0,0.7,0.911415335630082,253917548.29703647,347961084.70334625,-52484135.184892654,liquido,0.9383037808022502,5427362000.0,629872000.0,375460000.0,310772000.0,4031800000.0,101563000.0,822708000.0,591011279.021475,352295537.54001284,3783053183.4385123,310772000.0,500277000.0,-411099000.0,445065000.0,7321301000.0,480163000.0,0.08847078930795477,177303383.70644248,112734572.0128041,108770200.0,378305318.34385127,15234450.0,148087440.0,0.03266842781197246,0.020771522521033994,0.020041080731301873,0.06970335097306045,0.0028069714163160664,0.027285344150620502,0.06833170771151192,-0.9236830575309225,False,True,423195913.82839406,385707245.83918506,592474279.3597516,539990144.1748589,761752644.8911093,694273042.5105331
1325,104.0,BCO MERCANTIL DO BRASIL S.A.,financeiro,cvm,Bancos,Categoria A,BOLSA,consolidado,financeiro,dre,26.07374562430942,0.09905023365488232,1044023937.5,15.8567014974519,73.80952380952381,730816756.25,11.099691048216329,0.0,81.38528138528139,652158426.3113165,9.905023365488232,-78658329.93868351,80.08658008658008,0.15856701497451897,0.15856701497451897,51.298701298701296,1.0,100.0,1.0,1.0,1.0,0.24891774891774893,0.0012923450345143546,0.28246190064297694,24.891774891774894,1.25,0.7,0.8923692850964465,313207181.25000006,313207181.25,-78658329.93868351,liquido,1.0,6584118000.0,994009000.0,,588519000.0,,827587000.0,,994009000.0,0.0,0.0,588519000.0,3934842000.0,-3934842000.0,730060000.0,25479109000.0,1659290000.0,0.25201401311458876,372753375.0,0.0,257477062.5,0.0,413793500.0,0.0,0.05661401800514511,0.0,0.03910577886058542,0.0,0.06284721810878845,0.0,0.15443405026447354,,False,True,522011968.75,465827447.3652261,730816756.25,652158426.3113165,939621543.75,838489405.257407
26980,105.0,BORRACHAS VIPAL S.A.,commodities,cvm,Petroquímicos e Borracha,Categoria A,BALCÃO ORGANIZADO,consolidado,padrao,dva,25.958965302322518,0.09862162750359274,409051632.91551507,15.38217753739165,52.5974025974026,286336143.04086053,10.767524276174155,0.0,62.98701298701299,262260253.2903215,9.862162750359273,-24075889.750539035,61.904761904761905,0.1538217753739165,0.1538217753739165,48.05194805194805,1.0,100.0,1.0,1.0,1.0,0.40476190476190477,0.005106364986152467,0.4394492781606137,40.476190476190474,0.75,0.7,0.915917391724092,122715489.87465453,122715489.87465453,-24075889.750539035,liquido,0.8322621272410643,2659257000.0,263412000.0,275330000.0,379308000.0,1722572000.0,6521000.0,717821000.0,219227831.46082324,229146731.49328223,1433631437.0458946,379308000.0,521165000.0,942733000.0,488567000.0,3074555000.0,258786000.0,0.09731515231510154,49326262.078685224,54995215.558387734,99568349.99999999,107522357.77844211,733612.4999999999,96905835.0,0.018548888685330236,0.02068066966012978,0.037442168996828805,0.040433232958846065,0.00027587123019700617,0.0364409438425846,0.16950908342833354,1.9295879582534228,False,True,204525816.45775753,187328752.35022965,286336143.04086053,262260253.2903215,368146469.6239636,337191754.23041344
24317,106.0,ZAMP SA,industria,cvm,Alimentos,Categoria B,BOLSA,consolidado,padrao,dva,25.852917537310695,0.09822562996997572,1245999857.8490207,27.346387419980438,76.62337662337663,457904947.759515,10.04979737684281,591849932.478285,71.86147186147186,447551331.3699986,9.822562996997572,-10353616.389516413,72.2943722943723,0.2734638741998044,0.2734638741998044,90.6926406926407,0.5249999999999999,52.49999999999999,0.75,0.7,1.0,0.8354978354978355,0.0693676103096001,0.8492610538471552,83.54978354978356,1.0,0.7,0.9773891580770733,196244977.61122075,788094910.0895057,-10353616.389516413,liquido,0.7981736466439837,4556360000.0,394558000.0,2599536000.0,926785000.0,1597898000.0,0.0,198030000.0,314925797.67255694,2074881128.7023149,1275400073.6251283,926785000.0,48259000.0,1250418000.0,448039000.0,4677970000.0,312797000.0,0.06865063340034588,94477739.30176708,663961961.1847408,324374750.0,127540007.36251283,0.0,35645400.0,0.020735354384150306,0.14572201520177086,0.07119164201248365,0.027991644067306545,0.0,0.007823218534093004,0.010316226910390618,2.790868652059307,False,True,327074962.6853679,319679522.40714186,457904947.759515,447551331.3699986,588734932.8336622,575423140.3328553
24783,107.0,NATURA &CO HOLDING S.A.,saude_educacao,cvm,Farmacêutico e Higiene,Categoria A,BOLSA,consolidado,padrao,dva,25.783582390250317,0.09796672260662091,6447436530.230113,26.764171805756966,94.37229437229438,2416821583.3567576,10.032549801387997,2994834268.2918878,93.29004329004329,2359999146.1158667,9.79667226066209,-56822437.24089098,93.72294372294373,0.26764171805756964,0.26764171805756964,89.82683982683982,0.5355,53.55,0.9,0.7,0.85,0.829004329004329,0.06721170843851375,0.8432584966630168,82.90043290043289,1.05,0.7,0.9764887744994525,1035780678.5814677,4030614946.8733554,-56822437.24089098,liquido,0.8337932215804201,24089804000.0,3358347000.0,9968893000.0,3606660000.0,8372597000.0,480182000.0,3378152000.0,2800166964.314939,8311995410.060499,6981014625.624561,3606660000.0,2641683000.0,4201002000.0,1876881000.0,37133423000.0,-2553253000.0,-0.10598894868551027,882052593.7592058,2792830457.780328,1325447550.0,733006535.690579,75628665.0,638470728.0,0.03661518349253509,0.11593412955042424,0.055021101458525776,0.030428082174955802,0.0031394470872407264,0.026503774293887988,0.07114030397897872,2.238288948526838,False,True,1726301130.9691126,1685713675.7970476,2416821583.3567576,2359999146.1158667,3107342035.744403,3034284616.4346857
17671,108.0,TELEFÔNICA BRASIL S.A,utilities,cvm,Telecomunicações,Categoria A,BOLSA,consolidado,padrao,dva,25.763234531089868,0.09789074078804108,8842828866.118092,15.834580115533416,96.75324675324676,5570982185.654398,9.975785472786052,884282886.611809,96.53679653679653,5466713118.063712,9.789074078804108,-104269067.59068584,96.75324675324676,0.15834580115533417,0.15834580115533417,50.86580086580087,0.9,90.0,0.9,1.0,1.0,0.8636363636363636,0.07725530180232021,0.8752235971852079,86.36363636363636,0.9,0.7,0.9812835395777812,2387563793.8518853,3271846680.4636936,-104269067.59068584,liquido,0.8619946748720416,55845048000.0,3205014000.0,12953799000.0,6556767000.0,31352158000.0,1523263000.0,1097238000.0,2762705000.8903418,11166105757.362778,27025393241.74688,6556767000.0,6691098000.0,14055432000.0,22875797000.0,124940673000.0,19876568000.0,0.35592355476174004,745930350.2403923,3215838458.1204805,2065381605.0,2432285391.7572193,205640505.0,177752556.0,0.013357144043289072,0.057585024514984394,0.03698414951671274,0.04355418213190934,0.0036823409123043463,0.003182960036134269,0.05355420168098502,0.6144237072920344,False,True,3979272989.7531414,3904795084.3312225,5570982185.654398,5466713118.063712,7162691381.555655,7028631151.796201
18708,109.0,CIA PARTICIPACOES ALIANCA DA BAHIA,outros,padrao,Emp. Adm. Part. - Sem Setor Principal,Categoria A,BOLSA,consolidado,padrao,dva,25.72611790909742,0.097752142008863,30547246.89127362,34.846623270372135,6.0606060606060606,9542196.247661596,10.885213944082494,16915537.966042772,8.225108225108226,8569148.27278095,9.775214200886301,-973047.9748806469,7.792207792207792,0.3484662327037213,0.3484662327037213,95.45454545454545,0.4462499999999999,44.62499999999999,0.75,0.7,0.85,0.2857142857142857,0.0016971952541152873,0.3201788843114595,28.57142857142857,1.0,0.7,0.8980268326467189,4089512.677569256,21005050.643612027,-973047.9748806469,liquido,0.6168259931557805,87662000.0,76797000.0,135000.0,41205000.0,30604000.0,0.0,0.0,47370385.79638447,83271.50907603036,18877342.694539506,41205000.0,3712000.0,109613000.0,43136000.0,1239221000.0,-20323000.0,-0.23183363372955215,14211115.738915341,26646.882904329716,14421750.0,1887734.2694539507,0.0,0.0,0.1621126113813892,0.0003039730202862097,0.16451541146677007,0.02153423683527584,0.0,0.0,0.002995430193645847,2.541102559347181,False,True,6815854.462615426,6120820.194843535,9542196.247661596,8569148.27278095,12268538.032707766,11017476.350718362
21067,110.0,MOURA DUBEUX ENGENHARIA S/A,construcao,cvm,"Construção Civil, Mat. Constr. e Decoração",Categoria A,BOLSA,consolidado,padrao,dva,25.646555564143508,0.09745504482471183,278168269.34099126,17.717453321795798,42.64069264069264,175246009.6848245,11.161995592731353,27816826.93409912,51.515151515151516,153006759.29587337,9.745504482471183,-22239250.388951123,50.21645021645021,0.17717453321795798,0.17717453321795798,59.95670995670995,0.9,90.0,0.9,1.0,1.0,0.1277056277056277,0.0002195667534278377,0.15397977091564677,12.770562770562771,0.85,0.7,0.873096965637347,75105432.72206765,102922259.65616676,-22239250.388951123,liquido,0.8193817701780974,1570024000.0,101506000.0,144378000.0,232870000.0,1043410000.0,0.0,541385000.0,83172165.96369796,118300701.21477336,854951132.8215287,232870000.0,331069000.0,180343000.0,258476000.0,4148169000.0,6536000.0,0.004162993686720713,21208902.32074298,32177790.730418354,69278825.0,72670846.28982994,0.0,82831905.0,0.013508648479732144,0.020495094807734374,0.04412596559033492,0.04628645567827622,0.0,0.05275836866188032,0.07981087559354501,0.6977166158560176,False,True,125175721.20344608,109290542.35419528,175246009.6848245,153006759.29587337,225316298.16620293,196722976.2375515
21156,111.0,J. MACEDO S.A.,industria,cvm,Alimentos,Categoria B,BALCÃO ORGANIZADO,consolidado,padrao,dva,25.48840771595642,0.09686449812321425,494337840.0782684,15.921118717694998,57.14285714285714,346036488.0547879,11.1447831023865,0.0,67.53246753246754,300756420.64823234,9.686449812321428,-45280067.40655553,65.80086580086581,0.15921118717695,0.15921118717695,51.73160173160173,1.0,100.0,1.0,1.0,1.0,0.1038961038961039,0.00016491322602399318,0.1276436836455555,10.38961038961039,1.0,0.7,0.8691465525468333,148301352.02348053,148301352.02348053,-45280067.40655553,liquido,0.8928025390616907,3104919000.0,121053000.0,444828000.0,284592000.0,2088958000.0,75000.0,270599000.0,108076425.76103485,397143567.84573376,1865027006.3932314,284592000.0,362991000.0,322249000.0,518653000.0,2390348000.0,438562000.0,0.1412474850390622,32422927.72831045,127085941.71063481,99607200.0,186502700.63932315,11250.0,48707820.0,0.010442439151652733,0.0409305175789239,0.032080450407885035,0.06006684897072134,3.6232829262212634e-06,0.015687307784840763,0.15185696810673593,0.6213190707467228,False,True,247168920.0391342,214826014.7487374,346036488.0547879,300756420.64823234,444904056.0704416,386686826.54772735
26204,112.0,BLUEFIT ACADEMIAS DE GINÁSTICA E PARTICIPAÇÕES S.A.,industria,cvm,Brinquedos e Lazer,Categoria A,BALCÃO ORGANIZADO,consolidado,padrao,dva,25.46096016057328,0.09676200502272948,60346953.40692359,14.89073899964803,13.852813852813853,42242867.38484651,10.423517299753621,0.0,22.943722943722943,39214253.96553645,9.676200502272945,-3028613.4193100557,22.51082251082251,0.14890738999648032,0.14890738999648032,44.37229437229438,1.0,100.0,1.0,1.0,1.0,0.48917748917748916,0.010042149295400263,0.5220315906875069,48.917748917748916,1.0,0.7,0.928304738603126,18104086.02207708,18104086.022077084,-3028613.4193100557,liquido,0.6672455861826474,405265000.0,65525000.0,0.0,93690000.0,216034000.0,162000.0,0.0,43721267.03461797,0.0,144147732.96538204,93690000.0,238788000.0,-138888000.0,162812000.0,1286617000.0,147566000.0,0.36412224100280066,13116380.11038539,0.0,32791499.999999996,14414773.296538204,24300.0,0.0,0.03236494666547911,0.0,0.08091372311944035,0.03556875944514874,5.996076641210072e-05,0.0,0.185593692606269,-0.8530575141881434,False,True,30173476.703461796,28010181.403954614,42242867.38484651,39214253.96553645,54312258.066231236,50418326.52711831
8818,113.0,MINASMAQUINAS S.A.,industria,cvm,"Máquinas, Equipamentos, Veículos e Peças",Categoria A,,individual,padrao,dva,25.384913324801882,0.09647803525305548,195206627.45480955,14.867233520726941,32.25108225108225,136644639.21836668,10.40706346450886,0.0,45.887445887445885,126675563.8092266,9.647803525305548,-9969075.40914008,45.45454545454545,0.1486723352072694,0.1486723352072694,44.15584415584416,1.0,100.0,1.0,1.0,1.0,0.4805194805194805,0.00961325124373368,0.5136252464219068,48.05194805194805,1.0,0.7,0.927043786963286,58561988.23644287,58561988.236442864,-9969075.40914008,liquido,0.9551600367743116,1312999000.0,55105000.0,54277000.0,59552000.0,1218719000.0,0.0,142090000.0,52634093.82644844,51843221.315999314,1164071684.8575523,59552000.0,65206000.0,-35286000.0,63073000.0,524630000.0,246937000.0,0.18807097339754258,15790228.147934532,16589830.821119782,20843200.0,116407168.48575523,0.0,25576200.0,0.012026077817221896,0.012635067369525629,0.015874498000379284,0.08865746926368964,0.0,0.019479222756452974,0.12428949926614948,-0.5594469899957193,False,True,97603313.72740477,90482545.57801901,136644639.21836668,126675563.8092266,175685964.7093286,162868582.0404342
16632,114.0,DEXXOS PARTICIPAÇÕES S.A.,outros,padrao,Emp. Adm. Part. - Sem Setor Principal,Categoria A,BOLSA,consolidado,padrao,dva,25.347359279367822,0.09633780307213614,288377288.9059238,15.928979487665327,44.37229437229438,201864102.23414662,11.150285641365725,0.0,55.41125541125541,174409380.65497681,9.633780307213613,-27454721.57916981,53.67965367965368,0.15928979487665326,0.15928979487665326,51.94805194805194,1.0,100.0,1.0,1.0,1.0,0.0735930735930736,4.7651922613791445e-05,0.09329358133144898,7.35930735930736,1.0,0.7,0.8639940371997173,86513186.67177714,86513186.67177716,-27454721.57916981,liquido,0.9312178203099405,1810394000.0,67919000.0,126611000.0,113792000.0,1459852000.0,1268000.0,309516000.0,63247383.13763085,117902419.44726187,1359440197.4151073,113792000.0,341761000.0,-62642000.0,262385000.0,1557125000.0,75254000.0,0.04156774713128744,18974214.941289254,37728774.2231238,39827200.0,135944019.74151072,190200.0,55712880.0,0.010480710243896773,0.020840090180990326,0.021999189126786764,0.07509084748486282,0.00010506000351304744,0.030773897836603524,0.21948205828048487,-0.23874078167578178,False,True,144188644.4529619,124578129.03926918,201864102.23414662,174409380.65497681,259539560.01533142,224240632.2706845
26166,115.0,GRUPO FARTURA DE HORTIFRUT S.A.,varejo,cvm,Comércio (Atacado e Varejo),Categoria A,,consolidado,padrao,dva,25.111282898469828,0.09545626007525722,635695921.1565459,21.896462896212302,62.33766233766234,311491001.36670744,10.729266819144026,190708776.3469638,65.36796536796537,277127659.6878859,9.545626007525717,-34363341.67882156,64.28571428571429,0.21896462896212304,0.21896462896212304,75.10822510822511,0.7,70.0,1.0,0.7,1.0,0.23160173160173161,0.0011501133133696685,0.2645407298434975,23.160173160173162,1.1,0.7,0.8896811094765246,133496143.44287466,324204919.78983843,-34363341.67882156,liquido,0.8405322311433965,2903190000.0,195385000.0,750160000.0,423245000.0,1708565000.0,21000.0,195095000.0,164227389.98195252,630533658.5145303,1436103951.5035172,423245000.0,241419000.0,1190323000.0,351500000.0,2444107000.0,211017000.0,0.07268452977586723,54195038.69404434,221947847.7971147,162949325.0,157971434.66538692,3465.0,38628810.0,0.01866741022600806,0.07644964600908473,0.0561276819636331,0.05441305414574551,1.1935147200148804e-06,0.013305643102931603,0.09877595375325221,3.3864096728307254,False,True,222493572.40479106,197948328.34848997,311491001.36670744,277127659.6878859,400488430.3286239,356306991.02728194
12696,116.0,SANSUY S.A. INDUSTRIA DE PLASTICOS,commodities,cvm,Petroquímicos e Borracha,Categoria A,BOLSA,consolidado,padrao,dre,25.01436079466932,0.09509433906679754,162168153.24786374,17.16392045552208,28.13852813852814,102165936.54615416,10.813269886978912,16216815.32478637,38.52813852813853,89847033.43709166,9.509433906679755,-12318903.109062493,36.58008658008658,0.1716392045552208,0.1716392045552208,56.709956709956714,0.9,90.0,0.9,1.0,1.0,0.16666666666666666,0.00046664876515882753,0.1961506593738088,16.666666666666664,0.75,0.7,0.8794225989060713,43785401.37692322,60002216.70170958,-12318903.109062493,liquido,0.7292271048399932,944820000.0,83013000.0,132403000.0,246689000.0,695639000.0,0.0,167211000.0,60535329.65408236,96551856.36212961,507278813.983788,246689000.0,21893000.0,184154000.0,314431000.0,551164000.0,27050000.0,0.028629791918037297,13620449.172168529,23172445.526911106,64755862.49999999,38045911.04878411,0.0,22573485.0,0.014415919616613248,0.024525777954436934,0.0685377770368959,0.04026789340698134,0.0,0.023891836540293393,0.039721389640832855,0.5856738044276805,False,True,72975668.96153869,64176452.455065474,102165936.54615416,89847033.43709166,131356204.13076964,115517614.41911785
22012,117.0,"MILLS LOCAÇÃO, SERVIÇOS E LOGÍSTICA S.A.",outros,padrao,Serviços Transporte e Logística,Categoria A,BOLSA,consolidado,padrao,dre,25.01152952631147,0.09508376670549798,267950238.5253108,17.00833998402384,41.125541125541126,159430391.92255992,10.119962290494184,40192535.77879663,49.35064935064935,149795441.48667502,9.508376670549797,-9634950.435884893,49.56709956709957,0.17008339984023843,0.17008339984023843,56.060606060606055,0.85,85.0,1.0,1.0,0.85,0.5670995670995671,0.016044275327241016,0.5971094210374955,56.709956709956714,1.0,0.7,0.9395664131556243,68327310.82395427,108519846.6027509,-9634950.435884893,liquido,0.7209873888412083,1575405000.0,453279000.0,0.0,293235000.0,597695000.0,25382000.0,113195000.0,326808442.6265541,0.0,430930557.373446,293235000.0,542463000.0,1352916000.0,741580000.0,3869243000.0,-57447000.0,-0.036464909023393985,98042532.78796622,0.0,102632250.0,43093055.7373446,3807300.0,20375100.0,0.06223322433784723,0.0,0.06514658135527054,0.027353636517177867,0.0024167118931322424,0.012933245736810534,0.14019874171769517,1.8243695892553737,False,True,113878851.3732571,106996743.91905361,159430391.92255992,149795441.48667502,204981932.4718628,192594139.05429652
1171,118.0,BCO ESTADO DO PARA S.A.,financeiro,cvm,Bancos,Categoria A,BOLSA,individual,financeiro,dre,24.966999220942277,0.0949174841714394,718776375.0,20.02242359514599,64.93506493506493,377357596.875,10.511772387451646,179694093.75,69.26406926406926,340740194.97523093,9.49174841714394,-36617401.89976907,68.61471861471861,0.2002242359514599,0.2002242359514599,70.34632034632034,0.75,75.0,0.75,1.0,1.0,0.3181818181818182,0.0021013475724763514,0.3530910343750389,31.818181818181817,1.25,0.7,0.9029636551562559,161724684.37500003,341418778.125,-36617401.89976907,liquido,1.0,3589857000.0,562786000.0,,710382000.0,,393879000.0,,562786000.0,0.0,0.0,710382000.0,220764000.0,-220764000.0,673362000.0,17964377000.0,252336000.0,0.07029137929449557,211044750.0,0.0,310792125.0,0.0,196939500.0,0.0,0.058789180181828965,0.0,0.08657507109614673,0.0,0.054859984673484206,0.0,0.012288987255166155,,False,True,269541140.625,243385853.55373636,377357596.875,340740194.97523093,485174053.125,438094536.3967255
14451,119.0,COMPANHIA ENERGÉTICA DE BRASÍLIA - CEB,utilities,cvm,Energia Elétrica,Categoria A,BOLSA,consolidado,padrao,dva,24.910321425316884,0.0947058411700428,50789016.42857143,14.495864767879416,11.904761904761903,35552311.5,10.14710533751559,0.0,19.913419913419915,33181990.86490673,9.47058411700428,-2370320.6350932717,20.346320346320347,0.14495864767879416,0.14495864767879416,42.42424242424242,1.0,100.0,1.0,1.0,1.0,0.5238095238095238,0.012906563207242162,0.5555243273763377,52.38095238095239,0.9,0.7,0.9333286491064506,15236704.928571433,15236704.928571433,-2370320.6350932717,liquido,0.7564763279048994,350369000.0,75537000.0,0.0,56704000.0,157311000.0,14005000.0,30235000.0,57141952.38095239,0.0,119002047.61904763,56704000.0,708612000.0,-708612000.0,229344000.0,1484640000.0,236752000.0,0.6757218817874869,15428327.142857146,0.0,17861760.0,10710184.285714287,1890675.0000000002,4898070.0,0.04403450973932381,0.0,0.05097985266961404,0.03056829880986699,0.0053962393933253226,0.013979747066664003,0.477295505981248,-3.0897341984093765,False,True,25394508.214285716,23701422.046361953,35552311.5,33181990.86490673,45710114.78571429,42662559.68345151
13765,120.0,MINUPAR PARTICIPACOES S.A.,industria,cvm,Emp. Adm. Part. - Alimentos,Categoria A,BOLSA,consolidado,padrao,dva,24.665391353980684,0.09379123722580164,72468768.33621944,20.42017998247882,16.883116883116884,38046103.37651521,10.720594490801382,18117192.08405486,21.428571428571427,33285384.596590307,9.379123722580168,-4760718.779924903,20.562770562770563,0.2042017998247882,0.2042017998247882,71.86147186147186,0.75,75.0,0.75,1.0,1.0,0.13852813852813853,0.0003082633785239624,0.16579827149682788,13.852813852813853,1.0,0.7,0.8748697407245242,16305472.875649378,34422664.959704235,-4760718.779924903,liquido,0.5289032462775994,354888000.0,18997000.0,16128000.0,139561000.0,261122000.0,95000.0,22519000.0,10047574.969535556,8530151.555965124,138108273.47449932,139561000.0,379000.0,-379000.0,54483000.0,375004000.0,33112000.0,0.09330267577376525,3014272.4908606666,2729648.4979088395,48846350.0,13810827.347449932,14250.0,4053420.0,0.008493588092188708,0.007691577336818489,0.13763877617727283,0.03891601673612501,4.015351322107256e-05,0.011421687969162101,0.0010106558863372125,-0.006956298294880972,False,True,27175788.126082294,23775274.71185022,38046103.37651521,33285384.596590307,48916418.62694813,42795494.481330395
21610,121.0,"B3 S.A. - BRASIL, BOLSA, BALCÃO",financeiro,cvm,Bolsas de Valores/Mercadorias e Futuros,Categoria A,BOLSA,consolidado,padrao,dva,24.587223278182517,0.09349934644224565,1575169457.508022,14.89840623600076,80.73593073593074,992356758.2300538,9.385995928680478,157516945.75080216,84.63203463203463,988544093.1050951,9.349934644224563,-3812665.1249586344,84.84848484848484,0.1489840623600076,0.1489840623600076,44.58874458874459,0.9,90.0,0.9,1.0,1.0,0.9718614718614719,0.1279084920355039,0.9743864620370419,97.18614718614718,1.25,0.7,0.9961579693055562,425295753.527166,582812699.2779683,-3812665.1249586344,liquido,0.6888058945952517,10572738000.0,3395387000.0,0.0,1386263000.0,1059270000.0,879000.0,0.0,2338762580.032088,0.0,729631419.9679122,1386263000.0,1636275000.0,11592544000.0,6617651000.0,45228850000.0,9297325000.0,0.8793677664196351,877035967.512033,0.0,606490062.5,91203927.49598902,439500.0,0.0,0.08295258688071462,0.0,0.05736357625621669,0.008626330047712242,4.156917536403531e-05,0.0,0.03617768304964641,1.751761161173353,False,True,708826255.8786099,706102923.6464967,992356758.2300538,988544093.1050951,1275887260.581498,1270985262.563694
3069,122.0,CIA FERRO LIGAS DA BAHIA - FERBASA,commodities,cvm,Metalurgia e Siderurgia,Categoria A,BOLSA,consolidado,padrao,dva,24.58608555306093,0.09349509801379426,337981826.492223,15.11070872552752,46.75324675324675,236587278.5445561,10.577496107869262,0.0,59.09090909090909,209120859.7078457,9.349509801379426,-27466418.836710423,57.7922077922078,0.15110708725527516,0.15110708725527516,46.53679653679654,1.0,100.0,1.0,1.0,1.0,0.19480519480519481,0.0006592249560152056,0.2260384411289549,19.480519480519483,0.75,0.7,0.8839057661693432,101394547.94766693,101394547.94766691,-27466418.836710423,liquido,0.7756222354096954,2236704000.0,218223000.0,21547000.0,449938000.0,1765500000.0,0.0,556125000.0,169258611.07780996,16712332.306372708,1369361056.6158173,449938000.0,464086000.0,-43530000.0,425275000.0,4387880000.0,357120000.0,0.1596635048714537,38083187.492507234,4010959.75352945,118108724.99999999,102702079.24618632,0.0,75076875.0,0.017026476231323962,0.0017932456657337983,0.05280480787802051,0.04591670567325239,0.0,0.033565851806944505,0.1057654265841363,-0.1023572982187996,False,True,168990913.2461115,149372042.64846122,236587278.5445561,209120859.7078457,304183643.8430007,268869676.76723015
22349,123.0,AZZAS 2154 S.A.,industria,cvm,Têxtil e Vestuário,Categoria A,BOLSA,consolidado,padrao,dva,24.55640637983916,0.0933842717328792,2201686479.951437,26.273882773769547,85.28138528138528,809119781.3821529,9.655651919360308,1045801077.9769328,82.25108225108225,782537131.2064099,9.338427173287924,-26582650.175742984,82.90043290043289,0.26273882773769547,0.26273882773769547,88.31168831168831,0.5249999999999999,52.49999999999999,0.75,0.7,1.0,0.7619047619047619,0.04905552119195899,0.7809747432752655,76.19047619047619,1.0,0.7,0.9671462114912899,346765620.5923513,1392566698.569284,-26582650.175742984,liquido,0.8320961694852922,8379753000.0,1048954000.0,2834836000.0,1309395000.0,3914692000.0,10589000.0,2218815000.0,872830605.3662752,2358856176.719008,3257400217.9147177,1309395000.0,181160000.0,2473571000.0,798494000.0,15253545000.0,363955000.0,0.043432664423402455,261849181.60988253,754833976.5500826,458288250.0,325740021.7914718,1588350.0,399386700.0,0.031247840074747138,0.0900783085790336,0.0546899473051294,0.03887227007663255,0.00018954615965410912,0.04766091554249868,0.011876583443389717,3.0977953497458968,False,True,577942700.9872521,558955093.7188642,809119781.3821529,782537131.2064099,1040296861.7770538,1006119168.6939557
21199,124.0,BCO PAN S.A.,financeiro,cvm,Bancos,Categoria A,BOLSA,consolidado,financeiro,dre,24.506441031510693,0.09319769397047015,2570116437.5,19.645397811601832,86.7965367965368,1349311129.6875,10.313833851090962,642529109.375,88.52813852813853,1219262279.6833527,9.319769397047017,-130048850.00414729,87.87878787878788,0.19645397811601834,0.19645397811601834,69.26406926406926,0.75,75.0,0.75,1.0,1.0,0.3225108225108225,0.0022359307203256304,0.35745558286339996,32.25108225108225,1.25,0.7,0.9036183374295099,578276198.4375001,1220805307.8125,-130048850.00414729,liquido,1.0,13082537000.0,2791250000.0,,822597000.0,,2327023000.0,,2791250000.0,0.0,0.0,822597000.0,5749000.0,-5749000.0,526151000.0,64497705000.0,-689254000.0,-0.052685041135369995,1046718750.0,0.0,359886187.5,0.0,1163511500.0,0.0,0.08000885072979347,0.0,0.027508898885590768,0.0,0.0889362285006341,0.0,8.913495449179161e-05,,False,True,963793664.0625,870901628.3452518,1349311129.6875,1219262279.6833527,1734828595.3125,1567622931.0214534
5770,125.0,EUCATEX S.A. INDUSTRIA E COMERCIO,construcao,cvm,"Construção Civil, Mat. Constr. e Decoração",Categoria A,BOLSA,consolidado,padrao,dva,24.450144240362892,0.09298747369432765,475015908.2586596,16.62168144402441,56.27705627705628,299260022.20295554,10.47165930973538,47501590.82586595,63.85281385281385,265740439.21091282,9.298747369432766,-33519582.99204272,62.55411255411255,0.1662168144402441,0.1662168144402441,53.46320346320347,0.9,90.0,0.9,1.0,1.0,0.22077922077922077,0.00092011891818072,0.25327852023593433,22.07792207792208,0.85,0.7,0.8879917780353901,128254295.22983812,175755886.05570406,-33519582.99204272,liquido,0.8405300492427143,2857809000.0,116375000.0,435271000.0,393439000.0,1915521000.0,4516000.0,627979000.0,97816684.48062088,365858355.0639255,1610052960.4554534,393439000.0,246225000.0,559483000.0,578337000.0,4569192000.0,444228000.0,0.15544355833437434,24943254.542558324,99513472.57738775,117048102.5,136854501.63871354,575790.0,96080787.0,0.00872810413241694,0.03482159674680419,0.04095728668360971,0.047887910507214984,0.0002014795250487349,0.03362043684514955,0.05388808349484985,0.9673996303193467,False,True,213757158.71639684,189814599.43636632,299260022.20295554,265740439.21091282,384762885.68951434,341666278.9854594
1120,126.0,BCO ESTADO DE SERGIPE S.A. - BANESE,financeiro,cvm,Bancos,Categoria A,BOLSA,individual,financeiro,dva,24.373979493954202,0.09270306362945693,212818062.5,14.936581939639716,34.63203463203463,148972643.75,10.4556073577478,0.0,47.61904761904761,132084344.79295018,9.270306362945695,-16888298.957049817,46.53679653679654,0.14936581939639712,0.14936581939639712,44.8051948051948,1.0,100.0,1.0,1.0,1.0,0.21212121212121213,0.0008760562645127363,0.24423265319364773,21.21212121212121,1.25,0.7,0.8866348979790472,63845418.75000001,63845418.75,-16888298.957049817,liquido,1.0,1424811000.0,205745000.0,,253221000.0,,49759000.0,,205745000.0,0.0,0.0,253221000.0,6203696000.0,-6203696000.0,218457000.0,11725046000.0,1460516000.0,1.0250594640271586,77154375.0,0.0,110784187.5,0.0,24879500.0,0.0,0.05415060313262601,0.0,0.07775360205669384,0.0,0.01746161420707729,0.0,0.5290977962900956,,False,True,106409031.25,94345960.56639299,148972643.75,132084344.79295018,191536256.25,169822729.01950738
25429,127.0,FARMÁCIA E DROGARIA NISSEI S.A.,varejo,cvm,Comércio (Atacado e Varejo),Categoria A,,consolidado,padrao,dva,24.32480294111448,0.09251943134230647,678999088.7247493,22.546281825074132,64.06926406926407,299438598.12761444,9.942910284857692,251229662.82815725,64.06926406926407,278629576.52243197,9.251943134230647,-20809021.60518247,64.5021645021645,0.22546281825074133,0.22546281825074133,77.7056277056277,0.63,63.0,0.9,0.7,1.0,0.5043290043290043,0.010668948544916235,0.5367103253599458,50.43290043290043,1.1,0.7,0.9305065488039919,128330827.76897764,379560490.5971349,-20809021.60518247,liquido,0.8561596176958937,3011579000.0,100322000.0,702694000.0,411583000.0,2058371000.0,4713000.0,433312000.0,85891645.16648744,601618226.3971983,1762294128.4363143,411583000.0,127426000.0,825324000.0,251766000.0,1941091000.0,80298000.0,0.026663089362756215,28344242.90494086,211769615.69181383,158459455.0,193852354.1279946,777645.0,85795776.0,0.009411754732298525,0.07031846605777695,0.05261673527408711,0.06436900845968,0.000258218363190871,0.028488635363707875,0.06564658740883349,3.278139224518005,False,True,213884712.94829604,199021126.08745143,299438598.12761444,278629576.52243197,384992483.30693287,358238026.95741254
26646,128.0,CANTU STORE S.A.,varejo,cvm,Emp. Adm. Part. - Comércio (Atacado e Varejo),Categoria A,,consolidado,padrao,dva,24.253600465369026,0.09225355110636295,629115429.161728,24.19155539548543,62.121212121212125,262026576.2458597,10.075782822219683,254791748.81049988,60.82251082251082,239910710.35806102,9.225355110636295,-22115865.887798697,60.60606060606061,0.24191555395485434,0.24191555395485434,82.46753246753246,0.595,59.5,1.0,0.7,0.85,0.4025974025974026,0.004826391756990262,0.43731239773054253,40.25974025974026,1.1,0.7,0.9155968596595814,112297104.10536847,367088852.9158683,-22115865.887798697,liquido,0.9219884330314179,2600558000.0,358776000.0,352426000.0,180519000.0,1602801000.0,8009000.0,869717000.0,330787322.04928,324932695.4995305,1477763982.4511895,180519000.0,456459000.0,777999000.0,350546000.0,2990267000.0,-181167000.0,-0.06966466427589771,109159816.2762624,114376308.81583475,69499815.0,162554038.06963086,1321485.0,172203966.0,0.04197553612580931,0.04398144891051641,0.02672496248881971,0.06250736882993223,0.000508154403785649,0.06621808319599101,0.1526482417790786,2.2193920341410256,False,True,187161840.1756141,171364793.11290073,262026576.2458597,239910710.35806102,336891312.31610537,308456627.6032213
26247,129.0,WILSON SONS S.A.,outros,padrao,Emp. Adm. Part. - Serviços Transporte e Logística,Categoria A,,consolidado,padrao,dva,24.232318909085517,0.09217408272908163,464788578.2973326,15.88534716035034,55.41125541125541,292816804.3273195,10.007768711020713,46478857.829733245,63.41991341991342,269691687.7866064,9.217408272908166,-23125116.54071313,63.20346320346321,0.15885347160350338,0.15885347160350338,51.515151515151516,0.9,90.0,0.9,1.0,1.0,0.4393939393939394,0.006100762369736423,0.4735020622914072,43.93939393939394,1.0,0.7,0.9210253093437111,125492916.14027981,171971773.97001308,-23125116.54071313,liquido,0.6778500085727653,2925895000.0,501835000.0,21161000.0,665136000.0,1541682000.0,843000.0,115116000.0,340168859.0521137,14343984.031408288,1045029156.916478,665136000.0,492387000.0,2321701000.0,1257895000.0,6705539000.0,1048968000.0,0.3585118399669161,102050657.71563411,4590074.890050652,232797600.0,104502915.69164781,126450.0,20720880.0,0.03487844154203555,0.0015687763539192802,0.0795645776762324,0.03571656388614349,4.3217545400638094e-05,0.007081894599772036,0.07342989131820724,1.845703337718967,False,True,209154860.23379967,192636919.847576,292816804.3273195,269691687.7866064,376478748.4208394,346746455.72563684
27391,130.0,BRZ EMPREENDIMENTOS E CONSTRUÇÕES S.A.,construcao,cvm,"Construção Civil, Mat. Constr. e Decoração",Categoria A,,consolidado,padrao,dre,24.219048013646898,0.09212452730599473,154364498.5207317,14.676723915320517,27.92207792207792,108055148.96451217,10.27370674072436,0.0,40.692640692640694,96893261.33746222,9.212452730599471,-11161887.627049953,38.74458874458874,0.1467672391532052,0.1467672391532052,43.073593073593074,1.0,100.0,1.0,1.0,1.0,0.27705627705627706,0.0016247848883432126,0.31134624408530687,27.705627705627705,0.85,0.7,0.896701936612796,46309349.55621951,46309349.55621952,-11161887.627049953,liquido,0.8972596843615495,1051764000.0,69875000.0,112465000.0,93093000.0,723760000.0,2697000.0,180989000.0,62696020.444763266,100910310.40172166,649400669.153515,93093000.0,453995000.0,198821000.0,135848000.0,1192404000.0,63339000.0,0.06022168471254007,15987485.213414634,27447604.429268293,27695167.5,55199056.87804878,343867.5,27691317.0,0.015200639319671175,0.026096733135254954,0.026332112051753054,0.05248235999525443,0.00032694359190845097,0.026328451059363128,0.3807392460944445,1.4635548554266533,False,True,77182249.26036584,69209472.3839016,108055148.96451217,96893261.33746222,138928048.66865852,124577050.29102287
25194,131.0,ALARES INTERNET PARTICIPAÇÕES S/A,utilities,cvm,Emp. Adm. Part. - Telecomunicações,Categoria A,BALCÃO ORGANIZADO,consolidado,padrao,dva,24.065601018284024,0.09155153426179558,143051785.94883096,18.982556429284518,27.27272727272727,70095375.11492716,9.301452650349413,42915535.7846493,30.08658008658009,68992870.0135521,9.155153426179558,-1102505.1013750583,30.952380952380953,0.1898255642928452,0.1898255642928452,65.80086580086581,0.7,70.0,1.0,0.7,1.0,0.8852813852813853,0.08606963645935456,0.8951423828303069,88.52813852813853,0.9,0.7,0.9842713574245461,30040875.049254503,72956410.8339038,-1102505.1013750583,liquido,0.7946180812864012,753596000.0,253708000.0,66617000.0,139961000.0,361142000.0,25601000.0,19000.0,201600964.16701028,52935072.72105619,286969963.1119335,139961000.0,240056000.0,831460000.0,338781000.0,2344002000.0,138741000.0,0.1841052765672854,54432260.32509278,15245300.943664186,44087715.0,25827296.68007402,3456135.0,3078.0,0.07223002819162094,0.02023007147551763,0.05850311705476144,0.034272072410249016,0.00458619074411223,4.084416583952144e-06,0.10241288190027141,2.454269867554556,False,True,50068125.08209083,49280621.4382515,70095375.11492716,68992870.0135521,90122625.1477635,88705118.58885272
2100,132.0,CAMBUCI S.A.,industria,cvm,Têxtil e Vestuário,Categoria A,BOLSA,consolidado,padrao,dva,23.932965267183747,0.09105625338247395,83359861.81421968,19.036538937327226,18.614718614718615,43763927.45246533,9.994182942096794,20839965.45355492,23.160173160173162,39872987.018665045,9.105625338247394,-3890940.4338002875,22.727272727272727,0.19036538937327224,0.19036538937327224,66.01731601731602,0.75,75.0,0.75,1.0,1.0,0.3722943722943723,0.003452668784491451,0.40728347746722476,37.22943722943723,1.0,0.7,0.9110925216200837,18755968.908199433,39595934.36175435,-3890940.4338002875,liquido,0.7208755352738904,437894000.0,40103000.0,80044000.0,95297000.0,221267000.0,3137000.0,35819000.0,28909271.591088824,57701761.34546328,159505967.0634479,95297000.0,1684000.0,1549000.0,108537000.0,368932000.0,85828000.0,0.19600177211836656,8672781.477326646,18464563.63054825,33353949.999999996,15950596.70634479,470550.0,6447420.0,0.019805664104387468,0.04216674270610753,0.0761690043709208,0.03642570281014307,0.0010745751254869899,0.014723700256226392,0.004564526796265979,0.014271630872421386,False,True,31259948.18033238,28480705.013332177,43763927.45246533,39872987.018665045,56267906.72459829,51265269.02399792
15369,133.0,FERROVIA CENTRO-ATLANTICA S.A.,outros,padrao,Serviços Transporte e Logística,Categoria A,BOLSA,individual,padrao,dva,23.847556065976818,0.0907373232001889,515627023.77815104,13.201667270341202,58.00865800865801,360938916.6447057,9.241167089238843,0.0,68.61471861471861,354399296.31024814,9.07373232001889,-6539620.334457576,69.26406926406926,0.13201667270341205,0.13201667270341205,35.4978354978355,1.0,100.0,1.0,1.0,1.0,0.8679653679653679,0.07817553461891974,0.8792109498702257,86.7965367965368,1.0,0.7,0.9818816424805339,154688107.13344532,154688107.13344532,-6539620.334457576,liquido,0.8111953784973807,3905772000.0,133530000.0,0.0,592474000.0,3004497000.0,214000.0,177833000.0,108318918.89075524,0.0,2437234081.109245,592474000.0,517618000.0,83359000.0,1259737000.0,6456094000.0,1340353000.0,0.34317236131550943,32495675.667226568,0.0,207365900.0,243723408.11092448,32100.0,32009940.0,0.008319911061686799,0.0,0.053092167182313764,0.06240082834095909,8.218605694341604e-06,0.008195547512758042,0.08017510277886289,0.06617174854751429,False,True,257813511.88907552,253142354.5073201,360938916.6447057,354399296.31024814,464064321.40033597,455656238.1131762
26468,134.0,HOSPITAL ANCHIETA S.A.,saude_educacao,cvm,Serviços Médicos,Categoria B,,consolidado,padrao,dva,23.622466754732546,0.08989680749402247,94384837.76677138,17.32340462645389,20.77922077922078,49552039.82755497,9.094787428888292,23596209.441692844,24.891774891774894,48979376.595043205,8.989680749402247,-572663.2325117663,25.97402597402597,0.1732340462645389,0.1732340462645389,57.57575757575758,0.75,75.0,0.75,1.0,1.0,0.9155844155844156,0.09930297222886128,0.922954637252112,91.55844155844156,1.05,0.7,0.9884431955878168,21236588.49752356,44832797.939216405,-572663.2325117663,liquido,0.7582103345883591,544840000.0,44512000.0,0.0,116686000.0,438081000.0,16703000.0,17801000.0,33749458.41319704,0.0,332157541.5868029,116686000.0,31255000.0,38665000.0,119725000.0,2045973000.0,701379000.0,1.2873118713750826,10631079.400157068,0.0,42882105.0,34876541.866614304,2630722.5,3364389.0,0.019512296087212885,0.0,0.07870586777769621,0.064012447446249,0.0048284312825783715,0.006175003670802437,0.01527635017666411,0.3229484234704531,False,True,35394314.162539266,34985268.99645943,49552039.82755497,48979376.595043205,63709765.49257068,62973484.193626985
25895,135.0,LIVETECH DA BAHIA INDÚSTRIA E COMÉRCIO S.A.,varejo,cvm,Comércio (Atacado e Varejo),Categoria A,,consolidado,padrao,dva,23.61668805749835,0.08987522901142074,127642630.06162855,15.233980727767852,25.541125541125542,80414856.93882598,9.597407858493746,12764263.006162852,32.683982683982684,75304746.75931823,8.987522901142075,-5110110.179507747,32.683982683982684,0.1523398072776785,0.1523398072776785,47.18614718614719,0.9,90.0,0.9,1.0,1.0,0.5454545454545454,0.014400093442853854,0.5763543890573053,54.54545454545454,1.1,0.7,0.9364531583585958,34463510.11663971,47227773.12280257,-5110110.179507747,liquido,0.9125415035220539,837881000.0,20131000.0,0.0,56132000.0,621682000.0,24148000.0,169601000.0,18370373.007402465,0.0,567310626.9925975,56132000.0,102030000.0,-102030000.0,257798000.0,1455435000.0,130205000.0,0.15539796224046135,6062223.092442813,0.0,21610820.0,62404168.96918573,3984420.0,33580998.0,0.0072351838655403495,0.0,0.025792230638957084,0.07447855837426284,0.0047553530871328985,0.040078481311785326,0.07010275278524977,-0.39577498661742916,False,True,57439183.52773285,53789104.828084454,80414856.93882598,75304746.75931823,103390530.34991913,96820388.69055201
25763,136.0,VITTIA S.A.,commodities,cvm,"Agricultura (Açúcar, Álcool e Cana)",Categoria A,,consolidado,padrao,dva,23.450415878690226,0.08925434489651454,122448405.80829583,15.566418534041999,24.891774891774894,77142495.65922637,9.80684367644646,12244840.580829581,31.38528138528138,70209163.5281514,8.925434489651456,-6933332.13107498,31.16883116883117,0.15566418534041995,0.15566418534041995,48.701298701298704,0.9,90.0,0.9,1.0,1.0,0.3658008658008658,0.003198563122522761,0.40082034147104684,36.58008658008658,0.75,0.7,0.9101230512206571,33061069.568239883,45305910.14906946,-6933332.13107498,liquido,0.8075353625859988,786619000.0,100319000.0,79735000.0,134895000.0,520828000.0,358000.0,161284000.0,81011140.03926481,64388832.13579461,420587027.82494056,134895000.0,54473000.0,178705000.0,110150000.0,953178000.0,65156000.0,0.08283044269207837,18227506.50883458,15453319.712590706,35409937.49999999,31544027.086870547,40274.99999999999,21773340.0,0.023171963185270865,0.019645240850514296,0.04501536004088382,0.04010076935196143,5.1200136279444046e-05,0.027679651775510128,0.057148822150742046,1.6223785746709034,False,True,55101782.61373313,50149402.52010815,77142495.65922637,70209163.5281514,99183208.70471963,90268924.53619467
922,137.0,BCO AMAZONIA S.A.,financeiro,cvm,Bancos,Categoria A,BOLSA,individual,financeiro,dre,23.29515249585505,0.08867456920150667,1099953125.0,19.25202561818701,74.67532467532467,577475390.625,10.10731344954818,274988281.25,75.97402597402598,506636919.3332254,8.867456920150667,-70838471.29177457,73.59307359307358,0.19252025618187008,0.19252025618187008,67.31601731601732,0.75,75.0,0.75,1.0,1.0,0.15367965367965367,0.00037016786503281233,0.1822050204297449,15.367965367965366,1.25,0.7,0.8773307530644617,247489453.12500003,522477734.375,-70838471.29177457,liquido,1.0,5713441000.0,514908000.0,,727110000.0,,1177504000.0,,514908000.0,0.0,0.0,727110000.0,454414000.0,-454414000.0,1266245000.0,54315898000.0,3394739000.0,0.5941671577600959,193090500.0,0.0,318110625.0,0.0,588752000.0,0.0,0.03379583336906778,0.0,0.055677589914729146,0.0,0.10304683289807316,0.0,0.008366132508754618,,False,True,412482421.875,361883513.80944675,577475390.625,506636919.3332254,742468359.375,651390324.8570042
11231,138.0,TEKNO S.A. - INDUSTRIA E COMERCIO,commodities,cvm,Emp. Adm. Part. - Metalurgia e Siderurgia,Categoria A,BOLSA,consolidado,padrao,dva,23.255606884165985,0.08852690022712988,42742915.29579496,14.198747411677443,9.523809523809524,29920040.707056466,9.939123188174209,0.0,17.965367965367964,26649518.356073584,8.852690022712986,-3270522.350982882,17.965367965367964,0.14198747411677443,0.14198747411677443,40.692640692640694,1.0,100.0,1.0,1.0,1.0,0.23809523809523808,0.001188369523772279,0.2712749774186087,23.809523809523807,0.75,0.7,0.8906912466127913,12822874.588738488,12822874.58873849,-3270522.350982882,liquido,0.814401368527838,301033000.0,24816000.0,9803000.0,46653000.0,216746000.0,122000.0,79856000.0,20210184.361386828,7983576.615678395,176518239.02293476,46653000.0,91490000.0,-89843000.0,63495000.0,409132000.0,61198000.0,0.20329332664525152,4547291.481312036,1916058.3877628148,12246412.499999998,13238867.926720109,13724.999999999998,10780560.0,0.015105624570435919,0.00636494466640805,0.04068129573834097,0.043978128400275415,4.55930080755266e-05,0.035811887733238554,0.22361976085957588,-1.4149618080163793,False,True,21371457.64789748,19035370.25433828,29920040.707056466,26649518.356073584,38468623.76621546,34263666.4578089
14109,139.0,RANDONCORP S.A.,industria,cvm,"Máquinas, Equipamentos, Veículos e Peças",Categoria A,BOLSA,consolidado,padrao,dva,22.972626073340525,0.08747020937527335,2261659086.8009176,18.98043173983823,85.71428571428571,1108212952.5324495,9.300411552520734,678497726.0402753,85.71428571428571,1042272360.1315292,8.747020937527337,-65940592.40092027,85.93073593073593,0.18980431739838227,0.18980431739838227,65.5844155844156,0.7,70.0,1.0,0.7,1.0,0.5735930735930735,0.016427631795438113,0.6033217728281366,57.35930735930735,1.0,0.7,0.9404982659242205,474948408.22819275,1153446134.2684681,-65940592.40092027,liquido,0.8333277212087277,11915741000.0,797611000.0,954055000.0,1747268000.0,8731589000.0,37637000.0,2572377000.0,664671357.0410144,795040479.0577927,7276275163.901194,1747268000.0,2252138000.0,4480674000.0,1622549000.0,15437636000.0,376135000.0,0.031566228235407265,199401407.11230433,254412953.29849365,611543800.0,727627516.3901194,5645550.0,463027860.0,0.016734285103402663,0.021350997247967515,0.05132234747297713,0.06106439510477102,0.0004737892507062716,0.0388585032185577,0.14588619656532906,2.761503042435082,False,True,791580680.3803211,744480257.2368066,1108212952.5324495,1042272360.1315292,1424845224.6845782,1340064463.026252
20613,140.0,METALFRIO SOLUTIONS S.A.,industria,cvm,"Máquinas, Equipamentos, Veículos e Peças",Categoria A,BOLSA,consolidado,padrao,dva,22.905326490735927,0.08721890310095533,414442193.3986576,18.932150562820457,53.03030303030303,203076674.7653422,9.276753775782023,124332658.0195973,55.62770562770562,190930203.02707648,8.721890310095532,-12146471.738265723,55.41125541125541,0.18932150562820457,0.18932150562820457,65.15151515151516,0.7,70.0,1.0,0.7,1.0,0.5714285714285714,0.016355441537028108,0.6012517028424157,57.14285714285714,1.0,0.7,0.9401877554263623,87032860.6137181,211365518.6333154,-12146471.738265723,liquido,0.8356992175632494,2189092000.0,114149000.0,172773000.0,345574000.0,1816379000.0,225000.0,371339000.0,95394229.98562735,144386260.9160553,1517946509.0983174,345574000.0,166091000.0,689768000.0,225892000.0,1980185000.0,135258000.0,0.06178726156780985,28618268.995688204,46203603.493137695,120950899.99999999,151794650.90983173,33750.0,66841020.0,0.013073123009763045,0.021106286758682456,0.055251629442709574,0.06934137574383888,1.5417351120921368e-05,0.030533673322089706,0.08387650648803016,3.053530005489349,False,True,145054767.68953016,136378716.4479118,203076674.7653422,190930203.02707648,261098581.8411543,245481689.60624123
24600,141.0,BANCO BMG S/A,financeiro,cvm,Bancos,Categoria A,BOLSA,consolidado,financeiro,dva,22.817763148836512,0.08689192904899332,1332897187.5,14.94923247771069,78.13852813852814,839725228.125,9.418016460957736,133289718.74999997,83.11688311688312,774742168.3256142,8.689192904899333,-64983059.799385786,82.46753246753246,0.1494923247771069,0.1494923247771069,45.02164502164502,0.9,90.0,0.9,1.0,1.0,0.45021645021645024,0.006757545983052778,0.48409267203999845,45.02164502164502,1.25,0.7,0.9226139008059997,359882240.62500006,493171959.375,-64983059.799385786,liquido,1.0,8916158000.0,1141464000.0,,477133000.0,,1392205000.0,,1141464000.0,0.0,0.0,477133000.0,1704903000.0,-1704903000.0,272639000.0,48437791000.0,816866000.0,0.09161636660095077,428049000.0,0.0,208745687.5,0.0,696102500.0,0.0,0.0480082340398185,0.0,0.023412066890245775,0.0,0.07807202384704263,0.0,0.03519778596014009,,False,True,599803734.375,553387263.0897244,839725228.125,774742168.3256142,1079646721.875,996097073.561504
22985,142.0,NORTEC QUÍMICA S.A.,saude_educacao,cvm,Farmacêutico e Higiene,Categoria A,,individual,padrao,dva,22.803348378076958,0.08683810223173034,56573015.709817305,23.013532272884085,12.770562770562771,24948699.92802943,10.14896773234188,20932015.812632404,15.800865800865802,21346976.481115114,8.683810223173035,-3601723.446914315,15.367965367965366,0.23013532272884082,0.23013532272884082,78.78787878787878,0.63,63.0,0.9,0.7,1.0,0.027056277056277056,0.0,0.03756549578285064,2.7056277056277054,1.05,0.7,0.8556348243674275,10692299.969155472,31624315.781787876,-3601723.446914315,liquido,0.8139964986308749,245825000.0,41406000.0,2004000.0,41436000.0,179360000.0,0.0,78574000.0,33704339.02231,1631248.9832562732,145998411.9944337,41436000.0,27603000.0,81826000.0,37432000.0,392322000.0,11369000.0,0.04624834740160683,10616866.79202765,548099.6583741078,15227730.0,15329833.25941554,0.0,14850486.0,0.04318871877159626,0.0022296335131663085,0.061945408318926067,0.06236075769110359,0.0,0.06041080443404861,0.07035802223683607,2.1859905962812567,False,True,17820499.94859245,15247840.343653653,24948699.92802943,21346976.481115114,32076899.90746641,27446112.618576575
27090,143.0,TIM BRASIL SERVIÇOS E PARTICIPAÇÕES S.A.,utilities,cvm,Telecomunicações,Categoria B,,consolidado,padrao,dva,22.792645361486763,0.08679813563581475,3583894201.1046476,14.083244496132485,89.6103896103896,2257853346.695928,8.872444032563466,358389420.1104647,92.42424242424242,2208832879.7907195,8.679813563581476,-49020466.90520859,93.07359307359307,0.14083244496132485,0.14083244496132485,40.04329004329004,0.9,90.0,0.9,1.0,1.0,0.841991341991342,0.07286069767915518,0.8552593713937959,84.19913419913419,0.9,0.7,0.9782889057090693,967651434.2982551,1326040854.4087195,-49020466.90520859,liquido,0.9366751141884696,25447930000.0,1799873000.0,5908816000.0,1241282000.0,11893115000.0,693122000.0,293529000.0,1685896247.7997434,5534640901.518656,11139984850.6816,1241282000.0,3271892000.0,4228324000.0,12530748000.0,56806943000.0,12137661000.0,0.47696064080654105,455191986.90593076,1593976579.637373,391003830.0,1002598636.5613441,93571470.0,47551698.0,0.01788719109593318,0.06263678733937782,0.015364857966836594,0.03939804284911756,0.00367697765594294,0.001868588054116779,0.057596692009988994,0.33743588172070815,False,True,1612752390.4970915,1577737771.2790854,2257853346.695928,2208832879.7907195,2902954302.894765,2839927988.302354
25917,144.0,RAÍZEN S.A.,varejo,cvm,Comércio (Atacado e Varejo),Categoria A,,consolidado,padrao,dva,22.66180119434221,0.08630954478742073,29271256607.72235,13.27770186706292,99.13419913419914,20489879625.405643,9.294391306944043,0.0,99.13419913419914,19027305014.547253,8.630954478742073,-1462574610.8583908,99.13419913419914,0.1327770186706292,0.1327770186706292,36.14718614718615,1.0,100.0,1.0,1.0,1.0,0.49134199134199136,0.010180812150973478,0.5241310547460291,49.134199134199136,1.1,0.7,0.9286196582119044,8781376982.316706,8781376982.316708,-1462574610.8583908,liquido,0.9764701547991284,220454239000.0,2882872000.0,6109524000.0,5028870000.0,204730642000.0,18630000.0,11680227000.0,2815038468.106073,5965767846.02899,199913361685.86493,5028870000.0,14819906000.0,32344851000.0,17131862000.0,128183310000.0,21421351000.0,0.09716914992049665,928962694.4750041,2099950281.8022046,1936114950.0,21990469785.445145,3073950.0,2312684946.0,0.004213857255314578,0.009525560911542302,0.008782389301210036,0.0997507232575607,1.3943710104844026e-05,0.010490544234896749,0.11561494238212447,1.8879939028227055,False,True,14635628303.861176,13590932153.24804,20489879625.405643,19027305014.547253,26344130946.950115,24463677875.84647
3298,145.0,CIA HABITASUL DE PARTICIPACOES,financeiro,cvm,Emp. Adm. Part. - Crédito Imobiliário,Categoria A,BOLSA,consolidado,padrao,dva,22.593731576961932,0.086055363093032,62994863.42740171,119.16852072831468,14.71861471861472,11244583.121791204,21.27158095000417,46931173.25341427,10.173160173160174,10011668.7352021,18.939254540505658,-1232914.3865891043,9.740259740259742,1.1916852072831468,0.5414727543051877,100.0,0.255,25.5,0.75,0.4,0.85,0.23593073593073594,0.0011821053576348856,0.26903210595698424,23.593073593073594,1.25,0.7,0.8903548158935476,4819107.052196232,51750280.3056105,-1232914.3865891043,liquido,0.7575562758386685,52862000.0,88674000.0,2714000.0,27152000.0,20605000.0,573000.0,101622000.0,67175545.20371808,2056007.7326261462,15609447.063655764,27152000.0,572000.0,270555000.0,8306000.0,1593259000.0,-25926000.0,-0.49044682380538007,25190829.451394282,822403.0930504585,11879000.0,1951180.8829569705,286500.0,22864949.999999996,0.4765394697778041,0.015557547823587049,0.22471718815027805,0.036910841113786286,0.005419772237145776,0.4325403881805455,0.00035901256481212407,32.57344088610643,False,True,8031845.086993718,7151191.953715786,11244583.121791204,10011668.7352021,14457321.156588692,12872145.516688416
25860,146.0,BRBI BR PARTNERS S.A,financeiro,cvm,Emp. Adm. Part. - Bancos,Categoria A,,consolidado,padrao,dva,22.515358311117577,0.08576270610047383,142438500.0,39.043286863182594,26.83982683982684,35894502.0,9.838908289522013,91160639.99999999,20.346320346320347,31288121.96498706,8.576270610047382,-4606380.035012942,19.480519480519483,0.39043286863182597,0.39043286863182597,96.96969696969697,0.36000000000000004,36.00000000000001,0.9,0.4,1.0,0.11904761904761904,0.00020618355397245054,0.14445949874385813,11.904761904761903,1.25,0.7,0.8716689248115786,15383358.000000004,106543998.0,-4606380.035012942,liquido,0.651413501676489,364822000.0,340891000.0,0.0,118830000.0,0.0,14355000.0,0.0,222061000.00000003,0.0,0.0,118830000.0,575235000.0,13118716000.0,30542000.0,15056487000.0,90174000.0,0.24717259375805187,83272875.00000001,0.0,51988125.0,0.0,7177500.0,0.0,0.22825617698494063,0.0,0.1425027136521372,0.0,0.019673977994748123,0.0,0.038205127132245394,429.53035164691244,False,True,25638930.000000004,22348658.54641933,35894502.0,31288121.96498706,46150074.00000001,40227585.383554794
23981,147.0,CTC - CENTRO DE TECNOLOGIA CANAVIEIRA S.A.,commodities,cvm,"Agricultura (Açúcar, Álcool e Cana)",Categoria A,BOLSA,consolidado,padrao,dva,22.417711036265242,0.08539807719950986,47616507.80803788,12.462835884721537,11.255411255411255,33331555.46562651,8.723985119305075,0.0,19.264069264069263,32627872.55946233,8.539807719950986,-703682.9061641805,20.12987012987013,0.12462835884721536,0.12462835884721536,31.601731601731604,1.0,100.0,1.0,1.0,1.0,0.8463203463203464,0.07351125032121653,0.8592559120360966,84.63203463203463,0.75,0.7,0.9788883868054145,14284952.342411365,14284952.342411365,-703682.9061641805,liquido,0.5893067302216692,382068000.0,109935000.0,0.0,97361000.0,127130000.0,3158000.0,11173000.0,64785435.38691921,0.0,74918564.61308081,97361000.0,227402000.0,-123850000.0,188461000.0,1194677000.0,214696000.0,0.5619313839421255,14576722.962056821,0.0,25557262.499999996,5618892.345981061,355274.99999999994,1508355.0,0.038152169148049093,0.0,0.06689192107164169,0.014706524351636519,0.0009298737397531329,0.003947870536134929,0.19034600984199077,-0.6571651429208165,False,True,23808253.90401894,23305623.25675881,33331555.46562651,32627872.55946233,42854857.02723409,41950121.86216586
26190,148.0,CARAMURU ALIMENTOS S.A.,industria,cvm,Alimentos,Categoria A,,consolidado,padrao,dva,22.388881587884278,0.08529042391277507,1016188525.8870085,13.972444821653498,73.16017316017316,711331968.120906,9.78071137515745,0.0,80.73593073593074,620300536.1945263,8.529042391277509,-91031431.92637968,79.43722943722943,0.13972444821653496,0.13972444821653496,39.61038961038961,1.0,100.0,1.0,1.0,1.0,0.12121212121212122,0.00021357279928408383,0.14684529862240184,12.121212121212121,1.0,0.7,0.8720267947933602,304856557.7661026,304856557.76610255,-91031431.92637968,liquido,0.9536374249570727,7272804000.0,247410000.0,276779000.0,304675000.0,6047383000.0,15497000.0,973788000.0,235939435.30862936,263946812.84219363,5767010751.849177,304675000.0,2536096000.0,1243282000.0,788924000.0,7220957000.0,560882000.0,0.07712046137913245,70781830.59258881,84462980.10950196,106636250.0,576701075.1849178,2324550.0,175281840.0,0.009732399029671197,0.011613537242238615,0.014662329687421797,0.07929556126975479,0.000319622252985231,0.02410099873446335,0.3512132810097055,1.5759211280174008,False,True,508094262.9435043,443071811.56751883,711331968.120906,620300536.1945263,914569673.2983077,797529260.8215338
17450,149.0,RUMO S.A.,outros,padrao,Emp. Adm. Part. - Serviços Transporte e Logística,Categoria A,BOLSA,consolidado,padrao,dre,22.368247691942326,0.08521337399191146,1783946283.9660463,12.800634970551169,81.81818181818183,1248762398.7762322,8.960444479385817,0.0,87.44588744588745,1187566727.9537609,8.521337399191145,-61195670.82247138,87.44588744588745,0.1280063497055117,0.1280063497055117,33.116883116883116,1.0,100.0,1.0,1.0,1.0,0.6471861471861472,0.025876651015694398,0.6732996291237778,64.71861471861472,1.0,0.7,0.9509949443685667,535183885.189814,535183885.1898141,-61195670.82247138,liquido,0.8471502458692272,13936389000.0,661678000.0,49006000.0,1260127000.0,7533536000.0,3149244000.0,282580000.0,560540680.3862585,41515444.94906735,6382036874.664674,1260127000.0,7461618000.0,11661600000.0,7881711000.0,50593023000.0,7664727000.0,0.5499794100179035,168162204.11587754,13284942.383701552,441044450.0,638203687.4664674,472386600.0,50864400.0,0.012066411472575683,0.0009532557094740647,0.031646967517912995,0.0457940494820048,0.03389591091350851,0.003649754610035641,0.14748314209253716,1.479577213627853,False,True,891973141.9830232,848261948.5384008,1248762398.7762322,1187566727.9537609,1605551655.5694418,1526871507.3691216
3654,150.0,CIA MELHORAMENTOS DE SAO PAULO,commodities,cvm,Papel e Celulose,Categoria A,BOLSA,consolidado,padrao,dva,22.315055209451597,0.08501474564862722,36751896.590454325,22.530312643576174,8.008658008658008,16207586.396390356,9.935867875817092,13598201.7384681,12.987012987012985,13867775.33969537,8.501474564862722,-2339811.0566949863,12.337662337662337,0.22530312643576175,0.22530312643576175,77.48917748917748,0.63,63.0,0.9,0.7,1.0,0.027056277056277056,0.0,0.03756549578285064,2.7056277056277054,0.75,0.7,0.8556348243674275,6946108.455595869,20544310.19406397,-2339811.0566949863,liquido,0.6607437858821348,163122000.0,60298000.0,18406000.0,62224000.0,104709000.0,1006000.0,23947000.0,39841528.80112097,12161650.122946573,69185821.07593246,62224000.0,46686000.0,130071000.0,50650000.0,1423973000.0,52823000.0,0.3238251124924903,8964343.980252218,2918796.0295071774,16333799.999999998,5188936.580694935,113174.99999999999,3232845.0,0.05495484349292074,0.01789333155250167,0.10013241622834441,0.03181015792287328,0.0006938058630963328,0.019818571376025308,0.032785733999169925,2.568035538005923,False,True,11576847.425993113,9905553.814068124,16207586.396390356,13867775.33969537,20838325.366787605,17829996.865322623
27847,151.0,TECNOGERA-LOCAÇÃO E TRANSFORMAÇÃO DE ENERGIA S.A.,industria,cvm,"Máquinas, Equipamentos, Veículos e Peças",Categoria B,,consolidado,padrao,dva,22.297766721940697,0.08495018796168756,75351858.4199062,15.60002368824452,17.0995670995671,47471670.8045409,9.828014923594045,7535185.841990618,24.458874458874458,41032979.59000617,8.495018796168756,-6438691.21453473,23.593073593073594,0.15600023688244516,0.15600023688244516,49.35064935064935,0.9,90.0,0.9,1.0,1.0,0.07575757575757576,5.564719677246259e-05,0.09578476237680186,7.575757575757576,1.0,0.7,0.8643677143565203,20345001.773374677,27880187.615365297,-6438691.21453473,liquido,0.8078283522047136,483024000.0,37866000.0,34120000.0,78343000.0,335686000.0,90000.0,15576000.0,30589228.384583686,27563103.37722483,271176668.2381915,78343000.0,41113000.0,223046000.0,157420000.0,553487000.0,116326000.0,0.24082861307098613,9176768.515375106,8820193.080711946,27420050.0,27117666.82381915,13500.0,2803680.0,0.01899857670711001,0.018260361971065505,0.056767469111265685,0.0561414480933021,2.794892179270595e-05,0.005804432077909172,0.07427997405539787,1.4168847668657096,False,True,33908336.28895779,29309271.135718696,47471670.8045409,41032979.59000617,61035005.32012402,52756688.04429366
26271,152.0,ENVIRONMENTAL ESG PARTICIPAÇÕES S.A.,utilities,cvm,"Saneamento, Serv. Água e Gás",Categoria A,BALCÃO ORGANIZADO,consolidado,padrao,dva,22.210437990949664,0.08462408998043829,432049796.26526755,13.897388501277238,54.32900432900433,272191371.6471185,8.755354755804658,43204979.62652674,61.68831168831169,263084109.88022542,8.462408998043827,-9107261.766893089,62.121212121212125,0.13897388501277239,0.13897388501277239,39.39393939393939,0.9,90.0,0.9,1.0,1.0,0.7575757575757576,0.04821078408026635,0.7769397388368805,75.75757575757575,0.9,0.7,0.9665409608255321,116653444.99162225,159858424.61814904,-9107261.766893089,liquido,0.6953676509509472,3108856000.0,141441000.0,0.0,759669000.0,2352283000.0,1846000.0,115656000.0,98353495.91815293,0.0,1635701504.081847,759669000.0,607286000.0,1395602000.0,972802000.0,8713789000.0,1424111000.0,0.4580820083014459,26555443.897901293,0.0,239295735.0,147213135.36736625,249210.00000000003,18736272.0,0.008541870031259502,0.0,0.07697228015707386,0.04735283183504358,8.01613197909456e-05,0.00602674166960451,0.0696925298512507,1.4346208169802281,False,True,194422408.3193704,187917221.34301817,272191371.6471185,263084109.88022542,349960334.9748667,338250998.4174327
3980,153.0,GERDAU S.A.,commodities,cvm,Metalurgia e Siderurgia,Categoria A,BOLSA,consolidado,padrao,dva,22.196611755437882,0.08457246083803002,8447368130.843525,12.602998023418511,95.67099567099568,5913157691.590467,8.822098616392958,0.0,96.96969696969697,5668609239.664111,8.457246083803003,-244548451.92635632,97.18614718614718,0.1260299802341851,0.1260299802341851,31.818181818181817,1.0,100.0,1.0,1.0,1.0,0.7012987012987013,0.032837100137185625,0.7242889336164707,70.12987012987013,0.75,0.7,0.9586433400424706,2534210439.253058,2534210439.2530575,-244548451.92635632,liquido,0.8735262281477248,67026656000.0,1404059000.0,762560000.0,7587166000.0,57823416000.0,30910000.0,16504911000.0,1226482362.3668664,666116160.536329,50510270477.0968,7587166000.0,7767813000.0,5868671000.0,10613449000.0,86814493000.0,11381243000.0,0.16980174275738893,275958531.5325449,159867878.52871895,1991631074.9999998,3788270285.782261,3477374.9999999995,2228162985.0,0.004117146043098807,0.002385138809979107,0.02971401519717767,0.05651886147777178,5.188047871581121e-05,0.03324293822744193,0.08947599336898736,0.5529466434520955,False,True,4223684065.4217625,4049006599.7600794,5913157691.590467,5668609239.664111,7602631317.759172,7288211879.568143
5762,154.0,ETERNIT S.A.,construcao,cvm,"Construção Civil, Mat. Constr. e Decoração",Categoria A,BOLSA,consolidado,padrao,dva,22.19279565690678,0.08455821097990066,200616587.629785,17.268452099052553,33.33333333333333,105323708.50563711,9.065937352002589,50154146.90744625,39.61038961038961,98235670.72232153,8.455821097990064,-7088037.783315584,40.04329004329004,0.17268452099052553,0.17268452099052553,57.14285714285714,0.75,75.0,0.75,1.0,1.0,0.5194805194805194,0.012517871958705443,0.5513490182547574,51.94805194805194,0.85,0.7,0.9327023527382136,45138732.21670163,95292879.12414789,-7088037.783315584,liquido,0.8187867688508189,1161752000.0,96759000.0,115765000.0,204130000.0,913939000.0,1785000.0,196527000.0,79224988.96723638,94786850.29601505,748321160.7367486,204130000.0,16132000.0,110125000.0,88019000.0,1306516000.0,134667000.0,0.11591716648647904,20202372.186645277,25782023.280516095,60728675.0,63607298.66262364,227587.5,30068631.0,0.017389573839033872,0.02219236401617221,0.05227335524277126,0.054751184988382745,0.00019590024376975464,0.02588214266039568,0.012347342091486059,1.2511503198173122,False,True,75231220.36116937,70168336.23022966,105323708.50563711,98235670.72232153,135416196.65010488,126303005.21441342
8656,155.0,METALURGICA GERDAU S.A.,commodities,cvm,Emp. Adm. Part. - Metalurgia e Siderurgia,Categoria A,BOLSA,consolidado,padrao,dva,22.191154996944935,0.08455208452076855,8450708808.980675,12.607982127260945,95.88744588744589,5915496166.286472,8.825587489082661,0.0,97.18614718614718,5667243483.256479,8.455208452076857,-248252683.02999306,96.96969696969697,0.12607982127260942,0.12607982127260942,32.03463203463203,1.0,100.0,1.0,1.0,1.0,0.696969696969697,0.03278647991848143,0.720223318493742,69.6969696969697,0.75,0.7,0.9580334977740613,2535212642.694203,2535212642.6942024,-248252683.02999306,liquido,0.8735008383695783,67026656000.0,1417394000.0,762560000.0,7590376000.0,57823416000.0,30910000.0,16504911000.0,1238094847.30001,666096799.3071055,50508802353.39288,7590376000.0,7861818000.0,5774666000.0,10600569000.0,86948529000.0,11688689000.0,0.17438866411596007,278571340.6425022,159863231.83370534,1992473699.9999998,3788160176.504467,3477374.9999999995,2228162985.0,0.004156127685118324,0.0023850694839036178,0.02972658668813792,0.05651721870929182,5.188047871581121e-05,0.03324293822744193,0.09041921801805296,0.5447505695213153,False,True,4225354404.4903374,4048031059.468914,5915496166.286472,5667243483.256479,7605637928.082607,7286455907.0440445
11932,156.0,IOCHPE MAXION S.A.,industria,cvm,"Máquinas, Equipamentos, Veículos e Peças",Categoria A,BOLSA,consolidado,padrao,dva,22.154680251330074,0.08441588259985883,2759663156.131513,17.999587890430917,87.66233766233766,1352234946.5044413,8.819798066311147,827898946.839454,88.74458874458875,1294248526.2509894,8.441588259985883,-57986420.253451824,88.96103896103897,0.17999587890430915,0.17999587890430915,61.904761904761905,0.7,70.0,1.0,0.7,1.0,0.6904761904761905,0.031687628838399914,0.7141205853152071,69.04761904761905,1.0,0.7,0.957118087797281,579529262.7876178,1407428209.6270719,-57986420.253451824,liquido,0.7879562496527515,15331813000.0,722385000.0,76150000.0,3034116000.0,13510380000.0,4129000.0,2458784000.0,569207775.4054029,60002868.411057025,10645588356.18354,3034116000.0,2463475000.0,3925284000.0,1524071000.0,15961371000.0,2196997000.0,0.14329662121498613,170762332.62162086,19200917.891538247,1061940599.9999999,1064558835.6183541,619350.0,442581120.0,0.011137778201548694,0.0012523579495483182,0.06926386331479518,0.06943463474400281,4.0396396694898384e-05,0.028866848297719256,0.15433981203744968,2.5755256808901947,False,True,965882104.6460295,924463233.0364211,1352234946.5044413,1294248526.2509894,1738587788.362853,1664033819.4655578
27839,157.0,CPX DISTRIBUIDORA S.A.,varejo,cvm,Comércio (Atacado e Varejo),Categoria B,BALCÃO ORGANIZADO,consolidado,padrao,dva,22.142886391638815,0.08437184263966692,550547056.749468,23.01666241976078,59.95670995670995,229302849.1361534,9.586439897830365,222971557.98353454,58.22510822510822,201813229.0019513,8.437184263966694,-27489620.134202093,56.926406926406926,0.23016662419760778,0.23016662419760778,79.004329004329,0.595,59.5,1.0,0.7,0.85,0.170995670995671,0.0005264848023996631,0.20077689868041249,17.0995670995671,1.1,0.7,0.8801165348020619,98272649.62978005,321244207.61331457,-27489620.134202093,liquido,0.923725845126162,2391950000.0,235285000.0,323481000.0,163534000.0,1585263000.0,8581000.0,748435000.0,217338835.47050902,298807760.107256,1464348404.4222348,163534000.0,428536000.0,763947000.0,286627000.0,2759054000.0,-405196000.0,-0.16939986203724994,71721815.70526798,105180331.55775411,62960590.0,161078324.48644584,1415865.0,148190130.0,0.02998466343580258,0.043972629677775085,0.02632186709588411,0.06734184430546034,0.0005919291791216372,0.061953690503564036,0.15531990312621646,2.6653001985158413,False,True,163787749.38296673,144152306.42996523,229302849.1361534,201813229.0019513,294817948.8893401,259474151.5739374
17892,158.0,SANTOS BRASIL PARTICIPACOES S.A.,outros,padrao,Emp. Adm. Part. - Serviços Transporte e Logística,Categoria B,BOLSA,consolidado,padrao,dva,22.09972162846662,0.08421065923562773,379969675.7899281,13.088790271563369,50.649350649350644,265978773.05294964,9.16215319009436,0.0,61.25541125541125,244464891.1315751,8.421065923562775,-21513881.92137453,61.038961038961034,0.1308879027156337,0.1308879027156337,34.84848484848485,1.0,100.0,1.0,1.0,1.0,0.4264069264069264,0.006004068830140958,0.4607619328807202,42.64069264069264,1.0,0.7,0.919114289932108,113990902.73697844,113990902.73697844,-21513881.92137453,liquido,0.665010489960691,2903016000.0,253076000.0,147647000.0,574977000.0,1315680000.0,23087000.0,32563000.0,168298194.75729182,98186803.81122614,874941001.431482,574977000.0,730094000.0,1995786000.0,1469372000.0,5541642000.0,1403022000.0,0.4832980596731124,50489458.42718755,31419777.219592366,201241950.0,87494100.1431482,3463050.0,5861340.0,0.017392070325202322,0.010823149861934061,0.06932168131350291,0.030139034763552182,0.0011929145412908507,0.0020190519101513735,0.13174687213645342,1.358257813542112,False,True,189984837.89496404,174617779.37969652,265978773.05294964,244464891.1315751,341972708.2109353,314312002.8834537
7870,159.0,KEPLER WEBER S.A.,commodities,cvm,Emp. Adm. Part. - Metalurgia e Siderurgia,Categoria A,BOLSA,consolidado,padrao,dva,22.09698639209345,0.08420044547150442,206112569.15102077,12.823552159371962,33.549783549783555,144278798.4057145,8.976486511560372,0.0,46.75324675324675,135335123.40501267,8.420044547150443,-8943675.000701845,47.61904761904761,0.1282355215937196,0.1282355215937196,33.549783549783555,1.0,100.0,1.0,1.0,1.0,0.5562770562770563,0.015235974228841365,0.5867410827957283,55.62770562770562,0.75,0.7,0.9380111624193592,61833770.74530624,61833770.74530625,-8943675.000701845,liquido,0.8404327894725745,1607297000.0,100807000.0,101137000.0,211911000.0,1126092000.0,290000.0,296377000.0,84721508.20836182,84998851.02888776,946404640.7627504,211911000.0,389817000.0,-60595000.0,328663000.0,1594030000.0,193900000.0,0.12063731842963683,19062339.34688141,20399724.24693306,55626637.49999999,70980348.05720629,32624.999999999996,40010895.0,0.011859873655510715,0.012691944455152385,0.03460881063051818,0.044161314341535064,2.0298053191165042e-05,0.02489328045781209,0.24454809507976638,-0.18436818260649968,False,True,103056284.57551038,96667945.28929478,144278798.4057145,135335123.40501267,185501312.2359187,174002301.5207306
19445,160.0,CIA SANEAMENTO DE MINAS GERAIS-COPASA MG,utilities,cvm,"Saneamento, Serv. Água e Gás",Categoria A,BOLSA,consolidado,padrao,dre,21.996334747250945,0.08382459782296904,1066251572.4453391,13.534536181431431,74.24242424242425,671738490.6405636,8.526757794301803,106625157.24453388,79.87012987012987,660370684.5969372,8.382459782296905,-11367806.043626428,80.3030303030303,0.1353453618143143,0.1353453618143143,37.66233766233766,0.9,90.0,0.9,1.0,1.0,0.8766233766233766,0.0807469982991646,0.8871802424900378,87.66233766233766,0.9,0.7,0.9830770363735056,287887924.5602416,394513081.8047755,-11367806.043626428,liquido,0.7391639735232605,7878006000.0,717294000.0,503064000.0,1493214000.0,4504365000.0,214862000.0,104850000.0,530197883.2243936,371846785.1765055,3329464331.599101,1493214000.0,642082000.0,5471087000.0,2795546000.0,15511789000.0,2050527000.0,0.2602850264394315,143153428.47058627,107091874.1308336,470362410.0,299651789.84391916,29006370.000000004,16985700.0,0.01817127690313847,0.013593779203878952,0.05970576945485952,0.03803650185642396,0.003681943121140045,0.0021560912748733625,0.04139316232318529,1.957072786496806,False,True,479813207.6004026,471693346.1406694,671738490.6405636,660370684.5969372,863663773.6807247,849048023.053205
27324,161.0,VOKE S.A.,tecnologia,cvm,Emp. Adm. Part. - Comunicação e Informática,Categoria A,,consolidado,padrao,dva,21.94377833273245,0.0836283446485362,90563772.37791875,17.865883694690517,20.562770562770563,44376248.46518018,8.754283010398352,27169131.713375628,23.376623376623375,42391960.55744484,8.36283446485362,-1984287.9077353403,24.242424242424242,0.17865883694690515,0.17865883694690515,61.25541125541125,0.7,70.0,1.0,0.7,1.0,0.6774891774891775,0.03033579265632981,0.7018994054454889,67.74891774891775,1.2,0.7,0.9552849108168233,19018392.19936294,46187523.91273857,-1984287.9077353403,liquido,0.752111055380167,506909000.0,112770000.0,6099000.0,84017000.0,220061000.0,612000.0,13936000.0,84815563.71522143,4587125.326763638,165510310.95801494,84017000.0,158041000.0,976308000.0,332900000.0,1609386000.0,138716000.0,0.27365069470062675,30533602.937479716,1761456.1254772372,35287140.0,19861237.31496179,110160.0,3010176.0,0.06023488029898801,0.0034748961361452196,0.06961237618586373,0.03918107059642222,0.00021731711214438882,0.005938296617341575,0.09819956182047067,2.932736557524782,False,True,31697320.33227156,30279971.82674632,44376248.46518018,42391960.55744484,57055176.59808881,54503949.288143374
14320,162.0,USINAS SID DE MINAS GERAIS S.A.-USIMINAS,commodities,cvm,Metalurgia e Siderurgia,Categoria A,BOLSA,consolidado,padrao,dva,21.92056813498485,0.08354167444797339,3328147476.9380655,12.864991633441239,88.96103896103897,2329703233.8566456,9.005494143408868,0.0,92.85714285714286,2161206326.0925074,8.354167444797337,-168496907.76413822,92.64069264069265,0.12864991633441242,0.12864991633441242,33.76623376623377,1.0,100.0,1.0,1.0,1.0,0.48484848484848486,0.00989581857247944,0.517830124411155,48.484848484848484,0.75,0.7,0.9276745186616733,998444243.0814198,998444243.08142,-168496907.76413822,liquido,0.944408123638695,25869799000.0,651024000.0,420001000.0,1405412000.0,24209863000.0,43344000.0,7451981000.0,614832354.2837578,396652356.33637553,22863991289.379868,1405412000.0,5200342000.0,1567992000.0,1725643000.0,39871790000.0,989165000.0,0.03823628471175984,138337279.7138455,95196565.52073012,368920649.99999994,1714799346.7034903,4876199.999999999,1006017435.0000001,0.005347443160027857,0.0036798339840495137,0.014260669361984604,0.06628576227838068,0.00018849006132594997,0.03888771748864381,0.1304265998591987,0.9086421699042039,False,True,1664073738.4690328,1543718804.3517911,2329703233.8566456,2161206326.0925074,2995332729.244259,2778693847.833224
13439,163.0,METALURGICA RIOSULENSE S.A.,industria,cvm,"Máquinas, Equipamentos, Veículos e Peças",Categoria A,BOLSA,consolidado,padrao,dva,21.709861205315395,0.08275486461321813,68910040.06049699,18.09840527705619,15.800865800865802,36177771.031760916,9.5016627704545,17227510.015124246,20.562770562770563,31509080.21121203,8.275486461321814,-4668690.820548885,19.913419913419915,0.18098405277056187,0.18098405277056187,62.33766233766234,0.75,75.0,0.75,1.0,1.0,0.11471861471861472,0.00019238899028688745,0.13967597829614142,11.471861471861471,1.0,0.7,0.8709513967444212,15504759.013611823,32732269.02873607,-4668690.820548885,liquido,0.8719879827268808,380752000.0,34725000.0,34889000.0,37411000.0,222632000.0,202000.0,97519000.0,30279782.700190935,30422788.729358144,194132428.57045093,37411000.0,1351000.0,16295000.0,91484000.0,395033000.0,12703000.0,0.03336292389797033,9083934.81005728,9735292.393394606,13093850.0,19413242.857045095,30300.0,17553420.0,0.023857878120291633,0.025568591611848674,0.034389445098121606,0.05098658144158165,7.957935874269867e-05,0.04610197713997563,0.0034199674457576963,0.1781185781120196,False,True,25841265.02268637,22506485.86515145,36177771.031760916,31509080.21121203,46514277.04083547,40511674.55727262
9342,164.0,DIMED S.A. DISTRIBUIDORA DE MEDICAMENTOS,varejo,cvm,Comércio (Atacado e Varejo),Categoria A,BOLSA,consolidado,padrao,dre,21.646606766663503,0.08251866348541799,1208707797.7770545,24.455580999450365,75.75757575757575,444200115.6830675,8.98742601729801,574136203.944101,71.21212121212122,407845358.567466,8.2518663485418,-36354757.11560148,70.995670995671,0.2445558099945037,0.2445558099945037,83.11688311688312,0.5249999999999999,52.49999999999999,0.75,0.7,1.0,0.4199134199134199,0.005724491206835447,0.45437869356551774,41.99134199134199,1.1,0.7,0.9181568040348277,190371478.1498861,764507682.093987,-36354757.11560148,liquido,0.8746605931345448,4942462000.0,159860000.0,1234979000.0,597372000.0,3371196000.0,0.0,1151516000.0,139823242.41848832,1080187464.648707,2948652292.932805,597372000.0,79995000.0,1155810000.0,405443000.0,3377453000.0,224449000.0,0.04541238759144734,46141669.99810115,380225987.55634487,229988220.0,324351752.2226086,0.0,228000168.0,0.009335766263473782,0.07693048273438316,0.04653312863103449,0.06562554294248668,0.0,0.046130889423125564,0.023685007607803867,2.850733641966935,False,True,317285796.9164768,291318113.2624757,444200115.6830675,407845358.567466,571114434.4496583,524372603.8724563
24902,165.0,MITRE REALTY EMPREENDIMENTOS E PARTICIPAÇÕES S.A.,construcao,cvm,"Construção Civil, Mat. Constr. e Decoração",Categoria A,BOLSA,consolidado,padrao,dva,21.626736944148934,0.08244446672409726,259119077.25405043,21.96970737368564,39.82683982683983,107923095.676312,9.150383121140068,104943226.28789043,40.476190476190474,97238136.94413584,8.244446672409728,-10684958.732176155,39.17748917748918,0.21969707373685637,0.21969707373685637,75.54112554112554,0.595,59.5,1.0,0.7,0.85,0.3051948051948052,0.0019741078996584533,0.3399646501231473,30.519480519480517,0.85,0.7,0.900994697518472,46252755.28984801,151195981.57773843,-10684958.732176155,liquido,0.9337006244437702,1179438000.0,122706000.0,69891000.0,72336000.0,898454000.0,0.0,779923000.0,114570668.82299727,65257270.34299955,838887060.8340031,72336000.0,236730000.0,389772000.0,112269000.0,2200285000.0,-29045000.0,-0.024626135498432303,29215520.549864303,17749977.533295877,21519960.0,71305400.17089027,0.0,119328219.0,0.024770713297235042,0.015049521495234067,0.0182459442548061,0.06045709920393464,0.0,0.10117379548564655,0.10759060758038164,3.471768698394036,False,True,77087925.48308,69455812.10295418,107923095.676312,97238136.94413584,138758265.869544,125020461.78531753
3077,166.0,CIA FIACAO TECIDOS CEDRO CACHOEIRA,industria,cvm,Têxtil e Vestuário,Categoria A,BOLSA,consolidado,padrao,dva,21.612230766539426,0.08239029858057312,182398227.59197176,17.59281191538506,30.952380952380953,95759069.48578517,9.236226255577156,45599556.89799294,36.58008658008658,85420366.59147087,8.239029858057313,-10338702.894314304,35.28138528138528,0.1759281191538506,0.1759281191538506,59.307359307359306,0.75,75.0,0.75,1.0,1.0,0.24675324675324675,0.0012753237564004517,0.2802281148698222,24.675324675324674,1.0,0.7,0.8920342172304733,41039601.20819365,86639158.10618658,-10338702.894314304,liquido,0.8002550412525097,1036777000.0,57259000.0,60862000.0,169325000.0,729585000.0,2727000.0,194488000.0,45821803.407077454,48705122.32071024,583854074.2722123,169325000.0,5879000.0,374187000.0,188434000.0,944074000.0,60073000.0,0.05794206468700598,13746541.022123236,15585639.142627278,59263749.99999999,58385407.42722123,409050.0,35007840.0,0.013258917802114857,0.015032778642492337,0.057161520751328396,0.0563143351243529,0.0003945400023341567,0.03376602683122793,0.006227266082955362,1.9857722067142873,False,True,68399335.34698941,61014547.56533634,95759069.48578517,85420366.59147087,123118803.62458093,109826185.6176054
26409,167.0,VERO S.A.,utilities,cvm,Telecomunicações,Categoria A,,consolidado,padrao,dva,21.31852963446986,0.08129357651474642,279272115.2107049,16.814889810875613,43.073593073593074,136843336.4532454,8.23929600732905,83781634.56321149,46.103896103896105,135017412.07743475,8.12935765147464,-1825924.375810653,47.4025974025974,0.16814889810875613,0.16814889810875613,55.1948051948052,0.7,70.0,1.0,0.7,1.0,0.9025974025974026,0.09248546507265622,0.9110455102340332,90.25974025974025,0.9,0.7,0.986656826535105,58647144.194248036,142428778.75745952,-1825924.375810653,liquido,0.8518167965373227,1660862000.0,459897000.0,215320000.0,195074000.0,641221000.0,74597000.0,0.0,391747989.27712506,183413192.6304163,546202818.0924586,195074000.0,917486000.0,2318380000.0,816946000.0,7330274000.0,837893000.0,0.5044928476899345,105771957.10482377,52822999.4775599,61448310.0,49158253.62832128,10070595.0,0.0,0.06368497629834614,0.03180456863818903,0.03699784208441159,0.029598036217531185,0.0060634748702782055,0.0,0.12516394339420328,2.8378619884300798,False,True,97745240.32374671,96441008.62673911,136843336.4532454,135017412.07743475,175941432.5827441,173593815.5281304
5207,168.0,DOHLER S.A.,industria,cvm,Têxtil e Vestuário,Categoria A,BOLSA,individual,padrao,dva,21.20609211057835,0.08087371870687957,195594702.77941242,31.167142755978634,32.683982683982684,54766516.77823547,8.726799971674017,117356821.66764745,25.97402597402597,50753677.027720295,8.087371870687958,-4012839.750515178,26.83982683982684,0.3116714275597863,0.3116714275597863,93.5064935064935,0.4,40.0,1.0,0.4,1.0,0.47835497835497837,0.009592950172229185,0.5115215175768484,47.83549783549784,1.0,0.7,0.9267282276365273,23471364.333529495,140828186.00117695,-4012839.750515178,liquido,0.6882453643294513,627567000.0,50267000.0,110459000.0,205234000.0,497593000.0,3964000.0,301197000.0,34596029.72874853,76022894.69846685,342466075.57278466,205234000.0,84806000.0,81666000.0,3857000.0,998379000.0,24921000.0,0.03971050103016889,10378808.91862456,24327326.30350939,71831900.0,34246607.55727847,594600.0,54215460.0,0.016538168703301097,0.03876450849631895,0.1144609260843862,0.05457044037892124,0.0009474685571421059,0.08638991533971671,0.08494369372753233,21.173450868550688,False,True,39118940.55588248,36252626.44837164,54766516.77823547,50753677.027720295,70414093.00058848,65254727.60706896
16241,169.0,SOCIEDADE ABASTECIMENTO DE ÁGUA E SANEAMENTO S.A - SANASA,utilities,cvm,"Saneamento, Serv. Água e Gás",Categoria A,,individual,padrao,dva,21.10829124194014,0.08050851626473461,280315886.34978414,19.73294012942781,43.290043290043286,123619305.8802548,8.702226597077663,103716877.94942012,43.93939393939394,114366211.76283623,8.050851626473463,-9253094.117418572,43.290043290043286,0.19732940129427806,0.19732940129427806,69.91341991341992,0.63,63.0,0.9,0.7,1.0,0.4675324675324675,0.008535887624791265,0.5009898035192187,46.75324675324675,0.9,0.7,0.9251484705278827,52979702.520109214,156696580.46952933,-9253094.117418572,liquido,0.599152358001138,1420548000.0,280725000.0,161524000.0,479045000.0,752831000.0,81275000.0,28173000.0,168197045.69986945,96777485.4737758,451060468.8263547,479045000.0,204988000.0,1330631000.0,407592000.0,2663648000.0,275419000.0,0.1938822201009751,45413202.33896475,27871915.816447433,150899175.0,40595442.194371924,10972125.0,4564026.0,0.03196879115592346,0.019620537860352085,0.10622603037700944,0.028577311146382896,0.007723867831287645,0.003212862923322549,0.07695761602133615,3.2646151053013797,False,True,88299504.200182,81690151.25916874,123619305.8802548,114366211.76283623,158939107.56032762,147042272.26650375
17973,170.0,COGNA EDUCAÇÃO S.A.,saude_educacao,cvm,Emp. Adm. Part. - Educação,Categoria A,BOLSA,consolidado,padrao,dre,20.961013478516445,0.0799585600156245,1397036977.66676,21.860834787425205,79.004329004329,513411089.2925342,8.033856784378761,663592564.3917111,73.16017316017316,510982613.9259298,7.99585600156245,-2428475.3666043878,74.02597402597402,0.21860834787425207,0.21860834787425207,74.89177489177489,0.5249999999999999,52.49999999999999,0.75,0.7,1.0,0.9653679653679653,0.12187178724318606,0.9684661353932351,96.53679653679653,1.05,0.7,0.9952699203089852,220033323.98251468,883625888.3742259,-2428475.3666043878,liquido,0.6173387900653755,6390593000.0,1562979000.0,768095000.0,1700613000.0,2113100000.0,575612000.0,429461000.0,964887564.7575905,474174837.9552646,1304498597.287145,1700613000.0,94965000.0,6778247000.0,2040542000.0,24200400000.0,867436000.0,0.1357363862790198,303939582.898641,159322745.55296892,624975277.5,136972352.71515024,90658890.0,81168129.0,0.04756046628202438,0.02493082340761944,0.09779613214297952,0.02143343391061678,0.014186303211611193,0.012701188919400752,0.0039241086924183075,3.321787544681756,False,True,366722206.6375244,364987581.3756641,513411089.2925342,510982613.9259298,660099971.947544,656977646.4761955
24228,171.0,CAMIL ALIMENTOS S.A.,industria,cvm,Alimentos,Categoria A,BOLSA,consolidado,padrao,dva,20.95281015642364,0.07992792763675395,1940260170.5245414,17.247298253221114,83.11688311688312,950727483.5570252,8.451176144078344,582078051.1573625,83.98268398268398,899160971.3550264,7.992792763675396,-51566512.20199883,84.19913419913419,0.1724729825322111,0.1724729825322111,56.926406926406926,0.7,70.0,1.0,0.7,1.0,0.6103896103896104,0.020799355411991575,0.6384066370658301,61.038961038961034,1.0,0.7,0.9457609955598745,407454635.8101537,989532686.9675162,-51566512.20199883,liquido,0.9270602689635925,11249647000.0,586185000.0,1096006000.0,777236000.0,8973675000.0,17245000.0,1919767000.0,543428823.7624235,1016063617.1457112,8319137559.091866,777236000.0,2800256000.0,2954038000.0,914045000.0,10621358000.0,554854000.0,0.04932190316727272,163028647.12872705,325140357.4866276,272032600.0,831913755.9091866,2586750.0,345558060.0,0.014491890023636034,0.02890227199899051,0.024181434315227842,0.07395020980739987,0.00022994054835676176,0.03071723583860009,0.2636438767999346,3.2318299427271087,False,True,679091059.6835895,642257836.6821617,950727483.5570252,899160971.3550264,1222363907.4304612,1156064106.0278912
11991,172.0,WETZEL S.A.,commodities,cvm,Metalurgia e Siderurgia,Categoria A,BOLSA,consolidado,padrao,dva,20.899435978343078,0.07972862081613041,49008575.72532804,17.516888588967735,11.471861471861471,25729502.255797222,9.196366509208062,12252143.93133201,16.450216450216452,22306393.803316157,7.972862081613044,-3423108.452481065,16.017316017316016,0.17516888588967733,0.17516888588967733,58.44155844155844,0.75,75.0,0.75,1.0,1.0,0.09090909090909091,0.00010106917560485359,0.11305229344657917,9.090909090909092,0.75,0.7,0.8669578440169868,11026929.538198812,23279073.46953082,-3423108.452481065,liquido,0.7492147046748543,279779000.0,25195000.0,25788000.0,78800000.0,263230000.0,113000.0,34337000.0,18876464.484282956,19320748.80415514,197215786.7115619,78800000.0,526000.0,83898000.0,69991000.0,352234000.0,52585000.0,0.18795191919336332,4247204.508963665,4636979.7129972335,20684999.999999996,14791184.003367145,12712.499999999998,4635495.0,0.015180569338526712,0.016573723235114978,0.07393335454054807,0.05286738462631986,4.543764900153335e-05,0.016568416500166203,0.0014933254597795783,1.1986969753253989,False,True,18378215.896998018,15933138.430940116,25729502.255797222,22306393.803316157,33080788.614596434,28679649.175692208
25410,173.0,SBF COMÉRCIO DE PRODUTOS ESPORTIVOS S.A.,varejo,cvm,Comércio (Atacado e Varejo),Categoria B,BALCÃO ORGANIZADO,consolidado,padrao,dva,20.77533364455331,0.07926520493847015,2207295206.62842,23.195259327917345,85.4978354978355,811180988.4359441,8.524257803009622,1048465223.1484996,82.90043290043289,754299421.4448128,7.926520493847014,-56881566.991131306,82.03463203463204,0.23195259327917345,0.23195259327917345,79.87012987012987,0.5249999999999999,52.49999999999999,0.75,0.7,1.0,0.5,0.010387084163817692,0.5325205447199813,50.0,1.1,0.7,0.9298780817079972,347648995.04397607,1396114218.1924758,-56881566.991131306,liquido,0.9097711851871517,9516148000.0,640860000.0,2192049000.0,808860000.0,6131633000.0,735000.0,1958375000.0,583035961.7390381,1994263016.7183108,5578383021.54265,808860000.0,80261000.0,2817099000.0,981870000.0,8922504000.0,1163351000.0,0.12225020039621073,192401867.3738826,701980581.8848455,311411100.0,613622132.3696916,121275.0,387758250.0,0.020218461017407735,0.07376730394323895,0.03272449104406531,0.06448219724721511,1.2744127140519462e-05,0.0407473959001058,0.008995344804552623,2.8691160744294053,False,True,579414991.7399601,538785301.0320091,811180988.4359441,754299421.4448128,1042946985.1319282,969813541.8576165
25100,174.0,CURY CONSTRUTORA E INCORPORADORA S.A.,construcao,cvm,"Construção Civil, Mat. Constr. e Decoração",Categoria A,BOLSA,consolidado,padrao,dva,20.754242045389738,0.07918644588826403,519097509.32657623,13.221001635799931,58.22510822510822,363368256.5286033,9.25470114505995,0.0,68.83116883116884,310910534.3555499,7.918644588826401,-52457722.17305344,66.45021645021644,0.1322100163579993,0.1322100163579993,35.714285714285715,1.0,100.0,1.0,1.0,1.0,0.027056277056277056,0.0,0.03756549578285064,2.7056277056277054,0.85,0.7,0.8556348243674275,155729252.7979729,155729252.79797292,-52457722.17305344,liquido,0.9502464128943374,3926310000.0,224429000.0,391872000.0,150737000.0,2413370000.0,0.0,808203000.0,213262852.19946325,372374962.3137298,2293296185.486807,150737000.0,975224000.0,11158000.0,850809000.0,4339295000.0,479564000.0,0.1221411452483375,54382027.31086313,101285989.74933451,44844257.5,194930175.7663786,0.0,123655059.0,0.01385067081072639,0.025796737840194615,0.01142147652630587,0.049647168910854876,0.0,0.031493962269917554,0.22474249849341887,0.013114576832167973,False,True,259548754.66328812,222078953.11110708,363368256.5286033,310910534.3555499,467187758.39391863,399742115.59999275
22586,175.0,MLOG S.A.,outros,padrao,Emp. Adm. Part. - Sem Setor Principal,Categoria A,,consolidado,padrao,dva,20.740993941812985,0.07913697557325163,59411033.20190483,21.604090633749518,13.41991341991342,21833554.70170002,7.939503307902945,28220240.7709048,14.71861471861472,21762589.14566862,7.913697557325161,-70965.5560314022,15.584415584415584,0.2160409063374952,0.2160409063374952,74.02597402597402,0.5249999999999999,52.49999999999999,0.75,0.7,1.0,0.9761904761904762,0.13102776651348086,0.9783313476280081,97.61904761904762,1.0,0.7,0.9967497021442012,9357237.729300011,37577478.50020482,-70965.5560314022,liquido,0.6461604767742141,274999000.0,46499000.0,0.0,100161000.0,236570000.0,0.0,304000.0,30045816.00952418,0.0,152862183.99047583,100161000.0,19826000.0,156684000.0,70815000.0,1289719000.0,52038000.0,0.18922977901737825,9013744.802857254,0.0,35056350.0,15286218.399047583,0.0,54720.0,0.032777373019019174,0.0,0.12747809992036335,0.055586450856357966,0.0,0.00019898254175469726,0.015372340796716184,2.2125820800677825,False,True,15595396.215500016,15544706.532620443,21833554.70170002,21762589.14566862,28071713.18790003,27980471.7587168
27219,176.0,GRANJA FARIA S.A.,industria,cvm,Alimentos,Categoria A,,consolidado,padrao,dva,20.723995495445884,0.07907350094145771,277225605.036862,13.461494070199286,42.42424242424242,174652131.17322308,8.480741264225552,27722560.503686197,51.298701298701296,162843730.61833516,7.9073500941457695,-11808400.55488792,51.298701298701296,0.1346149407019929,0.1346149407019929,37.44588744588744,0.9,90.0,0.9,1.0,1.0,0.5173160173160173,0.012492384423743237,0.5492601788646885,51.73160173160173,1.0,0.7,0.9323890268297033,74850913.35995276,102573473.86363894,-11808400.55488792,liquido,0.9196112162496085,2059397000.0,58647000.0,199414000.0,136311000.0,1437586000.0,5741000.0,119951000.0,53932438.99939079,183383351.07719943,1322020209.9234097,136311000.0,178039000.0,967781000.0,695687000.0,2465342000.0,495548000.0,0.24062771772513994,16179731.699817237,58682672.344703816,47708850.0,132202020.99234098,861150.0,21591180.0,0.007856538442960359,0.028495075182057572,0.023166417159974497,0.06419452926868446,0.0004181563826692959,0.010484224265646692,0.07221675532238529,1.3911155447780394,False,True,124751522.26658791,116316950.44166796,174652131.17322308,162843730.61833516,224552740.07985824,209370510.79500234
11592,177.0,UNIPAR CARBOCLORO S.A.,commodities,cvm,Petroquímicos e Borracha,Categoria A,BOLSA,consolidado,padrao,dva,20.650629549251878,0.07879954199719268,660457989.7359631,12.15954988090916,62.98701298701299,462320592.81517416,8.511684916636412,0.0,72.2943722943723,428007513.51240975,7.8799541997192675,-34313079.302764416,71.42857142857143,0.12159549880909162,0.12159549880909162,29.22077922077922,1.0,100.0,1.0,1.0,1.0,0.47186147186147187,0.008677844632342158,0.5052051204868557,47.18614718614719,0.75,0.7,0.9257807680730283,198137396.92078897,198137396.92078894,-34313079.302764416,liquido,0.8469393468144188,5431599000.0,556901000.0,270857000.0,732664000.0,3958998000.0,1036000.0,410075000.0,471661369.18029666,229399450.66011304,3353031180.1595907,732664000.0,845342000.0,1472640000.0,947997000.0,7111789000.0,692727000.0,0.12753647682754193,106123808.06556673,55055868.15842713,192324299.99999997,251477338.51196933,116549.99999999999,55360125.0,0.019538225864163893,0.010136217375109453,0.03540841288173151,0.04629895147119096,2.145776961811798e-05,0.010192233447277682,0.11886488758313836,1.5534226374134095,False,True,330228994.86798155,305719652.5088641,462320592.81517416,428007513.51240975,594412190.7623668,550295374.5159553
27618,178.0,PORTO SAÚDE PARTICIPAÇÕES S.A.,saude_educacao,cvm,Emp. Adm. Part. - Serviços médicos,Categoria A,,consolidado,padrao,dva,20.51521426271294,0.07829388193469648,796291964.4411418,12.190325998312378,67.09956709956711,557404375.1087992,8.533228198818664,0.0,74.45887445887446,511428398.70019275,7.829388193469648,-45975976.40860647,74.24242424242425,0.1219032599831238,0.1219032599831238,29.87012987012987,1.0,100.0,1.0,1.0,1.0,0.4155844155844156,0.005558702304274156,0.45011822102960153,41.55844155844156,1.05,0.7,0.9175177331544402,238887589.3323426,238887589.33234262,-45975976.40860647,liquido,0.9690897982909823,6532163000.0,538455000.0,0.0,187655000.0,5532518000.0,0.0,0.0,521811247.33877087,0.0,5361506752.661229,187655000.0,299627000.0,-299627000.0,464255000.0,3317357000.0,52492000.0,0.00803592929325248,164370542.91171283,0.0,68963212.5,562958209.0294291,0.0,0.0,0.025163264130382664,0.0,0.010557484940287009,0.08618251091245413,0.0,0.0,0.09032099951859267,-0.6453931567780637,False,True,398145982.2205709,365305999.0715663,557404375.1087992,511428398.70019275,716662767.9970276,657550798.3288193
20800,179.0,TEGMA GESTAO LOGISTICA S.A.,outros,padrao,Serviços Transporte e Logística,Categoria A,BOLSA,consolidado,padrao,dva,20.41988784019204,0.07793791942853144,243919932.36534047,11.670101020911192,38.095238095238095,170743952.65573832,8.169070714637835,0.0,50.649350649350644,162900149.72139814,7.793791942853144,-7843802.934340179,51.515151515151516,0.11670101020911193,0.11670101020911193,26.623376623376622,1.0,100.0,1.0,1.0,1.0,0.6688311688311688,0.028726321918107048,0.6937401369189251,66.88311688311688,1.0,0.7,0.9540610205378388,73175979.70960215,73175979.70960215,-7843802.934340179,liquido,0.8869094044932955,2090127000.0,108451000.0,0.0,197630000.0,1639086000.0,3161000.0,263000.0,96186211.82670239,0.0,1453720788.1732976,197630000.0,241335000.0,-64262000.0,394839000.0,1329394000.0,258687000.0,0.12376616349150076,28855863.548010714,0.0,69170500.0,145372078.81732976,474150.0,47340.0,0.013805794359869384,0.0,0.03309392204397149,0.06955179221996069,0.00022685224390670995,2.2649341403656335e-05,0.18153760284761328,-0.16275494568672294,False,True,121959966.18267024,116357249.80099867,170743952.65573832,162900149.72139814,219527939.12880644,209443049.64179763
24295,180.0,VIBRA ENERGIA S/A,varejo,cvm,Comércio (Atacado e Varejo),Categoria A,BOLSA,consolidado,padrao,dva,20.40007614908105,0.07786393973819229,20856156462.10807,12.106527155955739,98.48484848484848,14599309523.475649,8.474569009169016,0.0,98.7012987012987,13413776626.57786,7.786393973819228,-1185532896.897789,98.7012987012987,0.1210652715595574,0.1210652715595574,28.57142857142857,1.0,100.0,1.0,1.0,1.0,0.42424242424242425,0.005906122448979593,0.45863517495287276,42.42424242424242,1.1,0.7,0.9187952762429309,6256846938.632422,6256846938.6324215,-1185532896.897789,liquido,0.9929170616537588,172272000000.0,999000000.0,2697000000.0,1188000000.0,164031000000.0,22000000.0,6109000000.0,991924144.592105,2677897315.2801876,162869178540.12772,1188000000.0,10480000000.0,10328000000.0,9323000000.0,49000000000.0,4148000000.0,0.02407820191325346,327334967.7153947,942619854.9786261,457380000.0,17915609639.41405,3630000.0,1209582000.0,0.0019001054594791648,0.005471695080910572,0.0026549874616884927,0.10399606227021252,2.1071329061019785e-05,0.007021349958205629,0.21387755102040817,1.1077979191247453,False,True,10428078231.054035,9581269018.984186,14599309523.475649,13413776626.57786,18770540815.897263,17246284234.171535
17949,181.0,MRS LOGISTICA S.A.,outros,padrao,Serviços Transporte e Logística,Categoria A,BALCÃO ORGANIZADO,consolidado,padrao,dva,20.181729485577243,0.07704860204379231,851107951.2192304,12.115462240484488,69.48051948051948,595775565.8534613,8.480823568339142,0.0,76.62337662337663,541264349.0453858,7.704860204379231,-54511216.80807543,76.19047619047619,0.12115462240484488,0.12115462240484488,28.78787878787879,1.0,100.0,1.0,1.0,1.0,0.354978354978355,0.0031509795575450587,0.39002514892794243,35.4978354978355,1.0,0.7,0.9085037723391913,255332385.36576915,255332385.36576915,-54511216.80807543,liquido,0.7824380229679881,7024973000.0,595700000.0,18679000.0,984315000.0,3909918000.0,918000.0,311260000.0,466098330.2820305,14615159.831019051,3059268509.8869505,984315000.0,4144613000.0,4024145000.0,3559943000.0,20613082000.0,2782234000.0,0.396049066665452,139829499.08460915,4676851.1459260965,344510250.0,305926850.9886951,137700.0,56026800.0,0.019904631531624268,0.0006657464941041191,0.04904079346639482,0.04354847356547777,1.960149882426594e-05,0.007975375848419631,0.20106711844449074,1.13039590802437,False,True,425553975.6096152,386617392.1752756,595775565.8534613,541264349.0453858,765997156.0973074,695911305.9154962
24872,182.0,LIFEMED INDUSTRIAL DE EQUIP. E ART. MEDICOS E HOSP. S.A,industria,cvm,"Máquinas, Equipamentos, Veículos e Peças",Categoria A,,consolidado,padrao,dva,20.087056430480125,0.0766950793051069,43219390.590457514,39.43590943889037,9.740259740259742,9076072.023996077,8.281540982166979,30253573.41332026,7.792207792207792,8405320.521363884,7.669507930510688,-670751.5026321933,7.575757575757576,0.3943590943889037,0.3943590943889037,97.40259740259741,0.30000000000000004,30.000000000000004,0.75,0.4,1.0,0.474025974025974,0.008857234620013482,0.5073114589227554,47.4025974025974,1.0,0.7,0.9260967188384133,3889745.1531411773,34143318.56646144,-670751.5026321933,liquido,0.6191926823779057,109594000.0,25340000.0,36189000.0,47377000.0,62883000.0,2602000.0,58199000.0,15690342.57145613,22407963.98257403,38936693.44596984,47377000.0,618000.0,95814000.0,7321000.0,283339000.0,33395000.0,0.30471558661970544,4707102.771436839,7170548.47442369,16581949.999999998,3893669.3445969843,390300.0,10475820.0,0.04295036928515101,0.06542829419880367,0.15130344726901107,0.03552812512178572,0.003561326349982663,0.09558753216416956,0.0021811328479312765,13.087556344761644,False,True,6482908.588568628,6003800.372402775,9076072.023996077,8405320.521363884,11669235.45942353,10806840.670324996
26069,183.0,"ARMAC LOCAÇÃO, LOGÍSTICA E SERVIÇOS S.A.",outros,padrao,Serviços Transporte e Logística,Categoria A,BOLSA,consolidado,padrao,dva,19.99968627438529,0.07636882663659068,330446193.0149744,18.711890923055524,46.53679653679654,145726771.1196037,8.251943897067484,122265091.41554053,47.18614718614719,134864980.4065934,7.636882663659068,-10861790.713010281,47.18614718614719,0.18711890923055524,0.18711890923055524,64.5021645021645,0.63,63.0,0.9,0.7,1.0,0.4696969696969697,0.008671671102027385,0.5030979034915692,46.96969696969697,1.0,0.7,0.9254646855237354,62454330.47983017,184719421.89537072,-10861790.713010281,liquido,0.4395421734051215,1765969000.0,191568000.0,0.0,696602000.0,1051348000.0,9819000.0,76060000.0,84202215.07487231,0.0,462111784.9251276,696602000.0,210912000.0,2268127000.0,726532000.0,4637353000.0,38135000.0,0.021594376798233717,25260664.522461694,0.0,243810699.99999997,46211178.49251276,1472850.0,13690800.0,0.014304138137454108,0.0,0.13806057750730616,0.0261676045799857,0.0008340180376892233,0.0077525709681200514,0.04548111821549923,3.1218542335368573,False,True,104090550.79971693,96332128.86185244,145726771.1196037,134864980.4065934,187362991.4394905,173397831.9513344
27022,184.0,V. TAL - REDE NEUTRA DE TELECOMUNICAÇÕES S.A.,utilities,cvm,Telecomunicações,Categoria B,,consolidado,padrao,dva,19.975808368380637,0.07627966311782414,877407831.1803199,11.320491573577119,70.34632034632034,614185481.8262239,7.924344101503982,0.0,77.48917748917748,591214377.4356176,7.627966311782412,-22971104.390606284,77.7056277056277,0.11320491573577118,0.11320491573577118,24.675324675324674,1.0,100.0,1.0,1.0,1.0,0.7294372294372294,0.03854425085238739,0.7506605081545958,72.94372294372295,0.9,0.7,0.9625990762231894,263222349.35409603,263222349.35409606,-22971104.390606284,liquido,0.9313165332840719,7750616000.0,887735000.0,66656000.0,442819000.0,5492852000.0,0.0,224772000.0,826762282.6749356,62077834.8425831,5115583882.482481,442819000.0,5705970000.0,121594000.0,4265044000.0,35304077000.0,2861415000.0,0.369185494417476,223225816.32223263,17878416.434663933,139487985.0,460402549.42342335,0.0,36413064.0,0.028801041920052887,0.0023067090970142158,0.01799701920466709,0.05940205906516635,0.0,0.004698086448870644,0.1616235427993203,0.028509436244971917,False,True,438703915.59015995,422295983.88258404,614185481.8262239,591214377.4356176,789667048.0622879,760132770.9886513
3328,185.0,AXIA ENERGIA NORDESTE S.A.,utilities,cvm,Energia Elétrica,Categoria A,BALCÃO ORGANIZADO,consolidado,padrao,dva,19.950374940304776,0.0761846910569953,891031116.5553169,11.07761289577234,70.56277056277057,623721781.5887218,7.754329027040637,0.0,77.92207792207793,612793848.0576733,7.618469105699529,-10927933.531048417,79.004329004329,0.1107761289577234,0.1107761289577234,23.376623376623375,1.0,100.0,1.0,1.0,1.0,0.8722943722943723,0.0791468288748079,0.8831964950439581,87.22943722943724,0.9,0.7,0.9824794742565937,267309334.9665951,267309334.96659517,-10927933.531048417,liquido,0.814994687528688,8043530000.0,1292289000.0,0.0,955242000.0,3871033000.0,0.0,134723000.0,1053208669.7517606,0.0,3154871330.2482395,955242000.0,6348797000.0,2194188000.0,6477190000.0,71338795000.0,3899390000.0,0.4847859086744253,284366340.8329754,0.0,300901230.0,283938419.7223416,0.0,21825126.0,0.03535342577611762,0.0,0.0374091014765905,0.03530022511538362,0.0,0.002713376589631667,0.08899501316219316,0.33875615814882687,False,True,445515558.27765846,437709891.4697667,623721781.5887218,612793848.0576733,801928004.8997853,787877804.64558
25143,186.0,PACAEMBU CONSTRUTORA S.A.,construcao,cvm,"Construção Civil, Mat. Constr. e Decoração",Categoria A,,consolidado,padrao,dva,19.869293806095477,0.07588192249637384,214412310.9150567,12.669277048597639,35.064935064935064,150088617.64053968,8.868493934018346,0.0,48.05194805194805,128421047.99441315,7.588192249637384,-21667569.646126524,45.67099567099567,0.12669277048597638,0.12669277048597638,32.467532467532465,1.0,100.0,1.0,1.0,1.0,0.027056277056277056,0.0,0.03756549578285064,2.7056277056277054,0.85,0.7,0.8556348243674275,64323693.27451702,64323693.27451703,-21667569.646126524,liquido,0.9249563985446969,1692380000.0,124629000.0,93476000.0,105462000.0,1187238000.0,16963000.0,226271000.0,115276390.99422704,86461224.31036408,1098143384.6954088,105462000.0,346958000.0,-65817000.0,254232000.0,1235901000.0,162352000.0,0.09593117384984459,29395479.703527894,23517453.012419034,31374945.0,93342187.69910976,2162782.5,34619463.0,0.017369314045030015,0.013896083038335973,0.018538948108580814,0.05515439068005398,0.0012779532374525815,0.020456081376523,0.28073284187002034,-0.25888558482016427,False,True,107206155.45752835,91729319.99600941,150088617.64053968,128421047.99441315,192971079.82355103,165112775.99281693
27499,187.0,BRASIL TECNOLOGIA E PARTICIPAÇÕES S.A.,utilities,cvm,Telecomunicações,Categoria B,BALCÃO ORGANIZADO,consolidado,padrao,dre,19.791935084368408,0.07559305395676558,171348250.6320548,15.612227011665766,29.653679653679653,83960642.80970684,7.649991235716223,51404475.18961645,34.1991341991342,82965342.13695307,7.559305395676555,-995300.6727537662,34.84848484848485,0.15612227011665766,0.15612227011665766,49.56709956709957,0.7,70.0,1.0,0.7,1.0,0.9134199134199135,0.09919434455250836,0.9209708549588272,91.34199134199135,0.9,0.7,0.9881456282438241,35983132.63273151,87387607.82234797,-995300.6727537662,liquido,0.7045939064331472,1097526000.0,382447000.0,0.0,225308000.0,380259000.0,0.0,21641000.0,269469825.73363787,0.0,267928174.26636213,225308000.0,299235000.0,1600242000.0,485212000.0,3026604000.0,171351000.0,0.15612477517616893,72756852.94808222,0.0,70972020.0,24113535.683972593,0.0,3505842.0,0.06629168962565099,0.0,0.06466545667255263,0.021970810426333948,0.0,0.0031943133921200958,0.09886823647890507,3.2980264296843442,False,True,59971887.721219175,59260958.6692522,83960642.80970684,82965342.13695307,107949397.89819452,106669725.60465397
27260,188.0,CORREDOR LOGÍSTICA E INFRAESTRUTURA S.A.,outros,padrao,Serviços Transporte e Logística,Categoria B,BALCÃO NÃO ORGANIZADO,consolidado,padrao,dva,19.787372198682444,0.07557601548850916,104425263.22732323,10.935979593971505,21.645021645021643,73097684.25912626,7.655185715780053,0.0,30.735930735930733,72165874.51763667,7.5576015488509185,-931809.7414895892,31.818181818181817,0.10935979593971504,0.10935979593971504,22.943722943722943,1.0,100.0,1.0,1.0,1.0,0.9069264069264069,0.09520000788215098,0.9150169392337707,90.6926406926407,1.0,0.7,0.9872525408850656,31327578.968196973,31327578.968196973,-931809.7414895892,liquido,0.7346011516374846,954878000.0,120469000.0,0.0,135691000.0,390803000.0,0.0,9311000.0,88496666.13661614,0.0,287084333.8633839,135691000.0,354528000.0,1061120000.0,546277000.0,2943359000.0,567378000.0,0.5941889958717239,26548999.84098484,0.0,47491850.0,28708433.38633839,0.0,1675980.0,0.02780355170082968,0.0,0.049736039577830876,0.03006502755989602,0.0,0.0017551771011584726,0.12045013877002432,1.9424577641013625,False,True,52212631.61366162,51547053.22688334,73097684.25912626,72165874.51763667,93982736.90459092,92784695.80839002
1023,189.0,BCO BRASIL S.A.,financeiro,cvm,Bancos,Categoria A,BOLSA,consolidado,financeiro,dre,19.597173279898247,0.07486578550179736,40337743500.0,13.377297702620059,99.56709956709958,25412778405.0,8.427697552650637,4033774349.999999,99.56709956709958,22574939420.732513,7.486578550179736,-2837838984.2674866,99.56709956709958,0.13377297702620058,0.13377297702620058,36.79653679653679,0.9,90.0,0.9,1.0,1.0,0.22294372294372294,0.000946373299066902,0.2555349021553302,22.294372294372295,1.25,0.7,0.8883302353232995,10891190745.000002,14924965095.0,-2837838984.2674866,liquido,1.0,301538804000.0,9124925000.0,,29858070000.0,,47705982000.0,,9124925000.0,0.0,0.0,29858070000.0,83167243000.0,-83167243000.0,32820145000.0,2398719197000.0,127208098000.0,0.42186311119016046,3421846875.0,0.0,13062905625.0,0.0,23852991000.0,0.0,0.011347948687227664,0.0,0.04332081129100718,0.0,0.07910421704796575,0.0,0.03467152099504375,,False,True,18151984575.0,16124956729.094652,25412778405.0,22574939420.732513,32673572235.0,29024922112.370373
23590,190.0,WIZ CO PARTICIPAÇÕES E CORRETAGEM DE SEGUROS S.A.,financeiro,cvm,Seguradoras e Corretoras,Categoria A,BOLSA,consolidado,padrao,dva,19.546264159580797,0.07467568355969537,179469037.116158,14.274559231041826,30.519480519480517,94221244.48598295,7.494143596296958,44867259.2790395,36.36363636363637,93887123.29068042,7.467568355969539,-334121.1953025311,37.66233766233766,0.14274559231041822,0.14274559231041822,41.55844155844156,0.75,75.0,0.75,1.0,1.0,0.974025974025974,0.1296978054334171,0.9763591040693418,97.40259740259741,1.25,0.7,0.9964538656104013,40380533.35113556,85247792.63017505,-334121.1953025311,liquido,0.6212465626984597,1257265000.0,157183000.0,0.0,236769000.0,467944000.0,5851000.0,0.0,97649398.46463199,0.0,290708601.535368,236769000.0,19161000.0,327045000.0,669586000.0,2445312000.0,512456000.0,0.40759585290292816,36618524.424237,0.0,103586437.5,36338575.191921,2925500.0,0.0,0.029125541889925353,0.0,0.08239029759040456,0.028902876634536875,0.002326876195551455,0.0,0.007835809908919598,0.48842867085034636,False,True,67300888.91855925,67062230.921914585,94221244.48598295,93887123.29068042,121141600.05340666,120712015.65944625
906,191.0,BCO BRADESCO S.A.,financeiro,cvm,Bancos,Categoria A,BOLSA,consolidado,financeiro,dre,19.531574283527927,0.07462082945989018,28476136937.5,11.788616572920997,98.91774891774891,19933295856.25,8.252031601044697,0.0,98.91774891774891,18025125721.458206,7.462082945989019,-1908170134.7917938,98.91774891774891,0.11788616572920996,0.11788616572920996,27.27272727272727,1.0,100.0,1.0,1.0,1.0,0.3268398268398268,0.002295157151860361,0.36181480856530646,32.683982683982684,1.25,0.7,0.904272221284796,8542841081.250001,8542841081.25,-1908170134.7917938,liquido,1.0,241556223000.0,16582966000.0,,19416133000.0,,27525933000.0,,16582966000.0,0.0,0.0,19416133000.0,208023801000.0,-208023801000.0,23271610000.0,2069506045000.0,50228485000.0,0.2079370358427901,6218612250.0,0.0,8494558187.5,0.0,13762966500.0,0.0,0.0257439538206391,0.0,0.035165967086262975,0.0,0.05697624482230789,0.0,0.10051857616100851,,False,True,14238068468.75,12875089801.041576,19933295856.25,18025125721.458206,25628523243.75,23175161641.87484
2429,192.0,IRANI PAPEL E EMBALAGEM S.A.,industria,cvm,Embalagens,Categoria A,BALCÃO ORGANIZADO,consolidado,padrao,dva,19.314888895647172,0.07381169520645205,265536083.86584005,16.31588194349758,40.909090909090914,130112681.09426162,7.994782152313813,79660825.15975203,44.8051948051948,120126319.59764451,7.381169520645205,-9986361.496617109,44.8051948051948,0.16315881943497582,0.16315881943497582,53.03030303030303,0.7,70.0,1.0,0.7,1.0,0.45454545454545453,0.007480285927586776,0.48832240830892465,45.45454545454545,1.0,0.7,0.9232483612463387,55762577.61182642,135423402.77157843,-9986361.496617109,liquido,0.7811443844347269,1627470000.0,120798000.0,141788000.0,276767000.0,1002024000.0,210000.0,147851000.0,94360679.35094614,110756899.98023106,782725420.6688228,276767000.0,604232000.0,1081882000.0,513168000.0,3620637000.0,395588000.0,0.24306930388885817,28308203.80528384,35442207.99367394,96868450.0,78272542.06688228,31500.0,26613180.0,0.017393994239699558,0.02177748775318374,0.05952088210535371,0.048094614381145144,1.9355195487474424e-05,0.016352485760106176,0.16688555080224834,2.1082413556574067,False,True,92937629.35304402,85804513.99831751,130112681.09426162,120126319.59764451,167287732.83547923,154448125.19697154
20575,193.0,JBS S.A.,industria,cvm,Alimentos,Categoria A,BOLSA,consolidado,padrao,dva,19.292533459280012,0.07372821680722938,65298314392.08878,15.660870814595294,100.0,31996174052.123497,7.673826699151692,19589494317.626637,100.0,30741127601.66434,7.372821680722939,-1255046450.459156,100.0,0.1566087081459529,0.1566087081459529,49.78354978354979,0.7,70.0,1.0,0.7,1.0,0.7164502164502164,0.035869694658456214,0.7385007244064835,71.64502164502164,1.0,0.7,0.9607751086609725,13712646022.338644,33302140339.965286,-1255046450.459156,liquido,0.864021821085568,416952002000.0,12305265000.0,26116516000.0,53385144000.0,354179035000.0,68662000.0,31060507000.0,10632017474.240501,22565239714.730373,306018414811.0291,53385144000.0,34761540000.0,84915781000.0,35589029000.0,251936042000.0,23557039000.0,0.05649820335914828,3189605242.2721505,7220876708.713719,18684800400.0,30601841481.102913,10299300.0,5590891260.0,0.0076498139521396285,0.017318244483962734,0.04481283291691689,0.07339415888235239,2.4701404359727718e-05,0.013408956506221549,0.1379776379911533,2.386010053828667,False,True,22854410037.23107,21957948286.903103,31996174052.123497,30741127601.66434,41137938067.01593,39524306916.42559
25844,194.0,TEGRA INCORPORADORA S.A.,construcao,cvm,"Emp. Adm. Part. - Const. Civil, Mat. Const. e Decoração",Categoria A,,consolidado,padrao,dva,19.27305850022431,0.07365549452258255,480382692.8222748,37.11771722622957,56.709956709956714,102897972.80253129,7.950615029858376,333385588.8186587,38.74458874458874,95325972.18804969,7.365549452258257,-7572000.614481598,38.095238095238095,0.3711771722622957,0.3711771722622957,96.32034632034632,0.30600000000000005,30.600000000000005,0.9,0.4,0.85,0.47619047619047616,0.009464916639316761,0.5094169231747762,47.61904761904761,0.85,0.7,0.9264125384762164,44099131.201084845,377484720.0197435,-7572000.614481598,liquido,0.8900993306317727,1294214000.0,137837000.0,125509000.0,141134000.0,1020850000.0,368000.0,1957126000.0,122688621.43629165,111715476.88826317,908657901.6754452,141134000.0,319829000.0,420657000.0,51446000.0,4363208000.0,-44433000.0,-0.03433203473305033,31285598.466254372,30386609.713607583,41987365.0,77235921.64241284,46920.0,299440278.0,0.024173435356327756,0.023478813947003806,0.032442366563798564,0.05967785979939395,3.6253664386260695e-05,0.23136844293138537,0.0733013415816986,8.176670683823815,False,True,73498552.00180806,68089980.1343212,102897972.80253129,95325972.18804969,132297393.60325451,122561964.24177817
19348,195.0,ITAU UNIBANCO HOLDING S.A.,financeiro,cvm,Bancos,Categoria A,BOLSA,consolidado,financeiro,dva,19.223084612533995,0.07346888487297408,52273875000.0,15.58887865015746,99.78354978354979,27443784375.0,8.184161291332666,13068468750.0,99.78354978354979,24636174226.68465,7.346888487297408,-2807610148.3153496,99.78354978354979,0.1558887865015746,0.1558887865015746,49.134199134199136,0.75,75.0,0.75,1.0,1.0,0.28354978354978355,0.001681359969871868,0.3179730341483198,28.354978354978357,1.25,0.7,0.897695955122248,11761621875.000002,24830090625.0,-2807610148.3153496,liquido,1.0,335328000000.0,79416000000.0,,31834000000.0,,17131000000.0,,79416000000.0,0.0,0.0,31834000000.0,36127000000.0,-36127000000.0,54733000000.0,2854475000000.0,7069000000.0,0.021080852180551578,29781000000.0,0.0,13927375000.0,0.0,8565500000.0,0.0,0.08881155167477814,0.0,0.041533588009352036,0.0,0.025543646817444414,0.0,0.012656267790048957,,False,True,19602703125.0,17597267304.77475,27443784375.0,24636174226.68465,35284865625.0,31675081148.59455
25674,196.0,HMOBI PARTICIPAÇÕES S.A.,outros,padrao,Emp. Adm. Part. - Sem Setor Principal,Categoria A,,consolidado,padrao,dva,19.09720409049891,0.07299882898588624,195216681.41062716,16.6664260324598,32.467532467532465,86090556.50208658,7.349893880314771,72230172.12193204,34.63203463203463,85504769.37126133,7.299882898588625,-585787.1308252513,35.4978354978355,0.166664260324598,0.166664260324598,53.896103896103895,0.63,63.0,0.9,0.7,1.0,0.9502164502164502,0.11441205073470676,0.9546379103875304,95.02164502164501,1.0,0.7,0.9931956865581295,36895952.78660854,109126124.90854058,-585787.1308252513,liquido,0.7033277607084765,1171317000.0,174594000.0,0.0,262638000.0,710686000.0,2448000.0,89459000.0,122796807.05313574,0.0,499845192.9468643,262638000.0,361914000.0,1786902000.0,798947000.0,5193841000.0,560006000.0,0.47809943849530057,36839042.11594072,0.0,91923300.0,49984519.29468644,367200.0,16102620.0,0.03145095829390397,0.0,0.07847858436273016,0.042673776009984,0.00031349327295685116,0.013747448385023012,0.06968137838643886,2.236571387088255,False,True,61493254.644347556,61074835.26518666,86090556.50208658,85504769.37126133,110687858.3598256,109934703.47733597
27693,197.0,BRISANET SERVIÇOS DE TELECOMUNICAÇÕES S.A.,utilities,cvm,Telecomunicações,Categoria A,BOLSA,consolidado,padrao,dva,19.05161101041641,0.07282857789892877,251960356.1379041,17.64682833363245,38.961038961038966,111114517.0568157,7.7822512951319105,93225331.77102453,41.77489177489178,103984206.5526231,7.2828577898928755,-7130310.504192606,41.99134199134199,0.1764682833363245,0.1764682833363245,59.523809523809526,0.63,63.0,0.9,0.7,1.0,0.5411255411255411,0.014378384957098523,0.572194483489696,54.112554112554115,0.9,0.7,0.9358291725234544,47620507.31006388,140845839.08108842,-7130310.504192606,liquido,0.7554923676027487,1427794000.0,188012000.0,229190000.0,304145000.0,826706000.0,73735000.0,10928000.0,142041631.017728,173151295.73087397,624570073.251398,304145000.0,238791000.0,1742652000.0,604892000.0,4026085000.0,515216000.0,0.3608475732493623,38351240.37478656,49867573.17049171,95805675.0,56211306.59262583,9954225.0,1770336.0,0.02686048573868959,0.03492630811622104,0.06710048858588843,0.03936933940934464,0.006971751527181092,0.0012399099589996876,0.05931096834766281,2.880930810789364,False,True,79367512.18343979,74274433.25187364,111114517.0568157,103984206.5526231,142861521.93019164,133693979.85337257
27502,198.0,GIGA MAIS FIBRA TELECOMUNICAÇÕES S.A.,utilities,cvm,Telecomunicações,Categoria A,,consolidado,padrao,dva,18.989483565524612,0.07259658512714018,260385193.8053051,15.469551577627824,40.25974025974026,127588744.96459948,7.580080273037633,78115558.14159153,44.37229437229438,122195370.64843872,7.259658512714016,-5393374.316160753,45.02164502164502,0.15469551577627827,0.15469551577627827,48.484848484848484,0.7,70.0,1.0,0.7,1.0,0.6948051948051948,0.03206199208984595,0.7181896507847833,69.48051948051948,0.9,0.7,0.9577284476177175,54680890.69911407,132796448.84070562,-5393374.316160753,liquido,0.7792113441282433,1683211000.0,353192000.0,142755000.0,289015000.0,813065000.0,44318000.0,0.0,275211213.0553425,111236315.43102738,633549471.5136302,289015000.0,995910000.0,2063333000.0,784348000.0,5156916000.0,598576000.0,0.35561554671398893,74307027.52494247,32036058.84413589,91039725.0,57019452.43622672,5982930.0,0.0,0.04414599686251009,0.019032705254502194,0.054086935624826596,0.033875403877604605,0.0035544741568347645,0.0,0.19312123757687735,2.630634616267269,False,True,91134817.83185677,87282407.60602766,127588744.96459948,122195370.64843872,164042672.0973422,157108333.6908498
4723,199.0,CONSTRUTORA ADOLPHO LINDENBERG S.A.,construcao,cvm,"Construção Civil, Mat. Constr. e Decoração",Categoria A,BOLSA,consolidado,padrao,dva,18.972687346980837,0.07253386564298428,19547005.56327557,26.010998899886317,4.112554112554113,6105995.862828204,8.125185781351986,10824154.330663847,4.761904761904762,5450847.469204627,7.253386564298429,-655148.3936235774,4.545454545454546,0.2601099889988631,0.2601099889988631,87.66233766233766,0.4462499999999999,44.62499999999999,0.75,0.7,0.85,0.2510822510822511,0.0013616832670548982,0.28469392125210413,25.108225108225106,0.85,0.7,0.8927040881878157,2616855.369783517,13441009.700447364,-655148.3936235774,liquido,0.6717755826624952,75149000.0,30320000.0,0.0,28011000.0,55021000.0,0.0,18811000.0,20368235.666326854,0.0,36961764.33367315,28011000.0,6868000.0,63364000.0,20726000.0,243669000.0,-36980000.0,-0.49208904975448775,5193900.094913348,0.0,8333272.5,3141749.968362218,0.0,2878083.0,0.06911469340794087,0.0,0.11088999853624133,0.04180694311783548,0.0,0.03829835393684546,0.02818577660679036,3.057222811927048,False,True,4361425.616305861,3893462.4780033054,6105995.862828204,5450847.469204627,7850566.109350549,7008232.4604059495
20532,200.0,BCO SANTANDER (BRASIL) S.A.,financeiro,cvm,Bancos,Categoria A,BOLSA,consolidado,financeiro,dre,18.919248502627,0.07233431734924037,20621817812.5,15.032289684695122,98.26839826839827,10826454351.5625,7.891952084464939,5155454453.125,97.83549783549783,9923073232.724533,7.233431734924036,-903381118.8379669,97.83549783549783,0.15032289684695122,0.15032289684695122,45.23809523809524,0.75,75.0,0.75,1.0,1.0,0.4090909090909091,0.005299787137811568,0.4437199292874753,40.909090909090914,1.25,0.7,0.9165579893931213,4639909007.812501,9795363460.9375,-903381118.8379669,liquido,1.0,137183478000.0,42969062000.0,,10304959000.0,,0.0,,42969062000.0,0.0,0.0,10304959000.0,37084254000.0,-37084254000.0,21921246000.0,1238796810000.0,-21131267000.0,-0.15403653055071254,16113398250.0,0.0,4508419562.5,0.0,0.0,0.0,0.11745873836206427,0.0,0.032864158484886934,0.0,0.0,0.0,0.02993570349926878,,False,True,7733181679.6875,7087909451.946095,10826454351.5625,9923073232.724533,13919727023.4375,12758237013.502972
13773,201.0,PBG S/A,construcao,cvm,"Construção Civil, Mat. Constr. e Decoração",Categoria A,BOLSA,consolidado,padrao,dva,18.89658682415902,0.07224969539817953,513781760.92211235,21.338170970672568,57.7922077922078,188814797.13887623,7.841777831722166,244046336.43800342,53.67965367965368,173963250.07790905,7.224969539817952,-14851547.060967177,53.46320346320347,0.2133817097067257,0.2133817097067257,73.37662337662337,0.5249999999999999,52.49999999999999,0.75,0.7,1.0,0.44155844155844154,0.006259049770375617,0.4756220633123504,44.15584415584416,0.85,0.7,0.9213433094968525,80920627.3452327,324966963.78323615,-14851547.060967177,liquido,0.765504731652608,2407806000.0,139970000.0,661703000.0,549682000.0,1542434000.0,328000.0,553895000.0,107147697.28941554,506536777.4487257,1180740525.2618587,549682000.0,79440000.0,1084263000.0,313505000.0,3346770000.0,94813000.0,0.03937734186225967,27322662.80880096,137778003.4660534,163530395.0,100362944.647258,41820.0,84745935.0,0.011347534979479643,0.05722138887686691,0.06791676530418148,0.04168232185120313,1.7368508924722338e-05,0.03519633018606981,0.023736318898520067,3.458519002886716,False,True,134867712.24205446,124259464.34136362,188814797.13887623,173963250.07790905,242761882.03569803,223667035.81445453
24058,202.0,ALLIANÇA SAÚDE E PARTICIPAÇÕES S.A.,saude_educacao,cvm,Serviços Médicos,Categoria A,BOLSA,consolidado,padrao,dva,18.66577739868384,0.07138781996673088,237057409.82593888,19.478962049540087,37.878787878787875,88860970.07325318,7.301688924270102,110113166.86414862,35.064935064935064,86878405.79695177,7.13878199667309,-1982564.2763014138,35.93073593073593,0.19478962049540086,0.19478962049540086,68.61471861471861,0.5355,53.55,0.9,0.7,0.85,0.8376623376623377,0.06949192550797412,0.8512609623274738,83.76623376623377,1.05,0.7,0.9776891443491211,38083272.88853709,148196439.7526857,-1982564.2763014138,liquido,0.7299519249827917,1216992000.0,248597000.0,0.0,299735000.0,861335000.0,9720000.0,11618000.0,181463858.69494706,0.0,628733141.3050529,299735000.0,114972000.0,606741000.0,220847000.0,2889222000.0,-41021000.0,-0.03370687728432069,57161115.48890833,0.0,110152612.5,66016979.83703056,1530900.0,2195802.0,0.046969179328137184,0.0,0.09051219112368857,0.054246026134132805,0.0012579376035339591,0.001804286305908338,0.03979341151354932,2.7473363912572957,False,True,63472121.48089513,62056004.140679836,88860970.07325318,86878405.79695177,114249818.66561124,111700807.4532237
23531,203.0,CLARO TELECOM PARTICIPAÇÕES S.A.,utilities,cvm,Emp. Adm. Part. - Telecomunicações,Categoria A,,consolidado,padrao,dva,18.632405912459596,0.0712632060605683,6941588465.727602,14.191154501744421,94.8051948051948,3644333944.5069914,7.450356113415822,1735397116.4319005,94.58874458874459,3485832313.079268,7.126320606056829,-158501631.4277234,94.8051948051948,0.14191154501744424,0.14191154501744424,40.476190476190474,0.75,75.0,0.75,1.0,1.0,0.6861471861471862,0.0310706123573534,0.7100491999521091,68.61471861471861,0.9,0.7,0.9565073799928163,1561857404.7887108,3297254521.2206106,-158501631.4277234,liquido,0.9039025873982853,48914896000.0,3695684000.0,8758843000.0,3934678000.0,28490155000.0,833072000.0,554994000.0,3340538329.8064446,7917140850.31536,25752324819.878197,3934678000.0,932608000.0,9492062000.0,21761590000.0,103478630000.0,20102539000.0,0.4109696768035651,901945349.0477401,2280136564.890824,1239423570.0,2317709233.789038,112464720.0,89909028.0,0.018439073223169893,0.04661435986475007,0.025338366660331853,0.04738248311493984,0.002299191640926723,0.0018380705133258387,0.009012566169459337,0.4361842126425505,False,True,2603095674.647851,2489880223.6280484,3644333944.5069914,3485832313.079268,4685572214.366132,4481784402.530487
5380,204.0,ELECTRO ACO ALTONA S.A.,commodities,cvm,Metalurgia e Siderurgia,Categoria A,BOLSA,consolidado,padrao,dva,18.606314314641335,0.07116577629971473,86165018.32402164,15.271041355602005,19.696969696969695,45236634.62011135,8.017296711691051,21541254.58100541,23.593073593073594,40154435.287798434,7.116577629971473,-5082199.332312919,22.943722943722943,0.15271041355602002,0.15271041355602002,47.83549783549784,0.75,75.0,0.75,1.0,1.0,0.21861471861471862,0.0009002398484623192,0.2510201263507985,21.861471861471863,0.75,0.7,0.8876530189526197,19387129.12290487,40928383.703910284,-5082199.332312919,liquido,0.6683062891080709,564238000.0,51168000.0,23403000.0,156377000.0,396879000.0,0.0,102041000.0,34195896.20108177,15640372.083996182,265236731.71492207,156377000.0,12904000.0,108038000.0,125038000.0,618724000.0,78162000.0,0.13852665010155288,7694076.645243397,3753689.3001590837,41048962.49999999,19892754.878619157,0.0,13775535.0,0.013636225573682378,0.006652670150112334,0.07275114845153995,0.03525596446644706,0.0,0.02441440491423832,0.02085582586096547,0.8640413314352436,False,True,32311881.871508114,28681739.4912846,45236634.62011135,40154435.287798434,58161387.36871461,51627131.08431228
25704,205.0,BOA SAFRA SEMENTES S.A.,industria,cvm,Alimentos,Categoria A,BOLSA,consolidado,padrao,dva,18.567234007253052,0.07101984483819802,252728842.91331503,13.727414701665952,39.17748917748918,150373661.5334224,8.167811747491239,37909326.43699726,48.268398268398265,130751227.37905413,7.101984483819801,-19622434.15436828,46.103896103896105,0.13727414701665952,0.13727414701665952,38.961038961038966,0.85,85.0,1.0,1.0,0.85,0.10606060606060606,0.00016582902135376784,0.1300589055170876,10.606060606060606,1.0,0.7,0.8695088358275631,64445854.94289534,102355181.37989262,-19622434.15436828,liquido,0.9447112073841075,1841052000.0,44826000.0,44003000.0,94337000.0,1617430000.0,0.0,227243000.0,42347624.582200006,41570127.25852288,1528004248.159277,94337000.0,238527000.0,175480000.0,175775000.0,2666602000.0,-60134000.0,-0.03266284711132548,12704287.374660002,13302440.722727323,33017949.999999996,152800424.8159277,0.0,40903740.0,0.0069005586885432894,0.007225456273221681,0.017934284311361112,0.0829962569313239,0.0,0.022217590812209538,0.08944979415750832,0.9983217181055326,False,True,107409758.23815888,93393733.84218153,150373661.5334224,130751227.37905413,193337564.828686,168108720.91592678
27251,206.0,INSPIRALI EDUCAÇÃO S.A.,saude_educacao,cvm,Educação,Categoria B,,consolidado,padrao,dva,18.54994808185718,0.0709552967185626,612060844.6344815,19.410876451412825,61.68831168831169,224932360.40317193,7.133497095894213,290728901.20137876,57.7922077922078,223735177.2835208,7.09552967185626,-1197183.1196511388,58.87445887445888,0.19410876451412828,0.19410876451412828,68.18181818181817,0.5249999999999999,52.49999999999999,0.75,0.7,1.0,0.961038961038961,0.1186220609108609,0.9645172407235285,96.1038961038961,1.05,0.7,0.9946775861085293,96399583.02993084,387128484.23130965,-1197183.1196511388,liquido,0.6035223615570872,3153185000.0,794430000.0,224470000.0,872589000.0,1181953000.0,126582000.0,0.0,479456269.6917968,135472664.49871936,713335065.8094839,872589000.0,94324000.0,2785745000.0,1162923000.0,7619495000.0,735944000.0,0.23339702554718483,151028724.952916,45518815.27156971,320676457.5,74900181.90999581,19936665.0,0.0,0.04789719758051494,0.014435821327188132,0.10169922078787004,0.023753817777896258,0.00632270704065889,0.0,0.01237929810308951,2.3954681436346172,False,True,160665971.7165514,159810840.9168006,224932360.40317193,223735177.2835208,289198749.0897925,287659513.650241
25747,207.0,INFRACOMMERCE CXAAS S.A.,varejo,cvm,Comércio (Atacado e Varejo),Categoria A,,consolidado,padrao,dva,18.381728271220343,0.07032713986763527,740822937.5871291,69.53994457882412,65.5844155844156,99177670.76947689,9.309660080490078,599140550.7735907,37.01298701298701,96218984.12173404,9.031932576290131,-2958686.6477428526,38.311688311688314,0.6953994457882411,0.5414727543051877,99.56709956709958,0.19125,19.125,0.9,0.25,0.85,0.7835497835497836,0.05602210920439285,0.8011187649540017,78.35497835497836,1.1,0.7,0.9701678147431002,42504716.044061534,641645266.8176522,-2958686.6477428526,liquido,0.8896132123065018,1065320000.0,1807314000.0,72737000.0,291016000.0,756279000.0,8604000.0,0.0,1607810413.186513,64707796.22353802,672795790.5899489,291016000.0,104731000.0,700797000.0,-1457395000.0,1517558000.0,-147324000.0,-0.13829084218826268,530577436.35154927,22777144.270685386,112041160.0,74007536.96489438,1419660.0,0.0,0.4980451285543774,0.021380565717986508,0.10517136635001689,0.069469771491096,0.0013326136747643903,0.0,0.06901284827334442,-0.4808559107174102,False,True,70841193.40676922,68727845.80123861,99177670.76947689,96218984.12173404,127514148.1321846,123710122.4422295
21091,208.0,DEXCO S.A.,construcao,cvm,"Construção Civil, Mat. Constr. e Decoração",Categoria A,BOLSA,consolidado,padrao,dva,18.237397176636275,0.06978818690174143,1376967150.7615738,16.721629363852195,78.57142857142857,607242513.485854,7.374238549458817,509477845.78178227,77.27272727272727,574681083.9058645,6.978818690174145,-32561429.579989552,77.48917748917748,0.16721629363852192,0.16721629363852192,54.112554112554115,0.63,63.0,0.9,0.7,1.0,0.6147186147186147,0.021358837661367792,0.642521410508938,61.471861471861466,0.85,0.7,0.9463782115763407,260246791.4939375,769724637.2757198,-32561429.579989552,liquido,0.8292012083134388,8234647000.0,320333000.0,1225151000.0,1251653000.0,5782747000.0,13605000.0,1642016000.0,265620510.6626688,1015896689.5664178,4795060799.770913,1251653000.0,1231419000.0,5248175000.0,2157803000.0,18144110000.0,1283924000.0,0.15591730890225167,67733230.21898055,276323899.56206566,372366767.5,407580167.98052764,1734637.5,251228448.0,0.008225395723578744,0.0335562531778309,0.045219517910118065,0.049495766847143255,0.00021065110623442633,0.03050870887361656,0.06786880150087274,2.432184495062802,False,True,433744652.48989576,410486488.50418895,607242513.485854,574681083.9058645,780740374.4818124,738875679.30754
16861,209.0,CIA CATARINENSE DE AGUAS E SANEAM.-CASAN,utilities,cvm,"Saneamento, Serv. Água e Gás",Categoria A,BOLSA,individual,padrao,dva,18.13068214355859,0.0693896976936576,308439992.0366921,15.81411047096211,45.45454545454545,136022036.4881812,6.97402271769429,114122797.05357607,45.67099567099567,135338360.27868673,6.938969769365761,-683676.2094944715,47.83549783549784,0.15814110470962112,0.15814110470962112,50.649350649350644,0.63,63.0,0.9,0.7,1.0,0.9632034632034632,0.11944835375734363,0.9664918897385724,96.32034632034632,0.9,0.7,0.9949737834607859,58295158.49493481,172417955.54851088,-683676.2094944715,liquido,0.6812138886461037,1950410000.0,313459000.0,122928000.0,448621000.0,970892000.0,51639000.0,116404000.0,213532624.321119,83740260.90348823,661385114.7753929,448621000.0,351382000.0,2080948000.0,765351000.0,5556532000.0,335465000.0,0.1719971698258315,57653808.566702135,24117195.140204616,141315615.0,59524660.32978537,6971265.0,18857448.0,0.029559840529274427,0.012365192518601019,0.07245431217026164,0.03051905000988785,0.0035742561820335216,0.009668453299562656,0.06323764535145303,2.718945947676295,False,True,97158597.491558,96670257.3419191,136022036.4881812,135338360.27868673,174885475.4848044,174006463.21545434
20745,210.0,SLC AGRICOLA S.A.,commodities,cvm,"Agricultura (Açúcar, Álcool e Cana)",Categoria A,BOLSA,consolidado,padrao,dva,18.109974195496854,0.06931237125157932,1236063933.2197278,15.839608085057472,76.40692640692642,605671327.2776664,7.761407961678159,370819179.96591836,76.83982683982684,540887891.732848,6.9312371251579314,-64783435.5448184,75.97402597402598,0.15839608085057472,0.15839608085057472,51.082251082251084,0.7,70.0,1.0,0.7,1.0,0.2532467532467532,0.0013858385138971348,0.28692419329140206,25.324675324675322,0.75,0.7,0.8930386289937103,259573425.97614282,630392605.9420613,-64783435.5448184,liquido,0.8773056837784315,7803627000.0,291238000.0,495108000.0,770796000.0,5495901000.0,0.0,3780562000.0,255504752.73226285,434361062.4841717,4821585184.7835655,770796000.0,1979575000.0,3618829000.0,1799351000.0,17574342000.0,1480131000.0,0.1896721870484071,57488569.36475913,104246654.9962012,202333949.99999997,361618888.85876745,0.0,510375870.00000006,0.0073669037954734555,0.013358743952805688,0.02592819339007361,0.046339847978224415,0.0,0.06540239173399753,0.1126400635653955,2.0111856997328483,False,True,432622376.62690467,386348494.09489155,605671327.2776664,540887891.732848,778720277.9284284,695427289.3708048
11070,211.0,WLM PART. E COMÉRCIO DE MÁQUINAS E VEÍCULOS S.A.,industria,cvm,"Emp. Adm. Part. - Máqs., Equip., Veíc. e Peças",Categoria A,BOLSA,consolidado,padrao,dva,18.09597133578697,0.06926008256913439,447896609.8528318,14.33846360720033,54.97835497835498,235145720.17273664,7.527693393780173,111974152.46320795,58.87445887445888,216350628.844673,6.926008256913439,-18795091.328063637,58.44155844155844,0.1433846360720033,0.1433846360720033,41.77489177489178,0.75,75.0,0.75,1.0,1.0,0.4329004329004329,0.006038702398603451,0.46713634098161616,43.290043290043286,1.0,0.7,0.9200704511472424,100776737.21688716,212750889.68009514,-18795091.328063637,liquido,0.9455989850371811,3123742000.0,191865000.0,0.0,160111000.0,2751297000.0,227000.0,429073000.0,181427349.26415876,0.0,2601623650.7358413,160111000.0,38618000.0,332693000.0,217138000.0,1311805000.0,21168000.0,0.006776487942986328,54428204.77924763,0.0,56038850.0,260162365.07358414,34050.0,77233140.0,0.017424039750801323,0.0,0.017939653787028505,0.08328548422807779,1.090038806021752e-05,0.024724557918035482,0.029438826654876297,1.5321730880822335,False,True,167961228.6948119,154536163.46048075,235145720.17273664,216350628.844673,302330211.65066147,278165094.2288654
27340,212.0,CONSTRUTORA METROCASA S.A.,construcao,cvm,"Construção Civil, Mat. Constr. e Decoração",Categoria A,,consolidado,padrao,dva,18.07846258302174,0.06919470238020756,121267858.92704174,13.5915012028295,24.675324675324674,72154376.06158982,8.086943215683553,18190178.839056265,30.519480519480517,61737796.88879973,6.919470238020756,-10416579.172790095,29.43722943722944,0.135915012028295,0.135915012028295,38.311688311688314,0.85,85.0,1.0,1.0,0.85,0.027056277056277056,0.0,0.03756549578285064,2.7056277056277054,0.85,0.7,0.8556348243674275,30923304.026395645,49113482.86545192,-10416579.172790095,liquido,0.8775742381308529,892233000.0,66490000.0,50535000.0,81354000.0,547492000.0,0.0,191396000.0,58349911.09332041,44348214.12394265,480464874.7827369,81354000.0,97898000.0,-27007000.0,228644000.0,912104000.0,-15032000.0,-0.01684761715829834,14879227.328796703,12062714.241712403,24202815.0,40839514.35653264,0.0,29283588.0,0.016676392073367276,0.013519690755343506,0.02712611503945718,0.04577225271485434,0.0,0.032820561445272706,0.10733205862489366,-0.11811812249610748,False,True,51538840.043992735,44098426.34914266,72154376.06158982,61737796.88879973,92769912.07918693,79377167.4284568
25933,213.0,HUMBERG AGRIBRASIL COMÉRCIO E EXPORTAÇÃO DE GRÃOS S.A.,varejo,cvm,Comércio (Atacado e Varejo),Categoria A,,consolidado,padrao,dva,18.05193262777975,0.06909563572998983,252869097.72936386,11.536235813662408,39.39393939393939,177008368.41055468,8.075365069563684,0.0,51.73160173160173,151454524.21652988,6.909563572998984,-25553844.1940248,50.0,0.1153623581366241,0.1153623581366241,26.190476190476193,1.0,100.0,1.0,1.0,1.0,0.027056277056277056,0.0,0.03756549578285064,2.7056277056277054,1.1,0.7,0.8556348243674275,75860729.31880917,75860729.31880918,-25553844.1940248,liquido,0.9933694197815803,2191955000.0,18650000.0,0.0,13603000.0,2032905000.0,0.0,97886000.0,18526339.67892647,0.0,2019425660.3210735,13603000.0,187310000.0,67118000.0,141194000.0,983320000.0,186153000.0,0.08492555732211655,6113692.094045736,0.0,5237155.0,222136822.63531813,0.0,19381428.0,0.002789150367615091,0.0,0.0023892620970777227,0.10134187181548805,0.0,0.00884207385644322,0.1904873286417443,0.4753601427822712,False,True,126434548.86468193,108181803.01180705,177008368.41055468,151454524.21652988,227582187.95642748,194727245.42125273
25585,214.0,CSN MINERAÇÃO S.A.,commodities,cvm,Extração Mineral,Categoria A,BOLSA,consolidado,padrao,dva,18.012647650229724,0.06894894000079389,1710802854.5524035,10.370817040872842,81.16883116883116,1197561998.1866822,7.259571928610987,0.0,86.7965367965368,1137403571.0670764,6.894894000079391,-60158427.11960578,87.01298701298701,0.1037081704087284,0.1037081704087284,19.913419913419915,1.0,100.0,1.0,1.0,1.0,0.6385281385281385,0.02394400097452884,0.6651061227688908,63.85281385281385,0.75,0.7,0.9497659184153336,513240856.3657211,513240856.3657212,-60158427.11960578,liquido,0.928477642520952,16496317000.0,182052000.0,3537738000.0,840017000.0,8025027000.0,862000.0,777848000.0,169031211.77622434,3284710638.0967875,7451058150.126987,840017000.0,15185928000.0,-5057208000.0,6117326000.0,36390919000.0,11756687000.0,0.7126855649051846,38032022.64965048,788330553.143229,220504462.49999997,558829361.2595241,96974.99999999999,105009480.0,0.0023054856820252955,0.04778827620390836,0.013366890470157669,0.03387600767247163,5.878584898677686e-06,0.0063656317952667865,0.4172999313372658,-0.826702385977141,False,True,855401427.2762017,812431122.190769,1197561998.1866822,1137403571.0670764,1539722569.0971632,1462376019.9433842
15407,215.0,PORTO PONTA DO FELIX S/A,outros,padrao,Serviços Transporte e Logística,Categoria A,,individual,padrao,dva,17.96478775160386,0.06877022428893623,32031981.78665019,15.10287129483912,6.926406926406926,16816790.43799135,7.9290074297905395,8007995.446662547,13.203463203463203,14585614.409889067,6.877022428893624,-2231176.0281022843,13.203463203463203,0.15102871294839118,0.15102871294839118,46.320346320346324,0.75,75.0,0.75,1.0,1.0,0.09307359307359307,0.00010226633003999696,0.11549668714359665,9.307359307359308,1.0,0.7,0.8673245030715395,7207195.901996294,15215191.348658837,-2231176.0281022843,liquido,0.7918734067396769,212092000.0,39505000.0,0.0,35025000.0,128782000.0,0.0,1058000.0,31282958.933250934,0.0,101979041.06674907,35025000.0,608000.0,118628000.0,67444000.0,406781000.0,59525000.0,0.28065650755332594,9384887.67997528,0.0,12258750.0,10197904.106674908,0.0,190440.0,0.04424913565799408,0.0,0.057799209776889265,0.04808245528673834,0.0,0.0008979122267695151,0.001494661746738417,1.7589110966134867,False,True,12011993.169993822,10418296.007063618,16816790.43799135,14585614.409889067,21621587.70598888,18752932.812714513
2437,216.0,AXIA ENERGIA S.A.,utilities,cvm,Emp. Adm. Part. - Energia Elétrica,Categoria A,BOLSA,consolidado,padrao,dva,17.940751631782003,0.06868046997713044,4068703415.051923,10.125799558593265,91.34199134199135,2848092390.536346,7.088059691015284,0.0,94.15584415584416,2759687875.770506,6.868046997713045,-88404514.76584005,94.15584415584416,0.10125799558593264,0.10125799558593264,19.264069264069263,1.0,100.0,1.0,1.0,1.0,0.7748917748917749,0.05393653315076037,0.7930673057761018,77.48917748917748,0.9,0.7,0.9689600958664153,1220611024.515577,1220611024.5155768,-88404514.76584005,liquido,0.8509166897484414,40181552000.0,4559134000.0,0.0,3980847000.0,22143030000.0,0.0,441471000.0,3879443211.3995705,0.0,18841873788.60043,3980847000.0,27081256000.0,48721901000.0,26236679000.0,289871330000.0,12385583000.0,0.30824053286941233,1047449667.0778841,0.0,1253966805.0,1695768640.9740388,0.0,71518302.0,0.0260679245808595,0.0,0.031207525408675107,0.04220266656136226,0.0,0.0017798790350357797,0.09342509312666417,1.8570147921541442,False,True,2034351707.5259614,1971205625.5503612,2848092390.536346,2759687875.770506,3661833073.5467305,3548170125.99065
25402,217.0,HBR REALTY EMPREENDIMENTOS IMOBILIÁRIOS S.A.,construcao,cvm,"Construção Civil, Mat. Constr. e Decoração",Categoria A,BOLSA,consolidado,padrao,dva,17.807618291224234,0.06818333102755245,69453200.196574,42.61403111789891,16.233766233766232,12397396.235088458,7.606604554544955,51742634.14644763,10.38961038961039,11112655.657532552,6.818333102755244,-1284740.577555906,10.606060606060606,0.4261403111789891,0.4261403111789891,98.26839826839827,0.255,25.5,0.75,0.4,0.85,0.2748917748917749,0.0016211287320945695,0.30913419065653247,27.48917748917749,0.85,0.7,0.8963701285984799,5313169.815037912,57055803.96148554,-1284740.577555906,liquido,0.8646447627071048,162982000.0,156196000.0,3095000.0,26028000.0,33003000.0,189158000.0,0.0,135054053.35579893,2676075.540578489,28535871.103622578,26028000.0,27239000.0,1499219000.0,286471000.0,5090774000.0,-105125000.0,-0.6450098783914788,34438783.60572873,727892.5470373491,7743330.0,2425549.043807919,24117645.0,0.0,0.2113042152245569,0.0044660916361153324,0.047510338564994904,0.014882312425960654,0.1479773533273613,0.0,0.00535065984072363,5.233405824673353,True,True,8855283.025063185,7937611.183951823,12397396.235088458,11112655.657532552,15939509.445113733,14287700.131113281
25950,218.0,TRÊS TENTOS AGROINDUSTRIAL S/A,commodities,cvm,"Agricultura (Açúcar, Álcool e Cana)",Categoria A,,consolidado,padrao,dva,17.722712264151728,0.06786627976950677,1395033853.387161,10.876803066163905,78.78787878787878,976523697.3710127,7.613762146314734,0.0,84.4155844155844,870437362.9456269,6.78662797695068,-106086334.42538583,83.98268398268398,0.10876803066163904,0.10876803066163904,22.294372294372295,1.0,100.0,1.0,1.0,1.0,0.24242424242424243,0.0012431178041589427,0.27575517992384396,24.242424242424242,0.75,0.7,0.8913632769885765,418510156.0161484,418510156.0161483,-106086334.42538583,liquido,0.9716381250089561,12825771000.0,106824000.0,1183262000.0,328554000.0,10294268000.0,0.0,1920988000.0,103794271.06595673,1149702471.0743475,10002303257.859695,328554000.0,1696858000.0,370021000.0,1340661000.0,8889423000.0,726212000.0,0.05662131344774517,23353710.98984026,275928593.0578434,86245424.99999999,750172744.3394773,0.0,259333380.00000003,0.0018208426604404727,0.021513606710882593,0.00672438522409296,0.05848948529795809,0.0,0.02021971076826493,0.190885055194246,0.2759989288865716,False,True,697516926.6935805,621740973.5325906,976523697.3710127,870437362.9456269,1255530468.048445,1119133752.3586633
24953,219.0,"ALLPARK EMPREENDIMENTOS, PARTICIPAÇÕES E SERVIÇOS S.A.",outros,padrao,Serviços Transporte e Logística,Categoria A,BOLSA,consolidado,padrao,dva,17.575864388337255,0.06731792878226112,219546056.88102552,13.853164350572783,35.4978354978355,107577567.87170249,6.788050531780663,65863817.06430767,40.04329004329004,106685992.0775577,6.731792878226113,-891575.7941447943,42.64069264069264,0.13853164350572783,0.13853164350572783,39.17748917748918,0.7,70.0,1.0,0.7,1.0,0.9393939393939394,0.11151514813110167,0.9447483453546688,93.93939393939394,1.0,0.7,0.9917122518032003,46104671.94501536,111968489.00932303,-891575.7941447943,liquido,0.729620134540407,1584808000.0,136800000.0,0.0,321987000.0,1054069000.0,0.0,0.0,99812034.40512767,0.0,769069965.5948722,321987000.0,217996000.0,1244752000.0,455679000.0,2507306000.0,419902000.0,0.2649544929101822,29943610.321538303,0.0,112695450.0,76906996.55948722,0.0,0.0,0.018894156466611918,0.0,0.07110984422087722,0.048527642818238695,0.0,0.0,0.08694431393695065,2.7316422306053165,False,True,76841119.90835893,76204280.05539836,107577567.87170249,106685992.0775577,138314015.83504608,137167704.09971705
25909,220.0,EMCCAMP RESIDENCIAL S.A.,construcao,cvm,"Construção Civil, Mat. Constr. e Decoração",Categoria A,BALCÃO ORGANIZADO,consolidado,padrao,dva,17.528276896986075,0.06714023027815792,115716785.61461337,12.7909927349093,23.593073593073594,68851487.44069494,7.610640677271033,17357517.84219201,29.43722943722944,60740020.68666223,6.714023027815791,-8111466.754032716,29.004329004329005,0.127909927349093,0.127909927349093,32.900432900432904,0.85,85.0,1.0,1.0,0.85,0.18398268398268397,0.0006172221384406575,0.2145929298410094,18.398268398268396,0.85,0.7,0.8821889394761514,29507780.331726413,46865298.173918426,-8111466.754032716,liquido,0.8703897377537941,904674000.0,97646000.0,54141000.0,105464000.0,661914000.0,6907000.0,0.0,84990076.33270699,47123770.79172817,576123152.8755649,105464000.0,116142000.0,-6646000.0,106924000.0,828875000.0,-38128000.0,-0.042145568458914484,21672469.46484028,12817665.655350063,31375540.0,48970467.994423024,880642.5,0.0,0.023956109565258073,0.014168270178373717,0.0346815980121016,0.05413051330581294,0.0009734362875466742,0.0,0.1401200422259086,-0.06215629793124088,False,True,49179633.88621068,43385729.0619016,68851487.44069494,60740020.68666223,88523340.99517922,78094312.31142287
20770,221.0,EZ TEC EMPREEND. E PARTICIPACOES S.A.,construcao,cvm,"Emp. Adm. Part. - Const. Civil, Mat. Const. e Decoração",Categoria A,BOLSA,consolidado,padrao,dva,17.47664730646641,0.06694743799719693,386103381.8998714,24.741636515789807,51.082251082251084,120609043.9209723,7.728668706619839,213804747.72705382,43.506493506493506,104474221.8395837,6.694743799719694,-16134822.081388608,42.2077922077922,0.24741636515789805,0.24741636515789805,83.98268398268398,0.4462499999999999,44.62499999999999,0.75,0.7,0.85,0.08658008658008658,9.151734143824188e-05,0.1081474734757728,8.658008658008658,0.85,0.7,0.8662221210213659,51689590.251845285,265494337.97889912,-16134822.081388608,liquido,0.9194537553737732,1560541000.0,144542000.0,120117000.0,104097000.0,1027729000.0,0.0,1378328000.0,132899684.70923592,110442026.73423152,944949288.5565325,104097000.0,71381000.0,1065001000.0,363597000.0,6466534000.0,-28991000.0,-0.018577531766227225,33889419.600855164,30040231.271710973,30968857.5,80320689.52730528,0.0,210884184.0,0.021716455768131155,0.01924988274688776,0.01984494960401553,0.051469772038866816,0.0,0.1351353049999968,0.011038525429542317,2.929069821808211,False,True,86149317.0864088,74624444.17113122,120609043.9209723,104474221.8395837,155068770.75553584,134323999.5080362
9415,222.0,SAO PAULO TURISMO S.A.,outros,padrao,Emp. Adm. Part. - Hospedagem e Turismo,Categoria A,BOLSA,individual,padrao,dva,17.397718036086022,0.06665270480411796,77330885.75997218,10.646343314133356,17.532467532467532,54131620.03198053,7.45244031989335,0.0,25.541125541125542,48413925.31422393,6.665270480411796,-5717694.717756599,25.757575757575758,0.10646343314133355,0.10646343314133355,20.562770562770563,1.0,100.0,1.0,1.0,1.0,0.2619047619047619,0.001484093351592462,0.2958281174196486,26.190476190476193,1.0,0.7,0.8943742176129472,23199265.72799166,23199265.727991655,-5717694.717756599,liquido,0.9289335019049154,726361000.0,42711000.0,0.0,41877000.0,546554000.0,0.0,0.0,39675678.79986084,0.0,507712321.20013916,41877000.0,91089000.0,-86732000.0,153000000.0,556434000.0,34676000.0,0.047739347239182724,11902703.639958253,0.0,14656950.0,50771232.12001392,0.0,0.0,0.016386760357395638,0.0,0.020178602650748043,0.06989807013318987,0.0,0.0,0.16370135541681494,-0.566875816993464,False,True,38665442.87998609,34581375.22444566,54131620.03198053,48413925.31422393,69597797.18397497,62246475.40400219
27243,223.0,CLI SUL S.A.,outros,padrao,Serviços Transporte e Logística,Categoria B,,consolidado,padrao,dva,17.38852545668084,0.06661837839684642,82930121.05728203,11.12263190851934,18.181818181818183,58051084.74009742,7.785842335963538,0.0,26.83982683982684,49670529.69593191,6.661837839684644,-8380555.044165507,26.406926406926406,0.11122631908519337,0.11122631908519337,23.593073593073594,1.0,100.0,1.0,1.0,1.0,0.027056277056277056,0.0,0.03756549578285064,2.7056277056277054,1.0,0.7,0.8556348243674275,24879036.317184612,24879036.317184612,-8380555.044165507,liquido,0.6915979787889468,745598000.0,94554000.0,0.0,121639000.0,299863000.0,0.0,0.0,65393355.28641008,0.0,207384644.71358997,121639000.0,0.0,0.0,405151000.0,0.0,416477000.0,0.5585811657220111,19618006.585923024,0.0,42573650.0,20738464.471359,0.0,0.0,0.026311774690815994,0.0,0.05710000563306231,0.027814538761315073,0.0,0.0,,0.0,False,True,41465060.528641015,35478949.782808505,58051084.74009742,49670529.69593191,74637108.95155384,63862109.60905532
8745,224.0,METANOR SA METANOL DO NE,commodities,cvm,Petroquímicos e Borracha,Categoria A,,consolidado,padrao,dva,17.33968304630984,0.06643599384550139,45380392.280237466,10.82219658649156,10.38961038961039,31766274.596166223,7.575537610544092,0.0,18.398268398268396,27858405.991252556,6.6435993845501375,-3907868.604913667,18.398268398268396,0.10822196586491561,0.10822196586491561,22.07792207792208,1.0,100.0,1.0,1.0,1.0,0.15151515151515152,0.0003697607828106329,0.17987054833193145,15.151515151515152,0.75,0.7,0.8769805822497897,13614117.684071241,13614117.684071243,-3907868.604913667,liquido,0.9423384986918897,419327000.0,19751000.0,33530000.0,21489000.0,319394000.0,4000.0,39962000.0,18612127.687663514,31596609.861139063,300977262.4511974,21489000.0,38378000.0,-38378000.0,43246000.0,177412000.0,26457000.0,0.06309395769888416,4187728.7297242903,7583186.366673375,5640862.499999999,22573294.683839805,449.99999999999994,5394870.0,0.009986785324399073,0.01808418338593359,0.01345218051782976,0.05383219941439451,1.0731481636050145e-06,0.01286554407419508,0.21632133113881813,-0.8874346760394025,False,True,22690196.140118733,19898861.422323257,31766274.596166223,27858405.991252556,40842353.05221372,35817950.56018186
26093,225.0,CLEAR SALE S.A.,tecnologia,cvm,Comunicação e Informática,Categoria A,,consolidado,padrao,dva,17.278499258686054,0.06620752482502118,183193753.6024947,38.60156299570452,31.16883116883117,32058906.88043657,6.755273524248291,137395315.201871,18.614718614718615,31420502.301359255,6.62075248250212,-638404.5790773146,19.696969696969695,0.3860156299570452,0.3860156299570452,96.53679653679653,0.25,25.0,1.0,0.25,1.0,0.854978354978355,0.07554913554064795,0.867243429632366,85.4978354978355,1.2,0.7,0.980086514444855,13739531.520187104,151134846.72205812,-638404.5790773146,liquido,0.4367361453033536,474576000.0,235900000.0,0.0,308877000.0,312470000.0,0.0,0.0,103026056.67706111,0.0,136466943.3229389,308877000.0,357630000.0,-352495000.0,-27873000.0,869503000.0,68813000.0,0.14499890428508816,37089380.403742,0.0,129728340.0,16376033.198752666,0.0,0.0,0.07815266765226644,0.0,0.27335630120360066,0.03450666110117803,0.0,0.0,0.41130392879610533,12.646467908011337,False,True,22899219.200311836,22443215.929542325,32058906.88043657,31420502.301359255,41218594.56056131,40397788.67317619
22691,226.0,COMPANHIA DE LOCAÇÃO DAS AMÉRICAS,outros,padrao,Serviços Transporte e Logística,Categoria B,,consolidado,padrao,dva,17.191417219169345,0.06588234802504703,962187042.5915494,11.315220300398913,72.2943722943723,606177836.832676,7.128588789251314,96218704.25915492,77.05627705627705,560228965.2546347,6.588234802504703,-45948871.578041315,77.05627705627705,0.11315220300398914,0.11315220300398914,24.458874458874458,0.9,90.0,0.9,1.0,1.0,0.461038961038961,0.008037751407466277,0.49466016091770953,46.103896103896105,1.0,0.7,0.9241990241376564,259790501.49971837,356009205.75887334,-45948871.578041315,liquido,0.9580567589007752,8503476000.0,201916000.0,323727000.0,320303000.0,7110939000.0,76873000.0,0.0,193446988.53020895,310148840.3886713,6812683171.08112,320303000.0,975088000.0,-344589000.0,2532178000.0,19156054000.0,1990036000.0,0.2340261794118076,58034096.55906268,99247628.9243748,112106050.0,681268317.108112,11530950.0,0.0,0.006824749850421484,0.011671418714461571,0.01318355576002096,0.0801164508617549,0.0013560278173302305,0.0,0.05090234136946993,-0.13608403516656412,False,True,432984169.16619724,400163546.6104534,606177836.832676,560228965.2546347,779371504.499155,720294383.8988162
22357,227.0,ALLOS S.A.,varejo,cvm,Emp. Adm. Part. - Comércio (Atacado e Varejo),Categoria A,BOLSA,consolidado,padrao,dva,17.186402982261086,0.06586362414672275,373457707.73056304,13.630599497875906,49.78354978354979,196065296.55854556,7.156064736384849,93364426.93264076,54.97835497835498,180456318.89115003,6.5863624146722755,-15608977.667395532,54.32900432900433,0.13630599497875906,0.13630599497875906,38.52813852813853,0.75,75.0,0.75,1.0,1.0,0.43506493506493504,0.0060608770121357534,0.4692592062823433,43.506493506493506,1.1,0.7,0.9203888809423515,84027984.2393767,177392411.17201748,-15608977.667395532,liquido,0.7721312730949459,2739848000.0,704220000.0,0.0,324303000.0,718981000.0,49074000.0,0.0,543750285.1389228,0.0,555147714.8610773,324303000.0,47771000.0,-47771000.0,2071935000.0,27288790000.0,1679910000.0,0.6131398530137439,179437594.09584454,0.0,124856655.0,61066248.634718515,8097210.0,0.0,0.06549180614977347,0.0,0.045570650269649994,0.02228818848152106,0.002955350077814536,0.0,0.001750572304598335,-0.023056225219420492,False,True,140046640.39896113,128897370.63653575,196065296.55854556,180456318.89115003,252083952.71813002,232015267.14576435
2577,228.0,CESP - CIA ENERGETICA DE SAO PAULO,utilities,cvm,Energia Elétrica,Categoria B,BOLSA,consolidado,padrao,dva,17.171290662994544,0.06580719258349163,144931439.96120477,9.860026162601718,27.48917748917749,101452007.97284333,6.902018313821203,0.0,37.878787878787875,96729268.4993559,6.58071925834916,-4722739.473487437,38.52813852813853,0.0986002616260172,0.0986002616260172,19.047619047619047,1.0,100.0,1.0,1.0,1.0,0.6645021645021645,0.027887013343016756,0.6896569082035572,66.45021645021644,0.9,0.7,0.9534485362305336,43479431.98836143,43479431.98836143,-4722739.473487437,liquido,0.9242088840736729,1469889000.0,128753000.0,0.0,87444000.0,1024997000.0,0.0,0.0,118994666.4511376,0.0,947311333.5488625,87444000.0,1855465000.0,2164441000.0,2392181000.0,14493499000.0,633365000.0,0.43089308104217394,32128559.941807155,0.0,27544860.0,85258020.01939763,0.0,0.0,0.021857813713693452,0.0,0.01873941501705231,0.058003032895271436,0.0,0.0,0.1280205007776245,0.9047981737167882,False,True,72465719.98060238,69092334.64239708,101452007.97284333,96729268.4993559,130438295.9650843,124366202.35631475
26255,229.0,TIGRE S.A. PARTICIPAÇÕES,construcao,cvm,"Construção Civil, Mat. Constr. e Decoração",Categoria B,,consolidado,padrao,dva,17.10682897005964,0.06556648339539935,925098044.6694704,19.180139953936685,71.42857142857143,339973531.4160303,7.048701433071729,439421571.21799856,67.31601731601732,316240787.24455726,6.556648339539935,-23732744.171473026,66.88311688311688,0.19180139953936684,0.19180139953936684,67.09956709956711,0.5249999999999999,52.49999999999999,0.75,0.7,1.0,0.5021645021645021,0.01055559799925399,0.5346158454821804,50.21645021645021,0.85,0.7,0.930192376822327,145702942.03544158,585124513.2534401,-23732744.171473026,liquido,0.8444729126169982,4823208000.0,559560000.0,1016654000.0,706330000.0,2965310000.0,0.0,967950000.0,472533262.9839675,858536764.5037217,2504123972.512311,706330000.0,150959000.0,1898325000.0,579018000.0,5117891000.0,127348000.0,0.026403173987105677,120495982.06091172,233521999.94501233,210133175.0,212850537.66354644,0.0,148096350.0,0.024982539019862242,0.048416323729976465,0.04356709787344854,0.04413049108882438,0.0,0.030704947827255222,0.029496329640471046,3.2785250199475664,False,True,242838236.72573593,225886276.6032552,339973531.4160303,316240787.24455726,437108826.1063247,406595297.8858594
23230,230.0,RAIZEN ENERGIA S.A.,commodities,cvm,"Agricultura (Açúcar, Álcool e Cana)",Categoria B,BALCÃO ORGANIZADO,consolidado,padrao,dva,17.036220967430726,0.06530282300716243,6795908426.265234,10.15701395767573,94.58874458874459,4757135898.385663,7.109909770373009,0.0,95.45454545454545,4369315696.350949,6.530282300716244,-387820202.03471375,95.45454545454545,0.10157013957675728,0.10157013957675728,19.480519480519483,1.0,100.0,1.0,1.0,1.0,0.42207792207792205,0.005820376329849332,0.4565074303548613,42.2077922077922,0.75,0.7,0.9184761145532292,2038772527.8795705,2038772527.879571,-387820202.03471375,liquido,0.9450461790788535,66908527000.0,1714984000.0,2376100000.0,3571189000.0,60894188000.0,5430000.0,4727273000.0,1620739076.3813684,2245524226.109264,57547819697.50937,3571189000.0,13902766000.0,16001370000.0,9686595000.0,95357889000.0,11684722000.0,0.17463726260182055,364666292.1858078,538925814.2662233,937437112.4999999,4316086477.313203,610874.9999999999,638181855.0,0.005450221496967163,0.008054665652200404,0.014010727100598102,0.06450727090903081,9.130002219298595e-06,0.00953812441574151,0.14579565619368945,1.65190864282031,False,True,3397954213.132617,3120939783.1078215,4757135898.385663,4369315696.350949,6116317583.638711,5617691609.594079
6343,231.0,TUPY S.A.,commodities,cvm,Metalurgia e Siderurgia,Categoria A,BOLSA,consolidado,padrao,dva,16.952629636501676,0.0649906810126944,1562611649.5042555,14.651622435251541,79.65367965367966,765679708.2570852,7.179294993273255,468783494.85127676,81.6017316017316,693132761.9752972,6.499068101269441,-72546946.28178799,81.6017316017316,0.1465162243525154,0.1465162243525154,42.857142857142854,0.7,70.0,1.0,0.7,1.0,0.3333333333333333,0.002388630635252978,0.3683438344654889,33.33333333333333,0.75,0.7,0.9052515751698234,328148446.3958937,796931941.2471703,-72546946.28178799,liquido,0.7759866598822811,10665110000.0,449573000.0,561747000.0,2184094000.0,8738519000.0,8105000.0,2197704000.0,348862650.6432568,435908178.2288918,6780974171.1278515,2184094000.0,2376203000.0,2394109000.0,946765000.0,11510863000.0,1353491000.0,0.12690830193031297,78494096.39473277,104617962.77493402,573324674.9999999,508573062.83458894,911812.4999999999,296690040.0,0.007359895621773499,0.009809365564437124,0.05375703344831886,0.04768568377021793,8.549489878679169e-05,0.02781875104898121,0.20643135097689896,2.5287257133501977,False,True,546914077.3264894,495094829.9823551,765679708.2570852,693132761.9752972,984445339.1876811,891170693.9682393
21733,232.0,CIELO S.A. -  INSTITUIÇÃO DE PAGAMENTO,financeiro,cvm,Intermediação Financeira,Categoria B,BOLSA,consolidado,padrao,dva,16.897816344518965,0.06478600033477382,1936159602.2303534,18.806340693948766,82.90043290043289,711538653.8196547,6.91133020502617,919675811.059418,80.95238095238095,666988005.1605798,6.478600033477382,-44550648.6590749,80.95238095238095,0.18806340693948767,0.18806340693948767,64.93506493506493,0.5249999999999999,52.49999999999999,0.75,0.7,1.0,0.551948051948052,0.01508779686042648,0.5825886298664656,55.1948051948052,1.25,0.7,0.9373882944799699,304945137.3512807,1224620948.4106987,-44550648.6590749,liquido,0.8027324378199306,10295249000.0,1959328000.0,192022000.0,1585959000.0,5888284000.0,0.0,0.0,1572816141.928849,154142288.17505872,4726716569.896092,1585959000.0,1361042000.0,6243124000.0,2896461000.0,112647593000.0,4688449000.0,0.4553992817463667,589806053.2233183,61656915.270023495,693857062.5,590839571.2370116,0.0,0.0,0.057289148929114624,0.005988870717942178,0.0673958505034701,0.05738953678896077,0.0,0.0,0.01208229988544895,2.1554317492968145,False,True,508241895.5854677,476420003.6861285,711538653.8196547,666988005.1605798,914835412.0538418,857556006.6350312
25569,233.0,ELETROMIDIA S.A.,tecnologia,cvm,Emp. Adm. Part. - Comunicação e Informática,Categoria A,BOLSA,consolidado,padrao,dva,16.891267341274858,0.06476154541927392,211594267.64066547,17.822862200161005,34.41558441558442,77760893.35794453,6.549901858559168,100507277.12931612,31.601731601731604,76885360.05257994,6.476154541927393,-875533.3053645939,33.116883116883116,0.17822862200161005,0.17822862200161005,61.038961038961034,0.5249999999999999,52.49999999999999,0.75,0.7,1.0,0.9177489177489178,0.0993724811259067,0.9249379932460056,91.77489177489177,1.2,0.7,0.9887406989869009,33326097.15340481,133833374.28272094,-875533.3053645939,liquido,0.8160893842003502,1187207000.0,228288000.0,52823000.0,161228000.0,595554000.0,10737000.0,0.0,186303413.34032953,43108289.5416151,486025297.11805534,161228000.0,10447000.0,1347148000.0,408714000.0,3060147000.0,278635000.0,0.23469790862082182,67069228.80251863,16553583.183980199,67715760.0,58323035.65416664,1932660.0,0.0,0.056493289546404826,0.013943299849125046,0.057037871238966746,0.049126256545123675,0.0016279048219897626,0.0,0.003413888287065948,3.296065219199734,False,True,55543495.255674675,54918114.323271394,77760893.35794453,76885360.05257994,99978291.46021442,98852605.78188851
14460,234.0,CYRELA BRAZIL REALTY S.A.EMPREEND E PART,construcao,cvm,"Construção Civil, Mat. Constr. e Decoração",Categoria A,BOLSA,consolidado,padrao,dva,16.87276690542508,0.06469246214376563,1567251013.4986572,19.675023846008745,79.87012987012987,575964747.4607563,7.230571263408211,744444231.4118624,75.75757575757575,515319969.38904804,6.469246214376562,-60644778.07170826,74.45887445887446,0.1967502384600875,0.1967502384600875,69.6969696969697,0.5249999999999999,52.49999999999999,0.75,0.7,1.0,0.26406926406926406,0.0014873290578835366,0.29804988541316574,26.406926406926406,0.85,0.7,0.8947074828119749,246842034.6260385,991286266.0379009,-60644778.07170826,liquido,0.9418101424762003,7965688000.0,462436000.0,659284000.0,378673000.0,5385823000.0,115351000.0,4763287000.0,435526915.04612416,620920357.9722792,5072422726.981597,378673000.0,531729000.0,5442851000.0,2066992000.0,21240962000.0,63449000.0,0.007965288120749897,111059363.33676167,168890337.36845994,112655217.5,431155931.79343575,14707252.5,728782911.0,0.013942218592639036,0.021202228529219318,0.014142559625734777,0.0541266406358667,0.0018463254523651944,0.09149026562426246,0.025033188233188307,2.6332230603698514,False,True,411403391.0433974,368085692.4207487,575964747.4607563,515319969.38904804,740526103.8781154,662554246.3573477
23612,235.0,MAESTRO LOCADORA DE VEICULOS S.A.,outros,padrao,Serviços Transporte e Logística,Categoria A,BOLSA,individual,padrao,dva,16.658649473474068,0.06389291700533148,17823261.39944411,14.216528196094849,3.463203463203463,8733398.085727613,6.9660988160864745,5346978.419833234,7.142857142857142,8010255.00495841,6.389291700533149,-723143.0807692036,7.142857142857142,0.14216528196094846,0.14216528196094846,40.909090909090914,0.7,70.0,1.0,0.7,1.0,0.4134199134199134,0.005478768071537188,0.44798647393925206,41.34199134199134,1.0,0.7,0.9171979710908877,3742884.8938832637,9089863.313716497,-723143.0807692036,liquido,0.8908433594433323,125370000.0,16490000.0,0.0,11232000.0,86408000.0,7510000.0,3672000.0,14690006.99722055,0.0,76975993.00277945,11232000.0,26987000.0,155149000.0,46897000.0,264366000.0,37533000.0,0.29937784158889685,4407002.099166165,0.0,3931199.9999999995,7697599.300277946,1126500.0,660960.0,0.03515196697109488,0.0,0.03135678391959799,0.06139905320473754,0.008985403206508735,0.005272074659009332,0.10208196212826158,3.30829264132034,False,True,6238141.489805439,5721610.717827436,8733398.085727613,8010255.00495841,11228654.68164979,10298899.292089384
5312,236.0,MUNDIAL S.A. - PRODUTOS DE CONSUMO,industria,cvm,Têxtil e Vestuário,Categoria A,BOLSA,consolidado,padrao,dva,16.6510539961299,0.06386455440575572,217201505.87647817,22.39236952065797,35.28138528138528,67848320.39816485,6.994816429015531,120275333.8790998,29.004329004329005,61947340.48249495,6.386455440575574,-5900979.915669903,29.653679653679653,0.22392369520657968,0.22392369520657968,76.62337662337663,0.4462499999999999,44.62499999999999,0.75,0.7,0.85,0.3852813852813853,0.004135047139330274,0.4201792192702521,38.52813852813853,1.0,0.7,0.9130268828905378,29077851.599213514,149353185.47831333,-5900979.915669903,liquido,0.7842803107570185,969980000.0,53373000.0,208606000.0,185067000.0,595926000.0,4141000.0,223100000.0,41859393.02603435,163605578.5057786,467373028.46818703,185067000.0,1728000.0,498755000.0,149009000.0,1448472000.0,-46162000.0,-0.047590671972617994,12557817.907810304,52353785.12184916,64773449.99999999,46737302.84681871,621150.0,40158000.0,0.012946470966216112,0.05397408722019954,0.06677812944596796,0.048183779920017634,0.0006403740283304811,0.04140085362584795,0.0011929812933905522,3.3471468166352367,False,True,48463085.99868918,44248100.34463925,67848320.39816485,61947340.48249495,87233554.79764053,79646580.62035066
14206,237.0,BRB BANCO DE BRASILIA S.A.,financeiro,cvm,Bancos,Categoria A,BOLSA,consolidado,financeiro,dre,16.589835260658667,0.06363595488501093,1016164187.5,11.405585179220585,72.94372294372295,640183438.125,7.185518662908969,101616418.74999997,78.35497835497836,566955376.4705014,6.363595488501093,-73228061.65449858,77.27272727272727,0.11405585179220586,0.11405585179220586,25.324675324675322,0.9,90.0,0.9,1.0,1.0,0.20562770562770563,0.0008391055658598948,0.23742626156265076,20.562770562770563,1.25,0.7,0.8856139392343976,274364330.62500006,375980749.375,-73228061.65449858,liquido,1.0,8909356000.0,751600000.0,,1396901000.0,,246340000.0,,751600000.0,0.0,0.0,1396901000.0,2029253000.0,-2029253000.0,595942000.0,62504412000.0,1476678000.0,0.16574463967990505,281850000.0,0.0,611144187.5,0.0,123170000.0,0.0,0.03163528317871685,0.0,0.06859577588997454,0.0,0.013824792723514471,0.0,0.032465756177339926,,False,True,457273884.375,404968126.0503582,640183438.125,566955376.4705014,823092991.875,728942626.8906448
27600,238.0,PORTO SERVIÇO S.A,outros,padrao,Emp. Adm. Part. - Sem Setor Principal,Categoria A,,consolidado,padrao,dva,16.57322451208009,0.06357392797225217,279263417.4610512,12.329015366757947,42.857142857142854,146613294.16705188,6.472733067547922,69815854.3652628,47.4025974025974,144000732.08459663,6.357392797225217,-2612562.0824552476,48.701298701298704,0.12329015366757945,0.12329015366757945,31.16883116883117,0.75,75.0,0.75,1.0,1.0,0.8701298701298701,0.07910284984979372,0.8812039477821402,87.01298701298701,1.0,0.7,0.982180592167321,62834268.92873654,132650123.29399934,-2612562.0824552476,liquido,0.9260369671050628,2265091000.0,331411000.0,0.0,136005000.0,1507413000.0,0.0,0.0,306898837.30525595,0.0,1395920162.694744,136005000.0,36557000.0,-36557000.0,457890000.0,1658719000.0,219721000.0,0.09700316676018755,92069651.19157678,0.0,47601750.0,139592016.26947442,0.0,0.0,0.04064721955611355,0.0,0.021015380839003818,0.06162755327246209,0.0,0.0,0.02203929658971773,-0.07983795234663348,False,True,104723781.54789421,102857665.7747119,146613294.16705188,144000732.08459663,188502806.78620958,185143798.39448142
20478,239.0,PDG REALTY S.A. EMPREEND E PARTICIPACOES,construcao,cvm,"Emp. Adm. Part. - Const. Civil, Mat. Const. e Decoração",Categoria A,BOLSA,consolidado,padrao,dva,16.540152932545077,0.06345043396059409,64724949.39421955,53.95769196300242,14.935064935064934,8665052.600151142,7.223586011546948,52346302.822575055,6.70995670995671,7611196.805743064,6.345043396059409,-1053855.7944080783,6.70995670995671,0.5395769196300242,0.5395769196300242,98.91774891774891,0.19125,19.125,0.9,0.25,0.85,0.16017316017316016,0.0004335546619283644,0.18919069274532677,16.017316017316016,0.85,0.7,0.878378603911799,3713593.971493347,56059896.7940684,-1053855.7944080783,liquido,0.8470514316488645,119955000.0,50809000.0,43955000.0,32376000.0,116915000.0,0.0,167147000.0,43037836.190647155,37232145.67812584,99033018.131227,32376000.0,17439000.0,188040000.0,-152845000.0,534650000.0,-48114000.0,-0.40110041265474555,10974648.228615025,10127143.624450231,9631860.0,8417806.541154295,0.0,25573491.0,0.09148971054658017,0.08442452273311017,0.08029561085407028,0.07017470335671123,0.0,0.2131923721395523,0.032617600299261196,-1.2302659557067617,False,True,6189323.285822244,5436569.146959332,8665052.600151142,7611196.805743064,11140781.91448004,9785824.464526797
27774,240.0,BTG PACTUAL COMMODITIES SERTRADING S.A.,varejo,cvm,Comércio (Atacado e Varejo),Categoria B,,consolidado,padrao,dva,16.441676300709457,0.06308270812194518,2149339120.3674364,13.459603109983028,84.63203463203463,1150971098.956762,7.207617465395912,505094693.2863475,86.14718614718615,1007356095.6983398,6.308270812194516,-143615003.25842226,85.28138528138528,0.1345960310998303,0.1345960310998303,37.22943722943723,0.765,76.5,0.9,1.0,0.85,0.1406926406926407,0.00030884709449554453,0.16815169735889676,14.06926406926407,1.1,0.7,0.8752227546038345,493273328.1243267,998368021.4106743,-143615003.25842226,liquido,0.99608644083885,15968815000.0,129907000.0,12039000.0,61102000.0,15470952000.0,0.0,1938119000.0,129398601.2700525,11991884.661258915,15410405514.068687,61102000.0,333166000.0,-180530000.0,368156000.0,7063042000.0,-946650000.0,-0.05928116770092208,42701538.419117324,4221143.400763138,23524270.0,1695144606.547556,0.0,383747562.0,0.002674058057477485,0.0002643366712409868,0.0014731381132538639,0.10615343759368218,0.0,0.02403106066417577,0.04717032689314321,-0.49036278099501296,False,True,822122213.5405444,719540068.355957,1150971098.956762,1007356095.6983398,1479819984.3729799,1295172123.0407228
27073,241.0,SOLVI ESSENCIS AMBIENTAL S.A.,utilities,cvm,"Saneamento, Serv. Água e Gás",Categoria B,,consolidado,padrao,dva,16.333386427435368,0.06267833823515447,392108077.8894423,14.6134822114779,51.515151515151516,172919662.34924406,6.444545655261753,145079988.81909364,51.082251082251084,168178141.08253703,6.267833823515446,-4741521.266707033,52.38095238095239,0.14613482211477902,0.14613482211477902,42.64069264069264,0.63,63.0,0.9,0.7,1.0,0.8008658008658008,0.05976760028852201,0.8171975277501747,80.08658008658008,0.9,0.7,0.9725796291625262,74108426.72110462,219188415.54019827,-4741521.266707033,liquido,0.662990214457562,2683194000.0,260875000.0,15338000.0,696609000.0,1790816000.0,9615000.0,91942000.0,172957572.1966165,10168943.909350086,1187293483.8940334,696609000.0,518983000.0,1924415000.0,930773000.0,6838993000.0,376805000.0,0.14043151557434908,46698544.49308646,2928655.845892825,219431835.0,106856413.55046302,1298025.0,14894604.0,0.01740408799851463,0.0010914812145125642,0.08178008559947585,0.03982433381651235,0.0004837611443674964,0.0055510723413961125,0.07588587969018246,2.067544933082502,False,True,123514044.53517434,120127243.6303836,172919662.34924406,168178141.08253703,222325280.1633138,216229038.53469047
25887,242.0,ARANDU INVESTIMENTOS S.A.,financeiro,cvm,Emp. Adm. Part. - Intermediação Financeira,Categoria A,BOLSA,consolidado,padrao,dva,16.289164398332233,0.06251320684879824,32251802.51607071,53.67785519617654,7.35930735930736,4233049.08023428,7.045218494498169,26204589.54430745,3.2467532467532463,3756043.5203031925,6.251320684879823,-477005.5599310873,3.2467532467532463,0.5367785519617654,0.5367785519617654,98.7012987012987,0.1875,18.75,0.75,0.25,1.0,0.21645021645021645,0.0008818519249045169,0.24875969875802917,21.645021645021643,1.25,0.7,0.8873139548137043,1814163.8915289775,28018753.435836427,-477005.5599310873,liquido,0.6877200860255713,60084000.0,50454000.0,25066000.0,26427000.0,9106000.0,0.0,0.0,34698229.22033417,17238391.676316973,6262379.103348852,26427000.0,2216000.0,-1585000.0,-32733000.0,1115380000.0,21900000.0,0.36448971439984024,13011835.957625315,6895356.6705267895,11561812.5,782797.3879186065,0.0,0.0,0.21656074758047594,0.114761944453212,0.192427476532854,0.013028383395223463,0.0,0.0,0.0019867668417938283,0.04842208169125958,False,True,3023606.485881629,2682888.228787995,4233049.08023428,3756043.5203031925,5442491.674586932,4829198.811818391
21881,243.0,FLEURY S.A.,saude_educacao,cvm,Serviços Médicos,Categoria A,BOLSA,consolidado,padrao,dva,16.187810211910243,0.062134735809447325,1317643719.4236784,17.146417549870183,77.48917748917748,484234066.8882017,6.301308449577291,625880766.7262473,72.94372294372295,477484256.75069165,6.213473580944733,-6749810.137510061,72.94372294372295,0.17146417549870183,0.17146417549870183,56.493506493506494,0.5249999999999999,52.49999999999999,0.75,0.7,1.0,0.8982683982683982,0.0897771850676866,0.9070723492478768,89.82683982683982,1.05,0.7,0.9860608523871816,207528885.80922934,833409652.5354767,-6749810.137510061,liquido,0.7393256551364911,7684659000.0,757899000.0,170402000.0,1686520000.0,5541534000.0,123972000.0,155036000.0,560334174.7022915,125982570.28656834,4096998255.01114,1686520000.0,21788000.0,5369774000.0,1977703000.0,13062410000.0,1930488000.0,0.25121322884984226,176505265.0312218,42330143.61628696,619796100.0,430184816.7761697,19525590.0,29301804.0,0.02296852274528015,0.005508395833346277,0.08065368938296416,0.055979688464532995,0.0025408531465091685,0.003813025926069068,0.0016679923536315274,2.715156927000667,False,True,345881476.34871554,341060183.3933512,484234066.8882017,477484256.75069165,622586657.427688,613908330.1080322
25984,244.0,COMPANHIA BRASILEIRA DE ALUMÍNIO,commodities,cvm,Extração Mineral,Categoria A,BOLSA,consolidado,padrao,dva,16.173769568220603,0.06208230603621379,1109938351.2586195,13.57947168099119,75.10822510822511,543869792.1167235,6.653941123685682,332981505.3775859,73.80952380952381,507438978.65059286,6.20823060362138,-36430813.466130674,73.80952380952381,0.1357947168099119,0.1357947168099119,38.095238095238095,0.7,70.0,1.0,0.7,1.0,0.5216450216450217,0.012551778281242999,0.5534370665652267,52.16450216450217,0.75,0.7,0.933015559984784,233087053.76431012,566068559.141896,-36430813.466130674,liquido,0.8835919086496243,8173649000.0,427897000.0,42751000.0,906203000.0,7314060000.0,11341000.0,2162597000.0,378086326.9354483,37774437.68668009,6462644235.3778715,906203000.0,1141965000.0,3671139000.0,1303103000.0,13833020000.0,647080000.0,0.0791665998870272,85069423.56047586,9065865.044803223,237878287.49999997,484698317.65334046,1275862.4999999998,291950595.0,0.010407765682191131,0.0011091576167270238,0.029103071039629908,0.05930011401925143,0.00015609460352408085,0.03571851384858831,0.08255355663477679,2.8172285690386714,False,True,388478422.9405168,362456413.3218521,543869792.1167235,507438978.65059286,699261161.2929304,652421543.9793338
21148,245.0,CONSTRUTORA TENDA S.A.,construcao,cvm,"Construção Civil, Mat. Constr. e Decoração",Categoria A,BOLSA,consolidado,padrao,dva,16.10597231274651,0.06182914138016706,615776335.3281012,18.748512600261087,61.904761904761905,226297803.23307714,6.8900783805959485,292493759.2808481,58.00865800865801,203071693.7781621,6.182914138016707,-23226109.454915047,57.14285714285714,0.18748512600261089,0.18748512600261089,64.71861471861472,0.5249999999999999,52.49999999999999,0.75,0.7,1.0,0.2813852813852814,0.0016706870916595206,0.31576565266100115,28.13852813852814,0.85,0.7,0.8973648478991502,96984772.81417593,389478532.095024,-23226109.454915047,liquido,0.8783098193821488,3284401000.0,240026000.0,285001000.0,355090000.0,2392957000.0,137069000.0,1255988000.0,210817192.70701966,250319176.8337318,2101757630.4592485,355090000.0,92687000.0,1120375000.0,363723000.0,5348937000.0,542184000.0,0.16507850289900655,53758384.140290014,68086816.09877506,105639275.0,178649398.58903614,17476297.5,192166164.0,0.016367789481336176,0.02073036029972438,0.03216393948242008,0.054393296856576324,0.005320999932712236,0.05850873994984169,0.017328115848064766,3.0802973691517996,False,True,161641288.02362654,145051209.84154436,226297803.23307714,203071693.7781621,290954318.4425278,261092177.71477982
22616,246.0,BCO BTG PACTUAL S.A.,financeiro,cvm,Bancos,Categoria A,BOLSA,consolidado,financeiro,dre,16.034385983006057,0.0615618277784636,4464024812.5,12.879465155773003,91.991341991342,2343613026.5625,6.761719206780828,1116006203.125,93.07359307359307,2133733997.352621,6.156182777846361,-209879029.20987892,92.42424242424242,0.12879465155773004,0.12879465155773004,33.98268398268398,0.75,75.0,0.75,1.0,1.0,0.36796536796536794,0.0032257669350103965,0.4029758700743652,36.79653679653679,1.25,0.7,0.9104463805111548,1004405582.8125001,2120411785.9375,-209879029.20987892,liquido,1.0,34660017000.0,0.0,,6505203000.0,,3235997000.0,,0.0,0.0,0.0,6505203000.0,4709224000.0,-4709224000.0,13476103000.0,649216711000.0,7819027000.0,0.2255921282439071,0.0,0.0,2846026312.5,0.0,1617998500.0,0.0,0.0,0.0,0.08211266349061513,0.0,0.04668198806711491,0.0,0.007253701145101916,,False,True,1674009304.6875,1524095712.3947294,2343613026.5625,2133733997.352621,3013216748.4375,2743372282.3105125
25550,247.0,ORIZON VALORIZAÇÃO DE RESÍDUOS S.A.,utilities,cvm,"Saneamento, Serv. Água e Gás",Categoria A,BOLSA,consolidado,padrao,dva,15.996377380384677,0.061419898215944124,118891258.79951201,13.159359360989429,24.242424242424242,58256716.81176088,6.448086086884819,35667377.63985361,27.056277056277057,55491219.70085369,6.1419898215944135,-2765497.1109071895,27.92207792207792,0.13159359360989428,0.13159359360989428,35.064935064935064,0.7,70.0,1.0,0.7,1.0,0.658008658008658,0.027045004525826002,0.6835275241201721,65.80086580086581,0.9,0.7,0.9525291286180259,24967164.347897526,60634541.987751134,-2765497.1109071895,liquido,0.7521819757869102,903473000.0,164183000.0,0.0,162100000.0,489926000.0,9776000.0,0.0,123495493.33062227,0.0,368513506.66937774,162100000.0,493299000.0,1373999000.0,429085000.0,3334198000.0,183957000.0,0.20361095461624198,33343783.199268017,0.0,51061500.0,33166215.600244,1319760.0,0.0,0.03690623095462511,0.0,0.05651690753348467,0.03670969204419391,0.0014607630775905866,0.0,0.14795132142722178,3.2021604111073563,False,True,41611940.5798292,39636585.50060978,58256716.81176088,55491219.70085369,74901493.04369256,71345853.9010976
22675,248.0,HIDROVIAS DO BRASIL S.A.,outros,padrao,Serviços Transporte e Logística,Categoria A,BOLSA,consolidado,padrao,dre,15.959716904620986,0.061283002752074336,320056158.65324426,23.66568609228621,45.67099567099567,89615724.4229084,6.626392105840139,192033695.19194654,35.28138528138528,82879500.61992185,6.128300275207434,-6736223.802986547,34.63203463203463,0.23665686092286206,0.23665686092286206,80.51948051948052,0.4,40.0,1.0,0.4,1.0,0.4653679653679654,0.008522123469027814,0.49888081610935353,46.53679653679654,1.0,0.7,0.924832122416403,38406739.03838932,230440434.23033586,-6736223.802986547,liquido,0.8162626308533685,1352406000.0,302263000.0,1965000.0,303208000.0,1345997000.0,1965000.0,162438000.0,246725991.5896317,1603956.0696268692,1098687052.3407414,303208000.0,988450000.0,4131217000.0,49158000.0,7166688000.0,121882000.0,0.09012234491713288,74017797.4768895,513265.94228059816,106122800.0,109868705.23407415,294750.0,29238840.0,0.054730456295586906,0.0003795206042272795,0.07846963116105665,0.08123943936515672,0.00021794490707672103,0.02161986858975781,0.13792284525292575,84.03956629643191,False,True,64011231.73064885,59199643.29994418,89615724.4229084,82879500.61992185,115220217.11516793,106559357.93989952
21431,249.0,HYPERA S.A.,saude_educacao,cvm,Farmacêutico e Higiene,Categoria A,BOLSA,consolidado,padrao,dva,15.930052968839268,0.06117223336994144,1829411603.8654408,24.580718324617685,82.03463203463204,461011724.1740911,6.194341017803657,1170823426.473882,72.07792207792207,455272266.99985456,6.117223336994144,-5739457.174236536,72.72727272727273,0.24580718324617684,0.24580718324617684,83.54978354978356,0.36000000000000004,36.00000000000001,0.9,0.4,1.0,0.9090909090909091,0.09602031965118568,0.9170020070600324,90.9090909090909,1.05,0.7,0.9875503010590049,197576453.21746767,1368399879.6913497,-5739457.174236536,liquido,0.7126831291129141,7442466000.0,365464000.0,2288299000.0,1642082000.0,3061467000.0,2868000.0,1938600000.0,260460027.09812203,1630832091.6659522,2181855881.2359257,1642082000.0,1739327000.0,7640714000.0,2101005000.0,24559083000.0,2539599000.0,0.34123085009726617,82044908.53590845,547959582.79976,603465135.0,229094867.52977222,451710.0,366395400.0,0.011023887584559801,0.07362607807677723,0.08108402980947443,0.030782118121839216,6.0693592688229946e-05,0.0492303760608379,0.07082214755331052,3.6366948198600193,False,True,329294088.6957794,325194476.4284676,461011724.1740911,455272266.99985456,592729359.6524029,585350057.5712416
20710,250.0,LOG-IN LOGISTICA INTERMODAL S.A.,outros,padrao,Serviços Transporte e Logística,Categoria A,BOLSA,consolidado,padrao,dre,15.905810616747578,0.0610817089573212,421018493.4782054,15.05920021197148,53.896103896103895,185669155.62388855,6.641107293479422,155776842.586936,53.03030303030303,170769554.30768445,6.108170895732119,-14899601.3162041,52.5974025974026,0.15059200211971482,0.15059200211971482,45.887445887445885,0.63,63.0,0.9,0.7,1.0,0.43073593073593075,0.0060386085723158015,0.4650125105185731,43.073593073593074,1.0,0.7,0.9197518765777859,79572495.26738083,235349337.85431683,-14899601.3162041,liquido,0.8049836782706052,2795756000.0,188559000.0,0.0,495375000.0,2351613000.0,0.0,71112000.0,151786917.39102706,0.0,1893010082.6089728,495375000.0,289792000.0,1399353000.0,630014000.0,3812832000.0,1057443000.0,0.378231505181425,45536075.21730812,0.0,173381250.0,189301008.26089728,0.0,12800160.0,0.016287571310696684,0.0,0.062015873345170315,0.06771013216493045,0.0,0.004578425298917359,0.07600439778096701,2.22114587929792,False,True,132620825.4456347,121978253.07691748,185669155.62388855,170769554.30768445,238717485.80214244,219560855.53845146
22810,251.0,ELDORADO BRASIL CELULOSE S.A.,commodities,cvm,Papel e Celulose,Categoria B,,consolidado,padrao,dre,15.757966980402028,0.06052963965772511,671387180.1357417,10.534257074918633,63.63636363636363,422973923.48551726,6.6365819571987394,67138718.01357415,70.34632034632034,385777789.50535554,6.052963965772512,-37196133.98016173,70.12987012987013,0.10534257074918632,0.10534257074918632,20.346320346320347,0.9,90.0,0.9,1.0,1.0,0.3787878787878788,0.0037670579276568566,0.4137363729400157,37.878787878787875,0.75,0.7,0.9120604559410024,181274538.6366503,248413256.65022445,-37196133.98016173,liquido,0.8434360573444573,6373370000.0,471539000.0,636665000.0,611300000.0,2796271000.0,15426000.0,843983000.0,397712995.044148,536986217.4492089,2358475787.506643,611300000.0,1181898000.0,966174000.0,3283530000.0,16725068000.0,3171145000.0,0.49756172950887834,89485423.8849333,128876692.18781012,160466249.99999997,176885684.06299824,1735424.9999999998,113937705.00000001,0.014040519204899966,0.02022112197908016,0.025177614040923398,0.027753870254354957,0.00027229315103312687,0.017877152118894714,0.07066625977245652,0.29424856785228093,False,True,302124231.0610838,275555563.9323968,422973923.48551726,385777789.50535554,543823615.9099509,496000015.0783143
27189,252.0,VOTORANTIM CIMENTOS S.A.,construcao,cvm,"Construção Civil, Mat. Constr. e Decoração",Categoria A,,consolidado,padrao,dva,15.70185904224846,0.060320124585694385,3779460963.080105,14.227448040687966,90.25974025974025,1666742284.718326,6.274304585943392,1398400556.3396387,90.6926406926407,1602378413.2458975,6.0320124585694375,-64363871.47242856,91.12554112554112,0.14227448040687968,0.14227448040687968,41.34199134199134,0.63,63.0,0.9,0.7,1.0,0.7207792207792207,0.036409174017017425,0.7425561945496738,72.07792207792207,0.85,0.7,0.961383429182451,714318122.0221399,2112718678.3617787,-64363871.47242856,liquido,0.8372852344918458,26564574000.0,1508808000.0,1012808000.0,3777428000.0,20693413000.0,21829000.0,4100377000.0,1263302660.0831728,848009183.7752173,17326289156.14161,3777428000.0,4070984000.0,10435310000.0,5189504000.0,51329750000.0,3165124000.0,0.11914830631200786,322142178.3212091,230658497.9868591,1123784830.0,1472734578.2720368,2783197.5,627357681.0,0.012126758679480765,0.00868293607820924,0.0423038905122288,0.05543979656033772,0.0001047710194787991,0.02361632755714434,0.07931041939615915,2.010849206398145,False,True,1190530203.370233,1144556009.4613554,1666742284.718326,1602378413.2458975,2142954366.0664196,2060200817.0304399
26603,253.0,GSH CORP PARTICIPAÇÕES S.A.,saude_educacao,cvm,Serviços Médicos,Categoria A,,consolidado,padrao,dva,15.561766859244921,0.0597970003223755,147933067.66956824,21.931020590325264,27.705627705627705,41421258.94747911,6.1406857652910745,88759840.60174094,22.727272727272727,40335349.00345453,5.979700032237551,-1085909.9440245777,23.160173160173162,0.21931020590325265,0.21931020590325265,75.32467532467533,0.4,40.0,1.0,0.4,1.0,0.8095238095238095,0.06208872102899102,0.825225021865949,80.95238095238095,1.05,0.7,0.9737837532798923,17751968.120348193,106511808.72208914,-1085909.9440245777,liquido,0.7120419649906079,674538000.0,180326000.0,0.0,169241000.0,407402000.0,56077000.0,31745000.0,128399679.37889636,0.0,290087320.62110364,169241000.0,273672000.0,518478000.0,146619000.0,1175054000.0,20213000.0,0.029965695038678325,40445899.00435235,0.0,62196067.5,30459168.665215887,8832127.5,5999805.0,0.059960890275051,0.0,0.09220543171770901,0.045155600818954436,0.01309359517180648,0.008894687919731728,0.23290163686094426,3.536226546354838,False,True,29586613.53391365,28810963.57389609,41421258.94747911,40335349.00345453,53255904.36104457,51859734.43301297
19763,254.0,EDP - ENERGIAS DO BRASIL S.A.,utilities,cvm,Energia Elétrica,Categoria B,BOLSA,consolidado,padrao,dva,15.431133203363792,0.059309195553170484,1572817647.3194454,9.014733819410367,80.51948051948052,1100972353.1236117,6.310313673587256,0.0,85.4978354978355,1034778744.254125,5.930919555317049,-66193608.86948669,85.71428571428571,0.09014733819410367,0.09014733819410367,13.636363636363635,1.0,100.0,1.0,1.0,1.0,0.5692640692640693,0.01628560570481232,0.5991809198981476,56.926406926406926,0.9,0.7,0.9398771379847222,471845294.1958337,471845294.1958337,-66193608.86948669,liquido,0.9593728807121434,17447189000.0,711608000.0,170654000.0,550843000.0,12676243000.0,170079000.0,310800000.0,682697416.897807,163720819.58505014,12161243763.517143,550843000.0,4217535000.0,8915942000.0,5081278000.0,38609789000.0,3448438000.0,0.19765006271210794,184328302.5624079,47151596.04049444,173515545.0,1094511938.716543,22960665.0,50349600.0,0.010564928399778779,0.0027025325420899863,0.009945186299065139,0.06273285276594087,0.0013160094156141717,0.0028858287716147283,0.10923486269246382,1.7546652633451663,False,True,786408823.6597227,739127674.4672322,1100972353.1236117,1034778744.254125,1415535882.5875008,1330429814.041018
22560,255.0,INBRANDS S.A.,industria,cvm,Têxtil e Vestuário,Categoria A,BALCÃO ORGANIZADO,consolidado,padrao,dva,15.292084799701831,0.05878996891131357,128363994.4387304,28.53788876855381,25.757575757575758,26956438.83213339,5.992956641396301,89854796.10711128,17.0995670995671,26443845.59624667,5.878996891131358,-512593.2358867191,17.74891774891775,0.2853788876855381,0.2853788876855381,92.20779220779221,0.30000000000000004,30.000000000000004,0.75,0.4,1.0,0.8614718614718615,0.07686692001381895,0.8732292399405803,86.14718614718615,1.0,0.7,0.9809843859910871,11552759.49948574,101407555.606597,-512593.2358867191,liquido,0.7779831257533145,449802000.0,35407000.0,215236000.0,82890000.0,122707000.0,2161000.0,153523000.0,27546048.533547606,167449976.0546404,95463975.41181196,82890000.0,3195000.0,610414000.0,83975000.0,1099940000.0,144835000.0,0.32199723433866456,8263814.560064281,53583992.33748493,29011500.0,9546397.541181197,324150.0,27634140.0,0.018372116086776587,0.11912795482786855,0.06449837928688623,0.021223555122434307,0.0007206504195179211,0.061436231942054505,0.002904703892939615,7.268996725215838,False,True,19254599.165809564,18888461.140176192,26956438.83213339,26443845.59624667,34658278.498457216,33999230.05231715
26700,256.0,EUROFARMA LABORATÓRIOS S.A.,saude_educacao,cvm,Farmacêutico e Higiene,Categoria A,BOLSA,consolidado,padrao,dva,15.267986299277187,0.058699981661408177,3147992401.173666,28.687183652400037,87.87878787878788,661078404.2464699,6.024308567004008,2203594680.821566,79.22077922077922,644145129.2611876,5.869998166140817,-16933274.985282302,79.87012987012987,0.2868718365240004,0.2868718365240004,92.42424242424242,0.30000000000000004,30.000000000000004,0.75,0.4,1.0,0.8138528138528138,0.06300484436862883,0.8292358377210066,81.38528138528139,1.05,0.7,0.974385375658151,283319316.10563004,2486913996.927196,-16933274.985282302,liquido,0.6755985910619988,10973515000.0,1780573000.0,4068399000.0,3117614000.0,3761387000.0,0.0,2290917000.0,1202952610.0830364,2748604632.278045,2541187757.6389184,3117614000.0,177210000.0,9432428000.0,1857707000.0,18265951000.0,1597371000.0,0.14556602875195412,378930072.17615646,923531156.4454232,1145723145.0,266824714.55208644,0.0,432983313.0,0.034531330405631784,0.08416001221535882,0.10440803562030944,0.02431533693188431,0.0,0.039457121350816034,0.009701657471872118,5.077457317004242,False,True,472198860.17604995,460103663.75799114,661078404.2464699,644145129.2611876,849957948.3168899,828186594.764384
20877,257.0,HELBOR EMPREENDIMENTOS S.A.,construcao,cvm,"Construção Civil, Mat. Constr. e Decoração",Categoria A,BOLSA,consolidado,padrao,dva,15.124576060651352,0.05816446730346838,339081217.78788936,26.691406149666662,46.96969696969697,85448466.88254812,6.726234349716,217011979.38424915,34.41558441558442,73890743.31511095,5.816446730346839,-11557723.567437172,32.467532467532465,0.26691406149666663,0.26691406149666663,89.6103896103896,0.36000000000000004,36.00000000000001,0.9,0.4,1.0,0.07792207792207792,7.534252404622502e-05,0.09826948029984967,7.792207792207792,0.85,0.7,0.8647404220449775,36620771.52109206,253632750.90534124,-11557723.567437172,liquido,0.9511913538700003,1270376000.0,119345000.0,95767000.0,51705000.0,844229000.0,0.0,1318413000.0,113519932.12761518,91092742.38606831,803023325.4863164,51705000.0,226566000.0,1765112000.0,270756000.0,6697413000.0,526896000.0,0.41475594627102524,28947582.69254187,24777225.929010585,15382237.5,68256982.66633691,0.0,201717189.0,0.022786625922200886,0.019503852346872567,0.01210841317846055,0.05372974825275108,0.0,0.15878542179638153,0.03382888288358505,6.519198097179749,False,True,61034619.20182009,52779102.36793639,85448466.88254812,73890743.31511095,109862314.56327617,95002384.26228552
24180,258.0,IRB - BRASIL RESSEGUROS S.A.,financeiro,cvm,Seguradoras e Corretoras,Categoria A,BOLSA,consolidado,padrao,dva,14.945449814393658,0.05749558426084874,740416562.5,12.22218125234608,65.36796536796537,388718695.3125,6.4166451574816925,185104140.625,69.6969696969697,348306754.5670309,5.749558426084874,-40411940.74546909,69.04761904761905,0.12222181252346082,0.12222181252346082,30.08658008658009,0.75,75.0,0.75,1.0,1.0,0.2727272727272727,0.0015881323529966136,0.30692055321254824,27.27272727272727,1.25,0.7,0.8960380829818823,166593726.56250003,351697867.1875,-40411940.74546909,liquido,0.9565475400393431,6057974000.0,0.0,0.0,229483000.0,5281243000.0,0.0,37990000.0,0.0,0.0,5051760000.0,229483000.0,18861000.0,6722966000.0,3420188000.0,16446866000.0,149311000.0,0.024647018953861472,0.0,0.0,100398812.5,631470000.0,0.0,8547750.0,0.0,0.0,0.016573001551343735,0.10423781944260573,0.0,0.0014109915295113513,0.0011467838310350435,1.965671477708243,False,True,277656210.9375,248790538.97645062,388718695.3125,348306754.5670309,499781179.6875,447822970.15761113
20516,259.0,SAO MARTINHO S.A.,commodities,cvm,"Agricultura (Açúcar, Álcool e Cana)",Categoria A,BOLSA,consolidado,padrao,dva,14.940048018113892,0.05747541318035826,825775566.6230576,11.982109108370887,68.3982683982684,433532172.47710526,6.290607281894715,206443891.6557644,70.56277056277057,396105489.0807758,5.747541318035825,-37426683.39632946,70.56277056277057,0.11982109108370889,0.11982109108370889,28.13852813852814,0.75,75.0,0.75,1.0,1.0,0.38961038961038963,0.004466712210800518,0.42446895874752427,38.961038961038966,0.75,0.7,0.9136703438121286,185799502.490188,392243394.14595234,-37426683.39632946,liquido,0.7855584820805185,6891738000.0,343266000.0,255455000.0,1246980000.0,5216291000.0,14000.0,609479000.0,269655517.90985125,200674842.03987885,4097701640.0502696,1246980000.0,204560000.0,9207018000.0,4879929000.0,20371449000.0,3760500000.0,0.5456533605891576,60672491.52971653,48161962.089570925,327332249.99999994,307327623.0037703,1574.9999999999998,82279665.0,0.008803656135755093,0.006988362309996538,0.04749632821212878,0.04459363124421884,2.2853451480598942e-07,0.011938884647094828,0.010041504656836144,1.8867114664987954,False,True,309665837.48364663,282932492.2005542,433532172.47710526,396105489.0807758,557398507.470564,509278485.9609976
19305,260.0,BIOMM S.A.,saude_educacao,cvm,Farmacêutico e Higiene,Categoria A,BOLSA,consolidado,padrao,dva,14.91463740468754,0.05738052631269623,58420888.40302567,40.88092677164947,13.203463203463203,8690107.149950068,6.081037857282858,46006449.61738271,6.926406926406926,8199964.112715855,5.738052631269623,-490143.0372342132,7.35930735930736,0.40880926771649473,0.40880926771649473,97.83549783549783,0.2125,21.25,1.0,0.25,0.85,0.5952380952380952,0.01962614214668845,0.6239838943473944,59.523809523809526,1.05,0.7,0.9435975841521091,3724331.635692887,49730781.2530756,-490143.0372342132,liquido,0.8415759958266572,142905000.0,49694000.0,39980000.0,34013000.0,125022000.0,5000.0,54994000.0,41821277.5366099,33646208.31314976,105215514.15024033,34013000.0,77620000.0,43763000.0,-81211000.0,465899000.0,-91845000.0,-0.6426996956019734,13173702.42403212,11305125.99321832,12499777.5,11047628.985775236,787.5,10393866.0,0.09218503498150604,0.07910938031012435,0.08746914033798676,0.07730750488628975,5.510653930933137e-06,0.07273269654665687,0.16660263275946074,-0.5388802009579983,False,True,6207219.392821478,5857117.223368468,8690107.149950068,8199964.112715855,11172994.907078661,10542811.002063245
22055,261.0,MARISA LOJAS S.A.,varejo,cvm,Comércio (Atacado e Varejo),Categoria A,BOLSA,consolidado,padrao,dva,14.88826357411677,0.05728204265434762,384824784.3170881,27.642102669797136,50.86580086580087,82429468.80072029,5.920938391870548,267068400.31605914,33.549783549783555,79746284.04006046,5.728204265434761,-2683184.760659829,33.98268398268398,0.2764210266979714,0.2764210266979714,91.55844155844156,0.30600000000000005,30.600000000000005,0.9,0.4,0.85,0.7640692640692641,0.05075236653856779,0.7829914633121778,76.40692640692642,1.1,0.7,0.9674487194968266,35326915.2003087,302395315.51636785,-2683184.760659829,liquido,0.8199610638152506,1392169000.0,176951000.0,446351000.0,239798000.0,708621000.0,2295000.0,260101000.0,145092930.20317242,365990440.7950009,581041629.0018266,239798000.0,92052000.0,547083000.0,122851000.0,1904258000.0,-80729000.0,-0.057987931062967214,47880666.9670469,128828635.15984033,92322230.0,63914579.19020094,378675.0,51499998.0,0.03439285529777412,0.09253807200120125,0.0663153898700517,0.04591007211782545,0.0002720036145036989,0.036992633796615215,0.048340088370378384,4.453223823981896,False,True,58878192.00051449,56961631.45718605,82429468.80072029,79746284.04006046,105980745.60092609,102530936.6229349
27162,262.0,UNIDAS LOCADORA S.A.,outros,padrao,Serviços Transporte e Logística,Categoria B,,consolidado,padrao,dva,14.854030934957397,0.057154213079864825,530880623.7735479,12.708270366735142,59.09090909090909,260131505.64903843,6.22705247970022,159264187.1320644,60.3896103896104,238758410.19677675,5.7154213079864835,-21373095.452261686,60.3896103896104,0.12708270366735142,0.12708270366735142,32.683982683982684,0.7,70.0,1.0,0.7,1.0,0.41774891774891776,0.005574686064904959,0.4522489590041525,41.77489177489178,1.0,0.7,0.9178373438506229,111484930.99244507,270749118.12450945,-21373095.452261686,liquido,0.936506447868988,4177442000.0,197366000.0,276762000.0,236279000.0,3247179000.0,37944000.0,0.0,184834531.5901107,259189397.52511683,3041004070.8847723,236279000.0,1486618000.0,3178171000.0,1048744000.0,8147544000.0,189088000.0,0.045264063510636415,55450359.477033205,82940607.20803739,82697650.0,304100407.08847725,5691600.0,0.0,0.01327375927111213,0.01985440066146637,0.019796241336205264,0.07279584183059327,0.0013624605679743728,0.0,0.182462101462723,3.030454524650439,False,True,185808218.32074174,170541721.56912625,260131505.64903843,238758410.19677675,334454792.97733516,306975098.82442725
20125,263.0,BRADSAÚDE S.A.,saude_educacao,cvm,Serviços Médicos,Categoria A,BOLSA,consolidado,padrao,dre,14.80972853728041,0.056988781585750346,251504297.6503169,11.025126234456236,38.74458874458874,132039756.26641636,5.788191273089524,62876074.41257922,45.02164502164502,130002352.643161,5.6988781585750345,-2037403.6232553571,45.887445887445885,0.11025126234456235,0.11025126234456235,23.160173160173162,0.75,75.0,0.75,1.0,1.0,0.8874458874458875,0.08671037558156686,0.8971318093446298,88.74458874458875,1.05,0.7,0.9845697714016944,56588466.97132131,119464541.38390054,-2037403.6232553571,liquido,0.8490267498724087,2281192000.0,103201000.0,1431000.0,241976000.0,1498142000.0,6367000.0,56000.0,87620409.61358245,1214957.279067417,1271962633.10735,241976000.0,16531000.0,-16531000.0,737026000.0,2122069000.0,604987000.0,0.26520652360695635,27600429.02827847,408225.64576665213,88926180.0,133556076.47627178,1002802.5,10584.0,0.01209912582030731,0.00017895277809436999,0.03898233029047971,0.05854661794196708,0.00043959583410778223,4.6396796061006704e-06,0.007790038872440058,-0.022429330851286115,False,True,94314111.61886883,92858823.31654358,132039756.26641636,130002352.643161,169765400.91396388,167145881.96977842
1210,264.0,BANCO DO ESTADO DO RIO GRANDE DO SUL SA,financeiro,cvm,Bancos,Categoria A,BOLSA,consolidado,financeiro,dre,14.80442869494343,0.056968991215875335,2289271062.5,12.295558512382428,85.93073593073593,1201867307.8125,6.455168219000774,572317765.625,87.01298701298701,1060687588.2781675,5.696899121587533,-141179719.5343325,86.14718614718615,0.12295558512382429,0.12295558512382429,30.952380952380953,0.75,75.0,0.75,1.0,1.0,0.18614718614718614,0.0006294362145816399,0.21688681927629477,18.614718614718615,1.25,0.7,0.8825330228914442,515085989.06250006,1087403754.6875,-141179719.5343325,liquido,1.0,18618683000.0,1837560000.0,,2214543000.0,,1262647000.0,,1837560000.0,0.0,0.0,2214543000.0,1792236000.0,-1792236000.0,1169930000.0,147936515000.0,16524439000.0,0.8875192192702351,689085000.0,0.0,968862562.5,0.0,631323500.0,0.0,0.03701040508611699,0.0,0.05203711575625408,0.0,0.0339080642814532,0.0,0.012114899421552548,,False,True,858476648.4375,757633991.6272625,1201867307.8125,1060687588.2781675,1545257967.1875,1363741184.9290724
25534,265.0,OCEANPACT SERVIÇOS MARITIMOS S.A.,commodities,cvm,Petróleo e Gás,Categoria A,BOLSA,consolidado,padrao,dre,14.748898438138392,0.056761633288685984,224173676.53987426,13.02534118779694,36.36363636363637,109845101.50453837,6.3824171820205,67252102.96196228,41.55844155844156,97690063.06455931,5.676163328868598,-12155038.439979061,39.82683982683983,0.1302534118779694,0.1302534118779694,34.41558441558442,0.7,70.0,1.0,0.7,1.0,0.22943722943722944,0.001091149117445158,0.2622921869983216,22.943722943722943,0.75,0.7,0.8893438280497482,47076472.0733736,114328575.03533588,-12155038.439979061,liquido,0.6456805724746948,1721058000.0,190563000.0,0.0,513659000.0,1259143000.0,0.0,5024000.0,123042826.93249527,0.0,813004173.0675046,513659000.0,515103000.0,1183405000.0,539463000.0,3031483000.0,258621000.0,0.15026861384102105,27684636.059811432,0.0,134835487.49999997,60975312.98006286,0.0,678240.0,0.016085823987228458,0.0,0.07834453429227833,0.03542897042404315,0.0,0.00039408317441945597,0.16991782569785152,2.193672225898718,False,True,78460786.78895599,69778616.47468522,109845101.50453837,97690063.06455931,141229416.2201208,125601509.65443343
18589,266.0,INVESTCO S.A.,utilities,cvm,Energia Elétrica,Categoria A,,individual,padrao,dva,14.663908717339273,0.05644426950628569,13975838.920026658,8.727807981032072,2.1645021645021645,9783087.24401866,6.109465586722451,0.0,8.658008658008658,9038420.87604153,5.644426950628571,-744666.3679771312,8.874458874458876,0.08727807981032072,0.08727807981032072,12.554112554112553,1.0,100.0,1.0,1.0,1.0,0.4588744588744589,0.00803297672835723,0.49254848399556933,45.887445887445885,0.9,0.7,0.9238822725993354,4192751.676007998,4192751.6760079972,-744666.3679771312,liquido,0.7791476915102373,160130000.0,9246000.0,0.0,17895000.0,71781000.0,0.0,8397000.0,7203999.555703654,0.0,55928000.444296345,17895000.0,261818000.0,-153885000.0,122088000.0,1254703000.0,106482000.0,0.6649722100793105,1945079.8800399867,0.0,5636925.0,5033520.039986672,0.0,1360314.0,0.01214687991032278,0.0,0.035202179479173173,0.0314339601572889,0.0,0.008495060263535878,0.20866930261583816,-1.2604432868095143,False,True,6987919.460013329,6456014.911458235,9783087.24401866,9038420.87604153,12578255.028023992,11620826.840624822
26522,267.0,CERRADINHO BIOENERGIA S.A.,commodities,cvm,"Agricultura (Açúcar, Álcool e Cana)",Categoria A,BALCÃO ORGANIZADO,consolidado,padrao,dva,14.570986032327708,0.05609728290003758,341422597.3908169,13.262101736615037,47.18614718614719,167297072.72150028,6.498429850941367,102426779.21724509,50.43290043290043,144418135.33536345,5.6097282900037575,-22878937.38613683,48.917748917748916,0.13262101736615037,0.13262101736615037,35.93073593073593,0.7,70.0,1.0,0.7,1.0,0.06926406926406926,3.414323784787866e-05,0.08829098585112215,6.926406926406926,0.75,0.7,0.8632436478776683,71698745.45207156,174125524.66931665,-22878937.38613683,liquido,0.9126702041433515,2574423000.0,67229000.0,158181000.0,214843000.0,2234724000.0,0.0,619298000.0,61357905.15435338,144367085.5615995,2039566009.2840471,214843000.0,1692363000.0,1785223000.0,535419000.0,7035068000.0,1056554000.0,0.4104041954255381,13805528.659729509,34648100.53478388,56396287.49999999,152967450.69630355,0.0,83605230.0,0.005362571985928306,0.013458588792433829,0.02190637960428414,0.05941814950235589,0.0,0.0324753274811482,0.24056100097397778,3.3342541075307377,False,True,119497909.08678591,103155810.95383103,167297072.72150028,144418135.33536345,215096236.35621464,185680459.71689585
23272,268.0,LOG COMMERCIAL PROPERTIES E PARTICIPAÇÕES,construcao,cvm,"Construção Civil, Mat. Constr. e Decoração",Categoria A,BOLSA,consolidado,padrao,dva,14.399687131339675,0.05545762828501572,55186326.5,25.11414590747331,12.337662337662337,13906954.278,6.328764768683275,35319248.95999999,11.03896103896104,12186370.154605923,5.545762828501571,-1720584.1233940776,11.03896103896104,0.25114145907473306,0.25114145907473306,85.28138528138528,0.36000000000000004,36.00000000000001,0.9,0.4,1.0,0.1471861471861472,0.0003471405705263248,0.17519245455685872,14.71861471861472,0.85,0.7,0.8762788681835287,5960123.262000002,41279372.222,-1720584.1233940776,liquido,0.0,219742000.0,46506000.0,9820000.0,83662000.0,5334000.0,787000.0,197363000.0,0.0,0.0,0.0,83662000.0,226237000.0,1839965000.0,493611000.0,6774201000.0,68410000.0,0.31131963848513255,0.0,0.0,24889445.0,0.0,100342.5,30196539.0,0.0,0.0,0.11326667182423023,0.0,0.0004566377843106916,0.13741814946619216,0.033396853739651365,3.727560771538722,True,True,9933538.770000001,8704550.110432804,13906954.278,12186370.154605923,17880369.786000002,15668190.198779047
2453,269.0,CIA ENERGETICA DE MINAS GERAIS - CEMIG,utilities,cvm,Energia Elétrica,Categoria A,BOLSA,consolidado,padrao,dre,14.32070803865773,0.05516270904833145,3591577615.732089,9.01961800673158,89.82683982683982,2262693897.911216,5.6823593442408935,359157761.5732088,92.64069264069265,2196558112.47512,5.516270904833146,-66135785.436095715,92.85714285714286,0.09019618006731578,0.09019618006731578,13.852813852813853,0.9,90.0,0.9,1.0,1.0,0.7878787878787878,0.056275875721928416,0.8051414569829104,78.78787878787878,0.9,0.7,0.9707712185474365,969725956.2476642,1328883717.8208733,-66135785.436095715,liquido,0.9376883355798161,39819620000.0,819915000.0,174801000.0,2035003000.0,31663744000.0,174801000.0,0.0,768824731.666925,163908858.74768743,29690723409.58539,2035003000.0,1898224000.0,10381076000.0,11253960000.0,59726836000.0,5496902000.0,0.13804506421708695,207582677.55006975,47205751.319333985,641025945.0,2672165106.862685,23598135.0,0.0,0.005213075301825325,0.0011854897490064945,0.016098243654761146,0.06710674554058238,0.0005926258211404328,0.0,0.03178176054730239,0.92243761307131,False,True,1616209927.07944,1568970080.3393717,2262693897.911216,2196558112.47512,2909177868.7429924,2824146144.610869
3158,270.0,CIA TECIDOS NORTE DE MINAS COTEMINAS,industria,cvm,Têxtil e Vestuário,Categoria A,BOLSA,consolidado,padrao,dva,14.129093091876902,0.05444719141039818,256046485.28549466,54.443803418172564,39.61038961038961,28565186.014662996,6.073886818839877,215239076.69311893,17.532467532467532,25746469.944158122,5.4745361834929405,-2818716.070504874,17.316017316017316,0.5444380341817256,0.5414727543051877,99.13419913419914,0.159375,15.937499999999998,0.75,0.25,0.85,0.30735930735930733,0.0019887400097114137,0.3421558515184704,30.735930735930733,1.0,0.7,0.9013233777277705,12242222.577712715,227481299.27083164,-2818716.070504874,liquido,0.7288452179966545,470295000.0,210229000.0,189147000.0,244609000.0,502725000.0,0.0,242835000.0,153224401.33421868,137858886.4484132,366408712.2173681,244609000.0,52190000.0,1299528000.0,-433416000.0,3047960000.0,-18342000.0,-0.03900105253085829,45967320.400265604,44114843.663492225,85613150.0,36640871.22173681,0.0,43710300.0,0.09774146099844906,0.09380249346366051,0.18204137828384312,0.07791039926373194,0.0,0.09294230217204096,0.017122928122416305,-2.998338778448419,False,True,20403704.296187855,18390335.67439866,28565186.014662996,25746469.944158122,36726667.733138144,33102604.21391759
6505,271.0,GRUPO CASAS BAHIA S.A.,varejo,cvm,Comércio (Atacado e Varejo),Categoria A,BOLSA,consolidado,padrao,dva,14.065735012118772,0.05421060327187274,6235227464.91572,22.918574817745053,93.93939393939394,1571277321.1587615,5.775480854071755,3990545577.54606,90.25974025974025,1474853672.61457,5.421060327187274,-96423648.5441916,90.25974025974025,0.22918574817745058,0.22918574817745058,78.57142857142857,0.36000000000000004,36.00000000000001,0.9,0.4,1.0,0.5606060606060606,0.015780931865797165,0.5908905990230394,56.060606060606055,1.1,0.7,0.9386335898534559,673404566.2108979,4663950143.756958,-96423648.5441916,liquido,0.8639749117992944,27206000000.0,1195000000.0,5486000000.0,3470000000.0,18829000000.0,1037000000.0,4695000000.0,1032450019.6001568,4739766366.130929,16267783614.268915,3470000000.0,2131000000.0,7315000000.0,1582000000.0,33889000000.0,10643000000.0,0.39120047048445195,340708506.46805173,1668397760.8780873,1335950000.0,1789456197.5695808,171105000.0,929610000.0,0.012523285542455773,0.061324625482543825,0.049104976843343376,0.0657743217514365,0.0062892376681614355,0.034169300889509674,0.06288176104340641,4.623893805309734,False,True,1122340943.6848297,1053466909.0104071,1571277321.1587615,1474853672.61457,2020213698.6326935,1896240436.2187328
18775,272.0,INVESTIMENTOS E PARTICIP. EM INFRA S.A. - INVEPAR,outros,padrao,Emp. Adm. Part. - Serviços Transporte e Logística,Categoria A,BOLSA,consolidado,padrao,dva,13.762456015696875,0.0530781160896344,281496210.93841195,8.450063682170425,43.722943722943725,177342612.89119953,5.323540119767367,28149621.093841188,51.94805194805194,176818650.4263543,5.307811608963441,-523962.4648452401,53.896103896103895,0.08450063682170424,0.08450063682170424,11.688311688311687,0.9,90.0,0.9,1.0,1.0,0.9783549783549783,0.1318961421112877,0.9803031936768001,97.83549783549783,1.0,0.7,0.99704547905152,76003976.95337124,104153598.04721242,-523962.4648452401,liquido,0.9360557978260797,3331291000.0,167044000.0,0.0,134476000.0,1935977000.0,32859000.0,7632000.0,156362504.69205967,0.0,1812182495.3079402,134476000.0,892784000.0,2428411000.0,2313435000.0,15862329000.0,1814413000.0,0.5446576117187001,46908751.4076179,0.0,47066600.0,181218249.53079402,4928850.0,1373760.0,0.014081253006002147,0.0,0.014128636615654411,0.05439880500706604,0.001479561527347806,0.0004123806656338338,0.05628328601682641,1.0496992567329533,False,True,126673294.92228538,126299036.0188245,177342612.89119953,176818650.4263543,228011930.86011368,227338264.8338841
23604,273.0,YOU INC INCORPORADORA E PARTICIPAÇÕES S.A,construcao,cvm,"Construção Civil, Mat. Constr. e Decoração",Categoria A,BOLSA,consolidado,padrao,dva,13.744699791283937,0.05301181180615337,274792578.6611086,24.11372884495003,42.2077922077922,69247729.82259937,6.076659668927407,175867250.3431095,29.87012987012987,60410617.368126385,5.301181180615337,-8837112.454472981,28.78787878787879,0.2411372884495003,0.2411372884495003,82.03463203463204,0.36000000000000004,36.00000000000001,0.9,0.4,1.0,0.12337662337662338,0.00021378983444942293,0.1492272283763312,12.337662337662337,0.85,0.7,0.8723840842564496,29677598.495399736,205544848.83850926,-8837112.454472981,liquido,0.9643711647491348,1139569000.0,84319000.0,54178000.0,39685000.0,975348000.0,0.0,967901000.0,81314812.2404823,52247700.96377862,940597486.795739,39685000.0,147426000.0,842551000.0,65421000.0,2050612000.0,17291000.0,0.01517328042444117,20735277.121322986,14211374.662147786,11806287.5,79950786.37763782,0.0,148088853.0,0.01819571883872147,0.012470832974701652,0.010360309467877768,0.07015879369975651,0.0,0.1299516334684429,0.07189365906373317,12.87890738447899,False,True,49462664.158999555,43150440.97723314,69247729.82259937,60410617.368126385,89032795.4861992,77670793.75901966
25437,274.0,URBA DESENVOLVIMENTO URBANO S.A.,construcao,cvm,"Construção Civil, Mat. Constr. e Decoração",Categoria A,,consolidado,padrao,dva,13.67433890782733,0.05274907419627707,86894422.52759491,34.53728299638902,19.913419913419915,15510654.42117569,6.164905014855439,64736344.783058204,12.121212121212121,13271456.071486525,5.2749074196277075,-2239198.349689165,11.255411255411255,0.3453728299638902,0.3453728299638902,95.23809523809523,0.255,25.5,0.75,0.4,0.85,0.027056277056277056,0.0,0.03756549578285064,2.7056277056277054,0.85,0.7,0.8556348243674275,6647423.323361011,71383768.10641922,-2239198.349689165,liquido,0.7722385193594076,251596000.0,24221000.0,29625000.0,42936000.0,134667000.0,687000.0,354258000.0,18704389.17740421,22877566.13602245,103995044.68657334,42936000.0,1068000.0,383572000.0,53501000.0,1386013000.0,-84507000.0,-0.335883718342104,4769619.240238073,6222697.988998107,12773460.0,8839578.798358735,87592.5,54201474.0,0.01895745258365822,0.02473289714064654,0.05076972606877693,0.035134019612230456,0.0003481474268271356,0.2154305871317509,0.0007705555431298263,7.169436085306817,False,True,11079038.87226835,9479611.479633233,15510654.42117569,13271456.071486525,19942269.97008303,17063300.66333982
25496,275.0,JALLES MACHADO S.A.,commodities,cvm,"Agricultura (Açúcar, Álcool e Cana)",Categoria A,BOLSA,consolidado,padrao,dva,13.60292056161445,0.05248238786910975,232749928.15751052,12.188872232169967,37.66233766233766,114047464.79718015,5.972547393763284,69824978.44725317,41.99134199134199,100216589.1429254,5.248238786910974,-13830875.65425475,41.125541125541126,0.12188872232169967,0.12188872232169967,29.653679653679653,0.7,70.0,1.0,0.7,1.0,0.16233766233766234,0.0004402605812645294,0.1915134820488226,16.233766233766232,0.75,0.7,0.8787270223073234,48877484.91307721,118702463.36033037,-13830875.65425475,liquido,0.8740211397613331,1909528000.0,143196000.0,138188000.0,208815000.0,1376156000.0,2001000.0,224848000.0,125156331.12926386,120779233.2613391,1202789435.6093972,208815000.0,1049863000.0,2966616000.0,1401306000.0,6701940000.0,696474000.0,0.3647362070626877,28160174.504084367,28987015.98272138,54813937.49999999,90209207.6707048,225112.49999999997,30354480.000000004,0.014747191192841564,0.015180199495750458,0.028705490309647197,0.04724162603046659,0.00011788908044291572,0.015896326212550955,0.15665061161395058,2.1170365359172085,False,True,81462474.85512868,71583277.95923242,114047464.79718015,100216589.1429254,146632454.73923162,128849900.32661836
19569,276.0,GOL LINHAS AEREAS INTELIGENTES S.A.,outros,padrao,Emp. Adm. Part. - Serviços Transporte e Logística,Categoria A,BOLSA,consolidado,padrao,dva,13.53258833568407,0.05221975727053824,3788361578.580822,19.8036912720468,90.47619047619048,1060741242.0026302,5.545033556173105,2273016947.1484933,85.06493506493507,998941658.7490422,5.221975727053825,-61799583.25358808,85.06493506493507,0.19803691272046803,0.19803691272046803,70.12987012987013,0.4,40.0,1.0,0.4,1.0,0.5822510822510822,0.017110286592812444,0.611594981531259,58.22510822510822,1.0,0.7,0.9417392472296888,454603389.42969877,2727620336.5781918,-61799583.25358808,liquido,0.8689915111904015,19129573000.0,4903100000.0,1328724000.0,2569963000.0,13384943000.0,1438000.0,432250000.0,4260752278.5176578,1154649876.714955,11631401844.767387,2569963000.0,2061443000.0,20563447000.0,1694589000.0,23986261000.0,1163709000.0,0.060832983569471206,1278225683.5552974,369487960.5487856,899487050.0,1163140184.4767387,215700.0,77805000.0,0.06681935260945433,0.01931501348978284,0.04702075942834689,0.06080324869126659,1.1275735218972217e-05,0.004067262766398392,0.08594265692347798,12.134769551791024,False,True,757672315.7161645,713529756.2493159,1060741242.0026302,998941658.7490422,1363810168.289096,1284353561.2487686
21334,277.0,NUTRIPLANT INDUSTRIA E COMERCIO S.A.,commodities,cvm,"Agricultura (Açúcar, Álcool e Cana)",Categoria A,BOLSA,consolidado,padrao,dva,13.515996490519704,0.05215780094583388,24621386.278000504,12.29428027483335,4.978354978354979,10987293.626557725,5.486322572644382,8925252.525775183,9.956709956709958,10445486.322019314,5.215780094583388,-541807.3045384102,10.173160173160174,0.12294280274833348,0.12294280274833348,30.519480519480517,0.6375,63.74999999999999,0.75,1.0,0.85,0.645021645021645,0.02422821049484228,0.6712521918780863,64.5021645021645,0.75,0.7,0.9506878287817129,4708840.125667597,13634092.65144278,-541807.3045384102,liquido,0.9012455373152702,200267000.0,10110000.0,12899000.0,18450000.0,163818000.0,1198000.0,27632000.0,9111592.382257381,11625166.185829671,147640241.43191293,18450000.0,1991000.0,9067000.0,19136000.0,107024000.0,-2627000.0,-0.013117488153315324,2050108.2860079107,2790039.884599121,4843124.999999999,11073018.107393472,134775.0,3730320.0000000005,0.010236875201645356,0.013931600736013027,0.024183340240778558,0.05529127668259609,0.0006729765762706786,0.018626733311029774,0.018603303931828376,0.47381897993311034,False,True,7848066.87611266,7461061.658585225,10987293.626557725,10445486.322019314,14126520.377002789,13429910.985453404
19623,278.0,DIAGNOSTICOS DA AMERICA S.A.,saude_educacao,cvm,Serviços Médicos,Categoria A,BOLSA,consolidado,padrao,dva,13.437156539604604,0.05186340128442296,3215500239.2862463,20.986057044127275,88.31168831168831,810306060.3001341,5.2884863751200735,2057920153.1431973,82.68398268398268,794655131.6886299,5.1863401284422945,-15650928.611504197,83.11688311688312,0.2098605704412728,0.2098605704412728,73.16017316017316,0.36000000000000004,36.00000000000001,0.9,0.4,1.0,0.8593073593073594,0.07625047569831228,0.8712344271027077,85.93073593073593,1.05,0.7,0.9806851640654062,347274025.8429147,2405194178.986112,-15650928.611504197,liquido,0.7009485136971636,15322079000.0,3186724000.0,0.0,4281088000.0,11128831000.0,200073000.0,465538000.0,2233729451.36308,0.0,7800737548.636919,4281088000.0,1742762000.0,8654247000.0,2460811000.0,26458471000.0,27946000.0,0.0018239039232208632,703624777.1793702,0.0,1573299840.0,819077442.6068766,31511497.5,87986682.0,0.045922278378761144,0.0,0.10268187757026967,0.053457330601602855,0.002056607167995936,0.005742476722643187,0.06586782735858017,3.516827176081381,False,True,578790043.0715244,567610808.3490214,810306060.3001341,794655131.6886299,1041822077.5287439,1021699455.0282385
27731,279.0,CONCESSIONÁRIA DA LINHA 4 DO METRÔ DE SÃO PAULO S.A.,outros,padrao,Emp. Adm. Part. - Serviços Transporte e Logística,Categoria B,BOLSA,consolidado,padrao,dre,13.428428958674855,0.0518308112480159,102425867.74632391,8.401974600807986,21.21212121212121,64528296.68018406,5.293243998509031,10242586.774632389,28.78787878787879,63185335.23730749,5.18308112480159,-1342961.44287657,29.87012987012987,0.08401974600807986,0.08401974600807986,11.03896103896104,0.9,90.0,0.9,1.0,1.0,0.8484848484848485,0.07422078952754492,0.8612534849599836,84.84848484848484,1.0,0.7,0.9791880227439975,27654984.29150746,37897571.066139854,-1342961.44287657,liquido,0.7376688785780083,1219069000.0,90901000.0,0.0,123027000.0,378075000.0,2063000.0,61395000.0,67054838.73161954,0.0,278894161.2683805,123027000.0,194698000.0,1560988000.0,841033000.0,3830544000.0,833269000.0,0.6835289881048571,20116451.61948586,0.0,43059450.0,27889416.126838055,309450.0,11051100.0,0.016501487298492424,0.0,0.035321585570628075,0.02287763541426946,0.00025384125098743384,0.009065196473702472,0.05082776754424437,1.856036564558109,False,True,46091640.48584576,45132382.31236249,64528296.68018406,63185335.23730749,82964952.87452237,81238288.1622525
25518,280.0,WESTWING COMÉRCIO VAREJISTA S.A.,varejo,cvm,Comércio (Atacado e Varejo),Categoria A,BOLSA,individual,padrao,dva,13.359752980370319,0.051574365315144984,60860998.16155968,36.283153089955036,14.285714285714285,9053073.476532001,5.397119022130811,47928036.05222824,7.575757575757576,8651032.463597102,5.157436531514497,-402041.01293489896,8.225108225108226,0.3628315308995504,0.3628315308995504,95.88744588744589,0.2125,21.25,1.0,0.25,0.85,0.6796536796536796,0.030339525375522175,0.7039377371106091,67.96536796536796,1.1,0.7,0.9555906605665914,3879888.63279943,51807924.685027674,-402041.01293489896,liquido,0.8190965959940579,167739000.0,74247000.0,45203000.0,39821000.0,100673000.0,0.0,16955000.0,60815464.96277082,37025623.4287194,82460911.6085098,39821000.0,126936000.0,-116489000.0,-21015000.0,315028000.0,-1102000.0,-0.006569730354896595,20069103.43771437,13033019.44690923,15331085.0,9070700.276936078,0.0,3357090.0,0.11964482581697977,0.07769820642134048,0.09139845235753163,0.05407627490885291,0.0,0.020013771394845566,0.40293561207257766,5.543135855341423,False,True,6466481.054665715,6179308.902569359,9053073.476532001,8651032.463597102,11639665.898398288,11122756.024624847
25070,281.0,PLANO & PLANO DESENVOLVIMENTO IMOBILIÁRIO S.A.,construcao,cvm,"Construção Civil, Mat. Constr. e Decoração",Categoria A,BOLSA,consolidado,padrao,dva,13.342217053084466,0.05150888365266854,213680315.32312796,8.252126472809227,34.84848484848485,149576220.72618955,5.776488530966459,0.0,47.83549783549784,133376948.80356896,5.150888365266854,-16199271.922620595,46.96969696969697,0.08252126472809228,0.08252126472809228,10.173160173160174,1.0,100.0,1.0,1.0,1.0,0.24458874458874458,0.0012669399267001913,0.27799254703394954,24.458874458874458,0.85,0.7,0.8916988820550924,64104094.596938394,64104094.5969384,-16199271.922620595,liquido,0.9296568002683657,2589397000.0,153959000.0,0.0,132736000.0,1733018000.0,5874000.0,0.0,143129031.31251732,0.0,1611111968.6874826,132736000.0,733767000.0,-144977000.0,466536000.0,2581180000.0,289753000.0,0.11189979752042657,36497902.98469192,0.0,39488960.0,136944517.33843604,748935.0,0.0,0.014095136043137424,0.0,0.015250253244288147,0.05288664400956517,0.00028923143110152675,0.0,0.2842757963412083,-0.31075201056295765,False,True,106840157.66156398,95269249.14540641,149576220.72618955,133376948.80356896,192312283.79081517,171484648.46173155
4170,282.0,VALE S.A.,commodities,cvm,Extração Mineral,Categoria A,BOLSA,consolidado,padrao,dva,13.07198854968063,0.05049981174201578,17347163290.836212,8.420748666700426,97.83549783549783,10928712873.226814,5.305071660021269,1734716329.0836208,98.05194805194806,10403213717.913965,5.04998117420158,-525499155.31284904,98.05194805194806,0.08420748666700424,0.08420748666700424,11.255411255411255,0.9,90.0,0.9,1.0,1.0,0.6536796536796536,0.026234825970886014,0.6794382153942282,65.36796536796537,0.75,0.7,0.9519157323091342,4683734088.525779,6418450417.609398,-525499155.31284904,liquido,0.8834428237390046,206005000000.0,3397000000.0,0.0,15702000000.0,131318000000.0,0.0,28513000000.0,3001055272.241399,0.0,116011944727.7586,15702000000.0,30671000000.0,65341000000.0,71984000000.0,496325000000.0,50199000000.0,0.24367855149146866,675237436.2543147,0.0,4121774999.9999995,8700895854.581896,0.0,3849255000.0000005,0.003277772074727869,0.0,0.02000813087060993,0.04223633336366543,0.0,0.01868525035800102,0.061796202085327157,0.9077156034674372,False,True,7806223480.876296,7430866941.367118,10928712873.226814,10403213717.913965,14051202265.577333,13375560494.460814
25275,283.0,ALPHAVILLE S.A.,construcao,cvm,"Construção Civil, Mat. Constr. e Decoração",Categoria A,BOLSA,consolidado,padrao,dva,13.049811382395434,0.05041699902506159,83969619.45483284,12.369774929302201,18.83116883116883,34973346.502937876,5.152011258054367,34007695.8792073,19.480519480519483,34224521.03118353,5.041699902506159,-748825.4717543423,20.77922077922078,0.123697749293022,0.123697749293022,31.38528138528138,0.595,59.5,1.0,0.7,0.85,0.8441558441558441,0.07323288163038023,0.8572578746138507,84.4155844155844,0.85,0.7,0.9785886811920776,14988577.072687663,48996272.95189496,-748825.4717543423,liquido,0.9306843240337058,678829000.0,52293000.0,27250000.0,34294000.0,415208000.0,0.0,141256000.0,48668275.35669458,25361147.829918485,386427576.8133869,34294000.0,220103000.0,402826000.0,146578000.0,1364835000.0,-41756000.0,-0.0615118093069094,12410410.215957118,6898232.209737828,10202465.0,32846344.02913789,0.0,21612168.0,0.018282086086418108,0.010161958622477572,0.01502950669461676,0.04838677196928518,0.0,0.031837425920224385,0.16126711287445003,2.7482023223130345,False,True,24980961.78781277,24446086.450845383,34973346.502937876,34224521.03118353,44965731.21806299,44002955.6115217
25160,284.0,SEQUOIA LOGÍSTICA E TRANSPORTES S.A.,outros,padrao,Serviços Transporte e Logística,Categoria A,BOLSA,consolidado,padrao,dva,13.045843921470818,0.05040218395808968,298947754.2500688,38.87406169053294,45.23809523809524,39236892.74532153,5.102220596882448,242895050.32818088,22.07792207792208,38760085.8987143,5.040218395808969,-476806.8466072306,22.294372294372295,0.38874061690532935,0.38874061690532935,96.75324675324676,0.1875,18.75,0.75,0.25,1.0,0.9112554112554112,0.09637269956076991,0.9189866452640069,91.12554112554112,1.0,0.7,0.987847996789601,16815811.17656637,259710861.50474727,-476806.8466072306,liquido,0.8632802247714395,769016000.0,626994000.0,0.0,194303000.0,794183000.0,0.0,0.0,541271521.2503439,0.0,685602478.7496562,194303000.0,21853000.0,985260000.0,-934283000.0,1232156000.0,76728000.0,0.09977425697254673,162381456.37510318,0.0,68006050.0,68560247.87496562,0.0,0.0,0.21115484772111784,0.0,0.08843255536945915,0.08915321381475239,0.0,0.0,0.017735578936433374,-1.0545626967417796,False,True,28026351.96094395,27685775.641938787,39236892.74532153,38760085.8987143,50447433.52969911,49834396.15548982
16616,285.0,CIA DISTRIB DE GAS DO RIO DE JANEIRO-CEG,utilities,cvm,"Saneamento, Serv. Água e Gás",Categoria A,BOLSA,individual,padrao,dre,12.981053432657406,0.0501602469991251,497620994.0510857,9.639950524713646,57.35930735930735,261251021.87681997,5.060974025474663,124405248.51277143,60.60606060606061,258930706.22677374,5.016024699912511,-2320315.6500462294,61.68831168831169,0.09639950524713646,0.09639950524713646,18.181818181818183,0.75,75.0,0.75,1.0,1.0,0.935064935064935,0.10950449047379825,0.9407896249010587,93.5064935064935,0.9,0.7,0.9911184437351588,111964723.6614943,236369972.17426574,-2320315.6500462294,liquido,0.9770367778324743,5162070000.0,471862000.0,0.0,96794000.0,3743313000.0,90481000.0,7882000.0,461026528.061587,0.0,3657354471.938413,96794000.0,84968000.0,1089161000.0,1055423000.0,4651959000.0,590842000.0,0.11445834713593578,124477162.57662849,0.0,30490110.0,329161902.4744572,12214935.0,1276884.0,0.024113807557167664,0.0,0.005906566551790271,0.06376548603069257,0.002366286199141042,0.0002473589083449082,0.01826499330712072,1.0319663300875572,False,True,186607872.76915714,184950504.44769555,261251021.87681997,258930706.22677374,335894170.9844829,332910908.005852
14664,286.0,SCHULZ S.A.,commodities,cvm,Metalurgia e Siderurgia,Categoria A,BOLSA,consolidado,padrao,dva,12.958943443829872,0.05007768513614735,294833264.9890114,15.151620649360312,45.02164502164502,108351224.88346167,5.568220588639913,140045800.86978045,40.909090909090914,97445466.41883722,5.007768513614734,-10905758.46462445,39.61038961038961,0.15151620649360312,0.15151620649360312,46.96969696969697,0.5249999999999999,52.49999999999999,0.75,0.7,1.0,0.2943722943722944,0.001792185214760185,0.3289872217962619,29.43722943722944,0.75,0.7,0.8993480832694393,46436239.235769294,186482040.10554975,-10905758.46462445,liquido,0.7737054631693141,1945886000.0,135153000.0,169827000.0,395707000.0,1443657000.0,2019000.0,384427000.0,104568614.4637223,131396077.6936551,1116965307.8426225,395707000.0,26838000.0,722335000.0,359438000.0,2602298000.0,387024000.0,0.198893460356876,23527938.254337516,31535058.646477222,103873087.49999999,83772398.0881967,227137.49999999997,51897645.0,0.012091118520991217,0.01620601548419446,0.05338086994818812,0.04305103078402162,0.0001167270333411104,0.026670444722866605,0.010313192416856179,2.0096233564620323,False,True,77393732.05961548,69603904.58488373,108351224.88346167,97445466.41883722,139308717.70730788,125287028.25279073
7544,287.0,TEXTIL RENAUXVIEW S.A.,industria,cvm,Têxtil e Vestuário,Categoria A,BOLSA,consolidado,padrao,dva,12.931447216814098,0.04997501028881977,31290199.463801272,26.588320811496267,6.493506493506493,6570941.887398268,5.583547370414218,21903139.62466089,5.194805194805195,5881259.110829467,4.997501028881978,-689682.7765688011,5.194805194805195,0.2658832081149627,0.2658832081149627,89.39393939393939,0.30000000000000004,30.000000000000004,0.75,0.4,1.0,0.2662337662337662,0.0014899811611577326,0.30026999843916613,26.623376623376622,1.0,0.7,0.8950404997658749,2816117.9517421154,24719257.576403003,-689682.7765688011,liquido,0.7370403660728877,117684000.0,13777000.0,13141000.0,32181000.0,95462000.0,1089000.0,37122000.0,10154205.123386174,9685447.450563816,70359347.42605,32181000.0,298000.0,317264000.0,10732000.0,175170000.0,14124000.0,0.12001631487712858,3046261.537015852,3099343.1841804213,11263350.0,7035934.742605001,163350.0,6681960.0,0.025885095144759288,0.026336147515213803,0.09570842255531763,0.05978667229704124,0.0013880391557051085,0.05677883144692566,0.0017012045441571046,29.562430115542302,False,True,4693529.919570192,4200899.364878191,6570941.887398268,5881259.110829467,8448353.855226345,7561618.856780743
4146,288.0,KARSTEN S.A.,industria,cvm,Têxtil e Vestuário,Categoria A,BOLSA,consolidado,padrao,dva,12.871817338648915,0.04975234378867558,182044639.77707058,26.040452903666882,30.735930735930733,38229374.35318483,5.468495109770045,127431247.84394939,21.645021645021643,34781067.50516248,4.975234378867558,-3448306.848022349,20.995670995670995,0.2604045290366688,0.2604045290366688,87.87878787878788,0.30000000000000004,30.000000000000004,0.75,0.4,1.0,0.36363636363636365,0.0031902260757813157,0.39866365303899276,36.36363636363637,1.0,0.7,0.9097995479558489,16384017.579936357,143815265.42388576,-3448306.848022349,liquido,0.6789641180682632,699084000.0,77500000.0,175466000.0,201755000.0,375484000.0,18000.0,177914000.0,52619719.1502904,119135117.94096586,254940162.90874374,201755000.0,10650000.0,428359000.0,103178000.0,706533000.0,126124000.0,0.18041322645061253,15785915.745087119,38123237.74110907,70614250.0,25494016.290874377,2700.0,32024520.0,0.022580856871401888,0.0545331286957062,0.10100967837913612,0.03646774392043642,3.8621968175498225e-06,0.0458092589731706,0.015073605903758211,4.151650545658958,False,True,27306695.96656059,24843619.646544628,38229374.35318483,34781067.50516248,49152052.739809066,44718515.363780335
2461,289.0,CENTRAIS ELET DE SANTA CATARINA S.A.,utilities,cvm,Energia Elétrica,Categoria A,BOLSA,consolidado,padrao,dva,12.799662914217873,0.049482908840083675,1221035725.9877179,11.455596143486646,75.97402597402598,538476755.1605835,5.05191789927761,451783218.6154556,73.59307359307358,527431298.7533966,4.948290884008368,-11045456.407186925,74.89177489177489,0.11455596143486646,0.11455596143486646,25.97402597402597,0.63,63.0,0.9,0.7,1.0,0.8506493506493507,0.074579969961093,0.8632505946780318,85.06493506493507,0.9,0.7,0.9794875892017048,230775752.2116787,682558970.8271344,-11045456.407186925,liquido,0.9076641987286767,10658858000.0,640273000.0,120983000.0,887738000.0,8852978000.0,194010000.0,21432000.0,581152879.512606,109811937.75479148,8035531182.732602,887738000.0,1019482000.0,3183525000.0,1567862000.0,13037758000.0,281690000.0,0.02642778428983668,156911277.46840364,31625838.073379952,279637470.0,723197806.4459343,26191350.0,3471984.0,0.014721209107805323,0.0029670944179367013,0.026235218632239963,0.06784946440284075,0.0024572379142305863,0.0003257369598131432,0.07819457916000588,2.0304880148890656,False,True,384626253.6861311,376736641.9667119,538476755.1605835,527431298.7533966,692327256.635036,678125955.5400814
27715,290.0,EPR INFRAESTRUTURA PR S.A.,outros,padrao,Serviços Transporte e Logística,Categoria B,BALCÃO ORGANIZADO,consolidado,padrao,dva,12.645151056407002,0.048905939447085475,72450883.01399738,7.368023778137969,16.666666666666664,50715618.10979816,5.157616644696579,0.0,25.324675324675322,48089943.84741086,4.890593944708548,-2625674.2623873055,25.108225108225106,0.07368023778137969,0.07368023778137969,7.35930735930736,1.0,100.0,1.0,1.0,1.0,0.6277056277056277,0.022804036598065167,0.65485001001693,62.77056277056276,1.0,0.7,0.9482275015025395,21735264.904199217,21735264.904199213,-2625674.2623873055,liquido,0.9426220534698027,983315000.0,35272000.0,0.0,33019000.0,540193000.0,0.0,0.0,33248165.06998688,0.0,509197834.9300131,33019000.0,365807000.0,-127966000.0,425718000.0,1006392000.0,320002000.0,0.3254318300849677,9974449.520996064,0.0,11556650.0,50919783.49300131,0.0,0.0,0.010143697107230199,0.0,0.011752744542694864,0.05178379613145463,0.0,0.0,0.36348361274731916,-0.3005886525822258,False,True,36225441.50699869,34349959.89100776,50715618.10979816,48089943.84741086,65205794.71259764,61829927.803813964
19739,291.0,LOCALIZA RENT A CAR S.A.,outros,padrao,Serviços Transporte e Logística,Categoria A,BOLSA,consolidado,padrao,dva,12.62354368437768,0.0488252544271739,4364594272.151587,11.710254430876184,91.77489177489177,1924786074.0188496,5.164222204016396,1614899880.696087,92.20779220779221,1819793302.2471688,4.88252544271739,-104992771.77168083,92.20779220779221,0.11710254430876184,0.11710254430876184,26.83982683982684,0.63,63.0,0.9,0.7,1.0,0.6082251082251082,0.02035205399061504,0.6363482564326005,60.82251082251082,1.0,0.7,0.94545223846489,824908317.43665,2439808198.132737,-104992771.77168083,liquido,0.9247144627875795,37271558000.0,791995000.0,2155698000.0,2368964000.0,28518696000.0,271276000.0,0.0,732369230.955449,1993405118.0022595,26371650651.042294,2368964000.0,3568636000.0,41197901000.0,11914717000.0,87243607000.0,650353000.0,0.017449042511182386,219710769.28663468,637889637.760723,829137400.0,2637165065.1042295,40691400.0,0.0,0.005894864102183083,0.017114649131670937,0.022245847624614994,0.070755428713343,0.0010917547369498212,0.0,0.040904269352366414,3.457732231491524,False,True,1374847195.7277498,1299852358.7479777,1924786074.0188496,1819793302.2471688,2474724952.30995,2339734245.7463603
20036,292.0,BRASILAGRO - CIA BRAS DE PROP AGRICOLAS,commodities,cvm,"Agricultura (Açúcar, Álcool e Cana)",Categoria A,BOLSA,consolidado,padrao,dva,12.21407537603797,0.04729624115491137,129913611.01087807,12.268628466740585,25.97402597402597,57291902.455797225,5.410465153832598,48068036.074024886,26.406926406926406,50082415.42510603,4.729624115491136,-7209487.030691192,26.623376623376622,0.12268628466740587,0.12268628466740587,30.303030303030305,0.63,63.0,0.9,0.7,1.0,0.1341991341991342,0.0002484825587878445,0.16108132543936501,13.41991341991342,0.75,0.7,0.8741621988159047,24553672.48105596,72621708.55508085,-7209487.030691192,liquido,0.8998452081967043,1058909000.0,65534000.0,55064000.0,86896000.0,747019000.0,0.0,233542000.0,58970455.87396282,49549076.54414333,672201467.5818939,86896000.0,170953000.0,873045000.0,265982000.0,3605082000.0,182044000.0,0.17191656695712285,13268352.571641633,11891778.370594397,22810199.999999996,50415110.06864205,0.0,31528170.000000004,0.01253021040678815,0.01123021748856077,0.021541227810888373,0.047610427400883414,0.0,0.029774201560285166,0.04742000320658448,3.2823461738012347,False,True,40922787.46842659,35773153.87507574,57291902.455797225,50082415.42510603,73661017.44316787,64391676.97513633
8540,293.0,"MERCANTIL FINANCEIRA S.A. - SOC. CRÉDITO, FINANC E INVESTIME",financeiro,cvm,Bancos,Categoria A,BOLSA,individual,financeiro,dre,12.2123632878132,0.047289847972421695,10804562.5,10.527376672220436,1.2987012987012987,5672395.3125,5.526872752915729,2701140.625,4.112554112554113,4853498.966953557,4.728984797242171,-818896.345546443,3.896103896103896,0.10527376672220434,0.10527376672220434,20.12987012987013,0.75,75.0,0.75,1.0,1.0,0.027056277056277056,0.0,0.03756549578285064,2.7056277056277054,1.25,0.7,0.8556348243674275,2431026.5625000005,5132167.1875,-818896.345546443,liquido,1.0,102633000.0,21701000.0,,2213000.0,,3397000.0,,21701000.0,0.0,0.0,2213000.0,1837000.0,-1837000.0,39578000.0,842052000.0,-327051000.0,-3.1866066469848877,8137875.0,0.0,968187.5,0.0,1698500.0,0.0,0.07929101750898833,0.0,0.009433491177301648,0.0,0.016549258035914373,0.0,0.002181575484649404,,False,True,4051710.9375,3466784.976395398,5672395.3125,4853498.966953557,7293079.6875,6240212.957511716
14443,294.0,CIA SANEAMENTO BASICO EST SAO PAULO,utilities,cvm,"Saneamento, Serv. Água e Gás",Categoria A,BOLSA,consolidado,padrao,dre,12.159493844999115,0.04709242590552806,3263482312.7589617,9.028743244304014,88.74458874458875,1713328214.1984549,4.740090203259608,815870578.1897404,91.34199134199135,1702178197.442469,4.709242590552806,-11150016.755985975,91.77489177489177,0.09028743244304015,0.09028743244304015,14.06926406926407,0.75,75.0,0.75,1.0,1.0,0.9523809523809523,0.11453491076376672,0.9566145911659542,95.23809523809523,0.9,0.7,0.9934921886748931,734283520.3707665,1550154098.5605068,-11150016.755985975,liquido,0.8342189111475791,36145477000.0,2311438000.0,1475378000.0,3380258000.0,16603073000.0,557789000.0,10818000.0,1928245291.545138,1230788228.691093,13850597479.76377,3380258000.0,1682606000.0,23575691000.0,18187102000.0,80965430000.0,7404568000.0,0.2048546212296493,520626228.7171873,354467009.86303484,1064781270.0,1246553773.1787393,75301515.0,1752516.0,0.014403634200682627,0.009806676776268156,0.029458216030736017,0.03448713024810101,0.002083290116768967,4.8485070483369196e-05,0.020781783039996206,1.2962862912409026,False,True,1223805867.2846107,1215841569.6017637,1713328214.1984549,1702178197.442469,2202850561.1122994,2188514825.2831745
25771,295.0,HOSPITAL CARE CALEDONIA S.A.,saude_educacao,cvm,Serviços Médicos,Categoria A,,consolidado,padrao,dva,12.132448300318577,0.046991433970548314,368191273.8862494,17.551371817904226,49.134199134199136,103093556.68814984,4.9143841090131835,220914764.33174965,38.961038961038966,98578254.2519445,4.699143397054832,-4515302.436205342,40.25974025974026,0.17551371817904227,0.17551371817904227,58.87445887445888,0.4,40.0,1.0,0.4,1.0,0.683982683982684,0.03068343396883129,0.7080126323274952,68.3982683982684,1.05,0.7,0.9562018948491243,44182952.866349936,265097717.19809958,-4515302.436205342,liquido,0.7454206645609864,2097792000.0,127214000.0,12182000.0,490456000.0,1787139000.0,33583000.0,52167000.0,94827944.42146133,9080714.535681937,1332170341.0428567,490456000.0,266052000.0,1166667000.0,238961000.0,2798383000.0,53335000.0,0.02542435093660382,29870802.49276032,3051120.083989131,180242580.0,139877885.80949998,5289322.5,9859563.0,0.014239163126163279,0.0014544435692333325,0.08592013888888889,0.06667862486342782,0.0025213760468149366,0.0046999716845140035,0.09507347636117,4.882248567757919,False,True,73638254.77724989,70413038.75138892,103093556.68814984,98578254.2519445,132548858.5990498,126743469.75250007
20060,296.0,LUPATECH S.A,industria,cvm,"Máquinas, Equipamentos, Veículos e Peças",Categoria A,BOLSA,consolidado,padrao,dva,12.130603401031868,0.04698454485254354,33818254.121492594,27.46615618141642,7.575757575757576,6036558.360686429,4.902708878382831,25194599.32051198,4.545454545454546,5785066.054059127,4.698454485254353,-251492.3066273015,4.978354978354979,0.27466156181416423,0.27466156181416423,90.9090909090909,0.255,25.5,0.75,0.4,0.85,0.6991341991341992,0.03282382885051936,0.7222564121247578,69.91341991341992,1.0,0.7,0.9583384618187136,2587096.4402941843,27781695.760806166,-251492.3066273015,liquido,0.6909142647466283,123127000.0,23995000.0,12796000.0,41275000.0,96748000.0,250000.0,26930000.0,16578487.782595346,8840938.931697857,66844573.285706796,41275000.0,3515000.0,176186000.0,32017000.0,508795000.0,-34468000.0,-0.2799385999821323,4973546.334778603,2829100.4581433143,14446250.0,6684457.32857068,37500.0,4847400.0,0.04039362881235313,0.02297709241793688,0.11732804340234067,0.05428912690612684,0.00030456358069310546,0.039369106694713586,0.006908479839621066,5.5028890901708465,True,True,4311827.400490306,4132190.0386136626,6036558.360686429,5785066.054059127,7761289.320882551,7437942.069504593
25283,297.0,AERIS IND. E COM. DE EQUIP. PARA GER. DE ENG. S.A.,industria,cvm,"Máquinas, Equipamentos, Veículos e Peças",Categoria A,BOLSA,consolidado,padrao,dva,12.053300247610613,0.046695883812942936,523441650.9883158,34.516793516338836,58.658008658008654,77861945.58451198,5.134373035555402,412210300.1532987,31.818181818181817,70813560.66818698,4.669588381294295,-7048384.916325003,31.601731601731604,0.3451679351633883,0.3451679351633883,95.02164502164501,0.2125,21.25,1.0,0.25,0.85,0.36147186147186144,0.0031835425876008505,0.3965057972447207,36.14718614718615,1.0,0.7,0.9094758695867081,33369405.25050514,445579705.4038038,-7048384.916325003,liquido,0.8872919992579744,1516484000.0,844204000.0,0.0,249711000.0,1371353000.0,213225000.0,320352000.0,749055454.941579,0.0,1216790545.058421,249711000.0,345841000.0,1210976000.0,-637777000.0,2367614000.0,-460059000.0,-0.303372142403085,224716636.4824737,0.0,87398850.0,121679054.50584209,31983750.0,57663360.0,0.1481826623178838,0.0,0.057632556624402226,0.0802376118085269,0.02109072697107256,0.038024377441502846,0.14607153024099367,-1.8987451726857507,False,True,55615675.41750856,50581114.7629907,77861945.58451198,70813560.66818698,100108215.7515154,91046006.57338326
21032,298.0,ALGAR TELECOM S/A,utilities,cvm,Telecomunicações,Categoria B,,consolidado,padrao,dva,12.030117866847911,0.04660931748498329,549693343.6586462,19.48032731239623,59.523809523809526,138522722.60197887,4.909042482723851,351803739.9415335,46.320346320346324,131521566.15799856,4.66093174849833,-7001156.443980306,46.320346320346324,0.1948032731239623,0.1948032731239623,68.83116883116884,0.36000000000000004,36.00000000000001,0.9,0.4,1.0,0.6363636363636364,0.023668196652790765,0.6630561729044783,63.63636363636363,0.9,0.7,0.9494584259356718,59366881.11513381,411170621.0566673,-7001156.443980306,liquido,0.7721636532671288,2821787000.0,238151000.0,647821000.0,630556000.0,1881611000.0,150103000.0,39056000.0,183891546.18921998,500223830.02316463,1452911623.7876155,630556000.0,502049000.0,3611614000.0,980072000.0,6297007000.0,1185835000.0,0.4202425626030597,49650717.4710894,144064463.04667142,198625140.0,130762046.14088541,20263905.0,6327072.0,0.01759548735290417,0.051054336506147144,0.07038984161455135,0.04634015471078625,0.007181231255229399,0.002242221684343999,0.07972819468042516,3.6850496698201765,False,True,98944801.85855633,93943975.82714182,138522722.60197887,131521566.15799856,178100643.3454014,169099156.4888553
1155,299.0,BANESTES S.A. - BCO EST ESPIRITO SANTO,financeiro,cvm,Bancos,Categoria A,BOLSA,consolidado,financeiro,dre,11.96381322718289,0.04636172647001201,364918312.5,7.3375133512314905,48.701298701298704,255442818.74999997,5.136259345862042,0.0,59.95670995670995,230571886.93474597,4.6361726470012,-24870931.815254003,59.74025974025974,0.07337513351231491,0.07337513351231491,7.142857142857142,1.0,100.0,1.0,1.0,1.0,0.31601731601731603,0.0020582274611220855,0.3509067394688961,31.601731601731604,1.25,0.7,0.9026360109203344,109475493.75000001,109475493.75000003,-24870931.815254003,liquido,1.0,4973324000.0,382634000.0,,506127000.0,,0.0,,382634000.0,0.0,0.0,506127000.0,4290352000.0,-4290352000.0,695789000.0,36916911000.0,-7964999000.0,-1.6015443594666263,143487750.0,0.0,221430562.5,0.0,0.0,0.0,0.02885147840760023,0.0,0.04452365510471468,0.0,0.0,0.0,0.11621644075258626,,False,True,182459156.25,164694204.95339,255442818.74999997,230571886.93474597,328426481.25,296449568.916102
26476,300.0,AMMO VAREJO S.A.,industria,cvm,Emp. Adm. Part. - Têxtil e Vestuário,Categoria A,,consolidado,padrao,dva,11.93368651640957,0.04624922901982154,85347758.09921779,42.143919264853366,19.480519480519483,9521609.262943983,4.701680992985203,71745459.15215495,8.008658008658008,9366162.614949161,4.624922901982155,-155446.6479948219,9.090909090909092,0.42143919264853363,0.42143919264853363,98.05194805194806,0.159375,15.937499999999998,0.75,0.25,0.85,0.8809523809523809,0.08472169852365347,0.891162201891098,88.09523809523809,1.0,0.7,0.9836743302836647,4080689.6841188506,75826148.8362738,-155446.6479948219,liquido,0.7959860024701524,202515000.0,45669000.0,142457000.0,59466000.0,103354000.0,5419000.0,46130000.0,36351884.746809386,113393777.9538905,82268337.29930013,59466000.0,3180000.0,190794000.0,-67598000.0,413724000.0,-4372000.0,-0.02158852430684147,10905565.424042815,36286008.94524496,20813100.0,8226833.729930013,812850.0,8303400.0,0.05385065513193006,0.17917689526822686,0.10277312791645062,0.04062333027148613,0.0040137767572772385,0.04100140730316273,0.007686283609362764,-2.822479955028255,False,True,6801149.473531417,6690116.153535115,9521609.262943983,9366162.614949161,12242069.05235655,12042209.076363208
25780,301.0,PETRORECÔNCAVO S.A.,commodities,cvm,Emp. Adm. Part. - Petróleo e Gás,Categoria A,,consolidado,padrao,dva,11.885552796705017,0.04606949082086289,271028547.4666889,8.302161565306895,41.55844155844156,170747984.904014,5.2303617861433445,27102854.746668883,50.86580086580087,150396340.53721124,4.606949082086289,-20351644.366802752,49.78354978354979,0.08302161565306895,0.08302161565306895,10.38961038961039,0.9,90.0,0.9,1.0,1.0,0.17532467532467533,0.0005527611097762966,0.20539250177219023,17.532467532467532,0.75,0.7,0.8808088752658285,73177707.816006,100280562.56267488,-20351644.366802752,liquido,0.8302833198920019,3264554000.0,208715000.0,0.0,387212000.0,2072805000.0,0.0,9766000.0,173292583.11125916,0.0,1721015416.888741,387212000.0,295548000.0,1496773000.0,1643036000.0,7437571000.0,2219127000.0,0.6797642189407803,38990831.20003331,0.0,101643149.99999999,129076156.2666556,0.0,1318410.0,0.011943693135427782,0.0,0.03113538633454983,0.03953868009739021,0.0,0.0004038560857011402,0.0397371668788103,0.9109800393904942,False,True,121962846.36001,107425957.52657945,170747984.904014,150396340.53721124,219533123.448018,193366723.54784304
25127,302.0,COMPASS GÁS E ENERGIA S.A.,utilities,cvm,"Emp. Adm. Part. - Saneamento, Serv. Água e Gás",Categoria A,BOLSA,consolidado,padrao,dva,11.664227354983378,0.04524302994223246,1714660146.254882,9.327195563394213,81.38528138528139,840183471.6648922,4.570325826063164,514398043.8764647,83.33333333333334,831722888.3054736,4.524302994223247,-8460583.35941863,83.33333333333334,0.09327195563394211,0.09327195563394211,15.800865800865802,0.7,70.0,1.0,0.7,1.0,0.9264069264069265,0.10436223009911294,0.9328671760811694,92.64069264069265,0.9,0.7,0.9899300764121755,360078630.7135253,874476674.5899899,-8460583.35941863,liquido,0.9796345072027561,18383448000.0,818420000.0,195472000.0,320163000.0,14706965000.0,34489000.0,252220000.0,801752473.3848797,191491116.39193714,14407450410.223183,320163000.0,5271256000.0,11300083000.0,4757935000.0,34250119000.0,3867362000.0,0.21037196068985536,216473167.81391755,55149441.520877905,100851345.0,1296670536.9200866,4656015.0,40859640.0,0.011775438852054171,0.0029999509080602233,0.0054859863612092795,0.07053467537319912,0.00025327212827539207,0.0022226320111439378,0.15390474993678124,2.3749973465379415,False,True,600131051.1892087,594087777.3610526,840183471.6648922,831722888.3054736,1080235892.140576,1069357999.2498949
20966,303.0,SPRINGS GLOBAL PARTICIPACOES S.A.,industria,cvm,Emp. Adm. Part. - Têxtil e Vestuário,Categoria A,BOLSA,consolidado,padrao,dva,11.658206098407936,0.04522054570833197,196591185.11585322,44.74408357364515,32.900432900432904,21932204.08948737,4.991761823684786,165259464.9880141,15.151515151515152,19868460.726778403,4.522054570833197,-2063743.3627089672,14.285714285714285,0.44744083573645144,0.44744083573645144,98.48484848484848,0.159375,15.937499999999998,0.75,0.25,0.85,0.33766233766233766,0.002623190356589939,0.37269008492761896,33.76623376623377,1.0,0.7,0.9059035127391428,9399516.038351733,174658981.02636585,-2063743.3627089672,liquido,0.719556655601174,439368000.0,114333000.0,182570000.0,201231000.0,420643000.0,7582000.0,155758000.0,82269071.10484903,131369458.61310634,302676470.28204465,201231000.0,48273000.0,1032796000.0,-310187000.0,2310469000.0,-41830000.0,-0.09520493071866863,24680721.331454705,42038226.75619403,70430850.0,30267647.028204467,1137300.0,28036440.0,0.05617323367076052,0.09567885407265443,0.1603003632490304,0.06888905661815259,0.002588490741246518,0.06381083738460698,0.020893160652664028,-3.329591504479556,False,True,15665860.063919552,14191757.661984574,21932204.08948737,19868460.726778403,28198548.115055192,25545163.79157223
21040,304.0,SYN PROP & TECH S.A.,construcao,cvm,"Emp. Adm. Part. - Const. Civil, Mat. Const. e Decoração",Categoria A,BOLSA,consolidado,padrao,dva,11.61385931509184,0.04505494847188796,98189079.5198339,7.231786834462331,20.995670995670995,68732355.66388372,5.0622507841236315,0.0,29.22077922077922,61173040.90306656,4.505494847188795,-7559314.760817155,29.22077922077922,0.07231786834462332,0.07231786834462332,6.70995670995671,1.0,100.0,1.0,1.0,1.0,0.23376623376623376,0.0011533367003687858,0.26678736306921075,23.376623376623375,0.85,0.7,0.8900181044603817,29456723.855950173,29456723.855950177,-7559314.760817155,liquido,0.9454765532594638,1357743000.0,65750000.0,18065000.0,47342000.0,784472000.0,3856000.0,463000.0,62165083.376809746,17080033.934632212,741699882.6885581,47342000.0,268587000.0,550730000.0,914004000.0,3148170000.0,91259000.0,0.0672137510559804,15852096.261086486,4645769.230219962,14084245.0,63044490.028527446,491640.0,70839.0,0.011675329028458614,0.0034216852749157697,0.01037327756431077,0.04643330146318372,0.00036210092778972164,5.217408596472234e-05,0.08531527839983229,0.602546597170253,False,True,49094539.75991695,43695029.21647612,68732355.66388372,61173040.90306656,88370171.5678505,78651052.58965701
16659,305.0,PORTO SEGURO S.A.,financeiro,cvm,Seguradoras e Corretoras,Categoria A,BOLSA,consolidado,padrao,dva,11.4959150064826,0.044614527541675844,2657238750.0,7.539663522310774,87.44588744588745,1674060412.5,4.749988019055787,265723874.99999994,90.9090909090909,1572370584.5211165,4.461452754167585,-101689827.9788835,90.6926406926407,0.07539663522310773,0.07539663522310773,8.225108225108226,0.9,90.0,0.9,1.0,1.0,0.564935064935065,0.015936695063812182,0.5950372032790128,56.493506493506494,1.25,0.7,0.9392555804918519,717454462.5000001,983178337.5,-101689827.9788835,liquido,0.5431022856525978,35243466000.0,6391610000.0,0.0,2920312000.0,0.0,155731000.0,0.0,3471298000.0000005,0.0,0.0,2920312000.0,2191494000.0,-2191494000.0,3512551000.0,47913736000.0,2415087000.0,0.06852580844347148,1301736750.0000002,0.0,1277636500.0,0.0,77865500.0,0.0,0.036935548563810386,0.0,0.03625172677397847,0.0,0.0022093598853188843,0.0,0.04573832439198647,-0.6239038237451926,False,True,1195757437.5,1123121846.0865119,1674060412.5,1572370584.5211165,2152363387.5,2021619322.9557211
13471,306.0,PLASCAR PARTICIPACOES INDUSTRIAIS S.A.,industria,cvm,"Emp. Adm. Part. - Máqs., Equip., Veíc. e Peças",Categoria A,BOLSA,consolidado,padrao,dva,11.206007353020146,0.04353197086794464,228501484.88846377,20.189210539712295,37.22943722943723,57582374.19189288,5.0876810560075,146240950.3286168,26.623376623376622,49269484.62833975,4.353197086794465,-8312889.563553125,26.190476190476193,0.20189210539712293,0.20189210539712293,71.21212121212122,0.36000000000000004,36.00000000000001,0.9,0.4,1.0,0.027056277056277056,0.0,0.03756549578285064,2.7056277056277054,1.0,0.7,0.8556348243674275,24678160.367954094,170919110.69657087,-8312889.563553125,liquido,0.7277007830736175,1131800000.0,100444000.0,56592000.0,305169000.0,963676000.0,7297000.0,85360000.0,73093177.45504645,41182042.71570216,701267779.8292514,305169000.0,35510000.0,282868000.0,74429000.0,662858000.0,45047000.0,0.03980120162572893,21927953.23651393,13178253.669024691,106809150.0,70126777.98292515,1094550.0,15364800.0,0.019374406464493666,0.011643624022817363,0.09437104612122282,0.06196039758166208,0.0009670878247040113,0.013575543382223007,0.053571051416743856,3.8005078665573904,False,True,41130267.279923484,35192489.02024268,57582374.19189288,49269484.62833975,74034481.10386227,63346480.23643683
23248,307.0,ANIMA HOLDING S.A.,saude_educacao,cvm,Educação,Categoria A,BOLSA,consolidado,padrao,dva,11.1351991337544,0.04326756284212795,788116257.1324805,20.732377832688627,66.66666666666666,165504413.9978209,4.353799344864611,551681379.9927363,49.78354978354979,164476404.7692455,4.326756284212795,-1028009.2285754085,51.73160173160173,0.20732377832688625,0.20732377832688625,72.51082251082252,0.30000000000000004,30.000000000000004,0.75,0.4,1.0,0.9545454545454546,0.11491520221185686,0.9585908635810787,95.45454545454545,1.05,0.7,0.9937886295371618,70930463.14192326,622611843.1346595,-1028009.2285754085,liquido,0.5918472907996457,3801379000.0,1043300000.0,290672000.0,1136280000.0,1449986000.0,178526000.0,0.0,617474278.4912704,172033435.71131462,858170285.7974151,1136280000.0,99601000.0,5210191000.0,1301135000.0,9688873000.0,608360000.0,0.16003666038035144,194504397.7247502,57803234.39900172,417582900.0,90107880.0087286,28117845.0,0.0,0.05116679966000501,0.015205859347095282,0.10985037272000503,0.02370399794620021,0.007396748653580714,0.0,0.010279936582923525,4.004343131189308,False,True,118217438.5698721,117483146.26374681,165504413.9978209,164476404.7692455,212791389.42576978,211469663.27474427
11975,308.0,AZEVEDO E TRAVASSOS S.A.,construcao,cvm,"Construção Civil, Mat. Constr. e Decoração",Categoria A,BOLSA,consolidado,padrao,dva,11.055688072365951,0.04297065715815068,59645815.210650265,39.28770976475139,13.636363636363635,6654236.259438169,4.383035120630076,50139763.411452875,5.411255411255411,6523719.22843612,4.2970657158150685,-130517.03100204933,5.627705627705628,0.3928770976475139,0.3928770976475139,97.18614718614718,0.159375,15.937499999999998,0.75,0.25,0.85,0.8571428571428571,0.07581124415713865,0.8692391574195276,85.71428571428571,0.85,0.7,0.9803858736129292,2851815.539759216,52991578.95121209,-130517.03100204933,liquido,0.641145940997549,151818000.0,121635000.0,0.0,97215000.0,149269000.0,0.0,17668000.0,77985786.53323686,0.0,95703213.46676314,97215000.0,3151000.0,106295000.0,-224547000.0,688233000.0,-102365000.0,-0.6742612865404629,19886375.5659754,0.0,28921462.5,8134773.144674867,0.0,2703204.0,0.13098825940254383,0.0,0.19050087934237048,0.053582402249238346,0.0,0.01780555665336126,0.004578391329680501,-0.47337528446160493,False,True,4753025.899598693,4659799.448882943,6654236.259438169,6523719.22843612,8555446.619277647,8387639.007989297
20796,309.0,BCO DAYCOVAL S.A.,financeiro,cvm,Bancos,Categoria B,,consolidado,financeiro,dre,10.909823241469054,0.04242597700133461,1338462187.5,9.386134954624453,78.35497835497836,702692648.4375,4.927720851177837,334615546.875,80.51948051948052,604994135.0571927,4.242597700133462,-97698513.38030732,78.35497835497836,0.09386134954624452,0.09386134954624452,16.883116883116884,0.75,75.0,0.75,1.0,1.0,0.05627705627705628,2.9607266805819367e-06,0.07310340590063326,5.627705627705628,1.25,0.7,0.860965510885095,301153992.18750006,635769539.0625,-97698513.38030732,liquido,1.0,14259993000.0,729157000.0,,1054547000.0,,1207328000.0,,729157000.0,0.0,0.0,1054547000.0,2352916000.0,-2352916000.0,2760899000.0,91666685000.0,-8815631000.0,-0.6182072459642862,273433875.0,0.0,461364312.5,0.0,603664000.0,0.0,0.019174895457522313,0.0,0.03235375448641525,0.0,0.042332699602306956,0.0,0.025668169411820662,,False,True,501923320.3125,432138667.89799476,702692648.4375,604994135.0571927,903461976.5625,777849602.2163905
80187,310.0,AURA MINERALS INC.,commodities,nome,,,,consolidado,padrao,dva,10.883734528577587,0.04232855801321061,227684550.00000003,7.067193488180661,37.01298701298701,159379185.0,4.947035441726461,0.0,49.134199134199136,136370380.96529874,4.23285580132106,-23008804.034701258,48.05194805194805,0.0706719348818066,0.0706719348818066,6.277056277056277,1.0,100.0,1.0,1.0,1.0,0.027056277056277056,0.0,0.03756549578285064,2.7056277056277054,0.75,0.7,0.8556348243674275,68305365.00000001,68305365.00000003,-23008804.034701258,liquido,1.0,3221711000.0,180161000.0,0.0,0.0,1849471000.0,0.0,358800000.0,180161000.0,0.0,1849471000.0,0.0,1673091000.0,1070742000.0,1123166000.0,6689306000.0,1214182000.0,0.37687489659997436,40536224.99999999,0.0,0.0,138710325.00000003,0.0,48438000.0,0.012582203990364126,0.0,0.0,0.04305486277322827,0.0,0.015034868118214206,0.2501142868931396,0.9533247979372595,False,True,113842275.00000001,97407414.9752134,159379185.0,136370380.96529874,204916095.00000003,175333346.95538414
20524,311.0,EVEN CONSTRUTORA E INCORPORADORA S.A.,construcao,cvm,"Construção Civil, Mat. Constr. e Decoração",Categoria A,BOLSA,consolidado,padrao,dva,10.847042418473373,0.042191544422185354,595947062.5789092,27.624775068878442,61.038961038961034,106376550.67033528,4.931022349794802,443980561.62128735,39.82683982683983,91019481.24962509,4.219154442218535,-15357069.420710191,37.22943722943723,0.27624775068878443,0.27624775068878443,91.12554112554112,0.255,25.5,0.75,0.4,0.85,0.027056277056277056,0.0,0.03756549578285064,2.7056277056277054,0.85,0.7,0.8556348243674275,45589950.28728656,489570511.90857387,-15357069.420710191,liquido,0.9447080781711275,2157292000.0,119379000.0,104467000.0,99715000.0,1579582000.0,0.0,2508750000.0,112778305.66399102,98690818.80230317,1492243875.533706,99715000.0,18337000.0,1158484000.0,109840000.0,5178914000.0,-182028000.0,-0.08437800724241318,28758467.94431771,26843902.714226462,29665212.5,126840729.42036502,0.0,383838750.0,0.01333081842621106,0.012443332990724696,0.013751134524209055,0.05879627302208742,0.0,0.1779261917255522,0.003540703707379578,10.547013838310269,False,True,75983250.47881092,65013915.17830364,106376550.67033528,91019481.24962509,136769850.86185965,117025047.32094654
24961,312.0,AMBIPAR PARTICIPAÇÕES E EMPREENDIMENTOS S.A.,utilities,cvm,"Saneamento, Serv. Água e Gás",Categoria A,BOLSA,consolidado,padrao,dva,10.6881242153474,0.04159812110508181,979103729.8705517,15.265874513626066,72.51082251082252,274149044.3637545,4.274444863815298,587462237.922331,62.121212121212125,266796870.97675678,4.159812110508183,-7352173.38699773,62.77056277056276,0.15265874513626063,0.15265874513626063,47.61904761904761,0.4,40.0,1.0,0.4,1.0,0.8051948051948052,0.060228619434698996,0.8212122556895852,80.51948051948052,0.9,0.7,0.9731818383534377,117492447.58446623,704954685.5067972,-7352173.38699773,liquido,0.6225866043533095,6413676000.0,173732000.0,0.0,2012763000.0,5159314000.0,4066000.0,161973000.0,108163215.94750917,0.0,3212119784.0524907,2012763000.0,2293127000.0,6525703000.0,1795031000.0,14655272000.0,1132253000.0,0.17653729312176045,29204068.305827476,0.0,634020345.0,289090780.5647242,548910.0,26239626.0,0.004553405614163777,0.0,0.0988544393262148,0.04507411671009328,8.558430453923773e-05,0.004091199181249568,0.1564711320267546,3.635426351968295,False,True,195820745.97411036,190569193.55482626,274149044.3637545,266796870.97675678,352477342.75339866,343024548.3986873
20931,313.0,MINERVA S.A.,industria,cvm,Alimentos,Categoria A,BOLSA,consolidado,padrao,dva,10.67115812932561,0.04153476731144916,5261714164.776085,15.444347824128002,93.07359307359307,1473279966.1373038,4.3244173907558405,3157028498.8656507,89.82683982683982,1415042421.8749416,4.153476731144916,-58237544.26236224,90.04329004329004,0.15444347824128005,0.15444347824128005,48.268398268398265,0.4,40.0,1.0,0.4,1.0,0.7142857142857143,0.03548650492611913,0.7364721546439381,71.42857142857143,1.0,0.7,0.9604708231965907,631405699.7731303,3788434198.638781,-58237544.26236224,liquido,0.946948431266713,34068866000.0,1855394000.0,2781779000.0,1681882000.0,27065603000.0,0.0,4111385000.0,1756962437.6816716,2634201260.1806855,25629730302.13764,1681882000.0,7550512000.0,22531597000.0,3096556000.0,42141896000.0,6556461000.0,0.1924472919057535,527088731.3045015,842944403.2578194,588658700.0,2562973030.213764,0.0,740049300.0,0.015471273135551428,0.024742367511082386,0.017278494094872428,0.07522918521014949,0.0,0.021722158289624312,0.17916877778826087,7.276340876767609,False,True,1052342832.955217,1010744587.0535296,1473279966.1373038,1415042421.8749416,1894217099.3193905,1819340256.6963532
16101,314.0,GAFISA S.A.,construcao,cvm,"Construção Civil, Mat. Constr. e Decoração",Categoria A,BOLSA,consolidado,padrao,dva,10.666571605190677,0.041517640573840824,361454337.1666901,35.70441280964429,48.268398268398265,47440881.753128074,4.686204181265812,293681648.9479357,24.242424242424242,42030466.470208906,4.151764057384082,-5410415.2829191685,24.025974025974026,0.3570441280964428,0.3570441280964428,95.67099567099568,0.1875,18.75,0.75,0.25,1.0,0.2077922077922078,0.0008412846564562581,0.23969720025107238,20.77922077922078,0.85,0.7,0.8859545800376608,20331806.46562632,314013455.41356206,-5410415.2829191685,liquido,0.9611682321728874,1012352000.0,110090000.0,33915000.0,47013000.0,1066679000.0,6280000.0,1461901000.0,105815010.67991318,32598020.594143476,1025257968.7259433,47013000.0,8951000.0,1874667000.0,-45591000.0,5302367000.0,160711000.0,0.15875011853584525,26982827.72337786,8866661.601607027,13986367.5,87146927.34170519,800700.0,223670853.0,0.026653602426209323,0.008758476894999987,0.013815715778701478,0.08608362243735894,0.0007909304273612341,0.22094178013181184,0.001688114006442783,-41.11923405935382,False,True,33886344.1093772,30021761.764434937,47440881.753128074,42030466.470208906,60995419.39687896,54039171.175982885
14311,315.0,CIA PARANAENSE DE ENERGIA - COPEL,utilities,cvm,Energia Elétrica,Categoria A,BOLSA,consolidado,padrao,dva,10.651832845808851,0.041462603936688436,2192398193.9691997,9.679019511377756,85.06493506493507,966847603.5404171,4.268447604517591,811187331.7686039,84.19913419913419,939170934.4236715,4.146260393668843,-27676669.11674559,84.4155844155844,0.09679019511377757,0.09679019511377757,18.614718614718615,0.63,63.0,0.9,0.7,1.0,0.7922077922077922,0.05793797855979619,0.8091621401663256,79.22077922077922,0.9,0.7,0.9713743210249488,414363258.66017884,1225550590.4287825,-27676669.11674559,liquido,0.9266748896754629,22651036000.0,825350000.0,137121000.0,1372812000.0,17759792000.0,100730000.0,136324000.0,764831120.1936432,127066587.54718915,16457553292.259169,1372812000.0,4161939000.0,13084220000.0,5529726000.0,57384156000.0,3393536000.0,0.14981813635367494,206504402.45228368,36595177.21359048,432435780.0,1481179796.3033254,13598550.0,22084488.0,0.00911677516438028,0.00161560721609336,0.019091214194352966,0.06539126052792135,0.0006003500237251842,0.0009749879873044218,0.07252766774159752,2.366160637977361,False,True,690605431.1002979,670836381.731194,966847603.5404171,939170934.4236715,1243089775.9805362,1207505487.1161492
27472,316.0,AXIA ENERGIA NORTE S.A.,utilities,cvm,Energia Elétrica,Categoria B,BALCÃO ORGANIZADO,consolidado,padrao,dva,10.622225242146122,0.0413520449067509,1062388971.3437746,7.992757777154985,74.02597402597402,557754209.9554815,4.196197833006366,265597242.83594364,74.67532467532467,549647038.9358177,4.13520449067509,-8107171.019663811,76.40692640692642,0.07992757777154985,0.07992757777154985,8.874458874458876,0.75,75.0,0.75,1.0,1.0,0.8939393939393939,0.08909656961249236,0.9030974471675026,89.39393939393939,0.9,0.7,0.9854646170751253,239037518.5523493,504634761.388293,-8107171.019663811,liquido,0.8982804378848553,13291895000.0,864405000.0,0.0,809817000.0,7096866000.0,0.0,147529000.0,776478101.9098583,0.0,6374975898.090142,809817000.0,1378652000.0,7209612000.0,7246076000.0,60291585000.0,4281992000.0,0.3221506038078092,209649087.51566178,0.0,255092355.0,573747830.8281128,0.0,23899698.0,0.01577270114725265,0.0,0.019191571630681702,0.04316523948075973,0.0,0.0017980655128557667,0.022866408305570338,0.9949677591016158,False,True,398395864.2539154,392605027.8112984,557754209.9554815,549647038.9358177,717112555.6570477,706689050.0603371
21636,317.0,RENOVA ENERGIA S.A.,utilities,cvm,Energia Elétrica,Categoria A,BOLSA,consolidado,padrao,dva,10.57298818964451,0.041168186705203356,49493857.562075615,19.092937267895817,11.688311688311687,12472452.105643054,4.811420191509746,31676068.83972839,10.606060606060606,10671864.366843047,4.1168186705203365,-1800587.7388000078,10.38961038961039,0.19092937267895815,0.19092937267895815,66.45021645021644,0.36000000000000004,36.00000000000001,0.9,0.4,1.0,0.027056277056277056,0.0,0.03756549578285064,2.7056277056277054,0.9,0.7,0.8556348243674275,5345336.616704168,37021405.45643256,-1800587.7388000078,liquido,0.9148818170557301,259226000.0,65108000.0,0.0,30235000.0,290104000.0,0.0,0.0,59566125.34486448,0.0,265410874.65513554,30235000.0,144216000.0,999974000.0,119041000.0,3061346000.0,149537000.0,0.5768595742710994,16082853.843113411,0.0,9524025.0,23886978.7189622,0.0,0.0,0.06204182390313244,0.0,0.036740238247706634,0.0921473105281191,0.0,0.0,0.047108690099061004,8.400248653825154,False,True,8908894.361173611,7622760.262030749,12472452.105643054,10671864.366843047,16036009.8501125,13720968.471655346
27057,318.0,VITRU EDUCAÇÃO S.A.,saude_educacao,cvm,Educação,Categoria A,,consolidado,padrao,dva,10.4188430035501,0.04059258651687769,414988139.8779551,19.375590441442494,53.246753246753244,87147509.37437057,4.068873992702924,290491697.91456854,34.84848484848485,86941567.1351273,4.05925865168777,-205942.23924326897,36.14718614718615,0.19375590441442492,0.19375590441442492,67.96536796536796,0.30000000000000004,30.000000000000004,0.75,0.4,1.0,0.9826839826839827,0.1443865021301783,0.9842456970775395,98.26839826839827,1.05,0.7,0.997636854561631,37348932.58901597,327840630.5035845,-205942.23924326897,liquido,0.6192249263393,2141809000.0,259707000.0,397720000.0,534636000.0,746646000.0,232106000.0,0.0,160817047.9448006,246278137.70366642,462341814.351533,534636000.0,21553000.0,2329029000.0,663933000.0,5825334000.0,255864000.0,0.11946163266659166,50657370.10261218,82749454.26843192,196478730.0,48545890.50691097,36556695.0,0.0,0.023651674870453988,0.038635309809806534,0.09173494461924475,0.022665835518905268,0.017068139596014397,0.0,0.00369987368964595,3.507927757770739,False,True,62248220.98169327,62101119.38223379,87147509.37437057,86941567.1351273,112046797.76704788,111782014.88802083
21520,319.0,MULTINER S/A,utilities,cvm,Energia Elétrica,Categoria B,,consolidado,padrao,dva,10.282099719842252,0.04008196752287096,26811221.243564546,15.569362819642024,5.627705627705628,7507141.948198073,4.3594215894997665,16086732.746138727,6.277056277056277,6902315.217275994,4.008196752287096,-604826.7309220787,6.0606060606060606,0.15569362819642024,0.15569362819642024,48.917748917748916,0.4,40.0,1.0,0.4,1.0,0.42857142857142855,0.006011384452228686,0.46288770960098446,42.857142857142854,0.9,0.7,0.9194331564401477,3217346.549227746,19304079.295366473,-604826.7309220787,liquido,0.9489717654954221,172205000.0,4883000.0,0.0,10645000.0,203727000.0,8985000.0,22186000.0,4633829.130914146,0.0,193331170.86908585,10645000.0,607270000.0,860543000.0,48522000.0,1991488000.0,242164000.0,1.4062541738044771,1251133.8653468196,0.0,3353175.0,17399805.378217727,1212975.0,3594132.0,0.007265374787879675,0.0,0.019471995586655442,0.10104123212576713,0.007043785023663657,0.02087124067245434,0.3049327939711412,17.735109847079674,False,True,5362244.248712909,4930225.155197139,7507141.948198073,6902315.217275994,9652039.647683237,8874405.27935485
26590,320.0,AURA ALMAS MINERAÇÃO S.A.,commodities,cvm,Emp. Adm. Part. - Extração Mineral,Categoria B,BALCÃO ORGANIZADO,consolidado,padrao,dva,10.269334531409745,0.040034300482128846,46694633.95021563,6.5912747960232725,10.822510822510822,32686243.76515094,4.61389235721629,0.0,18.83116883116883,28361539.52485502,4.003430048212884,-4324704.240295917,18.614718614718615,0.06591274796023272,0.06591274796023272,5.844155844155844,1.0,100.0,1.0,1.0,1.0,0.09523809523809523,0.0001125866600136584,0.11793591796216518,9.523809523809524,0.75,0.7,0.8676903876943247,14008390.185064692,14008390.185064692,-4324704.240295917,liquido,0.9579658651993259,708431000.0,91705000.0,0.0,14942000.0,263768000.0,0.0,30037000.0,87850259.66810419,0.0,252680740.3318958,14942000.0,743232000.0,391048000.0,412784000.0,1891876000.0,231109000.0,0.3262265485276618,19766308.42532344,0.0,3922274.9999999995,18951055.52489219,0.0,4054995.0000000005,0.027901529471922374,0.0,0.005536566017015064,0.026750742873889184,0.0,0.0057239095974060995,0.3928544999777998,0.9473429202682274,False,True,23347316.975107815,20258242.51775359,32686243.76515094,28361539.52485502,42025170.555194065,36464836.53195646
26328,321.0,AUSTRAVIAS S.A.,outros,padrao,Emp. Adm. Part. - Serviços Transporte e Logística,Categoria B,,consolidado,padrao,dva,10.211595368081337,0.039818694181811144,61246555.61726451,14.220962207789697,14.502164502164502,17149035.572834063,3.981869418181115,36747933.370358706,13.41991341991342,17149035.572834063,3.981869418181115,0.0,13.852813852813853,0.14220962207789695,0.14220962207789695,41.125541125541126,0.4,40.0,1.0,0.4,1.0,1.0,0.16456083948684344,1.0,100.0,1.0,0.7,1.0,7349586.674071742,44097520.04443045,0.0,liquido,0.7935122009401101,430678000.0,73526000.0,0.0,67518000.0,253457000.0,0.0,0.0,58343778.08632254,0.0,201121221.91367748,67518000.0,191835000.0,1366811000.0,189354000.0,1819016000.0,102880000.0,0.23887916262265543,17503133.42589676,0.0,23631300.0,20112122.19136775,0.0,0.0,0.040640881182453625,0.0,0.0548699956812282,0.046698745214215145,0.0,0.0,0.10546086455534201,7.218284271787234,False,True,12249311.123452902,12249311.123452902,17149035.572834063,17149035.572834063,22048760.022215225,22048760.022215225
15636,322.0,CIA GAS DE SAO PAULO - COMGAS,utilities,cvm,"Emp. Adm. Part. - Saneamento, Serv. Água e Gás",Categoria A,BOLSA,individual,padrao,dva,10.18339186520612,0.03971337826518904,1261717746.9177864,8.170057493406878,77.05627705627705,618241695.9897152,4.003328171769369,378515324.075336,77.7056277056277,613301365.2313195,3.9713378265189037,-4940330.758395672,79.22077922077922,0.08170057493406878,0.08170057493406878,9.956709956709958,0.7,70.0,1.0,0.7,1.0,0.9415584415584416,0.11224877566247185,0.9467270832702738,94.15584415584416,0.9,0.7,0.9920090624905411,264960726.85273516,643476050.9280711,-4940330.758395672,liquido,0.9910818825922699,15443193000.0,299193000.0,135406000.0,111982000.0,12122087000.0,16994000.0,149260000.0,296524761.698429,134198433.3942889,12013980804.907282,111982000.0,2188418000.0,7600783000.0,3726899000.0,15591493000.0,2881592000.0,0.18659301868467226,80061685.65857583,38649148.817555204,35274330.0,1081258272.4416554,2294190.0,24180120.0,0.005184270225631178,0.0025026656610168123,0.0022841345050858327,0.07001520167763593,0.00014855671362781,0.0015657461510712196,0.14035974617696972,2.0394389544766307,False,True,441601211.4212252,438072403.73665684,618241695.9897152,613301365.2313195,794882180.5582054,788530326.7259823
701,323.0,BIOMA EDUCAÇÃO S.A.,saude_educacao,cvm,Emp. Adm. Part. - Educação,Categoria A,BOLSA,consolidado,padrao,dva,10.160341864948188,0.03962730626498239,108617736.93355834,30.6282955101509,22.294372294372295,14256077.972529532,4.019963785707305,88251911.25851616,11.471861471861471,14053110.875363234,3.962730626498239,-202967.09716629796,12.770562770562771,0.30628295510150905,0.30628295510150905,93.07359307359307,0.1875,18.75,0.75,0.25,1.0,0.8961038961038961,0.08940096179332804,0.9050851164172915,89.6103896103896,1.05,0.7,0.9857627674625937,6109747.702512658,94361658.96102881,-202967.09716629796,liquido,0.453337925334068,354632000.0,193539000.0,0.0,198411000.0,169411000.0,0.0,0.0,87738568.73123018,0.0,76800431.2687698,198411000.0,15715000.0,41251000.0,-10226000.0,528180000.0,121112000.0,0.3415145841322836,27637649.15033751,0.0,72916042.5,8064045.283220829,0.0,0.0,0.07793332003411285,0.0,0.2056104426560491,0.02273919241134706,0.0,0.0,0.02975311446855239,-4.03393311167612,False,True,10182912.837521095,10037936.339545168,14256077.972529532,14053110.875363234,18329243.10753797,18068285.4111813
20494,324.0,IGUATEMI EMPRESA DE SHOPPING CENTERS S.A,varejo,cvm,Comércio (Atacado e Varejo),Categoria B,BOLSA,consolidado,padrao,dva,10.099040052348796,0.03939839652234986,124816715.24401602,11.721244092647034,25.324675324675322,45870142.85217588,4.307557204047783,59287939.740907624,23.809523809523807,41954406.89513382,3.9398396522349852,-3915735.9570420533,23.809523809523807,0.11721244092647035,0.11721244092647035,27.056277056277057,0.5249999999999999,52.49999999999999,0.75,0.7,1.0,0.3961038961038961,0.004717272310323936,0.4308954636481576,39.61038961038961,1.1,0.7,0.9146343195472236,19658632.65093252,78946572.39184014,-3915735.9570420533,liquido,0.7255012877293104,1064876000.0,139901000.0,0.0,142181000.0,378065000.0,2652000.0,30169000.0,101498355.65461826,0.0,274286644.34538174,142181000.0,38535000.0,2249393000.0,779318000.0,6466894000.0,426583000.0,0.40059405977785206,33494457.36602403,0.0,54739685.0,30171530.877991997,437580.0,5973462.0,0.03145385694299058,0.0,0.05140475041225458,0.028333374851148865,0.0004109210837693779,0.00560953763630695,0.005958811138701206,2.8863608950389956,False,True,32764387.7515542,29967433.496524163,45870142.85217588,41954406.89513382,58975897.95279756,53941380.2937435
25879,325.0,KORA SAÚDE PARTICIPAÇÕES S.A.,saude_educacao,cvm,Serviços Médicos,Categoria B,,consolidado,padrao,dva,9.971651010348527,0.03892270760579121,419897999.07683665,18.512143789511498,53.46320346320347,89942151.40225843,3.9653011997133634,291409211.35932463,35.4978354978355,88285653.0726838,3.892270760579121,-1656498.3295746297,36.36363636363637,0.18512143789511498,0.18512143789511498,64.06926406926407,0.30600000000000005,30.600000000000005,0.9,0.4,0.85,0.8658008658008658,0.07746393267292748,0.8772175000820924,86.58008658008657,1.05,0.7,0.9815826250123139,38546636.315253615,329955847.6745782,-1656498.3295746297,liquido,0.6962611572311341,2268230000.0,188673000.0,0.0,608275000.0,1813952000.0,50893000.0,75914000.0,131365681.31826977,0.0,1262984318.6817303,608275000.0,252681000.0,2738525000.0,437321000.0,4777870000.0,-111757000.0,-0.04927057661700974,41380189.615254976,0.0,223541062.5,132613353.46158169,8015647.5,14347746.0,0.01824338343785903,0.0,0.09855308434329851,0.05846556718744646,0.0035338777372665034,0.006325525189244477,0.05288570011323037,6.262047786408611,False,True,64244393.85875602,63061180.76620271,89942151.40225843,88285653.0726838,115639908.94576085,113510125.37916489
8427,326.0,MANUFATURA DE BRINQUEDOS ESTRELA S.A.,industria,cvm,Brinquedos e Lazer,Categoria A,BOLSA,consolidado,padrao,dva,9.95039072522682,0.03884331865807268,37807020.21129687,24.477851147459354,8.441558441558442,6748553.107716491,4.369296429821494,28166230.057416167,5.627705627705628,5999505.940013959,3.884331865807269,-749047.1677025324,5.411255411255411,0.2447785114745935,0.2447785114745935,83.33333333333334,0.255,25.5,0.75,0.4,0.85,0.22727272727272727,0.0010686781048937415,0.26004171487164174,22.727272727272727,1.0,0.7,0.8890062572307462,2892237.0461642114,31058467.103580378,-749047.1677025324,liquido,0.9341559313365086,154454000.0,48407000.0,21180000.0,10299000.0,86828000.0,6388000.0,29088000.0,45219686.16820637,19785422.625707254,81110891.20608637,10299000.0,339000.0,100692000.0,2451000.0,328256000.0,-18469000.0,-0.11957605500666865,13565905.850461911,6331335.240226321,3604650.0,8111089.120608637,958200.0,5235840.0,0.0878313662997521,0.04099172077269816,0.02333801649682106,0.052514594122577835,0.00620378883033136,0.033899024952413016,0.0010327305517644765,41.08200734394125,False,True,4820395.076940351,4285361.385724257,6748553.107716491,5999505.940013959,8676711.138492633,7713650.494303662
9512,327.0,PETROLEO BRASILEIRO S.A. PETROBRAS,commodities,cvm,Petróleo e Gás,Categoria A,BOLSA,consolidado,padrao,dva,9.940555329579515,0.03880659188294407,40063669451.98836,8.162449539857743,99.35064935064936,21033426462.293888,4.285286008425315,10015917362.99709,99.35064935064936,19047400687.313557,3.8806591882944073,-1986025774.9803314,99.35064935064936,0.08162449539857743,0.08162449539857743,9.740259740259742,0.75,75.0,0.75,1.0,1.0,0.3354978354978355,0.0024824034914744616,0.3705175969812841,33.549783549783555,0.75,0.7,0.9055776395471926,9014325626.697382,19030242989.69447,-1986025774.9803314,liquido,0.8407956296000456,490829000000.0,9931000000.0,26134000000.0,44646000000.0,244367000000.0,1536000000.0,41550000000.0,8349941397.558053,21973352983.96759,205462705618.47433,44646000000.0,20254000000.0,353213000000.0,204234000000.0,1124797000000.0,204037000000.0,0.41569874640658966,1878736814.4505618,5273604716.152222,11719574999.999998,15409702921.385578,172799999.99999997,5609250000.0,0.003827680952939948,0.010744281035049317,0.02387710383860774,0.03139525765874791,0.000352057437518973,0.011428114475713538,0.018006804783440925,1.7294524907703908,False,True,15023876044.495634,13605286205.223969,21033426462.293888,19047400687.313557,27042976880.09214,24489515169.403145
22780,328.0,UNICASA INDÚSTRIA DE MÓVEIS S.A.,construcao,cvm,"Construção Civil, Mat. Constr. e Decoração",Categoria A,BOLSA,consolidado,padrao,dva,9.923577410262046,0.03874319390209161,46073579.23801908,20.336238789021436,10.606060606060606,9675451.639984006,4.270610145694502,32251505.466613352,8.441558441558442,8777619.267263973,3.8743193902091613,-897832.3727200329,8.441558441558442,0.20336238789021435,0.20336238789021435,71.64502164502164,0.30000000000000004,30.000000000000004,0.75,0.4,1.0,0.3463203463203463,0.0027713059472716127,0.38136746746462186,34.63203463203463,0.85,0.7,0.9072051201196932,4146622.1314217183,36398127.598035075,-897832.3727200329,liquido,0.769567987311827,226559000.0,18305000.0,65978000.0,51723000.0,140178000.0,1059000.0,26004000.0,14086942.007742992,50774556.666859716,107876501.32539728,51723000.0,10341000.0,89766000.0,17808000.0,366975000.0,13457000.0,0.05939733137946407,3592170.211974463,13810679.413385844,15387592.5,9169502.612658769,135022.5,3978612.0,0.015855341045707575,0.06095842325127602,0.06791869888196893,0.04047291263052348,0.0005959705860283635,0.017561041494709988,0.028179031269160024,5.040768194070081,False,True,6911036.885702862,6269728.048045696,9675451.639984006,8777619.267263973,12439866.394265153,11285510.486482253
21180,329.0,NEXPE PARTICIPAÇÕES S.A,construcao,cvm,"Emp. Adm. Part. - Const. Civil, Mat. Const. e Decoração",Categoria A,BOLSA,consolidado,padrao,dva,9.876398559402695,0.038567021320075334,26472806.270137556,23.15898684280114,5.411255411255411,4632741.097274072,4.0528226974902,19854604.70260317,3.463203463203463,4408557.640076491,3.856702132007533,-224183.4571975805,3.67965367965368,0.2315898684280114,0.2315898684280114,79.65367965367966,0.25,25.0,1.0,0.25,1.0,0.6515151515151515,0.02592379858318974,0.6773926386267071,65.15151515151516,0.85,0.7,0.9516088957940061,1985460.470260317,21840065.172863483,-224183.4571975805,liquido,0.7447255096350456,114309000.0,66615000.0,0.0,32959000.0,62497000.0,477000.0,0.0,49609889.82433856,0.0,46543110.175661445,32959000.0,6363000.0,-4801000.0,-12368000.0,36561000.0,8007000.0,0.07004697792824711,12650521.905206334,0.0,9805302.5,3956164.364931223,60817.5,0.0,0.11066951775631258,0.0,0.08577891942016815,0.034609386530642584,0.000532044720888119,0.0,0.17403790924755888,0.3881791720569211,False,True,3309100.7837671945,3148969.7429117803,4632741.097274072,4408557.640076491,5956381.41078095,5668145.537241205
17485,330.0,ELEKTRO REDES S.A.,utilities,cvm,Energia Elétrica,Categoria A,BOLSA,individual,padrao,dre,9.796699972818244,0.038269415390174914,854501299.5686657,9.160605698634924,69.6969696969697,376835073.10978156,4.039827113098001,316165480.8404063,69.04761904761905,356977106.7595516,3.8269415390174912,-19857966.35022998,69.48051948051948,0.09160605698634924,0.09160605698634924,14.71861471861472,0.63,63.0,0.9,0.7,1.0,0.6212121212121212,0.022296228457247526,0.6486886391907077,62.121212121212125,0.9,0.7,0.9473032958786062,161500745.61847785,477666226.4588842,-19857966.35022998,liquido,0.9188813134826771,9328000000.0,301000000.0,60000000.0,583000000.0,6826000000.0,117000000.0,0.0,276583275.3582858,55132878.808960624,6272283845.832754,583000000.0,745000000.0,6522000000.0,2417000000.0,12011000000.0,1582000000.0,0.16959691252144082,74677484.34673716,15878269.096980661,183645000.0,564505546.1249479,15795000.000000002,0.0,0.008005733742145922,0.0017022158122835186,0.0196875,0.06051731840962135,0.0016932890222984564,0.0,0.0620264757305803,2.6983864294580058,False,True,269167909.3641297,254983647.68539402,376835073.10978156,356977106.7595516,484502236.8554335,458970565.8337093
27375,331.0,BRASIL BIOFUELS S.A.,utilities,cvm,Energia Elétrica,Categoria B,BALCÃO ORGANIZADO,consolidado,padrao,dva,9.74465340764774,0.03807506606618436,122573712.83370706,20.145372446150862,25.108225108225106,25740479.695078485,4.230528213691681,85801598.98359494,16.666666666666664,23166621.647705615,3.807506606618437,-2573858.04737287,16.666666666666664,0.20145372446150858,0.20145372446150858,70.77922077922078,0.30000000000000004,30.000000000000004,0.75,0.4,1.0,0.2987012987012987,0.0018413586778291352,0.33338252229878856,29.87012987012987,0.9,0.7,0.9000073783448183,11031634.155033639,96833233.13862857,-2573858.04737287,liquido,0.7586369317563642,608446000.0,63092000.0,0.0,181911000.0,690590000.0,130000.0,31971000.0,47863921.29837253,0.0,523907078.7016275,181911000.0,5273000.0,787007000.0,82047000.0,2585808000.0,186415000.0,0.3063788733922156,12923258.750560584,0.0,57301965.0,47151637.08314648,17550.0,5179302.0,0.02123977929111307,0.0,0.09417756875712882,0.07749518787722572,2.8843973006643154e-05,0.008512344563034353,0.002039207860753776,9.592148402744769,False,True,18386056.925056063,16547586.891218297,25740479.695078485,23166621.647705615,33094902.465100914,29785656.404192936
18376,332.0,ISA ENERGIA BRASIL,utilities,cvm,Energia Elétrica,Categoria A,BOLSA,consolidado,padrao,dva,9.67973116145122,0.03783263710629227,891099478.4156249,11.185469380348042,70.77922077922078,334028639.48409694,4.192873197223463,413915707.7240578,66.45021645021644,301396767.950883,3.783263710629227,-32631871.533213973,66.01731601731602,0.11185469380348041,0.11185469380348041,24.025974025974026,0.5355,53.55,0.9,0.7,0.85,0.31385281385281383,0.0020250258679025373,0.34872108404410085,31.38528138528138,0.9,0.7,0.9023081626066152,143155131.20747015,557070838.9315279,-32631871.533213973,liquido,0.9351703627392035,7966581000.0,364588000.0,1152707000.0,372538000.0,4229120000.0,0.0,94384000.0,340951892.2103607,1077977423.322019,3954947684.4676204,372538000.0,2914747000.0,10359057000.0,5168635000.0,43304632000.0,-181477000.0,-0.022779784703124212,92057010.8967974,310457497.91674155,117349470.0,355945291.6020859,0.0,15290208.0,0.011555397591111845,0.038969979457529086,0.014730217391877394,0.044679805753821605,0.0,0.0019192936091404834,0.06730797296695651,2.00421523284194,False,True,238591885.34578353,215283405.67920214,334028639.48409694,301396767.950883,429465393.62241036,387510130.22256386
22187,333.0,PRIO S.A.,commodities,cvm,Petróleo e Gás,Categoria A,BOLSA,consolidado,padrao,dva,9.474267265941783,0.03706540551154805,869253305.9729165,6.053020750330201,69.91341991341992,547629582.7629374,3.8134030727080273,86925330.59729163,74.02597402597402,532283426.85562915,3.7065405511548057,-15346155.90730828,75.10822510822511,0.06053020750330201,0.06053020750330201,3.67965367965368,0.9,90.0,0.9,1.0,1.0,0.7965367965367965,0.05920573011614342,0.8131808264766266,79.65367965367966,0.75,0.7,0.9719771239714939,234698392.6126875,321623723.20997906,-15346155.90730828,liquido,0.9707980791902874,14360653000.0,603173000.0,0.0,224535000.0,7085876000.0,0.0,1204744000.0,585559189.8194432,0.0,6878954810.180556,224535000.0,3993359000.0,18440318000.0,9439757000.0,55746165000.0,9669485000.0,0.673331846400021,131750817.70937471,0.0,58940437.49999999,515921610.7635418,0.0,162640440.0,0.009174430836075121,0.0,0.00410430065401622,0.035926055087017406,0.0,0.011325420926193258,0.07163468554294274,1.9534738023447002,False,True,391163987.68781245,380202447.7540208,547629582.7629374,532283426.85562915,704095177.8380624,684364405.9572375
14524,334.0,CIA ELETRICIDADE EST. DA BAHIA - COELBA,utilities,cvm,Energia Elétrica,Categoria A,BOLSA,individual,padrao,dre,9.430494798234259,0.036901952851790654,1476477020.3817537,8.932645776403616,79.43722943722943,651126365.9883534,3.939296787393995,546296497.5412488,78.57142857142857,609952378.6872479,3.6901952851790663,-41173987.3011055,78.57142857142857,0.08932645776403614,0.08932645776403614,12.770562770562771,0.63,63.0,0.9,0.7,1.0,0.5476190476190477,0.014525461113064603,0.578433215098916,54.761904761904766,0.9,0.7,0.9367649822648374,279054156.8521515,825350654.3934003,-41173987.3011055,liquido,0.9271271433193141,16529000000.0,701000000.0,100000000.0,901000000.0,11563000000.0,190000000.0,0.0,649916127.4668392,92712714.33193141,10720371158.20123,901000000.0,1525000000.0,14784000000.0,4942000000.0,31283000000.0,2859000000.0,0.1729687216407526,175477354.4160466,26701261.72759625,283815000.0,964833404.2381108,25650000.0,0.0,0.01061633216867606,0.00161541906513378,0.017170730231713956,0.05837215828169343,0.0015518180168189245,0.0,0.04874852156123134,2.991501416430595,False,True,465090261.42025244,435680270.4908914,651126365.9883534,609952378.6872479,837162470.5564544,784224486.8836045
27430,335.0,ALUBAR METAIS E CABOS S.A.,commodities,cvm,Metalurgia e Siderurgia,Categoria B,,consolidado,padrao,dva,9.32941267933382,0.03652449775150738,366479225.8367464,9.43270882181353,48.917748917748916,161617338.59400517,4.159824590419767,135597313.55959615,49.56709956709957,141904832.5661655,3.6524497751507385,-19712506.02783966,48.484848484848484,0.09432708821813529,0.09432708821813529,17.0995670995671,0.63,63.0,0.9,0.7,1.0,0.15800865800865802,0.00040758621983392996,0.18686504804788912,15.800865800865802,0.75,0.7,0.8780297572071833,69264573.68314508,204861887.24274123,-19712506.02783966,liquido,0.9666895673131002,3885196000.0,134261000.0,200904000.0,118159000.0,3212042000.0,0.0,198301000.0,129788707.99702415,194211800.8314711,3105047491.171505,118159000.0,106586000.0,1099596000.0,392980000.0,1759137000.0,198823000.0,0.05117450960003048,29202459.299330432,46610832.19955306,31016737.499999996,232878561.8378629,0.0,26770635.0,0.007516341337561974,0.011997034949987866,0.007983313454456352,0.05993997776118963,0.0,0.006890420714939479,0.06058993699751639,2.7980965952465775,False,True,115440956.13857512,101360594.69011822,161617338.59400517,141904832.5661655,207793721.04943523,182449070.4422128
26123,336.0,ONCOCLÍNICAS DO BRASIL SERVIÇOS MÉDICOS S.A.,saude_educacao,cvm,Serviços Médicos,Categoria A,,consolidado,padrao,dva,9.313132949654712,0.03646370691069937,1086265527.9442937,17.44380810181311,74.45887445887446,232678076.08566773,3.736463695408369,753868276.3933398,58.658008658008654,227067780.1943937,3.646370691069937,-5610295.891274035,59.523809523809526,0.17443808101813113,0.17443808101813113,58.00865800865801,0.30600000000000005,30.600000000000005,0.9,0.4,0.85,0.8246753246753247,0.0669595759168716,0.8392544186469776,82.46753246753246,1.05,0.7,0.9758881627970466,99719175.4652862,853587451.858626,-5610295.891274035,liquido,0.8575974468205954,6227227000.0,1396764000.0,0.0,792267000.0,4166809000.0,0.0,225235000.0,1197861240.210922,0.0,3573444759.789078,792267000.0,550744000.0,4927655000.0,206432000.0,11202332000.0,-184851000.0,-0.029684320163694048,377326290.6664404,0.0,291158122.5,375211699.77785325,0.0,42569415.0,0.06059298796501885,0.0,0.04675566227150544,0.06025341613174744,0.0,0.0068360146498594,0.04916333491990775,23.870596612928228,False,True,166198625.77547696,162191271.5674241,232678076.08566773,227067780.1943937,299157526.3958585,291944288.82136333
4030,337.0,CIA SIDERURGICA NACIONAL,commodities,cvm,Metalurgia e Siderurgia,Categoria A,BOLSA,consolidado,padrao,dva,9.235966269649174,0.036175555482367054,5979774273.160692,13.68762174125182,93.72294372294373,1674336796.4849937,3.832534087550509,3587864563.896415,91.12554112554112,1580418133.1136913,3.617555548236705,-93918663.37130237,90.9090909090909,0.13687621741251818,0.13687621741251818,38.74458874458874,0.4,40.0,1.0,0.4,1.0,0.5974025974025974,0.02009128501048643,0.6260463105213964,59.74025974025974,0.75,0.7,0.9439069465782095,717572912.7792832,4305437476.675698,-93918663.37130237,liquido,0.8914124838459496,43687460000.0,855999000.0,5453297000.0,4158901000.0,31990696000.0,13965000.0,10439741000.0,763048194.759649,4861137023.919665,28516905781.320686,4158901000.0,23310197000.0,33604424000.0,8056077000.0,103906654000.0,8650505000.0,0.19800887943588388,171685843.820921,1166672885.7407196,1091711512.4999998,2138767933.5990517,1571062.4999999998,1409365035.0,0.00392986554542015,0.026704983208928137,0.024989127600917968,0.0489561062510627,3.5961406316595194e-05,0.03226017339987264,0.22433786579250256,4.1713136555174435,False,True,1195954854.6321385,1128870095.0812082,1674336796.4849937,1580418133.1136913,2152718738.337849,2031966171.1461747
20788,338.0,MARFRIG GLOBAL FOODS S.A.,industria,cvm,Alimentos,Categoria A,BOLSA,consolidado,padrao,dva,9.224809931980598,0.036133896120659044,22394294453.95595,15.043766078355006,98.7012987012987,5643362202.3969,3.7910290517454612,14332348450.531807,96.75324675324676,5378926428.927684,3.6133896120659035,-264435773.46921635,96.53679653679653,0.1504376607835501,0.1504376607835501,45.45454545454545,0.36000000000000004,36.00000000000001,0.9,0.4,1.0,0.6623376623376623,0.02782010568689775,0.6876143878001157,66.23376623376623,1.0,0.7,0.9531421581700174,2418583801.0272436,16750932251.559052,-264435773.46921635,liquido,0.904020227775978,148860959000.0,2218427000.0,11235367000.0,13689027000.0,129170289000.0,47068000.0,11482938000.0,2005502881.8443797,10156999034.486708,116772554083.66891,13689027000.0,4516687000.0,61503144000.0,13134775000.0,137510139000.0,12766349000.0,0.08576022273240898,601650864.5533139,3250239691.0357466,4791159450.0,11677255408.366892,7060200.0,2066928840.0,0.00404169681960274,0.02183406390009718,0.032185466775072974,0.07844404259391405,4.74281507215065e-05,0.013884962544141611,0.032846210707415543,4.682466505897512,False,True,4030973001.712072,3842090306.3769174,5643362202.3969,5378926428.927684,7255751403.08173,6915762551.478452
20320,339.0,CEMIG GERACAO E TRANSMISSAO S.A.,utilities,cvm,Energia Elétrica,Categoria B,,consolidado,padrao,dva,9.194628117620804,0.03602119290578947,453369430.0697802,7.421377530498289,55.1948051948052,238018950.7866346,3.8962232035116022,113342357.51744504,59.307359307359306,220052242.74090913,3.6021192905789476,-17966708.045725465,58.658008658008654,0.0742137753049829,0.0742137753049829,7.792207792207792,0.75,75.0,0.75,1.0,1.0,0.46320346320346323,0.008206037294580448,0.4967709367581351,46.320346320346324,0.9,0.7,0.9245156405137203,102008121.76570056,215350479.28314558,-17966708.045725465,liquido,0.8794166390089226,6108966000.0,171204000.0,3725000.0,438164000.0,3458773000.0,0.0,0.0,150559646.26488358,3275826.980308237,3041702526.7548084,438164000.0,233739000.0,798185000.0,5767707000.0,17664336000.0,2306542000.0,0.3775666782234506,40651104.49151857,943438.1703287724,138021660.0,273753227.4079328,0.0,0.0,0.006654334709264804,0.00015443500100160523,0.02259329320215565,0.044811712392560835,0.0,0.0,0.013232255092973775,0.13838861786841808,False,True,170013536.27616757,157180173.3863637,238018950.7866346,220052242.74090913,306024365.2971016,282924312.09545463
25305,340.0,PATRIMAR ENGENHARIA S.A.,construcao,cvm,"Construção Civil, Mat. Constr. e Decoração",Categoria A,,consolidado,padrao,dva,9.129383192591712,0.035777559016950164,248211237.9328115,16.9481607730532,38.52813852813853,59074274.62800913,4.0336622639866615,163819417.03565556,27.705627705627705,52397380.06221205,3.577755901695016,-6676894.565797083,27.27272727272727,0.169481607730532,0.169481607730532,55.62770562770562,0.34,34.0,1.0,0.4,0.85,0.21428571428571427,0.0008809571526692753,0.2464972152609008,21.428571428571427,0.85,0.7,0.8869745822891351,25317546.269146778,189136963.30480236,-6676894.565797083,liquido,0.9562814966644786,1464532000.0,86763000.0,114395000.0,59807000.0,1166844000.0,0.0,553337000.0,82969851.49510016,109393821.81093302,1115831326.6939669,59807000.0,302281000.0,940969000.0,132202000.0,2569705000.0,-485697000.0,-0.33163973200995267,21157312.13125054,29755119.532573786,17792582.5,94845662.7689872,0.0,84660561.0,0.014446466264479397,0.020317152190989195,0.012148988550608657,0.06476175513337175,0.0,0.05780724559108302,0.11763256871897747,7.117660852332038,False,True,42195910.448577955,37426700.044437185,59074274.62800913,52397380.06221205,75952638.80744033,67368060.07998693
26514,341.0,ASA BRANCA HOLDING S.A.,utilities,cvm,Emp. Adm. Part. - Energia Elétrica,Categoria B,,consolidado,padrao,dva,9.097911933709,0.035660040831668405,13850358.645019438,13.983481387831596,1.948051948051948,3878100.4206054425,3.9153747885928465,8310215.187011663,2.813852813852814,3532055.7242950923,3.5660040831668405,-346044.6963103502,2.813852813852814,0.13983481387831592,0.13983481387831592,39.82683982683983,0.4,40.0,1.0,0.4,1.0,0.37012987012987014,0.003399927437004787,0.40513024628979555,37.01298701298701,0.9,0.7,0.9107695369434693,1662043.0374023328,9972258.224413995,-346044.6963103502,liquido,0.921121098652192,99048000.0,16490000.0,0.0,7731000.0,81521000.0,0.0,3431000.0,15189286.916774647,0.0,75090713.08322535,7731000.0,66772000.0,216291000.0,36221000.0,512658000.0,11685000.0,0.1179731039496002,4101107.467529155,0.0,2435265.0,6758164.177490283,0.0,555822.0,0.04140525268081289,0.0,0.02458671553186334,0.06823120282580449,0.0,0.005611642839835231,0.1302466751713618,5.971425416195025,False,True,2770071.7290038876,2522896.9459250662,3878100.4206054425,3532055.7242950923,4986129.112206998,4541214.502665119
24821,342.0,REDE D'OR SÃO LUIZ S.A.,saude_educacao,cvm,Serviços Médicos,Categoria A,BOLSA,consolidado,padrao,dva,9.096877076281663,0.03565617652591123,7478440574.150627,14.787925842210317,95.23809523809523,1884567024.6859581,3.726557312237,4786201967.456401,91.991341991342,1803177809.3539302,3.5656176525911234,-81389215.33202791,91.991341991342,0.14787925842210314,0.14787925842210314,43.506493506493506,0.36000000000000004,36.00000000000001,0.9,0.4,1.0,0.6883116883116883,0.03166276863298211,0.7120851836136718,68.83116883116884,1.05,0.7,0.9568127775420507,807671582.008268,5593873549.464669,-81389215.33202791,liquido,0.8033419546088857,50571261000.0,1958958000.0,67868000.0,8482950000.0,41108709000.0,1313188000.0,912877000.0,1573713148.7167134,54521211.775395855,33024350639.50789,8482950000.0,6570751000.0,32299848000.0,9073966000.0,102597882000.0,6420407000.0,0.12695762124658114,495719641.84576476,18319127.15653301,3117484125.0,3467556817.148329,206827110.0,172533753.0,0.009802398280038236,0.000362243827705483,0.06164537057915166,0.06856773488698115,0.0040898151620146475,0.003411695686211977,0.06404372947971772,3.559617481484943,False,True,1346119303.3471131,1287984149.5385218,1884567024.6859581,1803177809.3539302,2423014746.0248036,2318371469.169339
24740,343.0,COPEL GERAÇÃO E TRANSMISSÃO S.A.,utilities,cvm,Energia Elétrica,Categoria B,BALCÃO NÃO ORGANIZADO,consolidado,padrao,dva,9.091566502646074,0.035636346083831184,378735630.7158618,8.376291921273841,50.43290043290043,167022413.14569506,3.6939447372817646,140132183.36486885,50.21645021645021,161130415.90861824,3.563634608383117,-5891997.237076819,51.082251082251084,0.08376291921273844,0.08376291921273844,10.606060606060606,0.63,63.0,0.9,0.7,1.0,0.7445887445887446,0.0439518961513988,0.7648220927915358,74.45887445887446,0.9,0.7,0.9647233139187303,71581034.2052979,211713217.57016674,-5891997.237076819,liquido,0.8491696543498697,4521519000.0,234275000.0,24227000.0,400633000.0,2397681000.0,24227000.0,39405000.0,198939220.77281573,20572833.21593429,2036037946.0112498,400633000.0,1682854000.0,7624505000.0,3098239000.0,30206897000.0,1920784000.0,0.4248094500985178,53713589.60866025,5924975.966189076,126199395.0,183243415.1410125,3270645.0,6383610.0,0.01187954526093117,0.001310395016849222,0.027910840361391825,0.04052695900227612,0.0007233509358248855,0.0014118286354652054,0.055710919264563986,2.460915700822306,False,True,119301723.67549647,115093154.22044161,167022413.14569506,161130415.90861824,214743102.61589366,207167677.5967949
20915,344.0,MRV ENGENHARIA E PARTICIPACOES S.A.,construcao,cvm,"Construção Civil, Mat. Constr. e Decoração",Categoria A,BOLSA,consolidado,padrao,dva,9.054009048199559,0.035496101173171396,2010618379.9664454,22.31779963077561,83.54978354978356,358895380.8240105,3.983727234093446,1497910693.075002,68.3982683982684,319785617.83264214,3.5496101173171395,-39109762.99136835,67.31601731601732,0.22317799630775612,0.22317799630775612,76.19047619047619,0.255,25.5,0.75,0.4,0.85,0.24025974025974026,0.0012359888167068614,0.27351599600652843,24.025974025974026,0.85,0.7,0.8910273994009792,153812306.06743312,1651722999.142435,-39109762.99136835,liquido,0.8126236037615502,9009035000.0,678056000.0,797357000.0,1519355000.0,6633159000.0,238573000.0,4923341000.0,551004310.2721417,647951118.8244984,5390261570.90336,1519355000.0,414563000.0,9366055000.0,606156000.0,29430687000.0,-400705000.0,-0.044478126680604524,140506099.11939612,176242704.3202636,452008112.5,458172233.5267857,30418057.5,753271173.0,0.015596132007412129,0.01956288374062967,0.05017275573909969,0.0508569711991113,0.003376394641601459,0.08361285897990184,0.01408607960799556,15.451558674664607,False,True,256353843.4457218,228418298.45188725,358895380.8240105,319785617.83264214,461436918.20229924,411152937.213397
27707,345.0,AUTOMOB PARTICIPAÇÕES S.A.,outros,padrao,Serviços Transporte e Logística,Categoria A,BOLSA,consolidado,padrao,dre,9.04445782102603,0.03546043552379811,2164280115.5954905,17.68198086079751,84.84848484848484,454498824.2750531,3.7132159807674774,1514996080.9168432,71.64502164502164,434036865.5452257,3.5460435523798113,-20461958.729827404,71.86147186147186,0.17681980860797505,0.17681980860797505,59.74025974025974,0.30000000000000004,30.000000000000004,0.75,0.4,1.0,0.6753246753246753,0.029565101446698817,0.699860481671356,67.53246753246754,1.0,0.7,0.9549790722507034,194785210.40359423,1709781291.3204374,-20461958.729827404,liquido,0.9564122280048981,12240032000.0,701333000.0,747021000.0,523900000.0,10571072000.0,46368000.0,2961519000.0,670763457.1033592,714460018.976447,10110302523.920195,523900000.0,78741000.0,3274602000.0,398341000.0,8909802000.0,543840000.0,0.04443125638887219,201229037.13100776,228627206.07246304,183365000.0,1011030252.3920195,6955200.0,533073420.0,0.016440237830342905,0.01867864447351633,0.014980761488205258,0.08260029486785815,0.0005682338085390627,0.04355163613951336,0.008837570127821022,8.220599938243867,False,True,324642017.33932364,310026332.53230405,454498824.2750531,434036865.5452257,584355631.2107825,558047398.5581473
24279,346.0,INC EMPREENDIMENTOS IMOBILIÁRIOS S.A.,construcao,cvm,"Construção Civil, Mat. Constr. e Decoração",Categoria A,BOLSA,consolidado,padrao,dva,9.034155966998897,0.035421966926313074,106461960.73100886,23.03857813755999,22.07792207792208,19003459.99048508,4.112386197554459,79314160.74460159,13.852813852813853,16368597.182550048,3.5421966926313067,-2634862.807935031,13.636363636363635,0.23038578137559995,0.23038578137559995,79.22077922077922,0.255,25.5,0.75,0.4,0.85,0.05844155844155844,3.5585178927694786e-06,0.07565506167322827,5.844155844155844,0.85,0.7,0.8613482592509842,8144339.995922178,87458500.74052379,-2634862.807935031,liquido,0.94912762178512,462103000.0,36175000.0,32689000.0,19964000.0,323569000.0,8758000.0,366715000.0,34334691.71807671,31026032.828533787,307108275.45338947,19964000.0,15049000.0,342516000.0,77782000.0,1292673000.0,-57803000.0,-0.1250868312908594,8755346.388109563,8439080.92936119,5939290.0,26104203.413538106,1116645.0,56107395.0,0.0189467421507966,0.018262337464507245,0.012852740622761592,0.0564900106979139,0.0024164417889518137,0.12141750865066879,0.011641768645279974,4.403538093646345,False,True,13573899.993203629,11691855.130392892,19003459.99048508,16368597.182550048,24433019.987766534,21045339.234707206
19909,347.0,BR MALLS PARTICIPACOES S.A.,varejo,cvm,Emp. Adm. Part. - Comércio (Atacado e Varejo),Categoria B,BOLSA,consolidado,padrao,dva,9.016148577610474,0.03535472475686328,167555208.1325702,10.669676209276453,29.22077922077922,61576538.98871954,3.9211060069090955,79588723.86297086,28.354978354978357,55520600.14675626,3.5354724756863285,-6055938.841963276,28.13852813852814,0.10669676209276453,0.10669676209276453,20.995670995670995,0.5249999999999999,52.49999999999999,0.75,0.7,1.0,0.30952380952380953,0.0020110156951880695,0.3443456505328338,30.952380952380953,1.1,0.7,0.901651847579925,26389945.280879807,105978669.14385067,-6055938.841963276,liquido,0.682851484847737,1570387000.0,0.0,356168000.0,167038000.0,170519000.0,29257000.0,0.0,0.0,243209847.65524876,116439152.34475125,167038000.0,16689000.0,3549028000.0,1072636000.0,20527438000.0,1021039000.0,0.6501830440521986,0.0,85609866.37464757,64309630.0,12808306.75792264,4827405.0,0.0,0.0,0.05451513950042096,0.0409514533678641,0.008156146706463209,0.0030740225180162597,0.0,0.0008130093974708387,3.308697451884889,False,True,43983242.134799674,39657571.53339733,61576538.98871954,55520600.14675626,79169835.84263942,71383628.76011519
20567,348.0,BCO PINE S.A,financeiro,cvm,Bancos,Categoria A,BOLSA,consolidado,financeiro,dva,9.01121311822796,0.0353362950450959,163384750.0,5.798403622175676,28.354978354978357,114369325.0,4.058882535522973,0.0,42.42424242424242,99568986.70849918,3.533629504509591,-14800338.291500822,40.909090909090914,0.05798403622175676,0.05798403622175676,3.2467532467532463,1.0,100.0,1.0,1.0,1.0,0.11255411255411256,0.00017739921810687088,0.1372780949495079,11.255411255411255,1.25,0.7,0.8705917142424262,49015425.00000001,49015425.0,-14800338.291500822,liquido,1.0,2817754000.0,148983000.0,,164870000.0,,70771000.0,,148983000.0,0.0,0.0,164870000.0,2327961000.0,-2327961000.0,32043000.0,26994482000.0,2030872000.0,0.7207414131964678,55868625.0,0.0,72130625.0,0.0,35385500.0,0.0,0.01982736072772854,0.0,0.025598623939492235,0.0,0.012558051554535989,0.0,0.08623840235200661,,False,True,81692375.0,71120704.79178512,114369325.0,99568986.70849918,147046275.0,128017268.62521322
23426,349.0,SERENA GERAÇÃO S.A.,utilities,cvm,Emp. Adm. Part. - Energia Elétrica,Categoria B,BOLSA,consolidado,padrao,dva,8.993882873207998,0.035271581429640465,284678980.23435473,7.559453911525679,44.15584415584416,139492700.31483382,3.7041324166475826,85403694.07030644,46.53679653679654,132828084.54369584,3.5271581429640464,-6664615.771137983,46.75324675324675,0.07559453911525679,0.07559453911525679,8.441558441558442,0.7,70.0,1.0,0.7,1.0,0.6558441558441559,0.026535802737426614,0.6814831764866074,65.5844155844156,0.9,0.7,0.9522224764729911,59782585.8492145,145186279.9195209,-6664615.771137983,liquido,0.9745641160651327,3765867000.0,147080000.0,0.0,68790000.0,2557367000.0,0.0,0.0,143338890.1908597,0.0,2492318109.80914,68790000.0,1232089000.0,5208396000.0,1939245000.0,13344650000.0,457017000.0,0.1213577112521499,38701500.351532124,0.0,21668850.0,224308629.88282263,0.0,0.0,0.010276916405048856,0.0,0.0057540136175812905,0.05956360909262665,0.0,0.0,0.0923283113457453,2.685785447429283,False,True,99637643.08202416,94877203.24549703,139492700.31483382,132828084.54369584,179347757.54764348,170778965.84189466
25348,350.0,ELFA MEDICAMENTOS S.A.,saude_educacao,cvm,Serviços Médicos,Categoria A,,consolidado,padrao,dva,8.875345731404876,0.03482894677542769,931868473.1252422,16.74438041855076,71.64502164502164,199606226.9434269,3.5866462856535732,646716720.3489181,55.1948051948052,193832179.16036347,3.4828946775427685,-5774047.7830634415,56.060606060606055,0.1674438041855076,0.1674438041855076,54.54545454545454,0.30600000000000005,30.600000000000005,0.9,0.4,0.85,0.79004329004329,0.05697260139976498,0.807152048928816,79.004329004329,1.05,0.7,0.9710728073393224,85545525.83289726,732262246.1818154,-5774047.7830634415,liquido,0.9474731226425687,5565261000.0,449175000.0,284845000.0,283503000.0,4663274000.0,2045000.0,733841000.0,425581239.8629758,269882981.61912245,4418326778.517901,283503000.0,365516000.0,1281906000.0,354866000.0,6839291000.0,-48800000.0,-0.00876868128916146,134058090.55683737,90680681.82402515,104187352.5,463924311.7443797,322087.5,138695949.0,0.024088374391935504,0.016294057336039613,0.018721018205615156,0.08336074655696825,5.787464415415557e-05,0.024921733050794922,0.05344355138566264,3.612366358005557,False,True,142575876.38816208,138451556.54311678,199606226.9434269,193832179.16036347,256636577.49869174,249212801.77761018
22020,351.0,JSL S.A.,outros,padrao,Serviços Transporte e Logística,Categoria A,BOLSA,consolidado,padrao,dre,8.851528125838708,0.03474000842712951,1567415375.5573847,17.307538892524757,80.08658008658008,335740373.44439185,3.7072748307788035,1087786270.6368248,66.88311688311688,314614479.2382591,3.4740008427129516,-21125894.20613277,66.66666666666666,0.17307538892524757,0.17307538892524757,57.35930735930735,0.30600000000000005,30.600000000000005,0.9,0.4,0.85,0.5497835497835498,0.014553073024095323,0.5805112942996151,54.97835497835498,1.0,0.7,0.9370766941449422,143888731.47616798,1231675002.1129928,-21125894.20613277,liquido,0.6600385546910705,9056258000.0,505977000.0,0.0,2722535000.0,7502387000.0,11052000.0,97192000.0,333964327.78692377,0.0,4951864672.213077,2722535000.0,442823000.0,7663780000.0,1819494000.0,12480182000.0,-296008000.0,-0.03268546457046608,100189298.33607712,0.0,952887249.9999999,495186467.2213077,1657800.0,17494560.0,0.011062990733708903,0.0,0.10521865101458018,0.054678926684874445,0.00018305573891556535,0.001931764753168472,0.03548209473227233,4.212039171330051,False,True,239814552.4602799,224724628.02732792,335740373.44439185,314614479.2382591,431666194.4285039,404504330.44919026
94,352.0,PANATLANTICA S.A.,commodities,cvm,Metalurgia e Siderurgia,Categoria A,BOLSA,consolidado,padrao,dva,8.833877516158475,0.03467409852417748,225902813.87416205,10.707690048426313,36.79653679653679,83019284.09875454,3.9350760927966695,107303836.590227,33.98268398268398,73152812.50892034,3.467409852417749,-9866471.589834198,32.25108225108225,0.10707690048426313,0.10707690048426313,21.21212121212121,0.5249999999999999,52.49999999999999,0.75,0.7,1.0,0.1774891774891775,0.0005826530870906853,0.20769640476159976,17.74891774891775,0.75,0.7,0.88115446071424,35579693.18518052,142883529.7754075,-9866471.589834198,liquido,0.9621978046228707,2109725000.0,71769000.0,73410000.0,75371000.0,1848647000.0,3914000.0,294669000.0,69055974.2399788,70634940.83736494,1778764084.922656,75371000.0,25071000.0,457917000.0,143053000.0,1617429000.0,209989000.0,0.09953382549858394,15537594.20399523,16952385.800967585,19784887.499999996,133407306.36919923,440324.99999999994,39780315.0,0.007364748582869915,0.008035353328499016,0.009377946177819382,0.06323445300652893,0.00020871203592885327,0.01885568735261705,0.015500525834518856,3.2010303873389585,False,True,59299488.64196753,52252008.934943095,83019284.09875454,73152812.50892034,106739079.55554155,94053616.08289757
18465,353.0,ULTRAPAR PARTICIPACOES S.A.,commodities,cvm,Emp. Adm. Part. - Petróleo e Gás,Categoria A,BOLSA,consolidado,padrao,dre,8.782216112151103,0.03448118744709979,11255722066.569185,8.431321134853874,97.18614718614718,4963773431.357011,3.7182126204705583,4164617164.6305985,95.67099567099568,4603201043.137068,3.44811874470998,-360572388.21994305,95.67099567099568,0.08431321134853874,0.08431321134853874,11.471861471861471,0.63,63.0,0.9,0.7,1.0,0.48268398268398266,0.009648245260878981,0.5157281139624608,48.268398268398265,0.75,0.7,0.9273592170943691,2127331470.5815766,6291948635.212174,-360572388.21994305,liquido,0.9820097795401674,133498913000.0,1872092000.0,2499547000.0,2306050000.0,123811893000.0,0.0,3917076000.0,1838412652.1989112,2454579598.420287,121584489749.3808,2306050000.0,2071593000.0,13715669000.0,6156184000.0,39558074000.0,3735576000.0,0.027982070535660465,413642846.74475497,589099103.6208689,605338124.9999999,9118836731.203562,0.0,528805260.00000006,0.003098473518992286,0.004412763298086696,0.004534404898113289,0.06830644929074113,0.0,0.003961120342605337,0.052368398926600924,2.2279498143655228,False,True,3545552450.9692936,3288000745.0979056,4963773431.357011,4603201043.137068,6381994411.744729,5918401341.17623
24813,354.0,LOCALIZA FLEET S.A.,outros,padrao,Serviços Transporte e Logística,Categoria B,BALCÃO ORGANIZADO,consolidado,padrao,dva,8.680538307626973,0.034101507971434665,824731074.2444268,10.160426613973243,68.18181818181817,309150443.1805234,3.80863591624787,383087583.98653626,64.93506493506493,276805043.44136053,3.4101507971434657,-32345399.739162862,63.85281385281385,0.10160426613973245,0.10160426613973245,19.696969696969695,0.5355,53.55,0.9,0.7,0.85,0.2683982683982684,0.0015108390290997236,0.30248847117075534,26.83982683982684,1.0,0.7,0.8953732706756132,132493047.0773672,515580631.06390345,-32345399.739162862,liquido,0.9145158693482118,8117091000.0,194946000.0,402334000.0,491123000.0,5147915000.0,72184000.0,0.0,178281210.6659565,367940827.77834344,4707849961.5557,491123000.0,902349000.0,10735047000.0,3584034000.0,20802878000.0,-3185503000.0,-0.3924439186403109,53484363.199786946,117741064.8890699,171893050.0,470784996.15557003,10827600.0,0.0,0.006589104791333121,0.014505327695484738,0.021176681399777332,0.05799922609658682,0.0013339261565504194,0.0,0.04337616170224139,2.995241395589439,False,True,220821745.1289453,197717888.17240041,309150443.1805234,276805043.44136053,397479141.23210156,355892198.7103208
80217,355.0,"INTER & CO, INC.",financeiro,nome,,,,consolidado,financeiro,dva,8.650925559429508,0.03399092973106807,663395625.0,7.07378058318662,63.20346320346321,348282703.125,3.7137348061729756,165848906.25,67.74891774891775,318774858.90458375,3.3990929731068076,-29507844.220416248,67.09956709956711,0.07073780583186619,0.07073780583186619,6.493506493506493,0.75,75.0,0.75,1.0,1.0,0.4004329004329004,0.004802748369277267,0.4351744726213451,40.04329004329004,1.25,0.7,0.9152761708932018,149264015.62500003,315112921.875,-29507844.220416248,liquido,1.0,9378233000.0,1769055000.0,,0.0,,0.0,,1769055000.0,0.0,0.0,0.0,1108394000.0,-1108394000.0,1205552000.0,76458430000.0,3759060000.0,0.40082817306842344,663395625.0,0.0,0.0,0.0,0.0,0.0,0.07073780583186619,0.0,0.0,0.0,0.0,0.0,0.014496687938792361,,False,True,248773359.375,227696327.7889884,348282703.125,318774858.90458375,447792046.875,409853390.02017915
27383,356.0,LETS RENT A CAR S/A,outros,padrao,Serviços Transporte e Logística,Categoria B,,consolidado,padrao,dva,8.554974814547407,0.03363263591584442,102636662.80113336,9.818664756040087,21.428571428571427,37718973.579416506,3.608359297844731,48752414.830538355,21.21212121212121,35156934.240822315,3.3632635915844413,-2562039.338594191,21.428571428571427,0.0981866475604009,0.0981866475604009,18.83116883116883,0.5249999999999999,52.49999999999999,0.75,0.7,1.0,0.5151515151515151,0.012458852418753448,0.5471705447834505,51.515151515151516,1.0,0.7,0.9320755817175176,16165274.391178505,64917689.22171686,-2562039.338594191,liquido,0.9468690812805381,1045322000.0,22449000.0,0.0,45529000.0,834472000.0,8426000.0,262000.0,21256264.0056668,0.0,790135735.9943333,45529000.0,2204000.0,1283218000.0,444090000.0,2243449000.0,34894000.0,0.03338110170837311,6376879.20170004,0.0,15935149.999999998,79013573.59943333,1263900.0,47160.0,0.006100397008481635,0.0,0.015244250097099265,0.07558778405068806,0.0012091011190810104,4.511528505092211e-05,0.0009824159140680265,2.8895449120673735,False,True,26942123.985297505,25112095.886301655,37718973.579416506,35156934.240822315,48495823.17353551,45201772.59534298
18309,357.0,EQUATORIAL PARÁ DISTRIBUIDORA DE ENERGIA S.A.,utilities,cvm,Energia Elétrica,Categoria A,BOLSA,individual,padrao,dva,8.515362326144295,0.03348471721424504,876622100.3316343,8.070616949614182,70.12987012987013,386590346.24625075,3.5591420747798543,324350177.1227047,69.48051948051948,363707549.4552567,3.3484717214245054,-22882796.790994048,69.91341991341992,0.0807061694961418,0.0807061694961418,9.307359307359308,0.63,63.0,0.9,0.7,1.0,0.5757575757575758,0.016431823821273825,0.6053911327898134,57.57575757575758,0.9,0.7,0.940808669918472,165681576.9626789,490031754.08538353,-22882796.790994048,liquido,0.9804211924275247,10861897000.0,227622000.0,288935000.0,155090000.0,7404763000.0,217985000.0,19267000.0,223165432.66273803,283277997.2340468,7259786570.103215,155090000.0,1318174000.0,6357232000.0,2956482000.0,17824899000.0,2233304000.0,0.20560902022915517,60254666.81893927,81584063.2034055,48853350.0,653380791.3092895,29427975.000000004,3121254.0,0.005547342864597158,0.007511032667995793,0.0044976812061465875,0.06015346962959504,0.002709285035569754,0.00028735809223747936,0.07395127456262164,2.1502691374410534,False,True,276135961.6044648,259791106.75375482,386590346.24625075,363707549.4552567,497044730.8880367,467623992.15675867
3050,358.0,AMPLA ENERGIA E SERVICOS S.A.,utilities,cvm,Energia Elétrica,Categoria A,BOLSA,individual,padrao,dva,8.346997819731012,0.032856020048577544,818635093.1254394,9.364894853937919,67.96536796536796,300848396.7235989,3.441598858822184,388851669.2345838,64.5021645021645,287211884.9352421,3.285602004857755,-13636511.788356781,65.15151515151516,0.09364894853937919,0.09364894853937919,16.666666666666664,0.5249999999999999,52.49999999999999,0.75,0.7,1.0,0.6731601731601732,0.029504002353789402,0.6978209637175902,67.31601731601732,0.9,0.7,0.9546731445576385,128935027.1672567,517786696.4018405,-13636511.788356781,liquido,0.9604668866572039,8741530000.0,310839000.0,26740000.0,300213000.0,7256384000.0,65231000.0,0.0,298550566.58163863,25682884.549213633,6969516548.869148,300213000.0,421090000.0,4315224000.0,1809301000.0,19631323000.0,1131116000.0,0.12939565499403421,80608652.97704244,7396670.750173527,94567095.0,627256489.3982234,8806185.0,0.0,0.009221343743834596,0.0008461528760038033,0.010818139959480779,0.07175591565758208,0.0010073963024779416,0.0,0.021449904318725743,2.3850227242454407,False,True,214891711.9454278,205151346.3823158,300848396.7235989,287211884.9352421,386805081.5017701,369272423.4881685
16608,359.0,EQUATORIAL MARANHÃO DISTRIBUIDORA DE ENERGIA S.A.,utilities,cvm,Energia Elétrica,Categoria A,BALCÃO ORGANIZADO,individual,padrao,dva,8.313077929836524,0.032729358324614946,579697137.9444236,9.331783951384072,60.60606060606061,213038698.1945756,3.4294306021336456,275356140.52360123,56.926406926406926,203317130.4263074,3.2729358324614948,-9721567.768268198,57.35930735930735,0.09331783951384072,0.09331783951384072,16.017316017316016,0.5249999999999999,52.49999999999999,0.75,0.7,1.0,0.670995670995671,0.028847672135402548,0.6957808494996484,67.09956709956711,0.9,0.7,0.9543671274249472,91302299.22624671,366658439.74984795,-9721567.768268198,liquido,0.9666776681577919,6212072000.0,246380000.0,201463000.0,164065000.0,4475732000.0,117942000.0,14244000.0,238170043.88071677,194749783.06007323,4326590173.05921,164065000.0,130195000.0,4430761000.0,1342014000.0,11250010000.0,921306000.0,0.14830897001837712,64305911.847793534,56087937.5213011,51680475.0,389393115.57532895,15922170.000000002,2307528.0,0.010351765376800773,0.00902886146865347,0.008319361881188756,0.06268329078853706,0.0025631013291539445,0.00037145866950672823,0.011572878601885687,3.3015758404904867,False,True,152170498.71041116,145226521.73307672,213038698.1945756,203317130.4263074,273906897.6787401,261407739.11953813
19771,360.0,ARTERIS S.A.,outros,padrao,Serviços Transporte e Logística,Categoria B,,consolidado,padrao,dre,8.102021539497978,0.03194124355370152,756909342.769311,11.421076458542954,65.80086580086581,211934615.97540703,3.1979014083920267,454145605.6615866,56.709956709956714,211684299.22717673,3.1941243553701515,-250316.7482303083,58.00865800865801,0.11421076458542956,0.11421076458542956,25.757575757575758,0.4,40.0,1.0,0.4,1.0,0.9913419913419913,0.14722720476860338,0.9921259756748325,99.13419913419914,1.0,0.7,0.9988188963512249,90829121.13231732,544974726.793904,-250316.7482303083,liquido,0.9314505863985136,6627303000.0,255196000.0,0.0,346553000.0,4800325000.0,781190000.0,0.0,237702463.84655508,0.0,4471265536.153445,346553000.0,2018567000.0,12465086000.0,2208221000.0,20909099000.0,1150755000.0,0.173638507247971,71310739.15396652,0.0,121293549.99999999,447126553.6153445,117178500.0,0.0,0.01076014468539714,0.0,0.018302098153653152,0.06746734736820462,0.017681174378174652,0.0,0.09654012351273482,5.644854387309966,False,True,151381868.55386218,151203070.87655482,211934615.97540703,211684299.22717673,272487363.3969519,272165527.57779866
24112,361.0,AZUL S.A.,outros,padrao,Emp. Adm. Part. - Serviços Transporte e Logística,Categoria A,BOLSA,consolidado,padrao,dva,8.096380103016786,0.03192017762239821,2611770239.5415897,13.375716573036556,87.01298701298701,658166100.3644806,3.370680576405212,1671532953.3066173,79.004329004329,623280027.6518929,3.192017762239821,-34886072.712587714,79.65367965367966,0.13375716573036556,0.13375716573036556,36.58008658008658,0.36000000000000004,36.00000000000001,0.9,0.4,1.0,0.6190476190476191,0.021988519632564,0.6466335504743826,61.904761904761905,1.0,0.7,0.9469950325711574,282071185.87049174,1953604139.1771092,-34886072.712587714,liquido,0.8509507567526409,19526208000.0,567457000.0,934145000.0,2356772000.0,14310434000.0,490000.0,943578000.0,482877963.57458335,794911394.6666957,12177474641.758722,2356772000.0,1210009000.0,35274576000.0,5954614000.0,26274943000.0,2787024000.0,0.14273247524557764,144863389.072375,254371646.29334262,824870200.0,1217747464.1758723,73500.0,169844040.0,0.007418920717856483,0.013027191264855041,0.04224425961251667,0.06236476965603727,3.7641717224358154e-06,0.008698260307377654,0.04605182207245892,5.923906402665227,False,True,470118643.1174862,445200019.75135213,658166100.3644806,623280027.6518929,846213557.6114751,801360035.5524338
14869,362.0,CIA ENERGETICA DO CEARA - COELCE,utilities,cvm,Energia Elétrica,Categoria A,BOLSA,individual,padrao,dva,8.051182884239237,0.03175140473821472,757248151.6387465,8.969871837290647,66.01731601731602,278288695.72723925,3.2964279002043115,359692872.02840465,62.55411255411255,268049454.7312199,3.175140473821472,-10239240.996019363,62.98701298701299,0.08969871837290647,0.08969871837290647,13.203463203463203,0.5249999999999999,52.49999999999999,0.75,0.7,1.0,0.7337662337662337,0.03964161441349694,0.754709380265181,73.37662337662337,0.9,0.7,0.9632064070397771,119266583.88310257,478959455.91150725,-10239240.996019363,liquido,0.9581012969563925,8442129000.0,227706000.0,17682000.0,296751000.0,6837194000.0,77205000.0,0.0,218165413.9247523,16941147.132782932,6550724438.942465,296751000.0,214124000.0,5233368000.0,1879546000.0,14406941000.0,1748490000.0,0.20711481665347686,58904661.759683125,4879050.374241485,93476565.0,589565199.5048219,10422675.0,0.0,0.00697746525309944,0.0005779407509932015,0.011072629309502379,0.06983608038977157,0.0012346026695398756,0.0,0.014862558262715174,2.7843787808332436,False,True,198777639.80517092,191463896.23658568,278288695.72723925,268049454.7312199,357799751.64930767,344635013.2258542
18660,363.0,CPFL ENERGIA S.A.,utilities,cvm,Emp. Adm. Part. - Energia Elétrica,Categoria A,BOLSA,consolidado,padrao,dre,8.05099726894118,0.03175071162412388,3899236622.4541016,9.147080354662092,90.9090909090909,1432969458.751882,3.361552030338318,1852137395.6656985,89.39393939393939,1353476002.7625937,3.175071162412388,-79493455.98928833,89.6103896103896,0.09147080354662093,0.09147080354662093,14.502164502164502,0.5249999999999999,52.49999999999999,0.75,0.7,1.0,0.6017316017316018,0.020289160547950238,0.6301691079141947,60.17316017316018,0.9,0.7,0.9445253661871292,614129768.036521,2466267163.7022195,-79493455.98928833,liquido,0.927621903603558,42628210000.0,1588046000.0,981340000.0,2289234000.0,29059437000.0,416808000.0,221573000.0,1473106253.530016,910312478.8823156,26956170267.587666,2289234000.0,1973401000.0,26814937000.0,12807558000.0,77129194000.0,6788942000.0,0.1592593730771243,397738688.4531043,262169993.91810694,721108710.0,2426055324.08289,56269080.0,35894826.0,0.009330410271815408,0.006150152537911091,0.01691623246671629,0.056911968015614316,0.0013199963123011733,0.0008420439422626471,0.025585655672740466,2.0936807000991133,False,True,1023549613.3942015,966768573.4018527,1432969458.751882,1353476002.7625937,1842389304.1095629,1740183432.1233351
18546,364.0,CAGECE - CIA DE AGUA E ESGOTO DO CEARA,utilities,cvm,"Saneamento, Serv. Água e Gás",Categoria A,BALCÃO ORGANIZADO,individual,padrao,dre,8.012307472387466,0.03160623838595892,472279119.5741748,15.05503377966511,55.84415584415584,99178615.11057672,3.161557093729673,330595383.70192236,37.22943722943723,99149338.72904406,3.160623838595891,-29276.381532654166,40.692640692640694,0.1505503377966511,0.1505503377966511,45.67099567099567,0.30000000000000004,30.000000000000004,0.75,0.4,1.0,0.9978354978354979,0.16140427669837468,0.9980320770090734,99.78354978354979,0.9,0.7,0.999704811551361,42505120.761675745,373100504.46359813,-29276.381532654166,liquido,0.8407796849366338,3137018000.0,527289000.0,215620000.0,430526000.0,1961055000.0,75224000.0,38293000.0,443333879.2905527,181288915.666037,1648815205.0434103,430526000.0,6781000.0,2515733000.0,693920000.0,7002224000.0,653634000.0,0.20836157140316058,119700147.40844923,52211207.71181866,135615690.0,148393368.45390695,10155240.0,6203466.0,0.03815730333981164,0.0166435792564208,0.0432307656506912,0.04730395823482905,0.0032372272011190247,0.001977504113779392,0.0009684066091001944,3.6253934171086004,False,True,70841867.93612623,70820956.23503149,99178615.11057672,99149338.72904406,127515362.28502722,127477721.22305667
18953,365.0,CPFL GERACAO DE ENERGIA S.A.,utilities,cvm,Energia Elétrica,Categoria B,,consolidado,padrao,dva,7.976559497288325,0.03147275033018062,262848328.44293612,5.20953582895046,40.476190476190474,165594446.91904977,3.2820075722387902,26284832.844293606,50.0,158796485.66418394,3.1472750330180626,-6797961.254865825,50.649350649350644,0.0520953582895046,0.0520953582895046,2.5974025974025974,0.9,90.0,0.9,1.0,1.0,0.7034632034632035,0.03297018922410682,0.7263208848950117,70.34632034632034,0.9,0.7,0.9589481327342517,70969048.67959277,97253881.52388635,-6797961.254865825,liquido,0.9469601737326386,5045523000.0,272811000.0,217000.0,107171000.0,1747548000.0,79000.0,63767000.0,258341151.95617488,205490.3576999826,1654858357.6861253,107171000.0,526099000.0,978170000.0,3406030000.0,14769894000.0,3273518000.0,0.648796566778112,69752111.02816722,59181.223017594995,33758865.0,148937252.1917513,10665.0,10330254.0,0.01382455516071718,1.1729452629111987e-05,0.006690855437582982,0.02951869453211318,2.113755105268572e-06,0.002047409951356876,0.03561968691176795,0.2871877229501795,False,True,118281747.79932126,113426061.1887028,165594446.91904977,158796485.66418394,212907146.03877828,204166910.13966507
14605,366.0,ENERGISA MATO GROSSO-DISTRIBUIDORA DE ENERGIA S/A,utilities,cvm,Energia Elétrica,Categoria A,BOLSA,individual,padrao,dva,7.945737102073413,0.03135765509470901,736797026.8101933,8.969491879036921,65.15151515151516,270772907.35274595,3.296288265546068,349978587.7348419,61.471861471861466,257586799.2647302,3.135765509470901,-13186108.088015765,61.471861471861466,0.08969491879036921,0.08969491879036921,12.987012987012985,0.5249999999999999,52.49999999999999,0.75,0.7,1.0,0.6493506493506493,0.025897275733661053,0.6753464439523179,64.93506493506493,0.9,0.7,0.9513019665928477,116045531.72260544,466024119.45744735,-13186108.088015765,liquido,0.9596555799203451,8214479000.0,447867000.0,0.0,257135000.0,5925629000.0,173230000.0,28255000.0,429798065.6121852,0.0,5686562934.3878145,257135000.0,97844000.0,6797234000.0,2054403000.0,14164988000.0,1864288000.0,0.2269514597334779,116045477.71529001,0.0,80997525.0,511790664.09490335,23386050.0,4577310.0,0.014126943134834237,0.0,0.009860336242870669,0.062303484383477443,0.0028469304017941983,0.0005572246273926807,0.006907453786759297,3.3086176373379517,False,True,193409219.5376757,183990570.90337873,270772907.35274595,257586799.2647302,348136595.1678163,331183027.6260817
27103,367.0,CHINA THREE GORGES BRASIL ENERGIA S.A.,utilities,cvm,Energia Elétrica,Categoria A,,consolidado,padrao,dre,7.910689968832586,0.0312267840827441,268779361.2172769,4.619738026599512,41.34199134199134,188145552.8520938,3.2338166186196573,0.0,53.46320346320347,181679459.53437054,3.1226784082744095,-6466093.317723244,54.54545454545454,0.04619738026599512,0.04619738026599512,1.7316017316017316,1.0,100.0,1.0,1.0,1.0,0.7510822510822511,0.04609044040519458,0.7708832968339706,75.10822510822511,0.9,0.7,0.9656324945250956,80633808.36518307,80633808.36518309,-6466093.317723244,liquido,0.8771026729695535,5818065000.0,121000000.0,0.0,260423000.0,1998029000.0,2728000.0,0.0,106129423.42931597,0.0,1752476576.570684,260423000.0,2742164000.0,314623000.0,4514054000.0,33522561000.0,3172687000.0,0.5453165270583948,28654944.325915314,0.0,82033245.0,157722891.89136156,368280.0,0.0,0.004925167444144284,0.0,0.014099747080859357,0.027109166345058295,6.329939593318398e-05,0.0,0.08180055217141674,0.0696985459190342,False,True,134389680.60863844,129771042.5245504,188145552.8520938,181679459.53437054,241901425.0955492,233587876.54419073
25976,368.0,YUNY INCORPORADORA HOLDING S.A.,construcao,cvm,"Construção Civil, Mat. Constr. e Decoração",Categoria A,,consolidado,padrao,dva,7.894797614158987,0.03116743975565328,67376109.12779605,27.20903835161214,15.584415584415584,9019976.609483697,3.6426100093220755,54490428.25710506,7.35930735930736,7717806.102053887,3.1167439755653277,-1302170.5074298093,6.926406926406926,0.27209038351612147,0.27209038351612147,90.25974025974025,0.19125,19.125,0.9,0.25,0.85,0.027056277056277056,0.0,0.03756549578285064,2.7056277056277054,0.85,0.7,0.8556348243674275,3865704.2612072993,58356132.51831236,-1302170.5074298093,liquido,0.9554339844038373,247624000.0,25332000.0,0.0,11470000.0,232039000.0,0.0,254560000.0,24203053.692918006,0.0,221697946.307082,11470000.0,24918000.0,155751000.0,-14847000.0,599457000.0,-105550000.0,-0.4262510903628081,6171778.691694092,0.0,3412325.0,18844325.43610197,0.0,38947680.0,0.024923992390455254,0.0,0.013780267663877492,0.07610056148072065,0.0,0.15728556198106808,0.0415676186949189,-10.490402101434633,False,True,6442840.435345498,5512718.644324206,9019976.609483697,7717806.102053887,11597112.783621896,9922893.55978357
23175,369.0,IGUA SANEAMENTO S.A.,utilities,cvm,"Saneamento, Serv. Água e Gás",Categoria A,BOLSA,consolidado,padrao,dva,7.833449608353634,0.03093835752097786,322519956.57696354,12.295280298917454,46.103896103896105,81275029.05739482,3.0984106353271987,206412772.20925665,33.33333333333333,81155024.38042744,3.0938357520977857,-120004.67696738243,34.1991341991342,0.12295280298917458,0.12295280298917458,30.735930735930733,0.36000000000000004,36.00000000000001,0.9,0.4,1.0,0.9891774891774892,0.14703031774329922,0.9901564946938668,98.91774891774891,0.9,0.7,0.99852347420408,34832155.31031207,241244927.51956874,-120004.67696738243,liquido,0.8876548949303402,2623120000.0,415356000.0,0.0,242141000.0,1739976000.0,56990000.0,0.0,368692786.5386864,0.0,1544498213.4613137,242141000.0,972657000.0,9948124000.0,978727000.0,19236755000.0,533488000.0,0.20337918204275823,99547052.36544533,0.0,76274415.0,139004839.21151826,7693650.000000001,0.0,0.037949865947972394,0.0,0.029077745204184328,0.05299217695397781,0.002933014883040044,0.0,0.05056242593930213,10.16435022227853,False,True,58053592.18385345,57967874.55744817,81275029.05739482,81155024.38042744,104496465.9309362,104342174.2034067
13285,370.0,JOSAPAR-JOAQUIM OLIVEIRA S.A. - PARTICIP,industria,cvm,Emp. Adm. Part. - Alimentos,Categoria A,BOLSA,consolidado,padrao,dva,7.748622080381313,0.030621599389808178,370836195.7087072,16.763087004889986,49.56709956709957,77875601.09882852,3.5202482710268974,259585336.99609503,32.03463203463203,67741683.98052205,3.0621599389808174,-10133917.118306473,30.519480519480517,0.16763087004889987,0.16763087004889987,54.761904761904766,0.30000000000000004,30.000000000000004,0.75,0.4,1.0,0.10822510822510822,0.00016589657191878657,0.13246965028700416,10.822510822510822,1.0,0.7,0.8698704475430507,33375257.61378366,292960594.60987866,-10133917.118306473,liquido,0.9376087398229921,2212219000.0,164859000.0,206722000.0,132038000.0,1744709000.0,139000.0,292338000.0,154573239.23847866,193824353.91368857,1635854406.8478327,132038000.0,11606000.0,1210171000.0,123479000.0,2306859000.0,61588000.0,0.027839920007919648,46371971.7715436,62023793.25238034,46213300.0,163585440.68478328,20850.0,52620840.0,0.020961745546685746,0.028036913728876005,0.02089002038224968,0.07394631394305143,9.424925832388204e-06,0.023786451522204627,0.005031083390879113,9.800621968107937,False,True,55625429.35630609,48386917.12894433,77875601.09882852,67741683.98052205,100125772.84135097,87096450.8320998
18821,371.0,MOTIVA INFRAESTRUTURA DE MOBILIDADE S.A.,outros,padrao,Emp. Adm. Part. - Serviços Transporte e Logística,Categoria A,BOLSA,consolidado,padrao,dre,7.7370186992103855,0.030578270703675157,2655068846.2587194,12.18827726660947,87.22943722943724,669077349.2571974,3.0714458711855865,1699244061.60558,79.65367965367966,666110658.1502826,3.057827070367516,-2966691.1069147587,80.73593073593074,0.1218827726660947,0.1218827726660947,29.43722943722944,0.36000000000000004,36.00000000000001,0.9,0.4,1.0,0.9675324675324676,0.12379579241275447,0.9704399786740312,96.75324675324676,1.0,0.7,0.9955659968011047,286747435.3959418,1985991497.001522,-2966691.1069147587,liquido,0.875648974843822,21783791000.0,2153483000.0,0.0,2064422000.0,14448085000.0,77997000.0,499822000.0,1885695181.2935982,0.0,12651450818.706402,2064422000.0,4187905000.0,29690838000.0,7145316000.0,59097099000.0,7172545000.0,0.3292606415476535,565708554.3880794,0.0,722547700.0,1265145081.8706403,11699550.0,89967960.0,0.025969242653314083,0.0,0.033169052163601824,0.05807736044982438,0.0005370759387105761,0.004130041460643834,0.07086481520861117,4.155286904036155,False,True,477912392.32656956,475793327.2502018,669077349.2571974,666110658.1502826,860242306.1878252,856427989.0503633
20540,372.0,CPFL ENERGIAS RENOVÁVEIS S.A.,utilities,cvm,Emp. Adm. Part. - Energia Elétrica,Categoria B,BOLSA,consolidado,padrao,dre,7.731439474736968,0.03055743708091354,220205506.69925833,6.063855223962102,35.93073593073593,115607891.01711062,3.1835239925801035,55051376.67481458,42.857142857142854,110967621.54286098,3.055743708091354,-4640269.474249631,42.857142857142854,0.06063855223962102,0.06063855223962102,3.896103896103896,0.75,75.0,0.75,1.0,1.0,0.70995670995671,0.03381321893302124,0.7324133365277612,70.995670995671,0.9,0.7,0.9598620004791641,49546239.00733313,104597615.68214771,-4640269.474249631,liquido,0.9172669147548926,3631444000.0,249688000.0,204000.0,128413000.0,1302244000.0,204000.0,63767000.0,229030541.41131964,187122.4506099981,1194505336.1380703,128413000.0,227864000.0,792339000.0,2284537000.0,10763607000.0,2266693000.0,0.6241850349337619,61838246.181056306,53891.26577567946,40450095.0,107505480.25242634,27540.0,10330254.0,0.01702855563270597,1.4840175361558506e-05,0.011138845869576952,0.02960405840002664,7.583760068997346e-06,0.002844668401880905,0.021169855049520108,0.3468269500559632,False,True,82577065.01222187,79262586.81632929,115607891.01711062,110967621.54286098,148638717.0219994,142672656.26939273
12653,373.0,KLABIN S.A.,commodities,cvm,Papel e Celulose,Categoria A,BOLSA,consolidado,padrao,dva,7.672037702790579,0.030335622362040137,2381538573.369198,12.122710966720518,86.36363636363636,666830800.5433754,3.3943590706817446,1428923144.0215187,79.43722943722943,595951309.9065821,3.033562236204014,-70879490.63679326,77.92207792207793,0.12122710966720517,0.12122710966720517,29.004329004329005,0.4,40.0,1.0,0.4,1.0,0.25757575757575757,0.0014415625630568706,0.291379556562812,25.757575757575758,0.75,0.7,0.8937069334844218,285784628.80430377,1714707772.8258224,-70879490.63679326,liquido,0.8360339495879037,19645264000.0,1111956000.0,1605943000.0,2458120000.0,12273741000.0,10122000.0,3215938000.0,929632966.447967,1342622869.103047,10261264164.448986,2458120000.0,6736171000.0,32968066000.0,8460993000.0,59390832000.0,7425327000.0,0.3779703342240654,209167417.45079258,322229488.5847312,645256499.9999999,769594812.3336741,1138725.0,434151630.0,0.010647218456865358,0.01640240052690212,0.03284539724179832,0.03917457216831874,5.796435212069432e-05,0.02209955692119994,0.11342105798416834,3.8964771629051107,False,True,476307714.67383957,425679507.0761301,666830800.5433754,595951309.9065821,857353886.4129113,766223112.7370342
25690,374.0,HOSPITAL MATER DEI S.A.,saude_educacao,cvm,Serviços Médicos,Categoria A,BOLSA,consolidado,padrao,dva,7.520118250860722,0.029768333383663602,394612501.5713209,17.727417982800585,51.73160173160173,69057187.77498116,3.1022981469901025,295959376.17849064,29.653679653679653,66264339.88036858,2.976833338366361,-2792847.894612573,30.303030303030305,0.17727417982800583,0.17727417982800583,60.17316017316018,0.25,25.0,1.0,0.25,1.0,0.7077922077922078,0.03364726555984862,0.7303830844552673,70.77922077922078,1.05,0.7,0.9595574626682901,29595937.61784907,325555313.79633975,-2792847.894612573,liquido,0.7084724609557238,2226001000.0,298709000.0,0.0,540525000.0,1555404000.0,26648000.0,49757000.0,211627100.3396233,0.0,1101960899.6603765,540525000.0,622581000.0,800340000.0,-226806000.0,4340852000.0,132434000.0,0.05949413320119802,66662536.60698134,0.0,198642937.5,115705894.46433955,4197060.0,9404073.0,0.029947217726758138,0.0,0.08923757783576916,0.051979264368856776,0.001885470851091262,0.004224649045530528,0.1434236873314271,-3.528742625856459,False,True,49326562.69641511,47331671.34312042,69057187.77498116,66264339.88036858,88787812.8535472,85197008.41761675
20435,375.0,TECNISA S.A.,construcao,cvm,"Construção Civil, Mat. Constr. e Decoração",Categoria A,BOLSA,consolidado,padrao,dva,7.5115622385694065,0.029736384009109787,89281327.45964484,18.97075968171007,20.346320346320347,15624232.305437846,3.319882944299262,66960995.594733626,12.554112554112553,13994715.4606713,2.973638400910978,-1629516.844766546,12.554112554112553,0.18970759681710073,0.18970759681710073,65.36796536796537,0.25,25.0,1.0,0.25,1.0,0.27056277056277056,0.0015509271359973715,0.30470531803370127,27.056277056277057,0.85,0.7,0.8957057977050552,6696099.559473364,73657095.15420699,-1629516.844766546,liquido,0.9497239754356892,470626000.0,54855000.0,22773000.0,29489000.0,508914000.0,3000.0,132402000.0,52097108.67252473,21628064.092596952,483327827.23487836,29489000.0,130821000.0,547657000.0,-99778000.0,1339070000.0,106285000.0,0.22583750154050136,13284762.711493805,5882833.433186371,8772977.5,41082865.31496467,382.5,20257506.0,0.028227855476522346,0.012500017919083032,0.01864108124073043,0.08729408344410353,8.127472770310183e-07,0.04304374598938435,0.09769541547491917,-5.48875503618032,False,True,11160165.932455605,9996225.329050928,15624232.305437846,13994715.4606713,20088298.67842009,17993205.59229167
27049,376.0,ORIZON MEIO AMBIENTE S.A.,utilities,cvm,"Saneamento, Serv. Água e Gás",Categoria B,,consolidado,padrao,dva,7.5075058324198745,0.029721236807936955,111342711.25404099,14.754160025076557,22.727272727272727,23381969.36334861,3.0983736052660773,77939897.87782869,15.367965367965366,22429220.520820048,2.9721236807936955,-952748.842528563,16.233766233766232,0.14754160025076557,0.14754160025076557,43.290043290043286,0.30000000000000004,30.000000000000004,0.75,0.4,1.0,0.7056277056277056,0.0332598814980337,0.7283522678741212,70.56277056277057,0.9,0.7,0.9592528401811182,10020844.012863692,87960741.89069238,-952748.842528563,liquido,0.7123637867330077,754653000.0,137152000.0,0.0,171810000.0,460165000.0,9930000.0,0.0,97702118.07800548,0.0,327804881.9219945,171810000.0,50165000.0,1254229000.0,323821000.0,2710166000.0,46002000.0,0.060957817698995435,26379571.88106148,0.0,54120150.0,29502439.37297951,1340550.0,0.0,0.03495589612850075,0.0,0.07171527841272744,0.03909404636697861,0.0017763793425587654,0.0,0.018509936291725305,3.8732169933389127,False,True,16701406.688106151,16020871.800585749,23381969.36334861,22429220.520820048,30062532.038591072,28837569.24105435
27227,377.0,ORIGEM ENERGIA S.A.,commodities,cvm,Petróleo e Gás,Categoria A,,consolidado,padrao,dva,7.486567995146802,0.029643051926638547,169395541.14543098,11.408320962461392,29.43722943722944,47430751.520720676,3.1943298694891897,101637324.68725859,24.025974025974026,44015248.508853845,2.9643051926638555,-3415503.0118668303,24.458874458874458,0.1140832096246139,0.1140832096246139,25.541125541125542,0.4,40.0,1.0,0.4,1.0,0.487012987012987,0.009915651282003163,0.5199312819413189,48.701298701298704,0.75,0.7,0.9279896922911979,20327464.93745172,121964789.6247103,-3415503.0118668303,liquido,0.8085995917528404,1484842000.0,220366000.0,0.0,216039000.0,908362000.0,0.0,129670000.0,178187857.63620642,0.0,734501142.3637936,216039000.0,794909000.0,2758230000.0,481763000.0,5115549000.0,267974000.0,0.18047307390281256,40092267.96814644,0.0,56710237.49999999,55087585.67728453,0.0,17505450.0,0.02700103308510026,0.0,0.03819277572967359,0.03709996462740448,0.0,0.011789436182435572,0.15539075082654863,5.725284008942157,False,True,33879108.2290862,31439463.220609892,47430751.520720676,44015248.508853845,60982394.81235516,56591033.79709781
22454,378.0,T4F ENTRETENIMENTO S.A.,industria,cvm,Brinquedos e Lazer,Categoria A,BOLSA,consolidado,padrao,dva,7.431679335609042,0.029438089815479733,34241326.54663932,20.670389212840814,7.792207792207792,5093397.323812599,3.074720395410071,26965044.655478466,3.896103896103896,4876537.33029348,2.9438089815479738,-216859.993519119,4.112554112554113,0.20670389212840815,0.20670389212840815,72.2943722943723,0.2125,21.25,1.0,0.25,0.85,0.6926406926406926,0.03191650567275155,0.7161554070466121,69.26406926406926,1.0,0.7,0.9574233110569919,2182884.567348257,29147929.222826723,-216859.993519119,liquido,0.8689737532127002,165654000.0,46014000.0,2014000.0,25235000.0,144567000.0,288000.0,1377000.0,39984958.28032919,1750113.1389703783,125624928.58070043,25235000.0,111913000.0,-22724000.0,-23263000.0,410471000.0,-49884000.0,-0.3011336882900503,11995487.484098757,560036.2044705211,8832250.0,12562492.858070044,43200.0,247860.0,0.07241290571974572,0.00338075871678632,0.05331745686792954,0.07583573507473435,0.0002607845267847441,0.0014962512224274693,0.2726453269536703,0.9768301594807205,False,True,3638140.945580428,3483240.950209629,5093397.323812599,4876537.33029348,6548653.70204477,6269833.710377331
20702,379.0,VIVER INCORPORADORA E CONSTRUTORA S.A.,construcao,cvm,"Construção Civil, Mat. Constr. e Decoração",Categoria A,BOLSA,consolidado,padrao,dva,7.430447995788205,0.029433491816341875,24177555.934961673,21.44807403346315,4.761904761904762,3807965.0597564634,3.3780716602704466,18737605.849595297,2.5974025974025974,3317919.798488955,2.943349181634188,-490045.2612675084,2.5974025974025974,0.21448074033463152,0.21448074033463152,73.80952380952381,0.225,22.5,0.9,0.25,1.0,0.11688311688311688,0.00020588382986965473,0.14206975190602356,11.688311688311687,0.85,0.7,0.8713104627859035,1631985.0256099133,20369590.87520521,-490045.2612675084,liquido,0.848750396879394,112726000.0,27911000.0,3292000.0,16673000.0,79032000.0,0.0,43888000.0,23689472.32730077,2794086.306526965,67078441.36617227,16673000.0,19637000.0,1033000.0,-38826000.0,278798000.0,21719000.0,0.19267072370171923,6040815.443461696,759991.4753753345,4960217.5,5701667.516124643,0.0,6714864.0,0.05358848396520498,0.00674193598083259,0.044002426237070416,0.05057987967394074,0.0,0.05956801447758281,0.07043450813850888,-0.026605882655952196,False,True,2719975.0426831883,2369942.7132063964,3807965.0597564634,3317919.798488955,4895955.076829739,4265896.883771514
4820,380.0,BRASKEM S.A.,commodities,cvm,Petroquímicos e Borracha,Categoria A,BOLSA,consolidado,padrao,dva,7.425066445521647,0.02941339633736261,8816968278.588888,11.389813177182685,96.53679653679653,2468751118.0048885,3.1891476896111515,5290180967.153333,93.72294372294373,2276920423.8715773,2.9413396337362614,-191830694.13331127,93.5064935064935,0.11389813177182684,0.11389813177182684,25.108225108225106,0.4,40.0,1.0,0.4,1.0,0.44805194805194803,0.006668963819837559,0.4819764192124838,44.8051948051948,0.75,0.7,0.9222964628818726,1058036193.4306668,6348217160.584,-191830694.13331127,liquido,0.9686303214084986,77411000000.0,3102000000.0,1991000000.0,2400000000.0,71414000000.0,108000000.0,13688000000.0,3004691257.0091624,1928542969.9243207,69173765773.06651,2400000000.0,14986000000.0,38246000000.0,3871000000.0,101575000000.0,2435000000.0,0.0314554779036571,676055532.8270615,462850312.7818369,629999999.9999999,5188032432.979989,12149999.999999998,1847880000.0000002,0.008733326437160887,0.005979128454377762,0.008138378266654608,0.06701931809406918,0.00015695443799976748,0.023871026081564637,0.14753630322421857,9.880134332213899,False,True,1763393655.7177777,1626371731.336841,2468751118.0048885,2276920423.8715773,3174108580.292,2927469116.406314
27740,381.0,PRIO FORTE S.A.,commodities,cvm,Petróleo e Gás,Categoria B,,consolidado,padrao,dva,7.371692803245894,0.02921409151751093,281107250.27486247,11.967994647317806,43.506493506493506,70839027.06926535,3.0159346511240877,179908640.17591196,30.303030303030305,68618788.50861761,2.921409151751093,-2220238.560647741,30.735930735930733,0.11967994647317808,0.11967994647317808,27.92207792207792,0.36000000000000004,36.00000000000001,0.9,0.4,1.0,0.7727272727272727,0.053846807669827204,0.7910531663591945,77.27272727272727,0.75,0.7,0.9686579749538792,30359583.029685155,210268223.2055971,-2220238.560647741,liquido,0.99485819218492,2348825000.0,26161000.0,0.0,10111000.0,1940268000.0,0.0,946854000.0,26026485.16574969,0.0,1930291514.8342505,10111000.0,1922644000.0,16803248000.0,381864000.0,47107502000.0,267623000.0,0.11393909720817856,5855959.16229368,0.0,2654137.4999999995,144771863.6125688,0.0,127825290.00000001,0.002493144087913608,0.0,0.0011299852053686416,0.06163586627891342,0.0,0.05442095090098241,0.04081396631899522,44.00322627951312,False,True,50599305.04947525,49013420.36329829,70839027.06926535,68618788.50861761,91078749.08905546,88224156.65393694
27480,382.0,AXIA ENERGIA SUL S.A.,utilities,cvm,Energia Elétrica,Categoria B,BALCÃO ORGANIZADO,consolidado,padrao,dva,7.288261402726322,0.028902546726083406,211549005.0,7.295386969422339,34.1991341991342,93293111.205,3.2172656535152515,78273131.85,36.14718614718615,83810564.50461452,2.8902546726083402,-9482546.700385481,35.064935064935064,0.0729538696942234,0.0729538696942234,6.926406926406926,0.63,63.0,0.9,0.7,1.0,0.2878787878787879,0.0016986247020299976,0.322383215801878,28.78787878787879,0.9,0.7,0.8983574823702817,39982761.94500001,118255893.795,-9482546.700385481,liquido,0.7704075249603599,2899764000.0,0.0,0.0,337669000.0,1470732000.0,0.0,19800000.0,0.0,0.0,1133063000.0,337669000.0,805325000.0,4262459000.0,2038769000.0,16927459000.0,874634000.0,0.3016224768636344,0.0,0.0,106365735.0,101975670.00000001,0.0,3207600.0,0.0,0.0,0.036680824715390636,0.03516688599486028,0.0,0.0011061589839724889,0.047575067232477126,2.0907022816219003,False,True,66637936.575,59864688.93186752,93293111.205,83810564.50461452,119948285.83500001,107756440.07736152
27197,383.0,TURBI COMPARTILHAMENTO DE VEÍCULOS S.A.,outros,padrao,Serviços Transporte e Logística,Categoria B,,consolidado,padrao,dva,7.197252187157336,0.028562705288616812,44676426.069340184,18.08220454978678,10.173160173160174,7974742.053377222,3.2276735121369393,33283937.421658438,6.493506493506493,7057101.846479709,2.856270528861681,-917640.206897513,6.493506493506493,0.1808220454978678,0.1808220454978678,62.121212121212125,0.255,25.5,0.75,0.4,0.85,0.2012987012987013,0.0008167948081302763,0.23287783625226965,20.12987012987013,1.0,0.7,0.8849316754378405,3417746.5943045244,36701684.01596296,-917640.206897513,liquido,0.9722782861199971,247074000.0,55589000.0,8782000.0,6950000.0,186335000.0,19043000.0,12910000.0,54047977.64712452,8538547.908705814,181169474.44416967,6950000.0,9486000.0,469016000.0,12316000.0,583990000.0,-330638000.0,-1.338214462063997,16214393.294137355,2732335.3307858603,2432500.0,18116947.444416966,2856450.0,2323800.0,0.06562565585264883,0.01105877320473162,0.00984522855500781,0.07332599724947574,0.01156111124602346,0.009405279389980328,0.01624342882583606,38.08184475479052,False,True,5696244.323840873,5040787.033199793,7974742.053377222,7057101.846479709,10253239.782913573,9073416.659759628
22179,384.0,AFLUENTE TRANSMISSÃO DE ENERGIA ELÉTRICA S/A,utilities,cvm,Energia Elétrica,Categoria A,BOLSA,individual,padrao,dre,7.09046338201439,0.028163940605081997,5215374.15067271,6.064459064259712,0.4329004329004329,2738071.4291031724,3.1838410087363482,1303843.5376681774,1.5151515151515151,2422070.728096447,2.8163940605082,-316000.70100672543,1.5151515151515151,0.06064459064259711,0.06064459064259711,4.112554112554113,0.75,75.0,0.75,1.0,1.0,0.19913419913419914,0.0007054560519551753,0.2306002985704233,19.913419913419915,0.9,0.7,0.8845900447855635,1173459.1839013598,2477302.721569537,-316000.70100672543,liquido,0.9366033482824203,85999000.0,4389000.0,109000.0,2700000.0,38091000.0,109000.0,0.0,4110752.095611543,102089.76496278381,35676158.13942567,2700000.0,7321000.0,23473000.0,43821000.0,342757000.0,11418000.0,0.13276898568588008,1109903.0658151167,29401.85230928174,850500.0,3210854.232548311,14715.000000000002,0.0,0.012905999672264986,0.0003418859790146599,0.009889649879649763,0.03733594847089281,0.00017110664077489275,0.0,0.021359155319949703,0.5356564204376897,False,True,1955765.306502266,1730050.5200688909,2738071.4291031724,2422070.728096447,3520377.551704079,3114090.9361240035
26956,385.0,OCEÂNICA ENGENHARIA E CONSULTORIA S.A.,commodities,cvm,Emp. Adm. Part. - Petróleo e Gás,Categoria A,,consolidado,padrao,dva,7.04611129626649,0.02799832356859867,166607384.78409553,15.096226000610303,28.78787878787879,35687301.82075326,3.233611609330727,115625525.04016228,20.12987012987013,30899957.829953957,2.799832356859867,-4787343.990799304,19.264069264069263,0.15096226000610305,0.15096226000610305,46.103896103896105,0.30600000000000005,30.600000000000005,0.9,0.4,0.85,0.08441558441558442,8.56512732820637e-05,0.10568675755787216,8.441558441558442,0.75,0.7,0.8658530136336808,15294557.923179973,130920082.96334226,-4787343.990799304,liquido,0.569451817068191,1103636000.0,102286000.0,0.0,421765000.0,877314000.0,0.0,39403000.0,58246948.56063699,0.0,499588051.43936294,421765000.0,203778000.0,4931310000.0,202008000.0,5284218000.0,-456607000.0,-0.41372970798342934,13105563.426143322,0.0,110713312.49999999,37469103.85795223,0.0,5319405.0,0.01187489663815182,0.0,0.10031687304509818,0.03395059952552493,0.0,0.004819890797328105,0.03856351119503397,24.411458952120707,False,True,25490929.87196662,22071398.449967116,35687301.82075326,30899957.829953957,45883673.769539915,39728517.209940806
25798,386.0,KALLAS INCORPORAÇÕES E CONSTRUÇÕES S.A.,construcao,cvm,"Construção Civil, Mat. Constr. e Decoração",Categoria A,,consolidado,padrao,dva,7.024804632152716,0.027918761435085343,140019146.81589553,11.16105728712561,26.190476190476193,39205361.10845075,3.125096040395171,84011488.08953731,21.861471861471863,35025007.53944192,2.791876143508534,-4180353.569008827,21.21212121212121,0.1116105728712561,0.1116105728712561,23.809523809523807,0.4,40.0,1.0,0.4,1.0,0.2554112554112554,0.0014406230872268894,0.2891527330586183,25.541125541125542,0.85,0.7,0.8933729099587927,16802297.617907465,100813785.70744479,-4180353.569008827,liquido,0.9557718227359787,1254533000.0,110209000.0,57808000.0,52372000.0,1016115000.0,0.0,0.0,105334656.81190948,55251257.52872146,971174085.659369,52372000.0,183902000.0,420470000.0,106630000.0,1916393000.0,41304000.0,0.032923805113137715,26860337.487036917,15028342.047812238,15580670.0,82549797.28104638,0.0,0.0,0.021410626493712732,0.011979232150778209,0.012419497932696867,0.0658012162940683,0.0,0.0,0.0959625713514921,3.943261746225265,False,True,28003829.363179106,25017862.528172802,39205361.10845075,35025007.53944192,50406892.85372239,45032152.55071105
25232,387.0,MÉLIUZ S.A.,tecnologia,cvm,Comunicação e Informática,Categoria A,BOLSA,consolidado,padrao,dva,7.02013142116879,0.027901310996375005,66985800.0,18.351368973584865,15.367965367965366,10550263.5,2.890340613339616,51913995.0,9.523809523809524,10184480.737274813,2.790131099637501,-365782.76272518747,9.956709956709958,0.18351368973584864,0.18351368973584864,63.41991341991342,0.225,22.5,0.9,0.25,1.0,0.7489177489177489,0.045481661647431976,0.7688634268232967,74.89177489177489,1.2,0.7,0.9653295140234945,4521541.500000001,56435536.5,-365782.76272518747,liquido,0.8284562471808751,365018000.0,0.0,0.0,66935000.0,390192000.0,457000.0,0.0,0.0,0.0,323257000.0,66935000.0,37365000.0,-37139000.0,-14084000.0,486794000.0,32557000.0,0.08919286172188769,0.0,0.0,28112700.0,38790840.0,82260.0,0.0,0.0,0.0,0.07701729777709593,0.10627103320932119,0.0002253587494315349,0.0,0.07675731418217974,2.6369639307015054,False,True,7535902.5,7274629.098053438,10550263.5,10184480.737274813,13564624.5,13094332.376496188
25682,388.0,CM HOSPITALAR S.A,varejo,cvm,Comércio (Atacado e Varejo),Categoria A,BALCÃO ORGANIZADO,consolidado,padrao,dva,6.959668250390894,0.027675532862342277,2101916464.0132523,18.145982408862256,83.98268398268398,331051843.0820872,2.8579922293958058,1628985259.6102705,65.80086580086581,320575964.76720256,2.767553286234228,-10475878.314884663,67.53246753246754,0.18145982408862257,0.18145982408862257,62.55411255411255,0.225,22.5,0.9,0.25,1.0,0.7705627705627706,0.05357871385094,0.7890385139810852,77.05627705627705,1.1,0.7,0.9683557770971628,141879361.32089454,1770864620.931165,-10475878.314884663,liquido,0.959952690888673,11583371000.0,989334000.0,484050000.0,470588000.0,10277418000.0,109936000.0,1719147000.0,949713835.4876543,464665100.02466214,9865835064.487684,470588000.0,543666000.0,3328738000.0,-551860000.0,9544197000.0,34150000.0,0.0029481918519228987,313405565.71092594,163562115.20868108,181176380.0,1085241857.0936453,18139440.0,340391106.0,0.027056507618630703,0.014120424460951918,0.015641075469308544,0.09368963983745711,0.001565989727860741,0.029386186974413583,0.05696299018136361,-6.031852281375711,False,True,236465602.20149088,228982831.97657326,331051843.0820872,320575964.76720256,425638083.9626836,412169097.55783194
24392,389.0,HAPVIDA PARTICIPAÇÕES E INVESTIMENTOS S.A.,saude_educacao,cvm,Serviços Médicos,Categoria A,BOLSA,consolidado,padrao,dva,6.7792032270557625,0.02700165063449069,3727742638.1085234,12.892206718218269,90.04329004329004,782825954.00279,2.707363410825837,2609419846.6759663,82.03463203463204,780744573.5978067,2.7001650634490693,-2081380.404983282,82.68398268398268,0.12892206718218271,0.12892206718218271,34.1991341991342,0.30000000000000004,30.000000000000004,0.75,0.4,1.0,0.9805194805194806,0.13463668382838198,0.9822746431750192,98.05194805194806,1.05,0.7,0.9973411964762529,335496837.4297672,2944916684.1057334,-2081380.404983282,liquido,0.9792222308638022,28914698000.0,2263655000.0,332262000.0,586138000.0,25613945000.0,12335000.0,366428000.0,2216621299.006,325358336.87126863,25081744364.122734,586138000.0,596753000.0,12157938000.0,1494104000.0,73499646000.0,2726232000.0,0.0942853354373613,698235709.18689,109320401.18874627,215405715.0,2633583158.2328873,1942762.5,69254892.0,0.024148123877582608,0.0037807900047493585,0.007449696171822373,0.09108112276437705,6.718944462086376e-05,0.002395144919030453,0.008119127539743524,8.137276923159298,False,True,559161395.7162786,557674695.4270047,782825954.00279,780744573.5978067,1006490512.2893014,1003814451.7686086
19330,390.0,TPI - TRIUNFO PARTICIP. E INVEST. S.A.,outros,padrao,Emp. Adm. Part. - Serviços Transporte e Logística,Categoria A,BOLSA,consolidado,padrao,dva,6.763240381686825,0.026942043085053848,174446744.99734443,13.187170219899464,30.08658008658009,36633816.449442334,2.7693057461788873,122112721.4981411,20.77922077922078,35640335.57914965,2.6942043085053844,-993480.8702926859,21.645021645021643,0.13187170219899463,0.13187170219899463,35.28138528138528,0.30000000000000004,30.000000000000004,0.75,0.4,1.0,0.803030303030303,0.06000465485749559,0.819205137660397,80.3030303030303,1.0,0.7,0.9728807706490595,15700207.049761005,137812928.5479021,-993480.8702926859,liquido,0.8515961641332923,1322852000.0,180041000.0,0.0,155636000.0,868692000.0,0.0,0.0,153322224.98672208,0.0,739774775.013278,155636000.0,53276000.0,1374998000.0,243306000.0,2767002000.0,450336000.0,0.34042810533604667,45996667.49601662,0.0,54472600.0,73977477.5013278,0.0,0.0,0.0347708341492598,0.0,0.04117815144853695,0.05592271660119787,0.0,0.0,0.019254051858292837,5.651311517184122,False,True,26167011.74960167,25457382.556535468,36633816.449442334,35640335.57914965,47100621.14928301,45823288.601763844
24830,391.0,BRK AMBIENTAL PARTICIPAÇÕES S.A.,utilities,cvm,"Emp. Adm. Part. - Saneamento, Serv. Água e Gás",Categoria A,BALCÃO NÃO ORGANIZADO,consolidado,padrao,dva,6.681277709462097,0.02663598273530453,549780064.1223392,12.801298713521536,59.74025974025974,115453813.46569124,2.6882727298395226,384846044.88563746,42.64069264069264,114394114.40894979,2.663598273530453,-1059699.0567414463,43.506493506493506,0.12801298713521536,0.12801298713521536,33.33333333333333,0.30000000000000004,30.000000000000004,0.75,0.4,1.0,0.9329004329004329,0.10856947752381339,0.9388096402690442,93.29004329004329,0.9,0.7,0.9908214460403566,49480205.77101054,434326250.65664804,-1059699.0567414463,liquido,0.8195798018331205,4294721000.0,779300000.0,0.0,574728000.0,2406197000.0,89849000.0,41211000.0,638698539.5685508,0.0,1972070460.4314492,574728000.0,64868000.0,13609020000.0,1803349000.0,19233623000.0,1708847000.0,0.39789476429318693,172448605.68350872,0.0,181039320.0,177486341.43883044,12129615.0,6676182.0,0.04015362247827245,0.0,0.04215391872952865,0.04132662900310182,0.0028243080283911343,0.001554508895921295,0.003372635514380208,7.546525935911463,False,True,82467009.6183509,81710081.72067843,115453813.46569124,114394114.40894979,148440617.3130316,147078147.09722117
1350,392.0,BANCO NACIONAL S.A.,financeiro,cvm,Bancos,Categoria A,,consolidado,financeiro,dva,6.653165585064126,0.026531008038995847,53098187.5,5.906170713069322,12.121212121212121,27876548.4375,3.1007396243613945,13274546.875,17.316017316017316,23852145.6262904,2.653100803899585,-4024402.8112096004,16.883116883116884,0.059061707130693225,0.059061707130693225,3.463203463203463,0.75,75.0,0.75,1.0,1.0,0.027056277056277056,0.0,0.03756549578285064,2.7056277056277054,1.25,0.7,0.8556348243674275,11947092.187500002,25221639.0625,-4024402.8112096004,liquido,1.0,899029000.0,45305000.0,,1347000.0,,71039000.0,,45305000.0,0.0,0.0,1347000.0,10906000.0,-10906000.0,746638000.0,15041997000.0,400191000.0,0.4451369199436281,16989375.0,0.0,589312.5,0.0,35519500.0,0.0,0.018897471605476574,0.0,0.0006554988771218725,0.0,0.039508736648094775,0.0,0.0007250367088891189,,False,True,19911820.3125,17037246.875921715,27876548.4375,23852145.6262904,35841276.5625,30667044.376659084
26301,393.0,UNIGEL PARTICIPAÇÕES S.A.,commodities,cvm,Petroquímicos e Borracha,Categoria A,,consolidado,padrao,dva,6.5180628581187445,0.02602651511875996,422965054.0620312,13.431994798944253,54.112554112554115,90599114.5800871,2.8771332859338594,293537747.51904964,35.714285714285715,81955856.43852265,2.6026515118759965,-8643258.141564444,34.41558441558442,0.13431994798944252,0.13431994798944252,37.01298701298701,0.30600000000000005,30.600000000000005,0.9,0.4,0.85,0.329004329004329,0.0023113259667390212,0.3639924494755743,32.900432900432904,0.75,0.7,0.9045988674213361,38828191.96289448,332365939.4819441,-8643258.141564444,liquido,0.9299522055028228,3148937000.0,166333000.0,33574000.0,243598000.0,3277690000.0,6579000.0,647234000.0,154681740.197901,31222215.34755177,3048095044.454547,243598000.0,182160000.0,5883950000.0,100595000.0,4941406000.0,-378861000.0,-0.12031393451186861,34803391.544527724,7493331.683412424,63944474.99999999,228607128.33409107,740137.4999999999,87376590.0,0.011052425483433846,0.002379638488611371,0.02030668603404895,0.07259819054305978,0.0002350436036033747,0.027747963836685208,0.03686400186505622,58.49147571946916,False,True,64713653.27149078,58539897.456087604,90599114.5800871,81955856.43852265,116484575.88868341,105371815.42095768
21202,394.0,VIX LOGÍSTICA S.A.,outros,padrao,Serviços Transporte e Logística,Categoria A,BOLSA,consolidado,padrao,dva,6.507906396894375,0.025988589438811133,607097239.4369047,15.667955502827386,61.471861471861466,108366857.23948748,2.7967300572546883,452287443.380494,41.125541125541126,100699806.69982222,2.598858943881113,-7667050.539665267,41.34199134199134,0.15667955502827385,0.15667955502827385,50.0,0.255,25.5,0.75,0.4,0.85,0.49567099567099565,0.010206780942325583,0.5283274649972048,49.56709956709957,1.0,0.7,0.9292491197495807,46442938.816923216,498730382.1974172,-7667050.539665267,liquido,0.7341717167657335,3874770000.0,217260000.0,0.0,892876000.0,3141585000.0,19591000.0,73077000.0,159506147.18452325,0.0,2306462852.815477,892876000.0,9306000.0,3583445000.0,1011222000.0,5182731000.0,-185179000.0,-0.047790965657316435,47851844.15535697,0.0,312506600.0,230646285.2815477,2938650.0,13153860.0,0.012349596016113724,0.0,0.08065165158190034,0.05952515511412231,0.0007584063054065144,0.0033947460107309592,0.0017955784315257727,3.543677847198736,False,True,77404898.02820535,71928433.35701588,108366857.23948748,100699806.69982222,139328816.45076963,129471180.04262857
21237,395.0,ENEVA S.A,utilities,cvm,Energia Elétrica,Categoria A,BOLSA,consolidado,padrao,dre,6.50084049749887,0.025962204359096398,1227322831.9732788,10.777802793265765,76.19047619047619,309285353.65726626,2.716006303902973,785486612.4628983,65.15151515151516,295644731.95023197,2.5962204359096392,-13640621.70703429,65.5844155844156,0.10777802793265766,0.10777802793265766,21.861471861471863,0.36000000000000004,36.00000000000001,0.9,0.4,1.0,0.6818181818181818,0.030400096416994406,0.7059754787235503,68.18181818181817,0.9,0.7,0.9558963218085326,132550865.85311414,918037478.3160125,-13640621.70703429,liquido,0.9198096968734655,11387505000.0,1068203000.0,0.0,681796000.0,7434022000.0,536000.0,813508000.0,982543477.6293265,0.0,6837885522.370673,681796000.0,3194255000.0,14192184000.0,3901535000.0,52770780000.0,4155634000.0,0.36492927994323604,265286738.95991817,0.0,214765740.0,615409697.0133606,72360.0,131788296.0,0.02329630054695196,0.0,0.018859771301966498,0.05404254022398766,6.354333104573829e-06,0.01157306152664697,0.06053075205634634,3.637589820416836,False,True,220918109.7551902,211174808.53588,309285353.65726626,295644731.95023197,397652597.5593424,380114655.364584
9067,396.0,SUZANO HOLDING S.A.,commodities,cvm,Emp. Adm. Part. - Papel e Celulose,Categoria A,BOLSA,consolidado,padrao,dva,6.489132581993797,0.02591848532679724,5180745580.469751,10.928600502507745,92.85714285714286,1305547886.2783775,2.7540073266319522,3315677171.5006404,87.87878787878788,1228675879.2076154,2.5918485326797245,-76872007.07076216,88.31168831168831,0.10928600502507746,0.10928600502507746,22.727272727272727,0.36000000000000004,36.00000000000001,0.9,0.4,1.0,0.577922077922078,0.016739000985529048,0.6074597856388858,57.7922077922078,0.75,0.7,0.9411189678458328,559520522.6907333,3875197694.191374,-76872007.07076216,liquido,0.8578065357291615,47405389000.0,2627134000.0,2938547000.0,4687862000.0,27402515000.0,2585000.0,7962324000.0,2253572715.436295,2520704822.1473203,23506056462.416386,4687862000.0,9067796000.0,92367735000.0,24911258000.0,166106723000.0,20567711000.0,0.4338686262019704,507053860.97316635,604969157.3153569,1230563774.9999998,1762954234.681229,290812.5,1074913740.0,0.010696122775686247,0.012761611497700331,0.025958309824226942,0.037188899234245905,6.134587356724359e-06,0.02267492710586132,0.054590180555184394,3.707871156085333,False,True,932534204.4845554,877625628.0054395,1305547886.2783775,1228675879.2076154,1678561568.0721996,1579726130.4097912
13986,397.0,SUZANO S.A.,commodities,cvm,Papel e Celulose,Categoria A,BOLSA,consolidado,padrao,dva,6.488700942105174,0.025916873521670693,5178486325.454487,10.924320230515868,92.64069264069265,1304978554.0145307,2.7529286980899985,3314231248.290871,87.66233766233766,1228544864.1060889,2.591687352167069,-76433689.90844178,88.09523809523809,0.10924320230515867,0.10924320230515867,22.51082251082251,0.36000000000000004,36.00000000000001,0.9,0.4,1.0,0.5800865800865801,0.016756212278213955,0.6095277342639975,58.00865800865801,0.75,0.7,0.9414291601395997,559276523.1490847,3873507771.439956,-76433689.90844178,liquido,0.8578970069039613,47403282000.0,2619844000.0,2938547000.0,4683703000.0,27401527000.0,2585000.0,7962324000.0,2247556326.1553016,2520970675.9466147,23507687997.898083,4683703000.0,9018818000.0,92416713000.0,24915087000.0,165936105000.0,20604427000.0,0.4346624564940461,505700173.3849428,605032962.2271875,1229472037.4999998,1763076599.8423564,290812.5,1074913740.0,0.010668041368632298,0.012763524732890595,0.025936432787501927,0.03719313358603222,6.134860029311894e-06,0.022675934970072326,0.05435114919685502,3.7092671199582807,False,True,932127538.5818077,877532045.7900635,1304978554.0145307,1228544864.1060889,1677829569.447254,1579557682.4221144
23280,398.0,UNIDAS LOCAÇÕES E SERVIÇOS S.A.,outros,padrao,Serviços Transporte e Logística,Categoria A,BALCÃO ORGANIZADO,consolidado,padrao,dva,6.463842476010361,0.0258240484511758,794304108.207731,11.879844559367896,66.88311688311688,189044377.75343996,2.8274030051295593,524240711.4171024,53.896103896103895,172663435.72778064,2.5824048451175803,-16380942.025659323,52.81385281385281,0.11879844559367894,0.11879844559367894,27.705627705627705,0.34,34.0,1.0,0.4,0.85,0.3874458874458874,0.004359317816820473,0.42232463367149775,38.74458874458874,1.0,0.7,0.9133486950507247,81019019.03718857,605259730.4542911,-16380942.025659323,liquido,0.9100887552650146,6686149000.0,321976000.0,292725000.0,490476000.0,4840412000.0,52432000.0,6080000.0,293026737.0652084,266405730.8849514,4405204532.04984,490476000.0,3341794000.0,8844029000.0,2395017000.0,17087903000.0,-725563000.0,-0.10851732439704828,87908021.1195625,85249833.88318445,171666600.0,440520453.204984,7864800.0,1094400.0,0.013147780750857109,0.0127502144931536,0.025674958784197004,0.0658855274097218,0.001176282490862827,0.0001636816648866186,0.19556489757695839,3.692679008123951,False,True,135031698.39531428,123331025.51984333,189044377.75343996,172663435.72778064,243057057.1115657,221995845.935718
26620,399.0,AUREN ENERGIA S.A.,utilities,cvm,Energia Elétrica,Categoria A,BOLSA,consolidado,padrao,dva,6.397341388510438,0.02557572387187059,772652633.3091888,9.586319238283073,66.45021645021644,216342737.3265729,2.6841693867192604,463591579.98551327,57.35930735930735,206139081.1968073,2.5575723871870597,-10203656.1297656,57.57575757575758,0.09586319238283071,0.09586319238283071,17.965367965367964,0.4,40.0,1.0,0.4,1.0,0.6601731601731602,0.02781160378440227,0.6855712604960087,66.01731601731602,0.9,0.7,0.9528356890744013,92718315.9971027,556309895.982616,-10203656.1297656,liquido,0.9647779051358127,8059951000.0,454065000.0,0.0,249549000.0,6630948000.0,0.0,0.0,438071879.4954928,0.0,6397392120.504507,249549000.0,7200549000.0,20014750000.0,1929028000.0,52754117000.0,600534000.0,0.07450839341330984,118279407.46378307,0.0,78607935.0,575765290.8454057,0.0,0.0,0.01467495366457973,0.0,0.009752904825351917,0.07143533389289906,0.0,0.0,0.13649264568299002,10.375562200237633,False,True,154530526.6618378,147242200.85486236,216342737.3265729,206139081.1968073,278154947.99130803,265035961.53875226
27154,400.0,COMPANHIA ESTADUAL DE GERAÇÃO DE ENERGIA ELÉTRICA - CEEE-G,utilities,cvm,Energia Elétrica,Categoria B,,consolidado,padrao,dva,6.341148971265867,0.02536589334282222,29566044.925111458,10.718160204861867,5.844155844155844,7036718.692176527,2.5509221287571244,19513589.65057356,5.844155844155844,6997181.67861751,2.536589334282222,-39537.01355901733,6.277056277056277,0.10718160204861867,0.10718160204861867,21.428571428571427,0.34,34.0,1.0,0.4,0.85,0.9588744588744589,0.11609971599873777,0.962542187356943,95.88744588744589,0.9,0.7,0.9943813281035414,3015736.5823613694,22529326.23293493,-39537.01355901733,liquido,0.7920252467064068,275850000.0,11611000.0,0.0,41518000.0,188019000.0,0.0,3719000.0,9196205.139508089,0.0,148915794.8604919,41518000.0,699549000.0,1217121000.0,15396000.0,3311605000.0,-121719000.0,-0.44125067971723764,2482975.387667184,0.0,13078170.0,13402421.537444273,0.0,602478.0,0.00900117958190025,0.0,0.04741044045676999,0.048585903706522646,0.0,0.002184078303425775,0.21124167888380407,79.05436477007015,False,True,5026227.637268948,4997986.913298222,7036718.692176527,6997181.67861751,9047209.747084107,8996376.443936799
17329,401.0,ENGIE BRASIL ENERGIA S.A.,utilities,cvm,Energia Elétrica,Categoria A,BOLSA,consolidado,padrao,dva,6.32795597838384,0.02531662881903214,681634549.6272333,6.075913421082273,64.28571428571429,300600836.38560987,2.6794778186972823,252204783.3620763,64.28571428571429,284018018.1512026,2.531662881903214,-16582818.234407246,64.93506493506493,0.060759134210822734,0.060759134210822734,4.329004329004329,0.63,63.0,0.9,0.7,1.0,0.6038961038961039,0.020310234806420087,0.6322294944618886,60.3896103896104,0.9,0.7,0.9448344241692833,128828929.87954712,381033713.2416234,-16582818.234407246,liquido,0.9289981731716548,11218635000.0,443460000.0,64610000.0,399039000.0,5112053000.0,0.0,0.0,411973529.87470204,60022571.96862061,4749087898.156677,399039000.0,3958758000.0,19688891000.0,8754075000.0,50112301000.0,4154242000.0,0.3702983473479617,111232853.06616956,17286500.726962738,125697285.0,427417910.834101,0.0,0.0,0.009915007758623893,0.001540873798547037,0.011204329671123092,0.03809892298252871,0.0,0.0,0.07899772951954451,2.2491115280597893,False,True,214714883.1325785,202870012.96514475,300600836.38560987,284018018.1512026,386486789.6386413,365166023.3372606
25640,402.0,AUREN PARTICIPAÇÕES S.A.,utilities,cvm,Energia Elétrica,Categoria B,,consolidado,padrao,dva,6.277739160862177,0.02512911203466185,368566181.59801775,9.504902374922542,49.35064935064935,103198530.84744497,2.661372664978312,221139708.95881066,39.17748917748918,97441725.37742226,2.5129112034661847,-5756805.470022708,39.39393939393939,0.09504902374922544,0.09504902374922544,17.74891774891775,0.4,40.0,1.0,0.4,1.0,0.5995670995670995,0.020238479738648726,0.6281080474854946,59.95670995670995,0.9,0.7,0.9442162071228242,44227941.791762136,265367650.7505728,-5756805.470022708,liquido,0.9285206010356111,3877643000.0,207187000.0,0.0,225010000.0,2940713000.0,0.0,0.0,192377397.76676515,0.0,2730512602.233235,225010000.0,1909716000.0,9314512000.0,1515151000.0,20007402000.0,890363000.0,0.22961448488166653,51941897.39702659,0.0,70878150.0,245746134.20099115,0.0,0.0,0.013395224211467273,0.0,0.0182786682528536,0.06337513128490456,0.0,0.0,0.09545047377965415,6.147580010177204,False,True,73713236.31960355,69601232.41244447,103198530.84744497,97441725.37742226,132683825.37528639,125282218.34240004
26174,403.0,AUREN OPERAÇÕES S.A.,utilities,cvm,Emp. Adm. Part. - Energia Elétrica,Categoria A,BOLSA,consolidado,padrao,dva,6.257042495705913,0.025051827724567575,326140729.89179134,9.484993127562644,46.320346320346324,91319404.36970156,2.6557980757175406,195684437.9350748,35.93073593073593,86140509.21630381,2.5051827724567577,-5178895.153397754,35.714285714285715,0.09484993127562645,0.09484993127562645,17.532467532467532,0.4,40.0,1.0,0.4,1.0,0.5930735930735931,0.019462544737464234,0.6219207962686454,59.307359307359306,0.9,0.7,0.9432881194402968,39136887.587014966,234821325.52208978,-5178895.153397754,liquido,0.927983052496497,3438492000.0,161921000.0,0.0,202816000.0,2654305000.0,0.0,0.0,150259943.8432853,0.0,2463150056.1567144,202816000.0,1178754000.0,4647949000.0,998929000.0,11078243000.0,835002000.0,0.24283959363581478,40570184.83768703,0.0,63887040.0,221683505.05410433,0.0,0.0,0.011798830661140708,0.0,0.01857995888895481,0.06447114172553094,0.0,0.0,0.10640261276088636,4.652932290483108,False,True,65228145.97835827,61528935.15450273,91319404.36970156,86140509.21630381,117410662.76104489,110752083.27810492
19836,404.0,COSAN S.A.,commodities,cvm,"Agricultura (Açúcar, Álcool e Cana)",Categoria A,BOLSA,consolidado,padrao,dva,6.140235850820669,0.02461565499353946,4017775084.332804,9.141540964957553,91.12554112554112,1124977023.6131852,2.5596314701881147,2410665050.5996823,85.93073593073593,1081876301.7820647,2.4615654993539464,-43100721.83112049,86.36363636363636,0.09141540964957551,0.09141540964957551,14.285714285714285,0.4,40.0,1.0,0.4,1.0,0.7229437229437229,0.037278330619373384,0.744583098579263,72.2943722943723,0.75,0.7,0.9616874647868894,482133010.11993665,2892798060.719619,-43100721.83112049,liquido,0.9227413221361325,43950742000.0,2845282000.0,1575890000.0,2677572000.0,30236061000.0,25279000.0,2072905000.0,2625459274.5301394,1454138822.1411097,27900062903.32875,2677572000.0,16903542000.0,56061637000.0,10528581000.0,141265902000.0,13081286000.0,0.29763515710383226,590728336.7692813,348993317.3138663,702862649.9999999,2092504717.7496567,2843887.4999999995,279842175.0,0.013440690870913654,0.00794055575475532,0.01599205424108653,0.047610225050345144,6.470624545997425e-05,0.006367177487014895,0.11965762268661266,5.324709664103834,False,True,803555016.8665609,772768786.9871892,1124977023.6131852,1081876301.7820647,1446399030.3598096,1390983816.5769403
24660,405.0,BBM LOGÍSTICA S.A.,outros,padrao,Serviços Transporte e Logística,Categoria A,BOLSA,consolidado,padrao,dva,6.1290843625897855,0.024574013740325907,282206683.76275253,19.45666607806837,43.93939393939394,37039627.243861265,2.5536874227464734,229292930.55723643,20.995670995670995,35643058.76747708,2.45740137403259,-1396568.4763841853,21.861471861471863,0.19456666078068371,0.19456666078068371,68.3982683982684,0.1875,18.75,0.75,0.25,1.0,0.7272727272727273,0.038064039275775695,0.7486352535912479,72.72727272727273,1.0,0.7,0.9622952880386872,15874125.961654833,245167056.51889127,-1396568.4763841853,liquido,0.7703352098353136,1450437000.0,99114000.0,39367000.0,378511000.0,1509621000.0,332000.0,4317000.0,76351003.98761727,30325786.205586787,1162914209.8067958,378511000.0,25329000.0,438422000.0,-113170000.0,1036364000.0,275866000.0,0.19019509292716608,22905301.19628518,9704251.585787771,132478849.99999999,116291420.98067959,49800.0,777060.0,0.015792000063625775,0.006690570900899365,0.09133719699649138,0.08017681635305746,3.433447988433831e-05,0.00053574198672538,0.024440254582366813,-3.874012547494919,False,True,26456876.60275805,25459327.691055063,37039627.243861265,35643058.76747708,47622377.88496449,45826789.84389911
20257,406.0,TRANSMISSORA ALIANÇA DE ENERGIA ELÉTRICA S.A.,utilities,cvm,Emp. Adm. Part. - Energia Elétrica,Categoria A,BOLSA,consolidado,padrao,dva,6.094013817648026,0.0244430553057187,228895604.24405003,6.156189045270779,37.44588744588744,100942961.47162604,2.714879368964413,84691373.57029851,37.66233766233766,90882652.76829432,2.4443055305718704,-10060308.703331724,37.01298701298701,0.06156189045270778,0.06156189045270778,4.978354978354979,0.63,63.0,0.9,0.7,1.0,0.3008658008658009,0.0019024924413001303,0.33557799661217164,30.08658008658009,0.9,0.7,0.9003366994918257,43261269.20212546,127952642.77242398,-10060308.703331724,liquido,0.8529070188490431,3718138000.0,273079000.0,0.0,223421000.0,1245831000.0,0.0,0.0,232910995.80027783,0.0,1062578004.1997222,223421000.0,750976000.0,9048889000.0,2888083000.0,20431093000.0,1540337000.0,0.4142764469742651,62885968.86607502,0.0,70377615.0,95632020.377975,0.0,0.0,0.01691329608155346,0.0,0.018928187980112626,0.025720406391041697,0.0,0.0,0.03675652594797547,3.133181767975505,False,True,72102115.33687575,64916180.54878166,100942961.47162604,90882652.76829432,129783807.60637635,116849124.98780699
21008,407.0,GENERAL SHOPPING E OUTLETS DO BRASIL BRASIL S.A.,varejo,cvm,Comércio (Atacado e Varejo),Categoria A,BOLSA,consolidado,padrao,dva,6.0369369705891245,0.024229922189151452,32088159.86234603,17.778161836727406,7.142857142857142,4773113.7795239715,2.6445015732132013,25269425.8915975,3.67965367965368,4373307.115764324,2.422992218915145,-399806.66375964787,3.463203463203463,0.17778161836727405,0.17778161836727405,60.82251082251082,0.2125,21.25,1.0,0.25,0.85,0.4069264069264069,0.005295480985147042,0.4415851200045205,40.692640692640694,1.1,0.7,0.916237768000678,2045620.19122456,27315046.08282206,-399806.66375964787,liquido,0.8276529422495776,180492000.0,67245000.0,0.0,21729000.0,58832000.0,0.0,0.0,55655522.10157285,0.0,48692477.89842715,21729000.0,144988000.0,2258331000.0,-97638000.0,1219757000.0,-8572000.0,-0.047492409635884136,18366322.293519042,0.0,8365665.0,5356172.568826987,0.0,0.0,0.10175698808545,0.0,0.04634922877468253,0.02967540150714152,0.0,0.0,0.11886629877918306,-23.12963190561052,False,True,3409366.985374266,3123790.7969745174,4773113.7795239715,4373307.115764324,6136860.573673679,5622823.434554132
23620,408.0,CBO HOLDING S.A.,commodities,cvm,Emp. Adm. Part. - Petróleo e Gás,Categoria A,,consolidado,padrao,dva,6.018653061723316,0.02416164745639371,259284745.14615312,13.08824180428233,40.04329004329004,54449796.48069216,2.7485307788992897,181499321.60230717,25.757575757575758,47865455.85513622,2.4161647456393713,-6584340.62555594,24.891774891774894,0.13088241804282327,0.13088241804282327,34.63203463203463,0.30000000000000004,30.000000000000004,0.75,0.4,1.0,0.1645021645021645,0.00046425349457188326,0.1938334574686931,16.450216450216452,0.75,0.7,0.8790750186203039,23335627.06315379,204834948.66546094,-6584340.62555594,liquido,0.605338447530948,1981051000.0,174998000.0,0.0,639789000.0,1446110000.0,0.0,13713000.0,105933017.64102083,0.0,875385982.3589792,639789000.0,46640000.0,4781585000.0,917079000.0,7497628000.0,848658000.0,0.4283877598305142,23834928.969229687,0.0,167944612.49999997,65653948.676923454,0.0,1851255.0000000002,0.012031456519407973,0.0,0.08477551183689869,0.03314096844398425,0.0,0.000934481242532373,0.0062206340458609045,5.213929225290297,False,True,38892711.771922976,34189611.3250973,54449796.48069216,47865455.85513622,70006881.18946137,61541300.38517515
80020,409.0,"GP INVESTMENTS, LTD.",outros,padrao,,,,consolidado,padrao,dva,5.876676890524008,0.02363148811148866,23150400.0,17.535657746233497,4.545454545454546,3646188.0,2.7618660950317757,17941560.0,2.1645021645021645,3119805.428990622,2.3631488111488665,-526382.571009378,2.1645021645021645,0.17535657746233496,0.17535657746233496,58.658008658008654,0.225,22.5,0.9,0.25,1.0,0.027056277056277056,0.0,0.03756549578285064,2.7056277056277054,1.0,0.7,0.8556348243674275,1562652.0000000002,19504212.0,-526382.571009378,liquido,1.0,132019000.0,77168000.0,0.0,0.0,0.0,0.0,0.0,77168000.0,0.0,0.0,0.0,227691000.0,-179564000.0,-326139000.0,2848174000.0,199590000.0,1.5118278429619978,23150400.0,0.0,0.0,0.0,0.0,0.0,0.17535657746233496,0.0,0.0,0.0,0.0,0.0,0.07994279843857854,0.5505750615535094,False,True,2604420.0,2228432.449279016,3646188.0,3119805.428990622,4687956.0,4011178.408702228
27880,410.0,HIGHLINE BRASIL II INFRAESTRUTURA DE TELECOMUNICAÇÕES S.A.,utilities,cvm,Telecomunicações,Categoria B,,consolidado,padrao,dva,5.837523997186988,0.023485285603649843,78441849.44438209,13.33092849399784,17.74891774891775,14001870.125822201,2.3795707361786143,58439177.83606465,11.255411255411255,13819211.75489964,2.348528560364984,-182658.37092256173,12.121212121212121,0.1333092849399784,0.1333092849399784,36.36363636363637,0.255,25.5,0.75,0.4,0.85,0.9047619047619048,0.09477526741529176,0.9130314406665327,90.47619047619048,0.9,0.7,0.9869547160999799,6000801.482495231,64439979.318559885,-182658.37092256173,liquido,0.9029321160873524,588420000.0,204887000.0,0.0,38915000.0,196018000.0,2257000.0,0.0,184999052.46878937,0.0,176990947.53121063,38915000.0,5556000.0,3477186000.0,533715000.0,5687315000.0,-87117000.0,-0.14805241154277557,49949744.16657313,0.0,12258225.0,15929185.277808959,304695.0,0.0,0.08488791027934661,0.0,0.020832441113490363,0.027071114642277554,0.0005178189048638728,0.0,0.0009769108973214952,6.515061409179056,False,True,10001335.804158716,9870865.539214028,14001870.125822201,13819211.75489964,18002404.44748569,17767557.970585253
3204,411.0,CPFL TRANSMISSÃO S.A.,utilities,cvm,Energia Elétrica,Categoria B,BOLSA,consolidado,padrao,dva,5.819972452423591,0.02341974562327686,177299340.96972796,8.583542724935308,30.303030303030305,55383881.63541876,2.681284158701666,98179510.06198688,26.190476190476193,48375194.226308845,2.3419745623276857,-7008687.409109913,25.541125541125542,0.08583542724935307,0.08583542724935307,11.904761904761903,0.4462499999999999,44.62499999999999,0.75,0.7,0.85,0.12987012987012986,0.00023816856533047392,0.1563505238766365,12.987012987012985,0.9,0.7,0.8734525785814955,23735949.27232233,121915459.3343092,-7008687.409109913,liquido,0.827996659862343,2065573000.0,146604000.0,10343000.0,187651000.0,934026000.0,10022000.0,74024000.0,121387622.32245894,8563969.452956215,773370408.2245848,187651000.0,182133000.0,3181835000.0,998591000.0,7818832000.0,-268599000.0,-0.13003607231504286,32774658.027063914,2466423.20245139,59110065.0,69603336.74021265,1352970.0,11991888.0,0.015867102265116707,0.0011940624719878649,0.028616788174516225,0.033696866070679975,0.0006550095300432374,0.005805598737009052,0.02329414418931114,3.186324531264552,False,True,39559915.45387054,34553710.161649175,55383881.63541876,48375194.226308845,71207847.81696698,62196678.29096852
25003,412.0,SIMPAR S.A.,outros,padrao,Serviços Transporte e Logística,Categoria A,BOLSA,consolidado,padrao,dre,5.803228267029176,0.0233572204383484,5784255884.378484,14.086330345677437,93.5064935064935,1032489675.3615593,2.5144099667034223,4309270633.86197,84.84848484848484,959115230.4950768,2.33572204383484,-73374444.8664825,84.63203463203463,0.1408633034567744,0.1408633034567744,40.25974025974026,0.255,25.5,0.75,0.4,0.85,0.4935064935064935,0.010188747880992874,0.5262296781754707,49.35064935064935,1.0,0.7,0.9289344517263206,442495575.1549541,4751766209.016925,-73374444.8664825,liquido,0.8669326278995708,41062901000.0,3557869000.0,0.0,4530387000.0,30487945000.0,360893000.0,3200318000.0,3084432721.892418,0.0,26430994278.107582,4530387000.0,1903850000.0,55494068000.0,10508360000.0,84025791000.0,-3560134000.0,-0.08669952471209962,925329816.5677253,0.0,1585635450.0,2643099427.8107586,54133950.0,576057240.0,0.02253444822536346,0.0,0.038614793679579526,0.06436708959775536,0.0013183177194421797,0.014028654234633836,0.022657924160452116,5.2809446954615185,False,True,737492625.2582567,685082307.4964834,1032489675.3615593,959115230.4950768,1327486725.464862,1233148153.4936705
26280,413.0,COMERC ENERGIA S.A.,utilities,cvm,Energia Elétrica,Categoria A,,consolidado,padrao,dva,5.758529223062927,0.023190307810216165,476265155.82381797,11.64683460294222,56.493506493506494,102015996.37746182,2.494751971950224,330528018.14172965,38.311688311688314,94830363.26492338,2.319030781021616,-7185633.112538442,37.878787878787875,0.1164683460294222,0.1164683460294222,26.406926406926406,0.30600000000000005,30.600000000000005,0.9,0.4,0.85,0.49783549783549785,0.010266825953470083,0.5304244191958934,49.78354978354979,0.9,0.7,0.929563662879384,43721141.3046265,374249159.4463562,-7185633.112538442,liquido,0.9467238083181603,4089224000.0,369474000.0,0.0,215473000.0,3674978000.0,1715000.0,3638000.0,349789832.3545439,0.0,3479189167.645456,215473000.0,829006000.0,6370737000.0,509648000.0,14917327000.0,-29130000.0,-0.007123600957051998,94443254.73572686,0.0,67873995.0,313127025.0880911,231525.00000000003,589356.0,0.023095642287076196,0.0,0.016598258006898133,0.07657370324738656,5.6618321715807205e-05,0.00014412416634549736,0.055573361098808116,12.500268812984649,False,True,72868568.84104416,67735973.76065956,102015996.37746182,94830363.26492338,131163423.91387948,121924752.7691872
8397,414.0,MANGELS INDUSTRIAL S.A.,commodities,cvm,Emp. Adm. Part. - Metalurgia e Siderurgia,Categoria A,BOLSA,consolidado,padrao,dva,5.757610944521063,0.023186878826703772,119551561.75163284,12.61041875448377,24.458874458874458,25105827.9678429,2.648187938441592,83686093.22614299,16.017316017316016,21982042.22911059,2.3186878826703774,-3123785.738732308,15.800865800865802,0.1261041875448377,0.1261041875448377,32.25108225108225,0.30000000000000004,30.000000000000004,0.75,0.4,1.0,0.14285714285714285,0.00031290059118469524,0.17050183388137433,14.285714285714285,0.75,0.7,0.8755752750822061,10759640.55764696,94445733.78378993,-3123785.738732308,liquido,0.8205719839333411,948038000.0,37745000.0,10525000.0,158403000.0,834552000.0,5426000.0,125615000.0,30972489.53356396,8636520.130898414,684809990.3355377,158403000.0,12596000.0,620470000.0,84678000.0,739532000.0,148169000.0,0.15629014870711933,6968810.14505189,2072764.8314156192,41580787.49999999,51360749.275165334,610424.9999999999,16958025.0,0.007350770902697878,0.002186373153202318,0.04385983209533795,0.05417583395936169,0.0006438824182153036,0.017887495016022565,0.017032393459647452,7.327404993032428,False,True,17932734.26274493,15701458.735078994,25105827.9678429,21982042.22911059,32278921.672940873,28262625.723142188
27642,415.0,EQUIPAV SANEAMENTO S.A.,utilities,cvm,"Saneamento, Serv. Água e Gás",Categoria B,,consolidado,padrao,dva,5.754994500929137,0.023177108651828943,1327235151.141396,9.33857554991366,77.92207792207793,334463258.0876318,2.3533210385782426,849430496.7304933,66.66666666666666,329402199.9406017,2.317710865182894,-5061058.147030115,68.18181818181817,0.09338575549913661,0.09338575549913661,16.450216450216452,0.36000000000000004,36.00000000000001,0.9,0.4,1.0,0.8896103896103896,0.08765675891782182,0.8991207947928697,88.96103896103897,0.9,0.7,0.9848681192189305,143341396.3232708,992771893.0537642,-5061058.147030115,liquido,0.8603122281364323,14212394000.0,1583001000.0,0.0,1232676000.0,7241508000.0,3786000.0,61905000.0,1361875117.4522004,0.0,6229957882.547799,1232676000.0,1844263000.0,25115055000.0,7112479000.0,45998340000.0,2564562000.0,0.18044546189755223,367706281.7120941,0.0,388292940.0,560696209.429302,511110.00000000006,10028610.0,0.025872226854398644,0.0,0.02732072724693672,0.03945121486424468,3.596227349171435e-05,0.0007056242600648419,0.040094120787837126,3.531125364306875,False,True,238902327.2054513,235287285.67185837,334463258.0876318,329402199.9406017,430024188.9698124,423517114.2093451
25291,416.0,BRAVA ENERGIA S.A.,commodities,cvm,Petróleo e Gás,Categoria A,BOLSA,consolidado,padrao,dva,5.65758191885425,0.02281335612728852,812514595.0261058,9.311035780276633,67.74891774891775,204753677.94657865,2.3463810166297114,520009340.8167076,55.84415584415584,199077581.18828157,2.281335612728852,-5676096.758297086,56.709956709956714,0.09311035780276633,0.09311035780276633,15.584415584415584,0.36000000000000004,36.00000000000001,0.9,0.4,1.0,0.7987012987012987,0.05930245150054493,0.815189424508473,79.87012987012987,0.75,0.7,0.972278413676271,87751576.26281944,607760917.0795271,-5676096.758297086,liquido,0.9506074420704568,8726361000.0,645686000.0,0.0,347895000.0,6397784000.0,0.0,940407000.0,613793916.8407049,0.0,6081781083.159295,347895000.0,3171958000.0,15772102000.0,3743474000.0,44463747000.0,1854060000.0,0.21246657111710138,138103631.28915858,0.0,91322437.49999999,456133581.2369472,0.0,126954945.00000001,0.01582602774388529,0.0,0.01046512257514902,0.05227076684507405,0.0,0.014548440638657971,0.07133807234014714,4.213226003439586,False,True,146252627.10469905,142198272.277344,204753677.94657865,199077581.18828157,263254728.7884583,255956890.09921917
15539,417.0,NEOENERGIA S.A.,utilities,cvm,Emp. Adm. Part. - Energia Elétrica,Categoria B,BOLSA,consolidado,padrao,dva,5.523403823395083,0.022312315913368554,4573246494.496631,9.334489609733291,92.20779220779221,1152458116.6131508,2.352291381652789,2926877756.4778433,86.36363636363636,1093147293.5436654,2.2312315913368552,-59310823.069485426,86.58008658008657,0.0933448960973329,0.0933448960973329,16.233766233766232,0.36000000000000004,36.00000000000001,0.9,0.4,1.0,0.6298701298701299,0.022948485042130345,0.6569025100088473,62.98701298701299,0.9,0.7,0.9485353765013271,493910621.4056362,3420788377.88348,-59310823.069485426,liquido,0.9293278863417553,48993000000.0,2249000000.0,286000000.0,2716000000.0,35896000000.0,552000000.0,0.0,2090058416.3826077,265787775.49374202,33359153808.12365,2716000000.0,7730000000.0,44870000000.0,12573000000.0,109541000000.0,3242000000.0,0.06617271855162983,564315772.4233041,76546879.34219772,855540000.0,3002323842.7311287,74520000.0,0.0,0.01151829388735746,0.0015624044116955016,0.017462494642091726,0.061280669539140874,0.0015210336170473333,0.0,0.07056718488967602,3.5687584506482146,False,True,823184369.0093936,780819495.3883325,1152458116.6131508,1093147293.5436654,1481731864.2169085,1405475091.6989987
20982,418.0,MULTIPLAN - EMPREEND IMOBILIARIOS S.A.,construcao,cvm,"Emp. Adm. Part. - Const. Civil, Mat. Const. e Decoração",Categoria A,BOLSA,consolidado,padrao,dva,5.37960066801958,0.021775334348045662,163601762.32630724,6.4288930173113465,28.57142857142857,60123647.654917896,2.362618183861919,77710837.10499595,28.13852813852814,55413631.32022876,2.177533434804566,-4710016.334689133,27.705627705627705,0.06428893017311348,0.06428893017311348,5.411255411255411,0.5249999999999999,52.49999999999999,0.75,0.7,1.0,0.44372294372294374,0.0062743005583288936,0.47774111979782474,44.37229437229438,0.85,0.7,0.9216611679696737,25767277.56639339,103478114.67138934,-4710016.334689133,liquido,0.7421725791094307,2544789000.0,294994000.0,0.0,185216000.0,423378000.0,23137000.0,150409000.0,218936457.8018074,0.0,314219542.19819254,185216000.0,49603000.0,5381329000.0,1848038000.0,12511801000.0,1489466000.0,0.585300392291856,55828796.739460886,0.0,55101760.0,26708661.086846367,2949967.5,23012577.0,0.021938477704619475,0.0,0.021652781429030068,0.010495432464870906,0.0011592188979125577,0.009043019676680463,0.003964497197485798,2.9119146900658968,False,True,42945462.61065564,39581165.22873483,60123647.654917896,55413631.32022876,77301832.69918016,71246097.41172269
8672,419.0,IGUATEMI S.A.,varejo,cvm,Emp. Adm. Part. - Comércio (Atacado e Varejo),Categoria A,BOLSA,consolidado,padrao,dva,5.355920476630672,0.021686909123954035,140788835.95562714,11.387503969816446,26.623376623376622,29565655.550681703,2.3913758336614537,98552185.168939,17.74891774891775,26812501.66085495,2.1686909123954035,-2753153.8898267522,18.181818181818183,0.11387503969816447,0.11387503969816447,24.891774891774894,0.30000000000000004,30.000000000000004,0.75,0.4,1.0,0.34415584415584416,0.002678332251865444,0.37919998986498044,34.41558441558442,1.1,0.7,0.9068799984797471,12670995.236006446,111223180.40494543,-2753153.8898267522,liquido,0.7265896704322528,1236345000.0,0.0,163231000.0,155816000.0,406667000.0,3488000.0,30169000.0,0.0,118601958.49432705,295480041.50567293,155816000.0,49040000.0,3387159000.0,914762000.0,8503874000.0,447107000.0,0.36163611289729,0.0,41747889.39000313,59989160.0,32502804.56562403,575520.0,5973462.0,0.0,0.03376718423255898,0.04852137550602784,0.02628942937903581,0.00046550113439209934,0.0048315494461497405,0.005766783468334549,3.702776241251823,False,True,21118325.393344074,19151786.900610678,29565655.550681703,26812501.66085495,38012985.70801934,34473216.42109922
19453,420.0,ECORODOVIAS INFRAESTRUTURA E LOGÍSTICA S.A.,outros,padrao,Serviços Transporte e Logística,Categoria A,BOLSA,consolidado,padrao,dva,5.350054193603202,0.021665003583463686,850256560.165478,8.612485025538726,69.26406926406926,214264653.1617005,2.170346226435759,544164198.5059059,57.14285714285714,213884974.75728655,2.1665003583463687,-379678.4044139385,58.22510822510822,0.08612485025538726,0.08612485025538726,12.121212121212121,0.36000000000000004,36.00000000000001,0.9,0.4,1.0,0.987012987012987,0.14548660807271088,0.9881866218930228,98.7012987012987,1.0,0.7,0.9982279932839534,91827708.49787165,635991907.0037775,-379678.4044139385,liquido,0.9013511608643248,9872372000.0,350366000.0,0.0,622852000.0,5963464000.0,0.0,0.0,315802800.82739,0.0,5375175199.172609,622852000.0,2337602000.0,17697319000.0,4507101000.0,29296082000.0,3935501000.0,0.39863783496002786,94740840.248217,0.0,217998200.0,537517519.917261,0.0,0.0,0.009596563039583292,0.0,0.022081643600950208,0.054446643614853754,0.0,0.0,0.07979230806358338,3.9265414731109862,False,True,153046180.82978606,152774981.9694904,214264653.1617005,213884974.75728655,275483125.4936149,274994967.5450827
26000,421.0,TERRA SANTA PROPRIEDADES AGRÍCOLAS S.A.,commodities,cvm,"Agricultura (Açúcar, Álcool e Cana)",Categoria A,,consolidado,padrao,dva,5.3472927124170395,0.021654691817452134,8235090.813943961,12.051587563577769,0.6493506493506493,1729369.070928232,2.530833388351332,5764563.569760772,0.6493506493506493,1479708.4012701393,2.1654691817452134,-249660.66965809278,0.6493506493506493,0.12051587563577769,0.12051587563577769,28.354978354978357,0.30000000000000004,30.000000000000004,0.75,0.4,1.0,0.027056277056277056,0.0,0.03756549578285064,2.7056277056277054,0.75,0.7,0.8556348243674275,741158.1732549567,6505721.743015729,-249660.66965809278,liquido,0.6601398219454913,68332000.0,31865000.0,0.0,12445000.0,4753000.0,0.0,0.0,21035355.42629308,0.0,3137644.57370692,12445000.0,8832000.0,90464000.0,23826000.0,942768000.0,27465000.0,0.401934671896037,4732954.970915942,0.0,3266812.4999999995,235323.343028019,0.0,0.0,0.0692641071667146,0.0,0.047807945033073805,0.003443823435989273,0.0,0.0,0.009368158444071076,3.7968605724838413,False,True,1235263.6220915944,1056934.5723358137,1729369.070928232,1479708.4012701393,2223474.51976487,1902482.2302044649
20958,422.0,BCO ABC BRASIL S.A.,financeiro,cvm,Bancos,Categoria A,BOLSA,individual,financeiro,dre,5.326155127329598,0.021575761049224124,402311687.5,3.8775430517179634,52.38095238095239,253456363.12499997,2.4428521225823165,40231168.74999999,59.523809523809526,223857755.31142932,2.157576104922412,-29598607.81357065,59.09090909090909,0.03877543051717963,0.03877543051717963,1.2987012987012987,0.9,90.0,0.9,1.0,1.0,0.19047619047619047,0.0006537634883659894,0.22146735770388007,19.047619047619047,1.25,0.7,0.883220103655582,108624155.62500001,148855324.37500003,-29598607.81357065,liquido,1.0,10375428000.0,340133000.0,,628027000.0,,0.0,,340133000.0,0.0,0.0,628027000.0,5672403000.0,-5672403000.0,1224677000.0,71706054000.0,-228771000.0,-0.022049307267131533,127549875.0,0.0,274761812.5,0.0,0.0,0.0,0.012293456713303778,0.0,0.02648197380387585,0.0,0.0,0.0,0.07910633319747312,,False,True,181040259.375,159898396.65102094,253456363.12499997,223857755.31142932,325872466.875,287817113.9718377
11398,423.0,TRONOX PIGMENTOS DO BRASIL S.A.,commodities,cvm,Petroquímicos e Borracha,Categoria A,BOLSA,individual,padrao,dva,5.2947213828272535,0.021458382948008243,118521433.86822572,17.931954693801163,24.025974025974026,15555938.195204627,2.3535690535614027,96298665.0179334,12.337662337662337,14182939.667869,2.145838294800825,-1372998.527335627,12.987012987012985,0.17931954693801164,0.17931954693801164,61.471861471861466,0.1875,18.75,0.75,0.25,1.0,0.37662337662337664,0.003693737262081592,0.41158653366259146,37.66233766233766,0.75,0.7,0.9117379800493887,6666830.655087698,102965495.6730211,-1372998.527335627,liquido,0.8251952285735566,660951000.0,36043000.0,14055000.0,122041000.0,648058000.0,0.0,273348000.0,29742511.623476703,11598118.93760134,534774369.438922,122041000.0,5690000.0,5609000.0,-4290000.0,868470000.0,16372000.0,0.024770368756534145,6692065.115282257,2783548.5450243214,32035762.499999996,40108077.70791916,0.0,36901980.0,0.010124903533366706,0.00421142950842698,0.04846919438808625,0.06068237692040583,0.0,0.05583164258772587,0.006551751931557797,-1.3074592074592075,False,True,11111384.425146163,10130671.191335,15555938.195204627,14182939.667869,20000491.965263095,18235208.144403003
20451,424.0,RNI NEGÓCIOS IMOBILIÁRIOS S.A.,construcao,cvm,"Construção Civil, Mat. Constr. e Decoração",Categoria B,BOLSA,consolidado,padrao,dva,5.051903874096612,0.020551667614916207,113257096.23965383,20.922701924149813,23.160173160173162,12635244.79923638,2.334188933412963,95206746.526459,10.822510822510822,11124864.299965523,2.055166761491621,-1510380.4992708564,10.822510822510822,0.2092270192414981,0.2092270192414981,72.94372294372295,0.159375,15.937499999999998,0.75,0.25,0.85,0.17316017316017315,0.0005504722449589098,0.2030860115127402,17.316017316017316,0.85,0.7,0.880462901726911,5415104.913958449,100621851.44041744,-1510380.4992708564,liquido,0.9645829281524777,541312000.0,69840000.0,58865000.0,20760000.0,457453000.0,9869000.0,233292000.0,67366471.70216905,56780174.0656956,441251354.23213536,20760000.0,41626000.0,540277000.0,-43412000.0,1613887000.0,-116610000.0,-0.21542105107590448,17178450.284053106,15444207.345869204,6176100.0,37506365.10973151,1258297.5,35693676.0,0.03173484106033694,0.02853106405523839,0.011409501359659492,0.0692878877795643,0.002324532801785292,0.06593919218491369,0.025792388190746935,-12.445337694646641,False,True,9025174.856597414,7946331.642832518,12635244.79923638,11124864.299965523,16245314.741875347,14303396.957098532
26158,425.0,ESSENTIA PCHS S.A.,utilities,cvm,Energia Elétrica,Categoria B,,consolidado,padrao,dva,5.03980216752702,0.02050647811041716,16395841.971620718,4.9344193729954755,2.813852813852814,7230566.309484737,2.1760789434910053,6066461.529499666,6.0606060606060606,6813790.0141388625,2.050647811041716,-416776.2953458745,5.844155844155844,0.04934419372995476,0.04934419372995476,2.1645021645021645,0.63,63.0,0.9,0.7,1.0,0.5865800865800865,0.017759237458011553,0.6157273833455567,58.658008658008654,0.9,0.7,0.9423591075018335,3098814.1326363166,9165275.662135981,-416776.2953458745,liquido,0.9242140617657708,332275000.0,12328000.0,0.0,9838000.0,117485000.0,0.0,2767000.0,11393710.953448422,0.0,108581289.04655159,9838000.0,63882000.0,514857000.0,240641000.0,880004000.0,166117000.0,0.49993830411556694,3076301.957431074,0.0,3098970.0,9772316.014189644,0.0,448254.0,0.00925830097789805,0.0,0.009326521706417876,0.02941032582706988,0.0,0.0013490452185689567,0.0725928518506734,2.1395231901463174,False,True,5164690.221060527,4866992.867242045,7230566.309484737,6813790.0141388625,9296442.397908948,8760587.161035681
26565,426.0,HOLDING DO ARAGUAIA S.A.,outros,padrao,Serviços Transporte e Logística,Categoria B,,consolidado,padrao,dva,5.029760666640936,0.02046898170882625,76471202.05509211,8.156362711395168,17.316017316017316,19270742.917883214,2.0554034032715824,48941569.31525894,14.06926406926407,19191000.835835684,2.046898170882625,-79742.08204752952,14.06926406926407,0.08156362711395168,0.08156362711395168,9.523809523809524,0.36000000000000004,36.00000000000001,0.9,0.4,1.0,0.9696969696969697,0.12423874149903023,0.9724134205628608,96.96969696969697,1.0,0.7,0.9958620130844291,8258889.82194995,57200459.137208894,-79742.08204752952,liquido,0.9516640597844978,937565000.0,22271000.0,0.0,31150000.0,622177000.0,0.0,0.0,21194510.27546055,0.0,592103489.7245394,31150000.0,186038000.0,2938483000.0,377530000.0,5553337000.0,310774000.0,0.33146928479625415,6358353.082638164,0.0,10902500.0,59210348.972453944,0.0,0.0,0.006781773085213467,0.0,0.01162852708878851,0.0631533269399497,0.0,0.0,0.033500217977046956,7.783442375440362,False,True,13764816.369916582,13707857.739882631,19270742.917883214,19191000.835835684,24776669.46584985,24674143.93178874
25119,427.0,MELNICK DESENVOLVIMENTO IMOBILIÁRIO S.A.,construcao,cvm,"Emp. Adm. Part. - Const. Civil, Mat. Const. e Decoração",Categoria A,BOLSA,consolidado,padrao,dva,5.024932105907336,0.02045095117191477,116033621.25421035,11.276435701561368,23.809523809523807,24367060.463384178,2.3680514973278877,81223534.87794724,15.584415584415584,21043865.14829092,2.045095117191477,-3323195.3150932565,15.151515151515152,0.11276435701561369,0.11276435701561369,24.242424242424242,0.30000000000000004,30.000000000000004,0.75,0.4,1.0,0.07142857142857142,4.0775505406223086e-05,0.09079572945426523,7.142857142857142,0.85,0.7,0.8636193594181397,10443025.912878934,91666560.79082617,-3323195.3150932565,liquido,0.943378324384672,1028992000.0,77403000.0,65639000.0,53709000.0,805517000.0,0.0,0.0,73020312.44234677,61922409.83428548,759907277.7233678,53709000.0,5140000.0,355193000.0,81653000.0,2594695000.0,119495000.0,0.11612821090931708,18620179.672798425,16842895.474925652,15978427.5,64592118.60648627,0.0,0.0,0.0180955533889461,0.01636834443312062,0.01552823296974126,0.0627722262238057,0.0,0.0,0.001980965007447889,4.350030005021249,False,True,17405043.188131556,15031332.24877923,24367060.463384178,21043865.14829092,31329077.738636803,27056398.047802616
20621,428.0,FERTILIZANTES HERINGER S.A.,commodities,cvm,Petroquímicos e Borracha,Categoria A,BOLSA,individual,padrao,dva,4.996089188751312,0.02034324759084607,663588067.1224874,14.39895783873067,63.41991341991342,104515120.57179177,2.2678358596000803,514280752.01992774,39.39393939393939,93753565.35521173,2.034324759084607,-10761555.216580033,37.44588744588744,0.1439895783873067,0.1439895783873067,42.2077922077922,0.225,22.5,0.9,0.25,1.0,0.2792207792207792,0.0016386939743816865,0.31355672699448384,27.92207792207792,0.75,0.7,0.8970335090491726,44792194.53076791,559072946.5506957,-10761555.216580033,liquido,0.9574055902296827,4608584000.0,197348000.0,188999000.0,207139000.0,4476709000.0,18785000.0,1479327000.0,188942078.42064744,180948699.14781982,4286026222.431533,207139000.0,98405000.0,-73831000.0,-190716000.0,3115896000.0,231499000.0,0.050232132038821466,42511967.64464567,43427687.79547676,54373987.49999999,321451966.682365,2113312.5,199709145.0,0.009224518343301472,0.009423217152052943,0.011798415196511551,0.06975070144807277,0.00045856004794531243,0.043334166199422645,0.031581606061306285,0.38712535917280144,False,True,74653657.55127984,66966832.39657982,104515120.57179177,93753565.35521173,134376583.59230372,120540298.31384367
21903,429.0,ECORODOVIAS CONCESSÕES E SERVIÇOS S.A.,outros,padrao,Emp. Adm. Part. - Serviços Transporte e Logística,Categoria B,BALCÃO ORGANIZADO,consolidado,padrao,dva,4.94839521942356,0.02016515148273771,760610400.0968239,8.009138254377367,66.23376623376623,191673820.82439962,2.0183028401030962,486790656.06196725,54.54545454545454,191504047.62853673,2.01651514827377,-169773.1958628893,55.62770562770562,0.08009138254377367,0.08009138254377367,9.090909090909092,0.36000000000000004,36.00000000000001,0.9,0.4,1.0,0.9935064935064936,0.1492012226008493,0.9940950657691039,99.35064935064936,1.0,0.7,0.9991142598653656,82145923.210457,568936579.2724243,-169773.1958628893,liquido,0.9162007083331365,9496782000.0,237860000.0,0.0,496786000.0,5690424000.0,0.0,0.0,217927500.48411983,0.0,5213570499.51588,496786000.0,2244959000.0,17198365000.0,4487023000.0,28552573000.0,3942537000.0,0.4151445194803882,65378250.14523595,0.0,173875100.0,521357049.951588,0.0,0.0,0.006884253018047161,0.0,0.01830884398525732,0.05489828554046919,0.0,0.0,0.07862545347489348,3.832912155787924,False,True,136909872.0174283,136788605.44895482,191673820.82439962,191504047.62853673,246437769.63137096,246219489.80811867
15253,430.0,ENERGISA S.A.,utilities,cvm,Emp. Adm. Part. - Energia Elétrica,Categoria A,BOLSA,consolidado,padrao,dva,4.806839902992235,0.019636563669775026,3251613820.743019,9.644276772906956,88.52813852813853,682838902.356034,2.0252981223104607,2276129674.520113,80.08658008658008,662056091.1307718,1.9636563669775022,-20782811.225262284,80.51948051948052,0.09644276772906955,0.09644276772906955,18.398268398268396,0.30000000000000004,30.000000000000004,0.75,0.4,1.0,0.7792207792207793,0.05524299926564154,0.7970940519688784,77.92207792207793,0.9,0.7,0.9695641077953318,292645243.86687183,2568774918.386985,-20782811.225262284,liquido,0.9388085453648678,33715476000.0,2034407000.0,0.0,1663566000.0,25151840000.0,477177000.0,137932000.0,1909918676.3501046,0.0,23612762323.649895,1663566000.0,899139000.0,34218422000.0,7968149000.0,77181653000.0,7218141000.0,0.21408984408228435,515678042.61452824,0.0,524023290.0,2125148609.1284907,64418895.00000001,22344984.0,0.015294995171194625,0.0,0.015542514956632971,0.06303184357024919,0.0019106624803398892,0.0006627515506528812,0.011649646840292472,4.2944003682662055,False,True,487742073.11145294,472897207.95055133,682838902.356034,662056091.1307718,877935731.6006153,851214974.3109924
23396,431.0,AEGEA SANEAMENTO E PARTICIPAÇÕES S.A.,utilities,cvm,"Saneamento, Serv. Água e Gás",Categoria A,BALCÃO ORGANIZADO,consolidado,padrao,dva,4.702943555545962,0.01924859983728923,1320724190.7389433,9.292763701449196,77.7056277056277,277352080.05517817,1.9514803773043314,924506933.5172603,62.33766233766234,273568684.8358904,1.9248599837289229,-3783395.219287753,63.63636363636363,0.09292763701449196,0.09292763701449196,15.151515151515152,0.30000000000000004,30.000000000000004,0.75,0.4,1.0,0.9004329004329005,0.09095356293637463,0.909059146806349,90.04329004329004,0.9,0.7,0.9863588720209524,118865177.16650495,1043372110.6837652,-3783395.219287753,liquido,0.8612453904329939,14212394000.0,1565176000.0,0.0,1221968000.0,7241508000.0,3786000.0,61905000.0,1348000615.2163515,0.0,6236715384.7836485,1221968000.0,182644000.0,24598659000.0,6757161000.0,44331033000.0,2633373000.0,0.18528708112088646,363960166.10841495,0.0,384919920.0,561304384.6305285,511110.00000000006,10028610.0,0.025608645954257596,0.0,0.027083397772394994,0.03949400675428281,3.596227349171435e-05,0.0007056242600648419,0.004120003249191148,3.6403837351218953,False,True,198108628.61084154,195406203.45420745,277352080.05517817,273568684.8358904,356595531.49951476,351731166.2175734
3190,432.0,REDE ENERGIA PARTICIPAÇÕES S.A.,utilities,cvm,Energia Elétrica,Categoria A,BOLSA,consolidado,padrao,dva,4.60172649342503,0.018870640839705636,1662259958.5671117,9.294180787756634,80.95238095238095,349074591.2990935,1.9517779654288934,1163581970.996978,67.96536796536796,337500543.36865664,1.8870640839705632,-11574047.93043685,68.3982683982684,0.09294180787756637,0.09294180787756637,15.367965367965366,0.30000000000000004,30.000000000000004,0.75,0.4,1.0,0.7597402597402597,0.0487368127491975,0.7789575023232397,75.97402597402598,0.9,0.7,0.966843625348486,149603396.27104008,1313185367.2680182,-11574047.93043685,liquido,0.9518072339976801,17884954000.0,1067763000.0,0.0,685518000.0,13156737000.0,254578000.0,64880000.0,1016304547.5950649,0.0,12522677452.404936,685518000.0,225695000.0,15519904000.0,4314110000.0,30059241000.0,4014057000.0,0.22443764742140238,274402227.85066754,0.0,215938170.0,1127040970.7164443,34368030.0,10510560.0,0.015342629779795215,0.0,0.012073733597525607,0.06301615149339744,0.0019216169077091283,0.0005876760991389746,0.007508339947771801,3.5974752614096532,False,True,249338993.78506678,241071816.6918976,349074591.2990935,337500543.36865664,448810188.81312025,433929270.0454157
20010,433.0,EQUATORIAL S.A.,utilities,cvm,Energia Elétrica,Categoria A,BOLSA,consolidado,padrao,dre,4.570221119014202,0.01875299526215879,4177116278.94764,9.207455205715737,91.55844155844156,877194418.5790044,1.9335655932003049,2923981395.2633476,83.76623376623377,850761041.3348974,1.8752995262158785,-26433377.244107008,83.54978354978356,0.09207455205715738,0.09207455205715738,14.935064935064934,0.30000000000000004,30.000000000000004,0.75,0.4,1.0,0.7813852813852814,0.05561910403275894,0.7991066618433555,78.13852813852814,0.9,0.7,0.9698659992765033,375940465.1052877,3299921860.3686357,-26433377.244107008,liquido,0.9715986384898753,45366675000.0,2174553000.0,1258105000.0,1015132000.0,32309713000.0,630522000.0,150896000.0,2112792734.1240737,1222373105.0773046,31392073160.798622,1015132000.0,3306364000.0,52520714000.0,10821816000.0,116412091000.0,4251208000.0,0.09370772709262912,570454038.2134999,352043454.2622638,319766580.0,2825286584.471876,85120470.0,24445152.0,0.012574296842638345,0.007759957154943883,0.007048490549505777,0.06227669505141994,0.0018762774657829786,0.0005388349928664598,0.0284022387330883,4.853225558446013,False,True,626567441.842146,607686458.0963553,877194418.5790044,850761041.3348974,1127821395.315863,1093835624.5734396
24880,434.0,LM TRANSPORTES INTERESTADUAIS SERVIÇOS E COMÉRCIO S.A.,outros,padrao,Emp. Adm. Part. - Serviços Transporte e Logística,Categoria B,,consolidado,padrao,dva,4.564261586570999,0.01873074151500291,348275684.0000069,8.392941532562379,47.61904761904761,82889612.79200165,1.9975200847498462,229861951.44000453,33.76623376623377,77725571.98993547,1.873074151500291,-5164040.802066177,33.549783549783555,0.08392941532562377,0.08392941532562377,10.822510822510822,0.34,34.0,1.0,0.4,0.85,0.5541125541125541,0.015178598414778447,0.5846652249802382,55.41125541125541,1.0,0.7,0.9376997837470358,35524119.768000714,265386071.20800525,-5164040.802066177,liquido,0.9616504529142667,4149626000.0,146275000.0,0.0,111620000.0,2764320000.0,7854000.0,0.0,140665420.00003436,0.0,2658309579.9999657,111620000.0,2097849000.0,9435211000.0,1789463000.0,16906785000.0,-2534464000.0,-0.6107692596874995,42199626.000010304,0.0,39067000.0,265830957.99999657,1178100.0,0.0,0.010169501058652107,0.0,0.00941458338655098,0.06406142577668363,0.0002839051037370597,0.0,0.12408326006393292,5.272649392583138,False,True,59206866.28000118,55518265.70709677,82889612.79200165,77725571.98993547,106572359.30400212,99932878.27277419
26441,435.0,SERENA ENERGIA S.A.,utilities,cvm,Emp. Adm. Part. - Energia Elétrica,Categoria B,,consolidado,padrao,dva,4.554984732381223,0.018696100413623108,322431231.976154,7.816552613010343,45.887445887445885,81252670.45799083,1.9697712584786067,206355988.46473855,33.116883116883116,77121040.28418705,1.869610041362311,-4131630.1738037765,33.33333333333333,0.07816552613010343,0.07816552613010343,8.658008658008658,0.36000000000000004,36.00000000000001,0.9,0.4,1.0,0.6341991341991342,0.02320728642954378,0.6610055890663589,63.41991341991342,0.9,0.7,0.9491508383599538,34822573.05342464,241178561.5181632,-4131630.1738037765,liquido,0.9667640573880488,4124980000.0,204045000.0,0.0,97829000.0,2739425000.0,0.0,0.0,197263372.08974442,0.0,2648377627.9102554,97829000.0,1427974000.0,10675774000.0,2303485000.0,20161754000.0,398838000.0,0.09668846879257596,53261110.464231,0.0,30816135.0,238353986.51192302,0.0,0.0,0.012911846957859432,0.0,0.007470614402978923,0.05778306476926507,0.0,0.0,0.0708258815180465,4.634618415140537,False,True,58037621.75570773,55086457.34584789,81252670.45799083,77121040.28418705,104467719.16027392,99155623.22252621
25720,436.0,RIO ALTO ENERGIAS RENOVÁVEIS S.A.,utilities,cvm,Energia Elétrica,Categoria A,,consolidado,padrao,dva,4.531572289927553,0.018608675002379692,31450050.000000004,16.04643509495189,6.70995670995671,4127819.0625000005,2.1060946062124355,25553165.625000004,3.0303030303030303,3647188.6484164055,1.860867500237969,-480630.4140835949,3.0303030303030303,0.16046435094951889,0.16046435094951889,52.38095238095239,0.1875,18.75,0.75,0.25,1.0,0.19264069264069264,0.0006586557504246891,0.2237540667258111,19.264069264069263,0.9,0.7,0.8835631100088717,1769065.3125000005,27322230.937500004,-480630.4140835949,liquido,1.0,195994000.0,47898000.0,0.0,0.0,205751000.0,0.0,0.0,47898000.0,0.0,205751000.0,0.0,6117000.0,2074630000.0,-139331000.0,1966733000.0,130518000.0,0.6659285488331276,12932460.0,0.0,0.0,18517590.000000004,0.0,0.0,0.06598395869261305,0.0,0.0,0.09448039225690584,0.0,0.0,0.0031102340785454864,-14.889938348249851,False,True,2948442.1875000005,2605134.7488688612,4127819.0625000005,3647188.6484164055,5307195.937500001,4689242.54796395
20648,437.0,CIA ESTADUAL DE DISTRIB ENER ELET-CEEE-D,utilities,cvm,Energia Elétrica,Categoria A,BOLSA,individual,padrao,dva,4.517248070574922,0.018555186317031177,569511656.5883863,10.665036262036287,60.17316017316018,101657830.70102695,1.9037089727734773,424286184.1583478,38.095238095238095,99084472.27071069,1.855518631703118,-2573358.4303162545,40.476190476190474,0.10665036262036286,0.10665036262036286,20.77922077922078,0.255,25.5,0.75,0.4,0.85,0.816017316017316,0.06359110245463845,0.8312405178187444,81.6017316017316,0.9,0.7,0.9746860776728117,43567641.72901156,467853825.8873594,-2573358.4303162545,liquido,0.9777620799484888,5339988000.0,192566000.0,316680000.0,106719000.0,4289719000.0,115756000.0,17078000.0,188283732.6873607,309637695.4780874,4194324571.834552,106719000.0,83929000.0,5621370000.0,442944000.0,8212737000.0,-601987000.0,-0.11273190127019012,50836607.82558739,89175656.29768918,33616485.0,377489211.4651097,15627060.000000002,2766636.0,0.009519985405507914,0.016699598631624114,0.00629523605671024,0.07069102242647543,0.002926422306566981,0.0005180977934781876,0.01021937022943752,12.690927069787604,False,True,72612736.21501926,70774623.05050765,101657830.70102695,99084472.27071069,130702925.18703467,127394321.49091376
13781,438.0,SAO CARLOS EMPREEND E PARTICIPACOES S.A.,outros,padrao,Emp. Adm. Part. - Sem Setor Principal,Categoria A,BOLSA,consolidado,padrao,dva,4.481066043836837,0.01842007745030542,60445480.75130136,11.877953646244627,14.06926406926407,10789518.314107293,2.120214725854666,45031883.15971951,9.740259740259742,9373756.373531027,1.8420077450305425,-1415761.9405762665,9.307359307359308,0.11877953646244628,0.11877953646244628,27.48917748917749,0.255,25.5,0.75,0.4,0.85,0.10173160173160173,0.00016056045132310998,0.12522388280907842,10.173160173160174,1.0,0.7,0.8687835824213618,4624079.277474555,49655962.43719407,-1415761.9405762665,liquido,0.9267246171728913,508888000.0,37511000.0,32713000.0,28998000.0,325516000.0,0.0,0.0,34762367.11477233,30315942.401576795,301663690.4836509,28998000.0,7292000.0,1155623000.0,145264000.0,2873684000.0,-108849000.0,-0.21389578846425933,10428710.134431697,9701101.568504574,10149300.0,30166369.048365094,0.0,0.0,0.020493134313309996,0.01906333332384449,0.019944074138120764,0.05927899468717103,0.0,0.0,0.0025375093434072777,7.955329606784888,False,True,7706798.795790924,6695540.266807876,10789518.314107293,9373756.373531027,13872237.832423663,12051972.480254177
26395,439.0,ALMEIDA JUNIOR SHOPPING CENTERS S.A.,varejo,cvm,Emp. Adm. Part. - Comércio (Atacado e Varejo),Categoria A,,consolidado,padrao,dva,4.256491979389634,0.017581485749428694,15534200.862376776,5.591261153358808,2.5974025974025974,5708818.816923464,2.0547884738593614,7378745.40962897,4.329004329004329,4884664.1857637735,1.7581485749428694,-824154.6311596902,4.329004329004329,0.055912611533588084,0.055912611533588084,3.0303030303030303,0.5249999999999999,52.49999999999999,0.75,0.7,1.0,0.027056277056277056,0.0,0.03756549578285064,2.7056277056277054,1.1,0.7,0.8556348243674275,2446636.6358243423,9825382.045453312,-824154.6311596902,liquido,0.7756539625863541,277830000.0,35979000.0,0.0,11561000.0,15553000.0,3314000.0,0.0,27907253.919894435,0.0,12063746.080105565,11561000.0,125608000.0,1078285000.0,416329000.0,4757767000.0,55641000.0,0.20026994924954108,9209393.793565163,0.0,4450985.0,1327012.0688116124,546810.0,0.0,0.03314758591068338,0.0,0.01602053413958176,0.004776345494768788,0.001968145988554152,0.0,0.02640062029098945,2.5899829221601185,False,True,4077727.726373903,3489045.846974124,5708818.816923464,4884664.1857637735,7339909.907473026,6280282.524553424
23825,440.0,MOVIDA PARTICIPACOES SA,outros,padrao,Serviços Transporte e Logística,Categoria A,BOLSA,consolidado,padrao,dre,4.185655411955108,0.01731697186749219,1446846136.7194312,10.732268819773145,79.22077922077922,258262035.40441844,1.9157099843295062,1077900371.855976,60.17316017316018,233454773.32806638,1.7316971867492186,-24807262.07635206,60.17316017316018,0.10732268819773147,0.10732268819773147,21.645021645021643,0.255,25.5,0.75,0.4,0.85,0.3246753246753247,0.002238271736536218,0.35963585620819066,32.467532467532465,1.0,0.7,0.9039453784312286,110683729.4590365,1188584101.3150127,-24807262.07635206,liquido,0.9478091305345263,13481270000.0,550740000.0,619817000.0,555100000.0,9465403000.0,72219000.0,0.0,521996400.55058503,587468211.8605185,8971395387.588898,555100000.0,677895000.0,19813619000.0,4700561000.0,30573857000.0,-2514109000.0,-0.1864890325614723,156598920.1651755,187989827.7953659,194285000.0,897139538.7588898,10832850.0,0.0,0.01161603618688562,0.013944519158459545,0.014411476070132859,0.06654710860022015,0.0008035481820332951,0.0,0.022172374260794117,4.215160488290653,False,True,184472882.43172747,166753409.52004743,258262035.40441844,233454773.32806638,332051188.37710947,300156137.1360854
27006,441.0,RIO ALTO STL HOLDING I S.A.,utilities,cvm,Emp. Adm. Part. - Energia Elétrica,Categoria B,,consolidado,padrao,dva,4.09897906267021,0.01699330997291177,19074071.285573427,15.131786855983934,3.67965367965368,2503471.856231512,1.986047024847891,15497682.91952841,1.2987012987012987,2142057.7020154474,1.699330997291177,-361414.1542160646,1.2987012987012987,0.1513178685598393,0.1513178685598393,46.75324675324675,0.1875,18.75,0.75,0.25,1.0,0.027056277056277056,0.0,0.03756549578285064,2.7056277056277054,0.9,0.7,0.8556348243674275,1072916.5098135055,16570599.429341914,-361414.1542160646,liquido,0.9515691407976608,126053000.0,24735000.0,0.0,7122000.0,122320000.0,0.0,0.0,23537062.697630137,0.0,116395937.30236986,7122000.0,3835000.0,827718000.0,-116015000.0,1352223000.0,90496000.0,0.71792023989909,6355006.928360137,0.0,2243430.0,10475634.357213289,0.0,0.0,0.05041535646402813,0.0,0.0177975137442187,0.08310499835159249,0.0,0.0,0.0028360706776914754,-7.134577425332931,False,True,1788194.1830225089,1530041.21572532,2503471.856231512,2142057.7020154474,3218749.529440516,2754074.188305576
9989,442.0,REFINARIA DE PETROLEOS MANGUINHOS S.A.,commodities,cvm,Petróleo e Gás,Categoria A,BOLSA,consolidado,padrao,dva,4.077042921869026,0.016911397283348003,1033996193.3045902,14.806261973636026,73.59307359307358,135712000.37122747,1.9433218840397286,840121907.0599796,45.45454545454545,118100844.3966445,1.6911397283348006,-17611155.97458297,44.37229437229438,0.14806261973636026,0.14806261973636026,43.722943722943725,0.1875,18.75,0.75,0.25,1.0,0.11038961038961038,0.00017475802535854904,0.13487601556191056,11.03896103896104,0.75,0.7,0.8702314023342865,58162285.87338321,898284192.9333627,-17611155.97458297,liquido,0.9789981382670848,6983506000.0,514916000.0,0.0,173623000.0,7752113000.0,0.0,2265181000.0,504101805.3639342,0.0,7589304194.6360655,173623000.0,93092000.0,-92857000.0,-1238792000.0,8693163000.0,156323000.0,0.022384601659968504,113422906.20688519,0.0,45576037.49999999,569197814.597705,0.0,305799435.0,0.01624154202872958,0.0,0.0065262401865194926,0.08150602499628481,0.0,0.04378881252482636,0.010708645403289918,0.0749577007278058,False,True,96937143.12230533,84357745.99760321,135712000.37122747,118100844.3966445,174486857.6201496,151843942.7956858
25097,443.0,NORTE ENERGIA S.A.,utilities,cvm,Energia Elétrica,Categoria A,BALCÃO ORGANIZADO,individual,padrao,dva,3.992067638265976,0.01659408741150429,544116537.1548048,8.707090552826715,59.307359307359306,114264472.80250901,1.8284890160936103,380881576.00836337,42.2077922077922,103698443.52497968,1.659408741150429,-10566029.277529329,41.77489177489178,0.08707090552826716,0.08707090552826716,12.337662337662337,0.30000000000000004,30.000000000000004,0.75,0.4,1.0,0.3484848484848485,0.0030718778303334394,0.3835337138843201,34.84848484848485,0.9,0.7,0.907530057082648,48970488.34393244,429852064.3522958,-10566029.277529329,liquido,0.9745764678645399,6249120000.0,206889000.0,0.0,134742000.0,5093004000.0,0.0,3185000.0,201629150.8600268,0.0,4963521849.139973,134742000.0,796696000.0,27478106000.0,2717104000.0,42764396000.0,2869151000.0,0.45912880533579126,54439870.73220724,0.0,42443730.0,446716966.4225976,0.0,515970.0,0.008711605911265465,0.0,0.0067919531069974655,0.07148477968459521,0.0,8.256682540901759e-05,0.01862989015441724,10.113012236557747,False,True,81617480.57322073,74070316.80355692,114264472.80250901,103698443.52497968,146911465.03179732,133326570.24640247
27804,444.0,TERP GLBL BRASIL I PARTICIPAÇÕES S.A.,utilities,cvm,Emp. Adm. Part. - Energia Elétrica,Categoria B,,consolidado,padrao,dva,3.925237432493912,0.016344533857462824,17461362.128268756,5.19788591984948,3.2467532467532463,6417050.582138767,1.9102230755446834,8294147.01092766,4.978354978354979,5490651.947805203,1.6344533857462828,-926398.634333564,4.761904761904762,0.051978859198494806,0.051978859198494806,2.380952380952381,0.5249999999999999,52.49999999999999,0.75,0.7,1.0,0.027056277056277056,0.0,0.03756549578285064,2.7056277056277054,0.9,0.7,0.8556348243674275,2750164.535202329,11044311.54612999,-926398.634333564,liquido,0.9893109372017561,335932000.0,6636000.0,0.0,1792000.0,161012000.0,0.0,4865000.0,6565067.3792708535,0.0,159290932.62072915,1792000.0,658000.0,796975000.0,262482000.0,939894000.0,300821000.0,0.8954818237024159,1772568.1924031305,0.0,564480.0,14336183.935865626,0.0,788130.0,0.005276568449576493,0.0,0.0016803400688234524,0.042675850874181756,0.0,0.002346099805913102,0.0007000789450725295,3.036303441759816,False,True,4583607.558670548,3921894.2484322875,6417050.582138767,5490651.947805203,8250493.605606986,7059409.647178118
26832,445.0,ANEMUS WIND HOLDING S.A.,utilities,cvm,Energia Elétrica,Categoria B,,consolidado,padrao,dva,3.905147347615357,0.01626951460494791,14160769.2652818,8.990507952155955,2.380952380952381,2973761.5457091783,1.8880066699527507,9912538.48569726,1.948051948051948,2562578.7063961355,1.626951460494791,-411182.8393130428,1.7316017316017316,0.08990507952155954,0.08990507952155954,13.41991341991342,0.30000000000000004,30.000000000000004,0.75,0.4,1.0,0.06060606060606061,6.415476981803213e-06,0.07819813841196976,6.0606060606060606,0.9,0.7,0.8617297207617954,1274469.2338753624,11187007.719572622,-411182.8393130428,liquido,0.9946620126000341,157508000.0,19260000.0,0.0,627000.0,98200000.0,0.0,0.0,19157190.362676658,0.0,97675809.63732335,627000.0,4581000.0,684686000.0,67198000.0,1122286000.0,83518000.0,0.5302460827386546,5172441.3979226975,0.0,197505.0,8790822.867359102,0.0,0.0,0.032839229740220806,0.0,0.0012539363079970543,0.05581191347334169,0.0,0.0,0.004081847229672294,10.18908300842287,False,True,2124115.3897922705,1830413.3617115256,2973761.5457091783,2562578.7063961355,3823407.701626087,3294744.051080746
27545,446.0,ASSURUÁ 4 E 5 HOLDING ENERGIA S.A.,utilities,cvm,Emp. Adm. Part. - Energia Elétrica,Categoria B,BALCÃO ORGANIZADO,consolidado,padrao,dva,3.8810650088290983,0.01617958770491353,41033718.751910344,7.4473926962836,9.307359307359308,10340497.125481408,1.8767429594634677,26261580.001222614,9.307359307359308,8914645.41324096,1.6179587704913525,-1425851.7122404482,8.658008658008658,0.07447392696283602,0.07447392696283602,8.008658008658008,0.36000000000000004,36.00000000000001,0.9,0.4,1.0,0.06277056277056277,1.3860302015980929e-05,0.08073296996729766,6.277056277056277,0.9,0.7,0.8621099454950947,4431641.625206319,30693221.626428936,-1425851.7122404482,liquido,0.9824248599083036,550981000.0,6765000.0,0.0,7452000.0,417243000.0,0.0,0.0,6646104.177279674,0.0,409909895.82272035,7452000.0,145238000.0,1962584000.0,247453000.0,3174534000.0,172199000.0,0.3125316480967583,1794448.1278655122,0.0,2347380.0,36891890.624044836,0.0,0.0,0.003256823970092457,0.0,0.004260364694971333,0.06695673829777223,0.0,0.0,0.045750966913569044,7.931138438410526,False,True,7386069.375343863,6367603.866600686,10340497.125481408,8914645.41324096,13294924.875618953,11461686.959881235
21466,447.0,BANCO RCI BRASIL S.A.,financeiro,cvm,Bancos,Categoria B,,consolidado,financeiro,dre,3.83657713281628,0.016013463608144762,66888250.0,3.536489874556804,15.151515151515152,35116331.25,1.856657184142322,16722062.5,19.696969696969695,30287448.718391184,1.6013463608144758,-4828882.531608816,19.047619047619047,0.035364898745568044,0.035364898745568044,0.8658008658008658,0.75,75.0,0.75,1.0,1.0,0.06493506493506493,2.5463109281865383e-05,0.08325986614204092,6.493506493506493,1.25,0.7,0.8624889799213061,15049856.250000002,31771918.75,-4828882.531608816,liquido,1.0,1891374000.0,126144000.0,,44764000.0,,0.0,,126144000.0,0.0,0.0,44764000.0,336955000.0,-336955000.0,502713000.0,12276584000.0,-529935000.0,-0.2801851986968204,47304000.0,0.0,19584250.0,0.0,0.0,0.0,0.025010389272560586,0.0,0.010354509473007454,0.0,0.0,0.0,0.027446967332280706,,False,True,25083093.75,21633891.94170799,35116331.25,30287448.718391184,45149568.75,38941005.495074384
23000,448.0,LIGHT ENERGIA S.A.,utilities,cvm,Energia Elétrica,Categoria B,,consolidado,padrao,dva,3.747883833151216,0.015682270132150202,39426534.79211132,4.581343102469509,8.658008658008658,14489251.53610091,1.6836435901575444,18727604.02625288,11.688311688311687,13495989.170757014,1.5682270132150204,-993262.3653438948,11.688311688311687,0.04581343102469509,0.04581343102469509,1.5151515151515151,0.5249999999999999,52.49999999999999,0.75,0.7,1.0,0.5108225108225108,0.01164812698631854,0.5429888779420995,51.082251082251084,0.9,0.7,0.9314483316913149,6209679.229757533,24937283.256010413,-993262.3653438948,liquido,0.9017622585064796,860589000.0,15267000.0,0.0,31262000.0,302961000.0,0.0,7864000.0,13767204.400618425,0.0,273198795.59938157,31262000.0,80659000.0,2081221000.0,612167000.0,3534491000.0,260625000.0,0.30284491203117864,3717145.188166975,0.0,9847530.0,24587891.603944343,0.0,1273968.0,0.004319303625966606,0.0,0.011442779305801027,0.028571003817088464,0.0,0.0014803442758389892,0.022820541911126667,3.3997601961556243,False,True,10349465.38292922,9639992.264826437,14489251.53610091,13495989.170757014,18629037.689272597,17351986.07668759
26352,449.0,RODOVIAS DO BRASIL HOLDING S.A.,outros,padrao,Emp. Adm. Part. - Serviços Transporte e Logística,Categoria B,,consolidado,padrao,dva,3.651006572582625,0.015320516574737111,81305411.26705894,6.083161781661119,17.965367965367964,20488963.639298853,1.5329567689786021,52035463.21091771,14.285714285714285,20476866.235713504,1.5320516574737109,-12097.403585348278,14.71861471861472,0.06083161781661119,0.06083161781661119,4.545454545454546,0.36000000000000004,36.00000000000001,0.9,0.4,1.0,0.9956709956709957,0.15767491115800591,0.9960637659056139,99.56709956709958,1.0,0.7,0.9994095648858421,8780984.416842368,60816447.62776008,-12097.403585348278,liquido,0.9204634391328181,1336565000.0,30611000.0,0.0,50203000.0,600583000.0,0.0,0.0,28176306.335294697,0.0,552814693.6647053,50203000.0,205775000.0,3798718000.0,912187000.0,4666712000.0,421954000.0,0.3157003213461373,8452891.900588408,0.0,17571050.0,55281469.36647053,0.0,0.0,0.006324340305625547,0.0,0.013146423855181005,0.04136085365580464,0.0,0.0,0.04409421451334473,4.164407078811691,False,True,14634974.02807061,14626333.025509648,20488963.639298853,20476866.235713504,26342953.2505271,26327399.445917368
26891,450.0,ELETRORIVER S.A.,utilities,cvm,Emp. Adm. Part. - Energia Elétrica,Categoria B,,consolidado,padrao,dva,3.3579971210174926,0.014226377342917092,22700878.35755633,3.2538691389701437,4.329004329004329,10011087.355682341,1.4349562902858337,8399324.99229584,8.874458874458876,9925145.964304851,1.4226377342917091,-85941.39137749001,9.523809523809524,0.032538691389701446,0.032538691389701446,0.6493506493506493,0.63,63.0,0.9,0.7,1.0,0.9372294372294372,0.11024441354513406,0.9427691929130892,93.72294372294373,0.9,0.7,0.9914153789369634,4290466.009578147,12689791.001873987,-85941.39137749001,liquido,0.8372509260622812,697658000.0,2295000.0,0.0,28734000.0,174259000.0,0.0,0.0,1921490.8753129356,0.0,145898509.12468708,28734000.0,113229000.0,1466907000.0,587030000.0,3559950000.0,453280000.0,0.6497166233312024,518802.5363344926,0.0,9051210.0,13130865.821221838,0.0,0.0,0.0007436344689439419,0.0,0.012973706314555269,0.018821350606202235,0.0,0.0,0.0318063455947415,2.4988620683781066,False,True,7150776.682630244,7089389.974503465,10011087.355682341,9925145.964304851,12871398.028734438,12760901.954106238
27111,451.0,XP INVESTIMENTOS S.A.,financeiro,template,Emp. Adm. Part. - Sem Setor Principal,Categoria B,,consolidado,financeiro,dre,3.22476106218413,0.013728854828595547,244018000.0,2.9854303394489765,38.311688311688314,128109449.99999999,1.5673509282107125,61004500.0,44.58874458874459,112214565.9637986,1.372885482859555,-15894884.036201388,43.073593073593074,0.029854303394489766,0.029854303394489766,0.4329004329004329,0.75,75.0,0.75,1.0,1.0,0.14502164502164502,0.0003348698185949952,0.17284873540027018,14.502164502164502,1.25,0.7,0.8759273103100405,54904050.00000001,115908550.00000001,-15894884.036201388,liquido,1.0,8173629000.0,164312000.0,,412504000.0,,3861000.0,,164312000.0,0.0,0.0,412504000.0,462523000.0,-462523000.0,894948000.0,79617208000.0,-2975891000.0,-0.3640844232103023,61617000.0,0.0,180470500.0,0.0,1930500.0,0.0,0.0075385119632907244,0.0,0.022079605032232316,0.0,0.0002361863989667258,0.0,0.005809334585056034,,False,True,91506750.0,80153261.4027133,128109449.99999999,112214565.9637986,164712150.0,144275870.52488393
26905,452.0,IFIN PARTICIPAÇÕES S.A.,financeiro,cvm,Securitização de Recebíveis,Categoria A,,individual,padrao,dva,3.018061805827926,0.012957010219627111,11482125.0,13.573695783239351,1.5151515151515151,1280974.5703124998,1.5143154358176398,9652161.328125,0.4329004329004329,1096046.4514884767,1.2957010219627108,-184928.11882402305,0.4329004329004329,0.13573695783239353,0.13573695783239353,37.878787878787875,0.159375,15.937499999999998,0.75,0.25,0.85,0.027056277056277056,0.0,0.03756549578285064,2.7056277056277054,1.25,0.7,0.8556348243674275,548989.1015625,10201150.4296875,-184928.11882402305,liquido,1.0,84591000.0,3622000.0,0.0,0.0,80991000.0,0.0,0.0,3622000.0,0.0,80991000.0,0.0,855000.0,672721000.0,-20000.0,674895000.0,-3546000.0,-0.04191935312267262,1358250.0,0.0,0.0,10123875.0,0.0,0.0,0.016056672695676844,0.0,0.0,0.11968028513671668,0.0,0.0,0.001266863734358678,-33636.05,False,True,914981.8359374999,782890.3224917691,1280974.5703124998,1096046.4514884767,1646967.3046874998,1409202.5804851844
27316,453.0,"BRAZIL TOWER, CESSÃO DE INFRA-ESTRUTURAS S.A",utilities,cvm,Telecomunicações,Categoria B,BALCÃO ORGANIZADO,consolidado,padrao,dre,2.944748882941819,0.012683249271983226,10375318.744430525,6.981340204172207,1.0822510822510822,2178816.9363304107,1.4660814428761637,7262723.121101367,1.0822510822510822,1884921.0905557876,1.2683249271983228,-293895.8457746231,1.0822510822510822,0.06981340204172207,0.06981340204172207,6.0606060606060606,0.30000000000000004,30.000000000000004,0.75,0.4,1.0,0.08008658008658008,8.193419318717184e-05,0.10074793075669203,8.008658008658008,0.9,0.7,0.8651121896135038,933778.6869987475,8196501.808100115,-293895.8457746231,liquido,0.9087478395991564,148615000.0,15765000.0,0.0,5755000.0,47302000.0,6116000.0,0.0,14326409.6912807,0.0,42985590.30871929,5755000.0,16419000.0,898878000.0,148444000.0,1025213000.0,8150000.0,0.0548396864381119,3868130.6166457892,0.0,1812825.0,3868703.127784737,825660.0,0.0,0.02602786136423503,0.0,0.012198129394744812,0.026031713674829166,0.005555697607913064,0.0,0.01601520854690684,6.055333998005982,False,True,1556297.811664579,1346372.2075398483,2178816.9363304107,1884921.0905557876,2801336.0609962423,2423469.973571727
24120,454.0,ARGO ENERGIA EMPREENDIMENTOS E PARTICIPAÇÕES S/A,utilities,cvm,Emp. Adm. Part. - Energia Elétrica,Categoria B,BALCÃO ORGANIZADO,consolidado,padrao,dva,2.851325290205824,0.01233439220459506,40167770.431331664,3.7022556192549785,8.874458874458876,14761655.633514384,1.3605789400762045,19079690.954882544,11.904761904761903,13382248.15994423,1.2334392204595062,-1379407.4735701531,11.471861471861471,0.03702255619254978,0.03702255619254978,1.0822510822510822,0.5249999999999999,52.49999999999999,0.75,0.7,1.0,0.341991341991342,0.002677138133471327,0.37703127263566566,34.1991341991342,0.9,0.7,0.9065546908953498,6326423.842934737,25406114.797817282,-1379407.4735701531,liquido,0.6137804826148019,1084954000.0,36953000.0,0.0,36300000.0,57035000.0,144139000.0,0.0,22681030.174064774,0.0,35006969.82593522,36300000.0,31861000.0,3273695000.0,994523000.0,11084598000.0,681445000.0,0.6280865363877178,6123878.146997489,0.0,11434500.0,3150627.28433417,19458765.0,0.0,0.0056443666247578145,0.0,0.01053915649880087,0.0029039270644969006,0.0179351060044942,0.0,0.0028743487134129716,3.2917237710942833,False,True,10544039.73822456,9558748.685674451,14761655.633514384,13382248.15994423,18979271.52880421,17205747.634214014
24716,455.0,"VAMOS LOCAÇÃO DE CAMINHÕES, MÁQUINAS E EQUIPAMENTOS S.A.",industria,nome,Serviços Transporte e Logística,Categoria A,BOLSA,consolidado,padrao,dre,2.731519993090706,0.01188702207693088,348097328.66083735,7.407410460527783,47.4025974025974,62135373.16595946,1.322222767204209,259332509.85232383,28.57142857142857,55860825.490386225,1.1887022076930884,-6274547.675573237,28.354978354978357,0.07407410460527782,0.07407410460527782,7.575757575757576,0.255,25.5,0.75,0.4,0.85,0.2922077922077922,0.0017733270266888732,0.32678737238080274,29.22077922077922,1.0,0.7,0.8990181058571204,26629445.64255406,285961955.4948779,-6274547.675573237,liquido,0.876271267937909,4699312000.0,260994000.0,0.0,241882000.0,1693944000.0,184612000.0,103894000.0,228701543.3041866,0.0,1484354456.6958134,241882000.0,152938000.0,14340227000.0,3315812000.0,20277027000.0,-2702817000.0,-0.5751516392186771,68610462.99125598,0.0,84658700.0,148435445.66958135,27691800.0,18700920.0,0.014600108056510396,0.0,0.01801512646957682,0.031586633462426274,0.005892734936518367,0.003979501680245959,0.007542427200989573,4.324800983891729,False,True,44382409.40425676,39900589.63599016,62135373.16595946,55860825.490386225,79888336.92766218,71821061.3447823
27332,456.0,HÉLIO VALGAS SOLAR PARTICIPAÇÕES S.A.,utilities,cvm,Energia Elétrica,Categoria B,,consolidado,padrao,dva,2.703811643348496,0.011783555132980772,17412542.664902523,6.502992457817959,3.0303030303030303,3656633.9596295306,1.3656284161417716,12188779.865431765,2.380952380952381,3155188.2895171973,1.1783555132980772,-501445.67011233326,2.380952380952381,0.06502992457817959,0.06502992457817959,5.627705627705628,0.30000000000000004,30.000000000000004,0.75,0.4,1.0,0.0670995670995671,3.1638966395729714e-05,0.08577911516718724,6.70995670995671,0.9,0.7,0.8628668672750781,1567128.8398412277,13755908.705272993,-501445.67011233326,liquido,0.9719145770277811,267762000.0,1848000.0,0.0,4983000.0,175575000.0,0.0,0.0,1796098.1383473394,0.0,170643901.86165267,4983000.0,8614000.0,1476675000.0,191046000.0,3091125000.0,35295000.0,0.13181482062428573,484946.49735378165,0.0,1569645.0,15357951.167548742,0.0,0.0,0.0018111102298077459,0.0,0.005862090214444171,0.05735672413392768,0.0,0.0,0.0027866876946095677,7.729421186520524,False,True,2611881.399735379,2253705.9210837125,3656633.9596295306,3155188.2895171973,4701386.519523682,4056670.6579506826
26697,457.0,FOZ DO RIO CLARO ENERGIA S.A.,utilities,cvm,Emp. Adm. Part. - Energia Elétrica,Categoria B,,consolidado,padrao,dva,2.686707651631051,0.011719686379741523,13679472.717930727,6.08674512015143,1.7316017316017316,2872689.270765453,1.2782164752318006,9575630.902551508,1.7316017316017316,2633905.7563558696,1.1719686379741525,-238783.51440958353,1.948051948051948,0.060867451201514294,0.060867451201514294,4.761904761904762,0.30000000000000004,30.000000000000004,0.75,0.4,1.0,0.41125541125541126,0.0053436754595201355,0.44585371196804835,41.125541125541126,0.9,0.7,0.9168780567952073,1231152.5446137658,10806783.447165273,-238783.51440958353,liquido,0.9206142329607165,224742000.0,4641000.0,0.0,9502000.0,115053000.0,0.0,0.0,4272570.655170686,0.0,105919429.34482932,9502000.0,9326000.0,898772000.0,145030000.0,1368384000.0,137661000.0,0.6125290332915075,1153594.0768960852,0.0,2993130.0,9532748.64103464,0.0,0.0,0.0051329705924842055,0.0,0.01331807138852551,0.04241640922050458,0.0,0.0,0.006815338384547028,6.19714541818934,False,True,2051920.9076896093,1881361.254539907,2872689.270765453,2633905.7563558696,3693457.6338412967,3386450.258171832
24597,458.0,CELEO REDES TRANSMISSÃO DE ENERGIA S.A.,utilities,cvm,Emp. Adm. Part. - Energia Elétrica,Categoria B,BALCÃO ORGANIZADO,consolidado,padrao,dre,2.6074491048529693,0.011423723621462838,9850554.753694583,6.357698677346944,0.8658008658008658,2068616.4982758625,1.3351167222428584,6895388.327586208,0.8658008658008658,1769980.3141858305,1.1423723621462838,-298636.184090032,0.8658008658008658,0.06357698677346944,0.06357698677346944,5.194805194805195,0.30000000000000004,30.000000000000004,0.75,0.4,1.0,0.027056277056277056,0.0,0.03756549578285064,2.7056277056277054,0.9,0.7,0.8556348243674275,886549.9278325127,7781938.25541872,-298636.184090032,liquido,0.707820197044335,154939000.0,9476000.0,0.0,16133000.0,45740000.0,325000.0,0.0,6707304.187192118,0.0,32375695.81280788,16133000.0,6913000.0,350023000.0,99723000.0,813631000.0,38229000.0,0.2467358121583333,1810972.130541872,0.0,5081895.0,2913812.6231527096,43875.0,0.0,0.011688291072885921,0.0,0.032799327477265244,0.018806192263747086,0.0002831759595711861,0.0,0.008496480591324568,3.5099525686150637,False,True,1477583.2130541876,1264271.652989879,2068616.4982758625,1769980.3141858305,2659649.783497538,2275688.9753817827
24589,459.0,ENERGISA TRANSMISSÃO DE ENERGIA S/A,utilities,cvm,Emp. Adm. Part. - Energia Elétrica,Categoria B,BOLSA,consolidado,padrao,dva,2.222643098944949,0.009986802916499365,87230109.2427392,5.487737331460631,20.12987012987013,18318322.940975234,1.1524248396067325,61061076.46991744,13.636363636363635,15874482.6287099,0.9986802916499365,-2443840.3122653347,13.41991341991342,0.05487737331460632,0.05487737331460632,2.813852813852814,0.30000000000000004,30.000000000000004,0.75,0.4,1.0,0.08874458874458875,9.780291707581334e-05,0.11060260260002883,8.874458874458876,0.9,0.7,0.8665903903900043,7850709.831846531,68911786.30176397,-2443840.3122653347,liquido,0.9418446997932518,1589546000.0,72466000.0,0.0,41349000.0,638544000.0,12225000.0,0.0,68251718.01521778,0.0,601409281.9847822,41349000.0,91492000.0,4091386000.0,880745000.0,10451631000.0,381663000.0,0.24010818183305171,18427963.8641088,0.0,13024935.0,54126835.37863041,1650375.0,0.0,0.011593224646602743,0.0,0.008194122724350222,0.03405175778406565,0.0010382681595877063,0.0,0.008753849040403359,4.645369545101023,False,True,13084516.386410883,11338916.163364215,18318322.940975234,15874482.6287099,23552129.49553959,20410049.09405559
27553,460.0,ENGELHART CTP (BRASIL) S.A.,commodities,cvm,"Agricultura (Açúcar, Álcool e Cana)",Categoria B,,consolidado,padrao,dva,2.09725048302843,0.009518568940694304,1836115673.654551,9.48345086435512,82.25108225108225,204841654.84208584,1.057997487054618,1543484738.1658568,56.27705627705628,184291497.60727593,0.9518568940694303,-20550157.234809905,54.97835497835498,0.09483450864355122,0.09483450864355122,17.316017316017316,0.159375,15.937499999999998,0.75,0.25,0.85,0.29653679653679654,0.0018305221598292057,0.33118560120166357,29.653679653679653,0.75,0.7,0.8996778401802495,87789280.64660823,1631274018.8124652,-20550157.234809905,liquido,0.9964035415331571,19361261000.0,151939000.0,0.0,71346000.0,19685910000.0,0.0,2312524000.0,151392557.69700637,0.0,19615110442.302994,71346000.0,606435000.0,12407429000.0,-457172000.0,30105399000.0,-1266656000.0,-0.06542218505292605,34063325.48182643,0.0,18728324.999999996,1471133283.1727247,0.0,312190740.0,0.0017593546970843703,0.0,0.000967309154088672,0.07598334029858514,0.0,0.016124504493793046,0.0201437290367751,-27.139520793049442,False,True,146315467.74434704,131636784.00519711,204841654.84208584,184291497.60727593,263367841.93982467,236946211.20935482
21490,461.0,ALUPAR INVESTIMENTO S/A,utilities,cvm,Emp. Adm. Part. - Energia Elétrica,Categoria A,BOLSA,consolidado,padrao,dva,1.9606010905522673,0.009008300549985734,189713922.54371548,4.740354637053796,31.38528138528138,39839923.73418026,0.9954744737812975,132799745.78060083,22.294372294372295,36052155.664300114,0.9008300549985736,-3787768.069880143,22.07792207792208,0.047403546370537966,0.047403546370537966,1.948051948051948,0.30000000000000004,30.000000000000004,0.75,0.4,1.0,0.33116883116883117,0.0023776048227777506,0.3661687883486141,33.116883116883116,0.9,0.7,0.904925318252292,17074253.028934397,149873998.8095352,-3787768.069880143,liquido,0.8373835826509195,4002104000.0,178570000.0,0.0,207099000.0,1094973000.0,0.0,9766000.0,149531586.3539747,0.0,916912413.6460253,207099000.0,807229000.0,11922397000.0,3072286000.0,30689036000.0,2275251000.0,0.5685137117875997,40373528.31557317,0.0,65236185.0,82522117.22814229,0.0,1582092.0,0.010088075751048241,0.0,0.016300472201621948,0.020619683353591583,0.0,0.0003953150642761908,0.02630349809619305,3.880627324409251,False,True,28457088.381557327,25751539.760214366,39839923.73418026,36052155.664300114,51222759.08680319,46352771.56838586
80195,462.0,"G2D INVESTMENTS, LTD.",outros,padrao,,,,individual,padrao,dva,0.0,0.0016871354487790935,796800.0,1.5023190919717937,0.21645021645021645,104580.0,0.19717938082129796,647400.0,0.21645021645021645,89482.28993234558,0.16871354487790938,-15097.710067654421,0.21645021645021645,0.015023190919717938,0.015023190919717938,0.21645021645021645,0.1875,18.75,0.75,0.25,1.0,0.027056277056277056,0.0,0.03756549578285064,2.7056277056277054,1.0,0.7,0.8556348243674275,44820.00000000001,692220.0,-15097.710067654421,liquido,1.0,53038000.0,2656000.0,0.0,0.0,0.0,0.0,0.0,2656000.0,0.0,0.0,0.0,4316000.0,33680000.0,-67319000.0,868650000.0,65309000.0,1.231362419397413,796800.0,0.0,0.0,0.0,0.0,0.0,0.015023190919717938,0.0,0.0,0.0,0.0,0.0,0.004968629482530363,-0.5003045202691662,False,True,74700.0,63915.92138024684,104580.0,89482.28993234558,134460.0,115048.65848444431
1520,,BARDELLA S.A. INDUSTRIAS MECANICAS EM RECUPERAÇÃO JUDICIAL,industria,cvm,"Máquinas, Equipamentos, Veículos e Peças",Categoria A,BOLSA,consolidado,padrao,dva,,0.07897934222363313,21791565.231753543,65.863402139133,,3432171.5240011825,10.373485836913446,16888463.054608997,,3178522.7868681317,9.606851196482294,-253648.7371330508,,0.65863402139133,0.5414727543051877,,0.225,22.5,0.9,0.25,1.0,0.474025974025974,0.008990190484751864,0.5073114589227554,47.4025974025974,1.0,0.7,0.9260967188384133,1470930.6531433642,18359393.707752362,-253648.7371330508,liquido,0.5647726588980926,33086000.0,18870000.0,2189000.0,21700000.0,28800000.0,2445000.0,47836000.0,10657260.073407007,1236287.3503279246,16265452.576265067,21700000.0,17626000.0,165468000.0,-14568000.0,545083000.0,6101000.0,0.1843982349029801,3197178.022022102,395611.9521049359,7594999.999999999,1626545.2576265067,366750.0,8610480.0,0.09663235271782936,0.011957080097471314,0.22955328537750105,0.04916113333816438,0.011084748836365834,0.26024542102399806,0.03233635978373936,-11.35831960461285,False,False,2451551.0885722735,2270373.4191915225,3432171.5240011825,3178522.7868681317,4412791.959430092,4086672.154544741
1694,,BICICLETAS MONARK S.A.,industria,cvm,Brinquedos e Lazer,Categoria A,BOLSA,individual,padrao,dva,,0.24113613525106953,6032636.791210966,40.04671263416733,,4222845.753847676,28.03269884391713,0.0,,3632474.741422111,24.113613525106953,-590371.0124255652,,0.4004671263416733,0.4004671263416733,,1.0,100.0,1.0,1.0,1.0,0.05194805194805195,0.0,0.0679728839449962,5.194805194805195,1.0,0.7,0.8601959325917494,1809791.03736329,1809791.0373632899,-590371.0124255652,liquido,0.7617657247488494,15064000.0,7867000.0,1889000.0,4814000.0,10451000.0,0.0,7185000.0,5992810.956599198,1438975.4540505765,7961213.589350225,4814000.0,164596000.0,-160352000.0,2556000.0,232040000.0,15398000.0,1.0221720658523632,1797843.2869797593,460472.1452961845,1684900.0,796121.3589350226,0.0,1293300.0,0.11934700524294738,0.03056772074456881,0.11184944237918215,0.05284926705622827,0.0,0.08585369091874669,0.7093432166867781,-62.73552425665102,False,False,3016318.395605483,2594624.8153015077,4222845.753847676,3632474.741422111,5429373.11208987,4670324.667542715
3271,,ENERGISA MINAS RIO - DISTRIBUIDORA DE ENERGIA S/A,utilities,cvm,Energia Elétrica,Categoria B,BOLSA,individual,padrao,dva,,0.0218439688037665,146631347.3777181,10.580950954695508,,30792582.9493208,2.221999700486057,102641943.16440266,,30271481.188103635,2.18439688037665,-521101.76121716574,,0.10580950954695507,0.10580950954695507,,0.30000000000000004,30.000000000000004,0.75,0.4,1.0,0.8766233766233766,0.08145406820475065,0.8871802424900378,87.66233766233766,0.9,0.7,0.9830770363735056,13196821.263994632,115838764.4283973,-521101.76121716574,liquido,0.9389290367481044,1385805000.0,100791000.0,0.0,75466000.0,1134919000.0,5768000.0,3855000.0,94635596.54287818,0.0,1065608403.4571218,75466000.0,24029000.0,1340444000.0,205582000.0,2287348000.0,240488000.0,0.1735366808461508,25551611.06657711,0.0,23771790.0,95904756.31114098,778680.0,624510.0,0.01843809992500901,0.0,0.01715377704655417,0.06920508752035169,0.0005618972366242004,0.0004506478184160109,0.010505178923364526,6.520240098841338,False,False,21994702.106657717,21622486.56293117,30792582.9493208,30271481.188103635,39590463.791983895,38920475.81327611
3450,,COMPANHIA ITAUNENSE ENERGIA E PARTICIPAÇÕES,utilities,cvm,Emp. Adm. Part. - Energia Elétrica,Categoria A,,individual,padrao,dva,,0.08151021565095047,1640856.4402730374,87.09429088498075,,287149.87704778154,15.241500904871632,1230642.3302047781,,247005.15628072261,13.110677084964045,-40144.72076705893,,0.8709429088498076,0.5414727543051877,,0.25,25.0,1.0,0.25,1.0,0.05194805194805195,0.0,0.0679728839449962,5.194805194805195,0.9,0.7,0.8601959325917494,123064.23302047783,1353706.5632252558,-40144.72076705893,liquido,0.4955631399317406,1884000.0,3692000.0,0.0,2217000.0,703000.0,0.0,2575000.0,1829619.1126279864,0.0,348380.88737201365,2217000.0,33751000.0,-33751000.0,-2487000.0,42770000.0,555000.0,0.2945859872611465,493997.16040955635,0.0,698355.0,31354.27986348123,0.0,417150.0,0.26220656072694076,0.0,0.37067675159235663,0.016642399078280908,0.0,0.2214171974522293,0.7891278933832125,13.570969039002815,False,False,205107.05503412968,176432.25448623046,287149.87704778154,247005.15628072261,369192.69906143344,317578.05807521485
3549,,CIA INDUSTRIAL SCHLOSSER S.A.,industria,cvm,Têxtil e Vestuário,Categoria A,,consolidado,padrao,dre,,0.0,186000.0,,,32549.999999999996,,139500.0,,28267.0680539352,,-4282.931946064797,,0.0,0.0,,0.25,25.0,1.0,0.25,1.0,0.09956709956709957,0.00013541556751433295,0.12279939660731215,9.956709956709958,1.0,0.7,0.8684199094910968,13950.000000000002,153450.0,-4282.931946064797,liquido,1.0,0.0,293000.0,0.0,0.0,0.0,0.0,545000.0,293000.0,0.0,0.0,0.0,6892000.0,20264000.0,-189000.0,56862000.0,11848000.0,,87900.0,0.0,0.0,0.0,0.0,98100.0,,,,,,,0.12120572614399774,-107.21693121693121,False,False,23250.0,20190.762895668002,32549.999999999996,28267.0680539352,41850.0,36343.3732122024
3824,,CIA PAULISTA DE FORCA E LUZ,utilities,cvm,Energia Elétrica,Categoria B,BALCÃO ORGANIZADO,individual,padrao,dre,,0.03233314390445309,1462320131.227487,9.429783138786062,,537402648.2261014,3.4654453035038766,694602062.3330564,,501405032.7719819,3.23331439044531,-35997615.4541195,,0.0942978313878606,0.0942978313878606,,0.5249999999999999,52.49999999999999,0.75,0.7,1.0,0.5216450216450217,0.012905462759078471,0.5534370665652267,52.16450216450217,0.9,0.7,0.933015559984784,230315420.66832924,924917483.0013857,-35997615.4541195,liquido,0.9498660371429867,15507463000.0,514679000.0,429448000.0,625763000.0,11537691000.0,194828000.0,19090000.0,488876102.13071525,407918069.9189813,10959260827.950302,625763000.0,392633000.0,8762527000.0,2974471000.0,21128975000.0,2019009000.0,0.13019595790749267,131996547.57529312,117480404.13666663,197115345.0,986333474.5155272,26301780.0,3092580.0,0.008511807996916913,0.007575733318639331,0.012710998891308011,0.06360379350997176,0.0016960724007531085,0.00019942527027148156,0.018582680891997837,2.9459110544362344,False,False,383859034.4472153,358146451.9799871,537402648.2261014,501405032.7719819,690946262.0049876,644663613.5639768
4081,,CIA TECIDOS SANTANENSE EM RECUPERAÇÃO JUDICIAL,industria,cvm,Têxtil e Vestuário,Categoria A,BOLSA,consolidado,padrao,dva,,0.06113266173821284,40665346.29748003,114.38594216050191,,5337326.701544254,15.013154908565873,33040593.866702527,,4591146.7195817055,12.914254787718225,-746179.9819625486,,1.1438594216050193,0.5414727543051877,,0.1875,18.75,0.75,0.25,1.0,0.05194805194805195,5.942379715092605e-07,0.0679728839449962,5.194805194805195,1.0,0.7,0.8601959325917494,2287425.7292332524,35328019.59593578,-746179.9819625486,liquido,0.6099322067469142,35551000.0,17789000.0,6578000.0,43326000.0,86706000.0,0.0,87077000.0,10850084.025820857,4012134.0559812016,52884781.91819794,43326000.0,3363000.0,235841000.0,-98244000.0,673131000.0,34694000.0,0.9758937863913814,3255025.207746257,1283882.8979139845,15164099.999999998,5288478.1918197945,0.0,15673860.0,0.09155931500509851,0.03611383358875937,0.42654496357345784,0.14875750870073398,0.0,0.4408838007369694,0.004996055745464107,-2.4005639021212493,False,False,3812376.215388753,3279390.5139869326,5337326.701544254,4591146.7195817055,6862277.187699756,5902902.925176479
4448,,COBRASMA S.A.,industria,cvm,"Máquinas, Equipamentos, Veículos e Peças",Categoria A,,consolidado,padrao,dva,,0.03565733673464888,125700.0,31.582914572864322,,16498.125,4.145257537688442,102131.25,,14191.620020390255,3.565733673464888,-2306.5049796097446,,0.3158291457286432,0.3158291457286432,,0.1875,18.75,0.75,0.25,1.0,0.05194805194805195,0.0,0.0679728839449962,5.194805194805195,1.0,0.7,0.8601959325917494,7070.625000000001,109201.875,-2306.5049796097446,liquido,1.0,398000.0,419000.0,0.0,0.0,0.0,0.0,0.0,419000.0,0.0,0.0,0.0,0.0,23987442000.0,-34985000.0,138473000.0,0.0,0.0,125700.0,0.0,0.0,0.0,0.0,0.0,0.3158291457286432,0.0,0.0,0.0,0.0,0.0,0.0,-685.6493354294698,False,False,11784.375,10136.871443135897,16498.125,14191.620020390255,21211.875,18246.368597644614
4685,,CONPEL CIA NORDESTINA PAPEL - EM RECUPERAÇÃO JUDICIAL,industria,cvm,Embalagens,Categoria A,,individual,padrao,dva,,0.08301506597104114,13533890.099938326,18.021878503719623,,7247398.1485169735,9.650715938741858,3180464.1734855063,,6234182.409227276,8.301506597104114,-1013215.7392896973,,0.18021878503719624,0.18021878503719624,,0.765,76.5,0.9,1.0,0.85,0.05194805194805195,0.0,0.0679728839449962,5.194805194805195,1.0,0.7,0.8601959325917494,3106027.7779358462,6286491.951421352,-1013215.7392896973,liquido,0.8612191468740953,75097000.0,7601000.0,3075000.0,11026000.0,68773000.0,6271000.0,0.0,6546126.735389998,2648248.876637843,59228624.38797215,11026000.0,1291000.0,5055000.0,5775000.0,34313000.0,-26430000.0,-0.35194481803534094,1963838.0206169994,847439.6405241098,3859099.9999999995,5922862.438797216,940650.0,0.0,0.02615068538845759,0.01128460045706366,0.0513882045887319,0.07886949463756496,0.012525799965378111,0.0,0.03762422405502288,0.8753246753246753,False,False,5176712.96322641,4452987.43516234,7247398.1485169735,6234182.409227276,9318083.333807537,8015377.383292212
4782,,MENDES JUNIOR ENGENHARIA S.A.,construcao,cvm,"Construção Civil, Mat. Constr. e Decoração",Categoria A,,individual,padrao,dva,,0.05196276247748092,1504898.6455702516,89.95210075135994,,167890.25514643118,10.035281240073592,1265055.4239324927,,144418.51459875112,8.63230810512559,-23471.740547680063,,0.8995210075135993,0.5414727543051877,,0.159375,15.937499999999998,0.75,0.25,0.85,0.05194805194805195,0.0,0.0679728839449962,5.194805194805195,0.85,0.7,0.8601959325917494,71952.96649132766,1337008.3904238204,-23471.740547680063,liquido,0.9992400683463531,1673000.0,841773000.0,0.0,640000.0,408000.0,0.0,0.0,841133310.0521147,0.0,407689.9478853121,640000.0,7000.0,13613983000.0,-843511000.0,946883000.0,-21763000.0,-13.00836820083682,1279845.0,0.0,190400.0,34653.64557025153,0.0,0.0,0.765,0.0,0.11380753138075314,0.0207134761328461,0.0,0.0,7.392676814347707e-06,-16.139662671856087,False,False,119921.61081887942,103156.0818562508,167890.25514643118,144418.51459875112,215858.89947398295,185680.94734125145
5576,,ENERGISA MATO GROSSO DO SUL - DIST DE ENERGIA S.A.,utilities,cvm,Energia Elétrica,Categoria B,BOLSA,individual,padrao,dva,,0.030122129736724554,389251207.74353623,8.607755109818168,,143049818.84574953,3.163350002858176,184894323.67817974,,136215252.76031238,3.012212973672456,-6834566.085437149,,0.08607755109818167,0.08607755109818167,,0.5249999999999999,52.49999999999999,0.75,0.7,1.0,0.6558441558441559,0.02659527236452432,0.6814831764866074,65.5844155844156,0.9,0.7,0.9522224764729911,61307065.21960696,246201388.8977867,-6834566.085437149,liquido,0.9580612115741994,4522099000.0,245504000.0,0.0,141814000.0,3135948000.0,58081000.0,17494000.0,235207859.68631226,0.0,3004430140.313688,141814000.0,50611000.0,4487881000.0,1303298000.0,7189556000.0,1117573000.0,0.2471358986169918,63506122.11530431,0.0,44671410.0,270398712.62823194,7840935.000000001,2834028.0,0.01404350548612587,0.0,0.009878467941546613,0.059794956419183205,0.0017339149364045327,0.0006267063149214558,0.00703951676570848,3.4434803091848525,False,False,102178442.03267825,97296609.11450884,143049818.84574953,136215252.76031238,183921195.65882084,175133896.40611592
5983,,FIACAO E TECELAGEM SAO JOSE SA EM RECUPERACAO JUDICIAL,industria,cvm,Têxtil e Vestuário,Categoria A,,consolidado,padrao,dva,,0.04068473152737112,543000.0,40.401785714285715,,60578.43749999999,4.507324218749999,456459.375,,54680.27917278679,4.068473152737112,-5898.158327213205,,0.40401785714285715,0.40401785714285715,,0.159375,15.937499999999998,0.75,0.25,0.85,0.31601731601731603,0.0020813008130081303,0.3509067394688961,31.601731601731604,1.0,0.7,0.9026360109203344,25962.187500000004,482421.5625,-5898.158327213205,liquido,1.0,1344000.0,1769000.0,0.0,0.0,123000.0,0.0,0.0,1769000.0,0.0,123000.0,0.0,33000.0,24861000.0,-548000.0,3075000.0,-9872000.0,-7.345238095238095,530700.0,0.0,0.0,12300.0,0.0,0.0,0.39486607142857144,0.0,0.0,0.009151785714285715,0.0,0.0,0.010731707317073172,-45.36678832116788,False,False,43270.3125,39057.34226627628,60578.43749999999,54680.27917278679,77886.5625,70303.21607929732
6629,,HERCULES S.A. FABRICA DE TALHERES,commodities,cvm,Metalurgia e Siderurgia,Categoria A,BOLSA,individual,padrao,dva,,0.0037912081054571555,82124.99999999999,1.994293346284604,,17246.25,0.41880160271976685,57487.499999999985,,15612.194978272566,0.37912081054571556,-1634.055021727434,,0.01994293346284604,0.01994293346284604,,0.30000000000000004,30.000000000000004,0.75,0.4,1.0,0.3333333333333333,0.002410252058049733,0.3683438344654889,33.33333333333333,0.75,0.7,0.9052515751698234,7391.250000000001,64878.749999999985,-1634.055021727434,liquido,1.0,4118000.0,365000.0,0.0,0.0,0.0,0.0,0.0,365000.0,0.0,0.0,0.0,14000.0,324568000.0,3489000.0,11783000.0,13000.0,0.0031568722680913063,82124.99999999999,0.0,0.0,0.0,0.0,0.0,0.01994293346284604,0.0,0.0,0.0,0.0,0.0,0.0011881524229822625,93.02608197191172,False,False,12318.75,11151.567841623262,17246.25,15612.194978272566,22173.75,20072.82211492187
6700,,HOTEIS OTHON S.A. - EM RECUPERAÇÃO JUDICIAL,outros,padrao,Hospedagem e Turismo,Categoria A,BOLSA,consolidado,padrao,dva,,0.07503696455031102,27039222.531710442,16.61569720444559,,14195591.829147981,8.723241032333934,6759805.632927611,,12210990.352165766,7.503696455031104,-1984601.4769822154,,0.16615697204445587,0.16615697204445587,,0.75,75.0,0.75,1.0,1.0,0.05194805194805195,0.0,0.0679728839449962,5.194805194805195,1.0,0.7,0.8601959325917494,6083825.06963485,12843630.70256246,-1984601.4769822154,liquido,0.7730758671181477,162733000.0,48197000.0,9193000.0,24796000.0,51880000.0,328000.0,4714000.0,37259937.567493364,7106886.446417131,40107175.986089505,24796000.0,14453000.0,-13431000.0,142002000.0,498883000.0,55940000.0,0.3437532645499069,11177981.270248009,2274203.662853482,8678600.0,4010717.5986089506,49200.0,848520.0,0.06868908746380888,0.01397506137571041,0.053330301782674686,0.024646000495344836,0.00030233572784868463,0.0052141851990684124,0.02897072058979761,-0.09458317488486077,False,False,10139708.449391415,8722135.96583269,14195591.829147981,12210990.352165766,18251475.20890455,15699844.738498844
7595,,INEPAR S.A. INDUSTRIA E CONSTRUCOES EM RECUPERACAO JUDICIAL,industria,cvm,"Máquinas, Equipamentos, Veículos e Peças",Categoria A,BOLSA,consolidado,padrao,dre,,0.059403813550225656,11544588.055497764,262.2577931735067,,1287943.1049414692,29.258135050919336,9704669.334152807,,1266531.973973378,28.77173952688274,-21411.130968091078,,2.6225779317350666,0.5414727543051877,,0.159375,15.937499999999998,0.75,0.25,0.85,0.8787878787878788,0.08394020442838843,0.8891714450949338,87.87878787878788,1.0,0.7,0.9833757167642401,551975.6164034869,10256644.950556295,-21411.130968091078,liquido,0.8639472589202122,4402000.0,66048000.0,4341000.0,10463000.0,6515000.0,3147000.0,9365000.0,57061988.55716217,3750395.050972641,5628616.391865183,10463000.0,126000.0,927386000.0,-81870000.0,932845000.0,-235000.0,-0.05338482507950931,3961800.0,1200126.4163112452,3662050.0,562861.6391865183,472050.0,1685700.0,0.8999999999999999,0.2726320800343583,0.8319059518400727,0.12786497936994964,0.10723534756928668,0.38293957292139935,0.0001350706709045983,-11.327543666788811,False,False,919959.360672478,904665.6956952701,1287943.1049414692,1266531.973973378,1655926.8492104604,1628398.2522514863
7811,,JOAO FORTES ENGENHARIA S.A. - EM RECUPERAÇÃO JUDICIAL,construcao,cvm,"Construção Civil, Mat. Constr. e Decoração",Categoria A,BOLSA,consolidado,padrao,dva,,0.05368272846876806,112964191.70798716,67.64970997699609,,12602567.637422316,7.547170769308625,94960523.6545267,,11199503.54276881,6.706932126891685,-1403064.0946535058,,0.676497099769961,0.5414727543051877,,0.159375,15.937499999999998,0.75,0.25,0.85,0.22510822510822512,0.0009843017623944038,0.25778929340969126,22.51082251082251,0.85,0.7,0.8886683940114537,5401100.416038137,100361624.07056484,-1403064.0946535058,liquido,0.9406246156254543,166984000.0,34572000.0,26153000.0,15930000.0,207568000.0,0.0,575921000.0,32519274.211403206,24600155.572452508,195243570.2161443,15930000.0,8363000.0,256525000.0,-152665000.0,857867000.0,-461068000.0,-2.761150768935946,8292414.923907817,6691242.315707083,4739175.0,16595703.468372267,0.0,76645656.0,0.049659937023354445,0.04007115840863246,0.0283810125521008,0.09938499178587329,0.0,0.45899999999999996,0.009748597393302225,-1.6803131038548456,False,False,9001834.026730226,7999645.387692007,12602567.637422316,11199503.54276881,16203301.248114407,14399361.697845614
8036,,LIGHT SERVICOS DE ELETRICIDADE S.A.,utilities,cvm,Energia Elétrica,Categoria B,BOLSA,individual,padrao,dva,,0.020904052172412618,1445234863.7909722,10.683318678184632,,303499321.3961042,2.243496922418773,1011664404.6536804,,282789139.8182067,2.0904052172412624,-20710181.57789749,,0.10683318678184632,0.10683318678184632,,0.30000000000000004,30.000000000000004,0.75,0.4,1.0,0.512987012987013,0.01232525506617029,0.5450801123677388,51.298701298701296,0.9,0.7,0.9317620168551608,130071137.74118754,1141735542.394868,-20710181.57789749,liquido,0.9547725185721915,13527958000.0,877603000.0,0.0,572065000.0,11771012000.0,117052000.0,71104000.0,837911226.616511,0.0,11238638773.38349,572065000.0,104601000.0,5514931000.0,1484708000.0,20624060000.0,1997718000.0,0.1476732852068287,226236031.186458,0.0,180200475.0,1011477489.6045142,15802020.000000002,11518848.0,0.01672359059559898,0.0,0.013320596870569823,0.0747694138024759,0.0011681009062860781,0.000851484606915545,0.005071794787253334,3.7144886401905293,False,False,216785229.56864586,201992242.7272905,303499321.3961042,282789139.8182067,390213413.22356254,363586036.9091229
8893,,MONTEIRO ARANHA S.A.,outros,padrao,Emp. Adm. Part. - Sem Setor Principal,Categoria A,BOLSA,consolidado,padrao,dre,,0.0,8276850.0,,,1448448.75,,6207637.5,,1251451.083189384,,-196997.66681061592,,0.0,0.0,,0.25,25.0,1.0,0.25,1.0,0.0735930735930736,5.1389488100943295e-05,0.09329358133144898,7.35930735930736,1.0,0.7,0.8639940371997173,620763.7500000001,6828401.25,-196997.66681061592,liquido,0.4593622821921056,0.0,25309000.0,0.0,13683000.0,0.0,0.0,0.0,11626000.000000002,0.0,0.0,13683000.0,805135000.0,-131915000.0,-64179000.0,2510241000.0,-78456000.0,,3487800.0000000005,0.0,4789050.0,0.0,0.0,0.0,,,,,,,0.32074012017172854,2.055423113479487,False,False,1034606.25,893893.63084956,1448448.75,1251451.083189384,1862291.25,1609008.5355292081
9083,,NORDON INDUSTRIAS METALURGICAS S.A.,commodities,cvm,Metalurgia e Siderurgia,Categoria A,BOLSA,individual,padrao,dva,,0.12297787264374573,691405.7529543276,27.231419966692698,,362988.020301022,14.296495482513667,172851.4382385819,,312240.81864247046,12.297787264374575,-50747.20165855152,,0.27231419966692694,0.27231419966692694,,0.75,75.0,0.75,1.0,1.0,0.05194805194805195,0.0,0.0679728839449962,5.194805194805195,0.75,0.7,0.8601959325917494,155566.29441472376,328417.73265330563,-50747.20165855152,liquido,0.8572341105078249,2539000.0,2899000.0,0.0,447000.0,232000.0,0.0,0.0,2485121.6863621846,0.0,198878.3136378154,447000.0,19000.0,37929000.0,35101000.0,19700000.0,391000.0,0.15399763686490744,559152.3794314915,0.0,117337.49999999999,14915.873522836157,0.0,0.0,0.22022543498680247,0.0,0.0462140606538007,0.005874704026323811,0.0,0.0,0.0009644670050761421,1.080567505199282,True,False,259277.15735787287,223029.15617319322,362988.020301022,312240.81864247046,466698.88324417116,401452.4811117478
9393,,PARANAPANEMA S.A. - EM RECUPERAÇÃO JUDICIAL,commodities,cvm,Metalurgia e Siderurgia,Categoria A,BOLSA,consolidado,padrao,dva,,0.032303690804463235,128923343.26597282,28.03132314023839,,16921188.803658932,3.6791111621562886,104750216.40360291,,14857307.296933562,3.2303690804463243,-2063881.506725371,,0.2803132314023839,0.2803132314023839,,0.1875,18.75,0.75,0.25,1.0,0.15800865800865802,0.0004168146803335009,0.18686504804788912,15.800865800865802,0.75,0.7,0.8780297572071833,7251938.058710972,112002154.46231389,-2063881.506725371,liquido,0.777593413911836,459926000.0,72509000.0,9693000.0,156959000.0,623528000.0,1569000.0,271750000.0,56382520.849333316,7537212.961047427,484851266.1896193,156959000.0,8524000.0,5208554000.0,-352731000.0,1627102000.0,76717000.0,0.1668029204698147,12686067.191099996,1808931.1106513825,41201737.49999999,36363844.964221455,176512.49999999997,36686250.0,0.027582844177324164,0.003933091650942505,0.08958340580876052,0.07906455595948358,0.0003837845653431204,0.07976554924052999,0.005238761921502156,-14.766363035854518,False,False,12086563.431184951,10612362.354952544,16921188.803658932,14857307.296933562,21755814.176132914,19102252.23891458
9520,,PETROLEO LUB DO NORDESTE SA,commodities,cvm,Petróleo e Gás,Categoria A,,individual,padrao,dva,,0.030248928711808613,2258608.0738029284,20.094377880808974,,395256.41291551245,3.5165161291415696,1693956.0553521963,,339997.9587207288,3.024892871180861,-55258.45419478364,,0.2009437788080897,0.2009437788080897,,0.25,25.0,1.0,0.25,1.0,0.05194805194805195,0.0,0.0679728839449962,5.194805194805195,0.75,0.7,0.8601959325917494,169395.60553521966,1863351.660887416,-55258.45419478364,liquido,0.6727344677483182,11240000.0,3527000.0,340000.0,4135000.0,8768000.0,0.0,1052000.0,2372734.4677483183,228729.7190344282,5898535.813217254,4135000.0,13510000.0,-13510000.0,-1546000.0,18324000.0,39000.0,0.0034697508896797155,533865.2552433716,54895.13256826277,1085437.4999999998,442390.18599129416,0.0,142020.0,0.04749690882948146,0.004883908591482453,0.09656917259786475,0.03935855747253506,0.0,0.012635231316725979,0.7372844357127265,8.738680465717982,False,False,282326.00922536606,242855.6848005206,395256.41291551245,339997.9587207288,508186.8166056589,437140.2326409371
9717,,PORTUENSE FERRAGENS S/A,construcao,cvm,"Construção Civil, Mat. Constr. e Decoração",Categoria A,,individual,padrao,dva,,0.11775209714576353,384160.7380952381,21.728548534798538,,242021.265,13.688985576923077,38416.073809523805,,208185.70775370992,11.775209714576352,-33835.55724629009,,0.21728548534798534,0.21728548534798534,,0.9,90.0,0.9,1.0,1.0,0.05194805194805195,0.0,0.0679728839449962,5.194805194805195,0.85,0.7,0.8601959325917494,103723.39928571432,142139.4730952381,-33835.55724629009,liquido,0.7023809523809523,1768000.0,1264000.0,164000.0,425000.0,0.0,0.0,0.0,887809.5238095238,115190.47619047618,0.0,425000.0,79000.0,-79000.0,238000.0,2171000.0,79000.0,0.04468325791855204,226391.42857142858,31331.809523809523,126437.5,0.0,0.0,0.0,0.12804945054945055,0.01772161172161172,0.07151442307692307,0.0,0.0,0.0,0.03638876093965914,-0.3319327731092437,False,False,172872.33214285717,148704.07696693568,242021.265,208185.70775370992,311170.1978571429,267667.3385404842
9954,,ALFA HOLDINGS S.A.,financeiro,cvm,Emp. Adm. Part. - Intermediação Financeira,Categoria A,BOLSA,individual,padrao,dva,,0.0,923812.5,,,121250.39062499999,,750597.65625,,104299.09284078577,,-16951.297784214214,,0.0,0.0,,0.1875,18.75,0.75,0.25,1.0,0.05194805194805195,0.0,0.0679728839449962,5.194805194805195,1.25,0.7,0.8601959325917494,51964.45312500001,802562.109375,-16951.297784214214,liquido,0.3358881875563571,0.0,2218000.0,0.0,1473000.0,0.0,0.0,0.0,745000.0,0.0,0.0,1473000.0,7000.0,-7000.0,-130832000.0,967409000.0,3422000.0,,279375.0,0.0,644437.5,0.0,0.0,0.0,,,,,,,7.2358226975353755e-06,5.350372997431821e-05,False,False,86607.421875,74499.3520291327,121250.39062499999,104299.09284078577,155893.359375,134098.83365243886
10561,,SEIVA S.A. - FLORESTAS E INDÚSTRIAS,commodities,cvm,Reflorestamento,Categoria A,,individual,padrao,dva,,0.0,60524.99999999999,,,31775.624999999993,,15131.249999999998,,27333.2633805607,,-4442.361619439293,,0.0,0.0,,0.75,75.0,0.75,1.0,1.0,0.05194805194805195,0.0,0.0679728839449962,5.194805194805195,0.75,0.7,0.8601959325917494,13618.125,28749.375,-4442.361619439293,liquido,1.0,0.0,269000.0,0.0,0.0,0.0,0.0,0.0,269000.0,0.0,0.0,0.0,1617000.0,-1617000.0,46511000.0,611407000.0,30804000.0,,60524.99999999999,0.0,0.0,0.0,0.0,0.0,,,,,,,0.002644719474916054,-0.034765969340586095,False,False,22696.874999999996,19523.75955754336,31775.624999999993,27333.2633805607,40854.37499999999,35142.76720357805
11215,,TECBLU TECELAGEM BLUMENAU S.A.,industria,cvm,Têxtil e Vestuário,Categoria A,,individual,padrao,dre,,0.05196276247748092,34500.0,156.8181818181818,,3848.9062499999995,17.495028409090907,29001.5625,,3310.8135011769627,15.049152278077106,-538.0927488230368,,1.5681818181818181,0.5414727543051877,,0.159375,15.937499999999998,0.75,0.25,0.85,0.05194805194805195,0.0,0.0679728839449962,5.194805194805195,1.0,0.7,0.8601959325917494,1649.5312500000002,30651.09375,-538.0927488230368,liquido,0.944954128440367,22000.0,763000.0,0.0,42000.0,0.0,0.0,0.0,721000.0,0.0,0.0,42000.0,0.0,0.0,-240000.0,10101000.0,-17612000.0,-800.5454545454545,19800.0,0.0,14699.999999999998,0.0,0.0,0.0,0.8999999999999999,0.0,0.6681818181818182,0.0,0.0,0.0,0.0,-0.0,False,False,2749.21875,2364.8667865549737,3848.9062499999995,3310.8135011769627,4948.59375,4256.760215798952
11223,,TEKA-TECELAGEM KUEHNRICH S.A. - EM RECUPERAÇÃO JUDICIAL,industria,cvm,Têxtil e Vestuário,Categoria A,BOLSA,consolidado,padrao,dva,,0.021237628744806964,74163736.92133877,22.071621099519295,,8273891.900286855,2.462365228915121,62343891.349500395,,7136140.585057567,2.1237628744806964,-1137751.3152292883,,0.22071621099519298,0.22071621099519298,,0.159375,15.937499999999998,0.75,0.25,0.85,0.06493506493506493,3.0487725206293015e-05,0.08325986614204092,6.493506493506493,1.0,0.7,0.8624889799213061,3545953.67155151,65889845.02105191,-1137751.3152292883,liquido,0.7256316888664937,336014000.0,14092000.0,49230000.0,86575000.0,252221000.0,276000.0,61223000.0,10225601.759506628,35722848.042897485,183019550.1975959,86575000.0,1691000.0,55320000.0,-31422000.0,1148003000.0,-587000.0,-0.0017469510198979805,3067680.527851988,11431311.373727195,30301249.999999996,18301955.01975959,41400.0,11020140.0,0.009129621170105972,0.03402034252658281,0.0901785342277405,0.05446783473236112,0.00012320915199961907,0.03279666918640294,0.0014729926663954711,-1.7605499331678442,False,False,5909922.785919183,5097243.27504112,8273891.900286855,7136140.585057567,10637861.01465453,9175037.895074015
11312,,OI S.A. - EM RECUPERAÇÃO JUDICIAL,utilities,cvm,Telecomunicações,Categoria A,,consolidado,padrao,dva,,0.04313009398648521,1101149026.298565,34.62274416810117,,147416325.89572036,4.635119875504544,890554275.0189643,,137171856.64659128,4.3130093986485205,-10244469.249129087,,0.34622744168101166,0.34622744168101166,,0.19125,19.125,0.9,0.25,0.85,0.5043290043290043,0.010810147329325769,0.5367103253599458,50.43290043290043,0.9,0.7,0.9305065488039919,63178425.38388017,953732700.4028445,-10244469.249129087,liquido,0.7861383731991136,3180421000.0,935717000.0,608519000.0,1321519000.0,4635082000.0,6491000.0,121386000.0,735603040.154755,478380136.7207514,3643815823.124494,1321519000.0,1525981000.0,10428078000.0,-1168504000.0,19760628000.0,-1341643000.0,-0.42184446650301954,198612820.84178385,137773479.3755764,416278485.0,327943424.08120453,876285.0,19664532.0,0.06244859433445568,0.04331925848042646,0.13088785572727635,0.10311321176699705,0.00027552484403794346,0.006182996527818173,0.07722330484638444,-8.924298076857246,False,False,105297375.63980027,97979897.60470808,147416325.89572036,137171856.64659128,189535276.15164047,176363815.68847454
12190,,BOMBRIL S.A. - EM RECUPERAÇÃO JUDICIAL,saude_educacao,cvm,Farmacêutico e Higiene,Categoria A,BOLSA,consolidado,padrao,dre,,0.10872994891847863,311734736.7044841,19.510418585748283,,196392884.12382495,12.291563709021418,31173473.670448404,,173727190.1626603,10.872994891847863,-22665693.961164653,,0.19510418585748285,0.19510418585748285,,0.9,90.0,0.9,1.0,1.0,0.19913419913419914,0.0007465897818207679,0.2306002985704233,19.913419913419915,1.05,0.7,0.8845900447855635,84168378.91021071,115341852.58065915,-22665693.961164653,liquido,0.8534994708760306,1597786000.0,106498000.0,351413000.0,205025000.0,941572000.0,0.0,119565000.0,90895986.64935552,299930809.55895853,803631203.7916859,205025000.0,36396000.0,255494000.0,296952000.0,829639000.0,234033000.0,0.14647330743916895,28632235.794546988,100776752.01181008,75346687.5,84381276.39812703,0.0,22597785.0,0.01791994409423226,0.06307274692093313,0.047156933093668356,0.05281137548966321,0.0,0.014143186258985871,0.04386968307902594,0.860388210889302,False,False,140280631.51701784,124090850.11618593,196392884.12382495,173727190.1626603,252505136.73063213,223363530.2091347
12572,,RECRUSUL S.A.,industria,cvm,"Máquinas, Equipamentos, Veículos e Peças",Categoria A,BOLSA,consolidado,padrao,dva,,0.03154094906913319,6040492.904478385,30.424563838412332,,673892.4896558698,3.3942404032228755,5077789.347827142,,626214.0028185704,3.1540949069133193,-47678.486837299424,,0.30424563838412333,0.30424563838412333,,0.159375,15.937499999999998,0.75,0.25,0.85,0.49567099567099565,0.010211876160198008,0.5283274649972048,49.56709956709957,1.0,0.7,0.9292491197495807,288811.0669953728,5366600.414822515,-47678.486837299424,liquido,0.8046854776080766,19854000.0,3357000.0,1658000.0,4527000.0,18163000.0,0.0,9762000.0,2701329.148330313,1334168.521874191,14615502.329795497,4527000.0,5000.0,-5000.0,-13674000.0,46867000.0,-3171000.0,-0.1597159262617105,810398.744499094,426933.9269997411,1584450.0,1461550.2329795498,0.0,1757160.0,0.04081790795301168,0.021503673164084875,0.07980507706255666,0.07361490042205851,0.0,0.08850407978241161,0.0001066848742185333,0.00036565745209887377,False,False,481351.7783256213,447295.71629897883,673892.4896558698,626214.0028185704,866433.2009861183,805132.2893381619
12823,,ALIPERTI S.A.,commodities,cvm,"Emp. Adm. Part. - Agricultura (Açúcar, Álcool e Cana)",Categoria A,BOLSA,consolidado,padrao,dva,,0.1256871447035586,10629907.499999998,27.769553802345932,,5580701.437499998,14.57901574623161,2657476.8749999995,,4811178.21210752,12.56871447035586,-769523.2253924785,,0.2776955380234593,0.2776955380234593,,0.75,75.0,0.75,1.0,1.0,0.06277056277056277,1.8114836247787332e-05,0.08073296996729766,6.277056277056277,0.75,0.7,0.8621099454950947,2391729.1875,5049206.0625,-769523.2253924785,liquido,0.7811222171740118,38279000.0,44020000.0,0.0,9635000.0,0.0,0.0,2697000.0,34385000.0,0.0,0.0,9635000.0,290000.0,58757000.0,43734000.0,507871000.0,33006000.0,0.8622482301000549,7736624.999999999,0.0,2529187.4999999995,0.0,0.0,364095.0,0.20211147104156324,0.0,0.06607245487081688,0.0,0.0,0.009511612111079181,0.0005710111425932963,1.3435084831023918,True,False,3986215.312499999,3436555.865791086,5580701.437499998,4811178.21210752,7175187.562499998,6185800.558423955
13030,,CONSTRUTORA SULTEPA S.A. - EM RECUPERAÇÃO JUDICIAL,construcao,cvm,"Construção Civil, Mat. Constr. e Decoração",Categoria A,,consolidado,padrao,dva,,0.056554479151704015,23327575.0516151,12.435934712080638,,12246976.902097926,6.528865723842333,5831893.762903775,,10608602.308234941,5.6554479151704005,-1638374.5938629843,,0.12435934712080637,0.12435934712080637,,0.75,75.0,0.75,1.0,1.0,0.08658008658008658,9.248449314786958e-05,0.1081474734757728,8.658008658008658,0.85,0.7,0.8662221210213659,5248704.386613398,11080598.149517175,-1638374.5938629843,liquido,0.8760578063582739,187582000.0,13523000.0,0.0,23302000.0,174484000.0,1186000.0,1504000.0,11846929.715382937,0.0,152858070.28461707,23302000.0,3333000.0,1904000.0,1756000.0,2101974000.0,10218000.0,0.05447217750103955,3020967.077422649,0.0,6932345.0,12992935.974192452,151215.0,230112.0,0.016104781255251832,0.0,0.0369563444253713,0.06926536647542116,0.0008061274535936284,0.001226727511168449,0.001585652343939554,1.0842824601366743,False,False,8747840.644355662,7577573.077310674,12246976.902097926,10608602.308234941,15746113.159840193,13639631.539159212
13366,,HAGA S.A. INDUSTRIA E COMERCIO,commodities,cvm,Metalurgia e Siderurgia,Categoria A,BOLSA,consolidado,padrao,dva,,0.03542397988106732,5790871.119861293,19.61013904971944,,1216082.9351708717,4.118129200441083,4053609.7839029045,,1046069.5945282199,3.5423979881067327,-170013.34064265178,,0.19610139049719436,0.19610139049719436,,0.30000000000000004,30.000000000000004,0.75,0.4,1.0,0.05194805194805195,0.0,0.0679728839449962,5.194805194805195,0.75,0.7,0.8601959325917494,521178.40078751656,4574788.184690421,-170013.34064265178,liquido,0.6900625010133882,29529985.0,5364021.0,3913391.0,9748740.0,22176478.0,0.0,4467661.0,3701509.7467483357,2700484.380903284,15303155.872348381,9748740.0,28104.0,20725982.0,259620.0,65364391.0,3543811.0,0.12000720623461204,832839.6930183754,648116.2514167882,2559044.2499999995,1147736.6904261287,0.0,603134.235,0.02820318713397164,0.021947733851432304,0.08665917879741557,0.0388668226694368,0.0,0.020424468044938054,0.0004299588747028944,79.83199291271859,False,False,868630.6679791941,747192.5675201571,1216082.9351708717,1046069.5945282199,1563535.2023625495,1344946.6215362828
13447,,POLPAR S.A.,outros,padrao,Emp. Adm. Part. - Sem Setor Principal,Categoria A,BOLSA,individual,padrao,dva,,0.0,35100.0,,,18427.5,,8775.0,,15851.260547834463,,-2576.239452165537,,0.0,0.0,,0.75,75.0,0.75,1.0,1.0,0.05194805194805195,0.0,0.0679728839449962,5.194805194805195,1.0,0.7,0.8601959325917494,7897.500000000001,16672.5,-2576.239452165537,liquido,1.0,0.0,117000.0,0.0,0.0,0.0,0.0,0.0,117000.0,0.0,0.0,0.0,0.0,0.0,2241000.0,80466000.0,-446000.0,,35100.0,0.0,0.0,0.0,0.0,0.0,,,,,,,0.0,0.0,False,False,13162.5,11322.328962738902,18427.5,15851.260547834463,23692.5,20380.192132930024
13854,,CEMEPE INVESTIMENTOS S.A.,outros,padrao,Emp. Adm. Part. - Sem Setor Principal,Categoria A,BOLSA,individual,padrao,dva,,0.0,36600.0,,,4803.75,,29737.5,,4226.194028100881,,-577.555971899119,,0.0,0.0,,0.1875,18.75,0.75,0.25,1.0,0.16883116883116883,0.000516795865633075,0.19846512703739178,16.883116883116884,1.0,0.7,0.8797697690556088,2058.7500000000005,31796.25,-577.555971899119,liquido,1.0,0.0,122000.0,0.0,0.0,0.0,0.0,0.0,122000.0,0.0,0.0,0.0,1000.0,-1000.0,-159000.0,774000.0,-160000.0,,36600.0,0.0,0.0,0.0,0.0,0.0,,,,,,,0.0012919896640826874,0.006289308176100629,False,False,3431.25,3018.7100200720574,4803.75,4226.194028100881,6176.25,5433.678036129703
14168,,CARBOMIL SA MINER. E INDUSTRIA,commodities,cvm,Extração Mineral,Categoria B,,individual,padrao,dva,,0.05324967939167721,1462.4999999999998,146.24999999999997,,163.16015624999994,16.316015624999995,1229.4140624999998,,143.8256227873547,14.38256227873547,-19.334533462645254,,1.4625,0.5414727543051877,,0.159375,15.937499999999998,0.75,0.25,0.85,0.17965367965367965,0.000606603708554491,0.20999775488405484,17.965367965367964,0.75,0.7,0.8814996632326082,69.92578125,1299.3398437499998,-19.334533462645254,liquido,0.6961483594864479,1000.0,701000.0,0.0,213000.0,0.0,0.0,0.0,488000.0,0.0,0.0,213000.0,0.0,32907000.0,-405000.0,29014000.0,-4344000.0,-4344.0,674.9999999999999,0.0,787.4999999999999,0.0,0.0,0.0,0.6749999999999999,0.0,0.7874999999999999,0.0,0.0,0.0,0.0,-81.25185185185185,True,False,116.54296874999997,102.73258770525335,163.16015624999994,143.8256227873547,209.77734374999994,184.91865786945604
14176,,ELETROPAULO METROP. ELET. SAO PAULO S.A.,utilities,cvm,Energia Elétrica,Categoria B,BOLSA,individual,padrao,dre,,0.05503117904848262,1888178500.150153,9.18819776694448,,1189552455.0945961,5.788564593175022,188817850.01501524,,1130893040.7558377,5.503117904848262,-58659414.33875847,,0.09188197766944481,0.09188197766944481,,0.9,90.0,0.9,1.0,1.0,0.645021645021645,0.024512929238553124,0.6712521918780863,64.5021645021645,0.9,0.7,0.9506878287817129,509808195.04054135,698626045.0555568,-58659414.33875847,liquido,0.9644859275699862,20550042000.0,595266000.0,438499000.0,613929000.0,16253157000.0,0.0,44071000.0,574125680.1608754,422926114.75351137,15675941205.085613,613929000.0,1014632000.0,6814657000.0,4329039000.0,28963964000.0,331689000.0,0.01614055095361849,155013933.64343637,121802721.04901129,193387635.0,1410834708.4577053,0.0,7139502.0,0.007543241694758404,0.0059271275965767515,0.009410571277664542,0.06865361678860342,0.0,0.0003474203118416985,0.03503084039187454,1.574173159447166,False,False,849680325.0675688,807780743.397027,1189552455.0945961,1130893040.7558377,1529424585.1216238,1454005338.1146486
14303,,SNB PARTICIPACOES SA,varejo,cvm,Emp. Adm. Part. - Comércio (Atacado e Varejo),Categoria B,,individual,padrao,dva,,0.06113266173821284,384065.0,98.22634271099744,,50408.53125,12.892207480818415,312052.8125,,43361.21354917409,11.089824437128923,-7047.317700825908,,0.9822634271099746,0.5414727543051877,,0.1875,18.75,0.75,0.25,1.0,0.05194805194805195,0.0,0.0679728839449962,5.194805194805195,1.1,0.7,0.8601959325917494,21603.656250000004,333656.46875,-7047.317700825908,liquido,1.0,391000.0,1158000.0,0.0,0.0,7000.0,7000.0,0.0,1158000.0,0.0,7000.0,0.0,111000.0,7106000.0,-711000.0,5962000.0,113000.0,0.289002557544757,382140.0,0.0,0.0,770.0000000000001,1155.0,0.0,0.9773401534526855,0.0,0.0,0.001969309462915601,0.0029539641943734014,0.0,0.01861791345186179,-9.9943741209564,False,False,36006.09375,30972.29539226721,50408.53125,43361.21354917409,64810.96875,55750.13170608098
14362,,CIA ENERGETICA DE PERNAMBUCO - CELPE,utilities,cvm,Energia Elétrica,Categoria B,BOLSA,individual,padrao,dre,,0.024440394053738403,838288473.5938172,10.162304201646469,,211248695.34564194,2.5609006588149104,536504623.10004294,,201608810.54928812,2.444039405373841,-9639884.796353817,,0.10162304201646467,0.10162304201646467,,0.36000000000000004,36.00000000000001,0.9,0.4,1.0,0.670995670995671,0.02931395836244237,0.6957808494996484,67.09956709956711,0.9,0.7,0.9543671274249472,90535155.14813228,627039778.2481753,-9639884.796353817,liquido,0.9267210533848576,8249000000.0,374000000.0,42000000.0,512000000.0,6571000000.0,179000000.0,0.0,346593673.9659367,38922284.242164016,6089484041.791899,512000000.0,953000000.0,7875000000.0,1514000000.0,14314000000.0,843000000.0,0.10219420535822524,93580291.97080292,11209617.861743238,161280000.0,548053563.761271,24165000.0,0.0,0.011344440777161222,0.0013589062749112908,0.019551460783125228,0.06643878818781318,0.002929445993453752,0.0,0.0665781752130781,5.201453104359313,False,False,150891925.24688712,144006293.24949154,211248695.34564194,201608810.54928812,271605465.4443968,259211327.84908473
14850,,HAUSCENTER SA,outros,padrao,Emp. Adm. Part. - Sem Setor Principal,Categoria B,,individual,padrao,dva,,0.024839198528350526,195000.0,13.684210526315791,,40950.0,2.873684210526316,136500.0,,35395.85790289951,2.4839198528350535,-5554.142097100492,,0.13684210526315788,0.13684210526315788,,0.30000000000000004,30.000000000000004,0.75,0.4,1.0,0.07575757575757576,7.104795737122558e-05,0.09578476237680186,7.575757575757576,1.0,0.7,0.8643677143565203,17550.000000000004,154050.0,-5554.142097100492,liquido,1.0,1425000.0,606000.0,0.0,0.0,132000.0,0.0,0.0,606000.0,0.0,132000.0,0.0,0.0,1038647000.0,687000.0,2815000.0,136000.0,0.09543859649122807,181800.0,0.0,0.0,13200.0,0.0,0.0,0.12757894736842104,0.0,0.0,0.009263157894736843,0.0,0.0,0.0,1511.858806404658,False,False,29250.000000000004,25282.75564492822,40950.0,35395.85790289951,52650.00000000001,45508.960160870796
15091,,LITEL PARTICIPACOES S.A.,commodities,cvm,Emp. Adm. Part. - Extração Mineral,Categoria A,BALCÃO ORGANIZADO,individual,padrao,dva,,0.0,5890274.999999999,,,3092394.374999999,,1472568.7499999998,,2763694.294005724,,-328700.08099427493,,0.0,0.0,,0.75,75.0,0.75,1.0,1.0,0.25757575757575757,0.00145134830050092,0.291379556562812,25.757575757575758,0.75,0.7,0.8937069334844218,1325311.875,2797880.625,-328700.08099427493,liquido,1.0,0.0,26179000.0,0.0,0.0,0.0,0.0,0.0,26179000.0,0.0,0.0,0.0,36994000.0,-36994000.0,550801000.0,3767669000.0,15435000.0,,5890274.999999999,0.0,0.0,0.0,0.0,0.0,,,,,,,0.00981880308487821,-0.06716400297021974,False,False,2208853.1249999995,1974067.3528612317,3092394.374999999,2763694.294005724,3975935.624999999,3553321.235150217
15199,,SANTA CATARINA PART INVEST SA,financeiro,cvm,Emp. Adm. Part. - Intermediação Financeira,Categoria B,,individual,padrao,dva,,0.0,42750.0,,,5610.9375,,34734.375,,4826.505615526519,,-784.4318844734807,,0.0,0.0,,0.1875,18.75,0.75,0.25,1.0,0.05194805194805195,0.0,0.0679728839449962,5.194805194805195,1.25,0.7,0.8601959325917494,2404.6875000000005,37139.0625,-784.4318844734807,liquido,1.0,0.0,114000.0,0.0,0.0,0.0,0.0,0.0,114000.0,0.0,0.0,0.0,0.0,12619610000.0,-114000.0,59000.0,-114000.0,,42750.0,0.0,0.0,0.0,0.0,0.0,,,,,,,0.0,-110698.33333333333,False,False,4007.8125,3447.5040110903706,5610.9375,4826.505615526519,7214.0625,6205.5072199626675
15300,,RUMO MALHA NORTE S.A.,outros,padrao,Serviços Transporte e Logística,Categoria B,,individual,padrao,dva,,0.0434696228614065,602218556.1753364,7.752584022899882,,379397690.3904619,4.8841279344269255,60221855.617533624,,337670813.2379657,4.346962286140651,-41726877.15249622,,0.0775258402289988,0.0775258402289988,,0.9,90.0,0.9,1.0,1.0,0.23376623376623376,0.0011535529229364419,0.26678736306921075,23.376623376623375,1.0,0.7,0.8900181044603817,162599010.16734087,222820865.78487444,-41726877.15249622,liquido,0.9650421049969654,7767972000.0,225290000.0,25813000.0,176944000.0,4810529000.0,63000.0,15815000.0,217414335.83476633,24910631.856286667,4642363032.308947,176944000.0,597773000.0,1912818000.0,3248179000.0,8671297000.0,3454518000.0,0.4447129830025134,65224300.7504299,7971402.194011734,61930399.99999999,464236303.2308947,9450.0,2846700.0,0.008396567437476589,0.0010261883274053684,0.007972531311904832,0.059762870312984474,1.2165337362184107e-06,0.0003664663054913174,0.06893697678674827,0.5888893438446589,False,False,270998350.2789014,241193438.02711836,379397690.3904619,337670813.2379657,487797030.5020225,434148188.448813
15342,,EDP ESPIRITO SANTO DISTRIBUIÇÃO DE ENERGIA S.A.,utilities,cvm,Energia Elétrica,Categoria B,BALCÃO ORGANIZADO,individual,padrao,dva,,0.04110611936297895,497508946.9728976,9.162333687718615,,243779384.0167198,4.4895435069821215,149252684.0918693,,223203638.45545578,4.110611936297894,-20575745.56126401,,0.09162333687718617,0.09162333687718617,,0.7,70.0,1.0,0.7,1.0,0.4025974025974026,0.004922829740634995,0.43731239773054253,40.25974025974026,0.9,0.7,0.9155968596595814,104476878.8643085,253729562.9561778,-20575745.56126401,liquido,0.9608818794055818,5429937000.0,175688000.0,58576000.0,171996000.0,4162573000.0,58576000.0,84294000.0,168815415.62900785,56284616.96806136,3999740967.4029307,171996000.0,1280338000.0,3338315000.0,1157678000.0,9323540000.0,913946000.0,0.1683161333179372,45580162.21983212,16209969.686801674,54178740.0,359976687.0662638,7907760.000000001,13655628.0,0.008394234080401323,0.0029852960884816293,0.009977784272635208,0.06629481834987475,0.001456326288868545,0.002514877796924716,0.13732316266139255,2.8836299903772895,False,False,174128131.44051415,159431170.32532558,243779384.0167198,223203638.45545578,313430636.5929255,286976106.5855861
15423,,FASA S.A. - EM RECUPERAÇÃO JUDICIAL,industria,cvm,Emp. Adm. Part. - Alimentos,Categoria A,BOLSA,individual,padrao,dva,,0.0,109800.0,,,14411.249999999998,,89212.5,,12396.498633562847,,-2014.7513664371509,,0.0,0.0,,0.1875,18.75,0.75,0.25,1.0,0.05194805194805195,0.0,0.0679728839449962,5.194805194805195,1.0,0.7,0.8601959325917494,6176.250000000001,95388.75,-2014.7513664371509,liquido,1.0,0.0,366000.0,0.0,0.0,0.0,0.0,0.0,366000.0,0.0,0.0,0.0,0.0,0.0,-366000.0,1000.0,-871000.0,,109800.0,0.0,0.0,0.0,0.0,0.0,,,,,,,0.0,-0.0,False,False,10293.75,8854.64188111632,14411.249999999998,12396.498633562847,18528.75,15938.355386009378
15458,,EMBPAR PARTICIPAÇÕES S/A,outros,padrao,Emp. Adm. Part. - Sem Setor Principal,Categoria A,BOLSA,consolidado,padrao,dva,,0.03378232046582786,6077437.805326766,24.93512413460291,,957196.4543389656,3.9272820511999575,4710014.299128244,,823376.4967136224,3.378232046582786,-133819.95762534323,,0.24935124134602907,0.24935124134602907,,0.225,22.5,0.9,0.25,1.0,0.05194805194805195,0.0,0.0679728839449962,5.194805194805195,1.0,0.7,0.8601959325917494,410227.05185955676,5120241.3509878,-133819.95762534323,liquido,0.94894002434123,24373000.0,5894000.0,4600000.0,1804000.0,24837000.0,96000.0,0.0,5593052.50346721,4365124.111969658,23568823.38456313,1804000.0,5387000.0,-5387000.0,-1042000.0,68946000.0,17276000.0,0.7088171337135355,1677915.7510401628,1396839.7158302907,631400.0,2356882.338456313,14400.0,0.0,0.06884321794773572,0.05731094718870433,0.025905715340745906,0.09670054316072346,0.0005908177081196405,0.0,0.07813361181214283,5.169865642994242,False,False,683711.7530992612,588126.069081159,957196.4543389656,823376.4967136224,1230681.15557867,1058626.9243460859
15709,,RUMO MALHA SUL S.A.,outros,padrao,Serviços Transporte e Logística,Categoria B,,individual,padrao,dre,,0.23497645246805215,831711684.9458734,38.32288848992677,,582198179.4621114,26.826021942948742,0.0,,509963285.40364945,23.497645246805217,-72234894.0584619,,0.38322888489926776,0.38322888489926776,,1.0,100.0,1.0,1.0,1.0,0.14502164502164502,0.0003405032209828665,0.17284873540027018,14.502164502164502,1.0,0.7,0.8759273103100405,249513505.48376206,249513505.48376203,-72234894.0584619,liquido,0.737762127283581,2170274000.0,152999000.0,5556000.0,464771000.0,1613771000.0,3259770000.0,143576000.0,112876867.71226062,4099006.3791875765,1190579125.908552,464771000.0,642649000.0,718669000.0,789703000.0,2094547000.0,820914000.0,0.37825362143213254,33863060.31367818,1311682.0413400244,162669850.0,119057912.5908552,488965500.0,25843680.0,0.015603126754353684,0.0006043854560944952,0.0749536003288064,0.05485847067736848,0.22530127532283942,0.01190802635980526,0.30682004271090596,0.9100497275558026,False,False,415855842.4729367,364259489.5740353,582198179.4621114,509963285.40364945,748540516.4512861,655667081.2332636
15717,,CAIXA ADM DIV PUB ESTADUAL SA,financeiro,cvm,Intermediação Financeira,Categoria B,,individual,padrao,dva,,0.0,53250.0,,,9318.75,,39937.5,,8015.950846839365,,-1302.799153160635,,0.0,0.0,,0.25,25.0,1.0,0.25,1.0,0.05194805194805195,0.0,0.0679728839449962,5.194805194805195,1.25,0.7,0.8601959325917494,3993.7500000000005,43931.25,-1302.799153160635,liquido,1.0,0.0,142000.0,0.0,0.0,0.0,0.0,0.0,142000.0,0.0,0.0,0.0,1220689000.0,-1220689000.0,-149000.0,1220999000.0,-141000.0,,53250.0,0.0,0.0,0.0,0.0,0.0,,,,,,,0.9997461095381732,8192.543624161073,False,False,6656.25,5725.679176313832,9318.75,8015.950846839365,11981.25,10306.222517364899
15741,,WTC AMAZONAS SUITE HOTEL S.A.,outros,padrao,Hospedagem e Turismo,Categoria B,,individual,padrao,dva,,0.0,17100.0,,,2244.375,,13893.75,,1930.6022462106075,,-313.7727537893925,,0.0,0.0,,0.1875,18.75,0.75,0.25,1.0,0.05194805194805195,0.0,0.0679728839449962,5.194805194805195,1.0,0.7,0.8601959325917494,961.8750000000001,14855.625,-313.7727537893925,liquido,1.0,0.0,57000.0,0.0,0.0,0.0,0.0,0.0,57000.0,0.0,0.0,0.0,0.0,1277136000.0,-57000.0,196235000.0,-58000.0,,17100.0,0.0,0.0,0.0,0.0,0.0,,,,,,,0.0,-22405.894736842107,False,False,1603.125,1379.0016044361482,2244.375,1930.6022462106075,2885.625,2482.202887985067
15784,,ELETROBRÁS PARTICIPAÇÕES S.A. - ELETROPAR,utilities,cvm,Emp. Adm. Part. - Energia Elétrica,Categoria A,BOLSA,individual,padrao,dva,,0.0,1865340.0,,,979303.4999999999,,466335.0,,842392.8874728641,,-136910.61252713576,,0.0,0.0,,0.75,75.0,0.75,1.0,1.0,0.05194805194805195,0.0,0.0679728839449962,5.194805194805195,0.9,0.7,0.8601959325917494,419701.50000000006,886036.5000000001,-136910.61252713576,liquido,0.7712997746055598,0.0,6655000.0,0.0,1522000.0,0.0,0.0,0.0,5133000.0,0.0,0.0,1522000.0,119000.0,-119000.0,22625000.0,249711000.0,16561000.0,,1385910.0,0.0,479430.0,0.0,0.0,0.0,,,,,,,0.0004765508928321139,-0.005259668508287293,False,False,699502.5,601709.2053377602,979303.4999999999,842392.8874728641,1259104.5,1083076.5696079684
15822,,BANRISUL ARMAZENS GERAIS SA,financeiro,nome,Serviços Transporte e Logística,Categoria A,,individual,padrao,dva,,0.13429495672385572,8094818.043573852,29.737401431151874,,4249779.472876272,15.612135751354733,2023704.510893463,,3655643.016980078,13.429495672385578,-594136.4558961941,,0.29737401431151866,0.29737401431151866,,0.75,75.0,0.75,1.0,1.0,0.05194805194805195,0.0,0.0679728839449962,5.194805194805195,1.25,0.7,0.8601959325917494,1821334.0598041168,3845038.5706975795,-594136.4558961941,liquido,0.6210477825704595,27221000.0,11347000.0,131000.0,9049000.0,12401000.0,996000.0,0.0,7047029.188827003,81357.25951673019,7701613.551656268,9049000.0,96000.0,-96000.0,6015000.0,89800000.0,15092000.0,0.554424892546196,2642635.945810126,32542.903806692077,3958937.5,962701.6939570335,498000.0,0.0,0.09708078122810058,0.0011955072850627119,0.14543688696227175,0.03536613989041672,0.01829469894566695,0.0,0.0010690423162583518,-0.01596009975062344,False,False,3035556.7663401943,2611173.5835571988,4249779.472876272,3655643.016980078,5464002.17941235,4700112.450402957
16268,,MARINA DE IRACEMA PARK SA,outros,padrao,Hospedagem e Turismo,Categoria A,,individual,padrao,dva,,0.03114497376068728,5191715.572322238,27.586161383221246,,681412.6688672937,3.620683681547788,4218268.902511818,,586148.4061761347,3.1144973760687287,-95264.26269115903,,0.27586161383221247,0.27586161383221247,,0.1875,18.75,0.75,0.25,1.0,0.05194805194805195,0.0,0.0679728839449962,5.194805194805195,1.0,0.7,0.8601959325917494,292034.0009431259,4510302.9034549445,-95264.26269115903,liquido,0.586075163554749,18820000.0,7132000.0,237000.0,8668000.0,13572000.0,0.0,356000.0,4179888.06647247,138899.8137624755,7954212.1197650535,8668000.0,18000.0,21796000.0,-1003000.0,75107000.0,504000.0,0.026780021253985122,1253966.4199417408,44447.940403992165,3033800.0,795421.2119765054,0.0,64080.0,0.06662945908298304,0.0023617396601483616,0.16120085015940488,0.04226467651309806,0.0,0.0034048884165781084,0.00023965808779474615,-21.730807577268195,False,False,486723.33490520983,418677.4329829534,681412.6688672937,586148.4061761347,876102.0028293778,753619.3793693162
16284,,524 PARTICIPACOES S.A.,outros,padrao,Emp. Adm. Part. - Sem Setor Principal,Categoria A,BOLSA,individual,padrao,dre,,0.0,36900.0,,,6457.5,,27675.0,,5554.7152347112215,,-902.7847652887785,,0.0,0.0,,0.25,25.0,1.0,0.25,1.0,0.05194805194805195,0.0,0.0679728839449962,5.194805194805195,1.0,0.7,0.8601959325917494,2767.5000000000005,30442.5,-902.7847652887785,liquido,1.0,0.0,123000.0,0.0,0.0,0.0,0.0,0.0,123000.0,0.0,0.0,0.0,104000.0,-104000.0,-141000.0,108000.0,-130000.0,,36900.0,0.0,0.0,0.0,0.0,0.0,,,,,,,0.9629629629629629,0.7375886524822695,False,False,4612.5,3967.653739079444,6457.5,5554.7152347112215,8302.5,7141.776730342999
16306,,ROSSI RESIDENCIAL S.A. - EM RECUPERAÇÃO JUDICIAL,construcao,cvm,"Construção Civil, Mat. Constr. e Decoração",Categoria A,BOLSA,consolidado,padrao,dva,,0.06992477511531617,56655585.78913703,38.709218095637546,,11897673.015718777,8.128935800083886,39658910.05239592,,10234329.935427904,6.992477511531617,-1663343.0802908726,,0.38709218095637543,0.38709218095637543,,0.30000000000000004,30.000000000000004,0.75,0.4,1.0,0.05194805194805195,0.0,0.0679728839449962,5.194805194805195,0.85,0.7,0.8601959325917494,5099002.721022334,44757912.77341825,-1663343.0802908726,liquido,0.9690157509428381,146362000.0,14115000.0,41266000.0,5447000.0,120418000.0,97196000.0,119999000.0,13677657.32455816,39987403.97840716,116686938.69703467,5447000.0,2175000.0,386870000.0,66857000.0,458067000.0,25025000.0,0.17098017244913297,3487802.617762331,10876573.882126749,1620482.5,9918389.789247949,12392490.0,18359847.0,0.023829973748393234,0.0743128262945761,0.0110717433486834,0.06776615370962373,0.08467013295800822,0.12544135089709077,0.004748213689263797,5.786529458396279,False,False,8498337.868370555,7310235.66816279,11897673.015718777,10234329.935427904,15297008.163067,13158424.20269302
16438,,SUL 116 PARTICIPAÇÕES S.A. - EM LIQUIDAÇÃO,utilities,cvm,Emp. Adm. Part. - Telecomunicações,Categoria A,BALCÃO ORGANIZADO,consolidado,padrao,dva,,0.0,172305.0,,,22615.03125,,139997.8125,,19453.357896685306,,-3161.6733533146944,,0.0,0.0,,0.1875,18.75,0.75,0.25,1.0,0.05194805194805195,0.0,0.0679728839449962,5.194805194805195,0.9,0.7,0.8601959325917494,9692.156250000002,149689.96875,-3161.6733533146944,liquido,0.6395348837209303,0.0,602000.0,0.0,217000.0,0.0,0.0,0.0,385000.0,0.0,0.0,217000.0,16000.0,1831000.0,-511000.0,12050000.0,-1003000.0,,103950.0,0.0,68355.0,0.0,0.0,0.0,,,,,,,0.0013278008298755186,-3.583170254403131,False,False,16153.59375,13895.255640489504,22615.03125,19453.357896685306,29076.46875,25011.460152881107
16527,,RGE SUL DISTRIBUIDORA DE ENERGIA S.A.,utilities,cvm,Energia Elétrica,Categoria B,,individual,padrao,dre,,0.018727398619826176,1046137946.0733069,9.491408741009137,,219688968.67539445,1.9931958356119186,732296562.2513148,,206412376.30819866,1.8727398619826179,-13276592.367195785,,0.09491408741009136,0.09491408741009136,,0.30000000000000004,30.000000000000004,0.75,0.4,1.0,0.5670995670995671,0.01617744878674662,0.5971094210374955,56.709956709956714,0.9,0.7,0.9395664131556243,94152415.14659764,826448977.3979125,-13276592.367195785,liquido,0.9431746396833763,11021946000.0,427469000.0,328236000.0,493134000.0,7922357000.0,111540000.0,32282000.0,403177920.0508132,309583871.03111273,7472166208.918075,493134000.0,153619000.0,8811252000.0,2167773000.0,19537716000.0,1312168000.0,0.11905048346272065,108858038.41371956,89160154.85696048,155337210.0,672494958.8026268,15057900.000000002,5229684.0,0.009876480833213987,0.008089329675264285,0.014093446837790713,0.06101417651679901,0.0013661743579582045,0.00047447918906516146,0.00786268978421019,4.064656216310472,False,False,156920691.91099605,147437411.64871335,219688968.67539445,206412376.30819866,282457245.4397929,265387340.967684
16551,,WTC RIO EMPREEND. E PARTICIPAÇÕES S.A.,outros,padrao,Hospedagem e Turismo,Categoria B,,individual,padrao,dva,,0.0,18000.0,,,3150.0,,13500.0,,2709.6171876640105,,-440.38281233598946,,0.0,0.0,,0.25,25.0,1.0,0.25,1.0,0.05194805194805195,0.0,0.0679728839449962,5.194805194805195,1.0,0.7,0.8601959325917494,1350.0000000000002,14850.0,-440.38281233598946,liquido,1.0,0.0,60000.0,0.0,0.0,0.0,0.0,0.0,60000.0,0.0,0.0,0.0,0.0,5665000.0,-60000.0,0.0,-59000.0,,18000.0,0.0,0.0,0.0,0.0,0.0,,,,,,,,-94.41666666666667,False,False,2250.0,1935.4408483314362,3150.0,2709.6171876640105,4050.0,3483.793526996585
16586,,SUDESTE S.A.,outros,padrao,Emp. Adm. Part. - Sem Setor Principal,Categoria A,BALCÃO ORGANIZADO,individual,padrao,dva,,0.0,50700.0,,,26617.5,,12675.0,,22896.26523576089,,-3721.2347642391105,,0.0,0.0,,0.75,75.0,0.75,1.0,1.0,0.05194805194805195,0.0,0.0679728839449962,5.194805194805195,1.0,0.7,0.8601959325917494,11407.500000000002,24082.5,-3721.2347642391105,liquido,1.0,0.0,169000.0,0.0,0.0,0.0,0.0,0.0,169000.0,0.0,0.0,0.0,124000.0,-124000.0,2736000.0,131411000.0,-157000.0,,50700.0,0.0,0.0,0.0,0.0,0.0,,,,,,,0.0009436044166774471,-0.04532163742690058,False,False,19012.5,16354.475168400635,26617.5,22896.26523576089,34222.5,29438.055303121146
16705,,YBYRÁ CAPITAL S.A.,outros,padrao,Emp. Adm. Part. - Sem Setor Principal,Categoria A,,consolidado,padrao,dva,,0.0,14991.9,,,1967.6868749999996,,12180.918749999999,,1692.5962464891697,,-275.0906285108299,,0.0,0.0,,0.1875,18.75,0.75,0.25,1.0,0.05194805194805195,0.0,0.0679728839449962,5.194805194805195,1.0,0.7,0.8601959325917494,843.2943750000001,13024.213125,-275.0906285108299,liquido,1.0,0.0,49973.0,0.0,0.0,0.0,0.0,0.0,49973.0,0.0,0.0,0.0,137178.0,139003.0,-49973.0,4663342715.0,136291.0,,14991.9,0.0,0.0,0.0,0.0,0.0,,,,,,,2.9416238175838207e-05,-2.781562043503492,False,False,1405.490625,1208.9973189208356,1967.6868749999996,1692.5962464891697,2529.883125,2176.195174057504
16748,,CIA RIOGRANDENSE DE SANEAMENTO,utilities,cvm,"Saneamento, Serv. Água e Gás",Categoria B,BALCÃO ORGANIZADO,individual,padrao,dva,,0.05578345786517108,677240890.1058564,10.653746765187263,,355551467.3055746,5.593217051723313,169310222.5264641,,354606125.8114291,5.578345786517108,-945341.4941455126,,0.10653746765187262,0.10653746765187262,,0.75,75.0,0.75,1.0,1.0,0.9805194805194806,0.13547831153145126,0.9822746431750192,98.05194805194806,0.9,0.7,0.9973411964762529,152379200.27381772,321689422.8002818,-945341.4941455126,liquido,0.8651900467302964,6356833000.0,859549000.0,0.0,604059000.0,3621270000.0,6678000.0,20316000.0,743673239.4769796,0.0,3133086760.5230207,604059000.0,42023000.0,4239970000.0,2222793000.0,13027545000.0,1953496000.0,0.30730648421942186,200791774.6587845,0.0,190278585.0,281977808.4470719,901530.0000000001,3291192.0,0.03158676256852815,0.0,0.029932921786682144,0.04435822184522889,0.0001418206204252967,0.0005177408310081451,0.0032257036916779024,1.9074965595086901,False,False,253965333.78969616,253290089.8653065,355551467.3055746,354606125.8114291,457137600.8214531,455922161.75755167
16772,,BNDES PARTICIPACOES S.A. - BNDESPAR,outros,padrao,Emp. Adm. Part. - Sem Setor Principal,Categoria B,,individual,padrao,dre,,0.04604693611300039,729135200.0,7.647250447475229,,510394639.99999994,5.35307531323266,0.0,,439039393.3446302,4.604693611300039,-71355246.65536976,,0.07647250447475229,0.07647250447475229,,1.0,100.0,1.0,1.0,1.0,0.05194805194805195,0.0,0.0679728839449962,5.194805194805195,1.0,0.7,0.8601959325917494,218740560.00000003,218740560.00000006,-71355246.65536976,liquido,0.35135788616898767,9534606000.0,1794959000.0,0.0,1164286000.0,0.0,882888000.0,0.0,630672999.9999999,0.0,0.0,1164286000.0,14482186000.0,-14451353000.0,7956611000.0,93116596000.0,9516421000.0,0.9980927371304068,189201899.99999997,0.0,407500100.0,0.0,132433200.0,0.0,0.01984370408174181,0.0,0.042739060219163745,0.0,0.013889740173846721,0.0,0.15552744217582867,-1.8162698917918696,False,False,364567600.0,313599566.67473584,510394639.99999994,439039393.3446302,656221680.0,564479220.0145246
16985,,EDP SÃO PAULO DISTRIBUIÇÃO DE ENERGIA S.A.,utilities,cvm,Energia Elétrica,Categoria B,BALCÃO ORGANIZADO,individual,padrao,dva,,0.04236424857970815,579243726.0564361,9.132657381497044,,283829425.76765364,4.475002116933551,173773117.81693083,,268697534.2862222,4.236424857970814,-15131891.481431425,,0.09132657381497045,0.09132657381497045,,0.7,70.0,1.0,0.7,1.0,0.6168831168831169,0.02187155783669519,0.6445778084142083,61.68831168831169,0.9,0.7,0.9466866712621312,121641182.47185159,295414300.2887824,-15131891.481431425,liquido,0.9604358388029064,6342554000.0,194414000.0,107344000.0,200374000.0,4762775000.0,107344000.0,60722000.0,186722173.16502824,103097024.68045919,4574339802.154512,200374000.0,875622000.0,3677025000.0,1425781000.0,8621032000.0,1197680000.0,0.18883244825349535,50414986.75455763,29691943.10797225,63117810.0,411690582.1939062,14491440.000000002,9836964.0,0.007948688612593229,0.004681385938215465,0.009951481690183481,0.06490927506394209,0.00228479568325315,0.0015509468267830278,0.10156811852687705,2.578954972748269,False,False,202735304.11975262,191926810.20444444,283829425.76765364,268697534.2862222,364923547.4155547,345468258.368
17434,,LONGDIS S.A.,outros,padrao,Emp. Adm. Part. - Sem Setor Principal,Categoria A,BALCÃO ORGANIZADO,individual,padrao,dva,,0.0,50216.4,,,6590.9025,,40800.825000000004,,5669.467522608793,,-921.4349773912072,,0.0,0.0,,0.1875,18.75,0.75,0.25,1.0,0.05194805194805195,0.0,0.0679728839449962,5.194805194805195,1.0,0.7,0.8601959325917494,2824.6725000000006,43625.4975,-921.4349773912072,liquido,1.0,0.0,167388.0,0.0,0.0,0.0,0.0,0.0,167388.0,0.0,0.0,0.0,1.0,-1.0,-164533.0,117707.0,-163878.0,,50216.4,0.0,0.0,0.0,0.0,0.0,,,,,,,8.495671455393477e-06,6.077808099287073e-06,False,False,4707.7875,4049.619659006281,6590.9025,5669.467522608793,8474.017500000002,7289.315386211307
17493,,CAPITALPART PARTICIPACOES S.A.,utilities,cvm,Emp. Adm. Part. - Telecomunicações,Categoria A,BALCÃO ORGANIZADO,individual,padrao,dva,,0.0,467303.85000000003,,,81778.17375,,350477.8875,,81439.77673704323,,-338.39701295677514,,0.0,0.0,,0.25,25.0,1.0,0.25,1.0,0.9696969696969697,0.12594920293785586,0.9724134205628608,96.96969696969697,0.9,0.7,0.9958620130844291,35047.78875000001,385525.67625,-338.39701295677514,liquido,1.0,0.0,1730755.0,0.0,0.0,0.0,0.0,0.0,1730755.0,0.0,0.0,0.0,381265.0,-381265.0,-2424905.0,1561547.0,-1761619.0,,467303.85000000003,0.0,0.0,0.0,0.0,0.0,,,,,,,0.24415851716278794,0.15722883989269681,False,False,58412.981250000004,58171.26909788802,81778.17375,81439.77673704323,105143.36625,104708.28437619843
17850,,RUMO MALHA OESTE S.A.,outros,padrao,Serviços Transporte e Logística,Categoria B,,individual,padrao,dva,,0.030054494847028154,13052083.385120273,23.48848867175402,,1941497.4035366406,3.4939126899234103,10278515.665782215,,1670068.1696596607,3.0054494847028157,-271429.2338769799,,0.23488488671754015,0.23488488671754015,,0.2125,21.25,1.0,0.25,0.85,0.05194805194805195,0.0,0.0679728839449962,5.194805194805195,1.0,0.7,0.8601959325917494,832070.3158014176,11110585.981583633,-271429.2338769799,liquido,0.5863910903187515,55568000.0,8067000.0,0.0,23694000.0,49219000.0,74000.0,2460000.0,4730416.925601368,0.0,28861583.07439863,23694000.0,6729000.0,-6729000.0,-68944000.0,74300000.0,-53893000.0,-0.9698567520875324,1419125.0776804104,0.0,8292899.999999999,2886158.307439863,11100.0,442800.0,0.025538530767355495,0.0,0.14923877051540455,0.051939215149723994,0.00019975525482291966,0.007968615030233227,0.09056527590847914,0.09760095149686702,False,False,1386783.859669029,1192905.835471186,1941497.4035366406,1670068.1696596607,2496210.9474042524,2147230.503848135
17868,,INEPAR EQUIPAMENTOS E MONTAGENS S/A - EM RECUPERACAO JUDICIA,industria,cvm,"Máquinas, Equipamentos, Veículos e Peças",Categoria A,,consolidado,padrao,dva,,0.05196276247748092,1038548.3555154522,55.33022671899053,,115863.05091219262,6.17277841833738,873029.711355177,,99664.92513233887,5.309798888243947,-16198.12577985374,,0.5533022671899053,0.5414727543051877,,0.159375,15.937499999999998,0.75,0.25,0.85,0.05194805194805195,0.0,0.0679728839449962,5.194805194805195,1.0,0.7,0.8601959325917494,49655.59324808256,922685.3046032595,-16198.12577985374,liquido,0.984660500789533,1877000.0,2631000.0,0.0,68000.0,1802000.0,0.0,334000.0,2590641.7775772614,0.0,1774358.2224227386,68000.0,0.0,43000.0,-158000.0,296343000.0,-183000.0,-0.0974960042621204,777192.5332731784,0.0,23800.0,177435.82224227386,0.0,60120.0,0.41406101932508177,0.0,0.012679808204581778,0.0945316048174075,0.0,0.03202983484283431,0.0,-0.2721518987341772,False,False,82759.32208013759,71189.23223738492,115863.05091219262,99664.92513233887,148966.77974424767,128140.61802729286
17884,,BETAPART PARTICIPACOES S.A.,financeiro,cvm,Emp. Adm. Part. - Crédito Imobiliário,Categoria A,BOLSA,individual,padrao,dva,,0.0,55875.0,,,9778.125,,41906.25,,8411.103353373699,,-1367.021646626301,,0.0,0.0,,0.25,25.0,1.0,0.25,1.0,0.05194805194805195,0.0,0.0679728839449962,5.194805194805195,1.25,0.7,0.8601959325917494,4190.625000000001,46096.875,-1367.021646626301,liquido,1.0,0.0,149000.0,0.0,0.0,0.0,0.0,0.0,149000.0,0.0,0.0,0.0,440000.0,-440000.0,-149000.0,458000.0,-98000.0,,55875.0,0.0,0.0,0.0,0.0,0.0,,,,,,,0.9606986899563319,2.953020134228188,False,False,6984.375,6007.9309666955,9778.125,8411.103353373699,12571.875,10814.2757400519
17930,,RUMO MALHA PAULISTA S.A.,outros,padrao,Serviços Transporte e Logística,Categoria B,,individual,padrao,dva,,0.05579686603184383,455027502.2153758,9.249977887086668,,318519251.550763,6.474984520960667,0.0,,274477505.6960951,5.579686603184384,-44041745.8546679,,0.09249977887086668,0.09249977887086668,,1.0,100.0,1.0,1.0,1.0,0.06060606060606061,6.9039646986351315e-06,0.07819813841196976,6.0606060606060606,1.0,0.7,0.8617297207617954,136508250.66461274,136508250.66461277,-44041745.8546679,liquido,0.9046045282863958,4919228000.0,106278000.0,2401000.0,320688000.0,3252990000.0,2266000.0,103572000.0,96139560.05722158,2171955.4724156363,2942669484.4703627,320688000.0,3427673000.0,2322280000.0,2192479000.0,19090480000.0,1892666000.0,0.3847485825011567,28841868.017166473,695025.7511730036,112240800.0,294266948.44703627,339900.0,18642960.0,0.005863088276690259,0.0001412875660922819,0.022816750921079487,0.05981974172513173,6.909620777894417e-05,0.0037898141740939834,0.17954881176376916,1.0592028475529298,False,False,227513751.1076879,196055361.2114965,318519251.550763,274477505.6960951,409524751.9938382,352899650.1806937
17965,,GAMA PARTICIPACOES S.A.,outros,padrao,Emp. Adm. Part. - Sem Setor Principal,Categoria A,,individual,padrao,dva,,0.0,30600.0,,,5355.0,,22950.0,,4606.349219028818,,-748.650780971182,,0.0,0.0,,0.25,25.0,1.0,0.25,1.0,0.05194805194805195,0.0,0.0679728839449962,5.194805194805195,1.0,0.7,0.8601959325917494,2295.0000000000005,25245.0,-748.650780971182,liquido,1.0,0.0,102000.0,0.0,0.0,0.0,0.0,0.0,102000.0,0.0,0.0,0.0,975000.0,-975000.0,-140000.0,1009000.0,-36000.0,,30600.0,0.0,0.0,0.0,0.0,0.0,,,,,,,0.9663032705649157,6.964285714285714,False,False,3825.0,3290.2494421634415,5355.0,4606.349219028818,6885.0,5922.448995894195
18139,,CIA ENERGETICA DO RIO GDE NORTE - COSERN,utilities,cvm,Energia Elétrica,Categoria B,BOLSA,individual,padrao,dre,,0.035840492099557454,331732547.16981137,8.629878958631929,,146294053.3018868,3.8057766207566806,122741042.45283021,,137770851.63069886,3.5840492099557455,-8523201.671187937,,0.0862987895863193,0.0862987895863193,,0.63,63.0,0.9,0.7,1.0,0.5822510822510822,0.017497490799598527,0.611594981531259,58.22510822510822,0.9,0.7,0.9417392472296888,62697451.41509436,185438493.86792457,-8523201.671187937,liquido,0.9360587002096437,3844000000.0,142000000.0,35000000.0,183000000.0,2685000000.0,19000000.0,0.0,132920335.4297694,32762054.50733753,2513317610.0628934,183000000.0,347000000.0,2557000000.0,1145000000.0,5978000000.0,802000000.0,0.20863683662851196,35888490.56603774,9435471.698113209,57645000.0,226198584.90566042,2565000.0,0.0,0.009336235839239787,0.0024545972159503667,0.014996097814776274,0.058844585043095844,0.0006672736732570239,0.0,0.05804616928738709,2.2331877729257643,False,False,104495752.35849059,98407751.16478491,146294053.3018868,137770851.63069886,188092354.24528307,177133952.09661284
18333,,PROMPT PARTICIPACOES S.A.,outros,padrao,Emp. Adm. Part. - Sem Setor Principal,Categoria A,,individual,padrao,dva,,0.0,40800.0,,,7140.0,,30600.0,,6141.798958705091,,-998.2010412949094,,0.0,0.0,,0.25,25.0,1.0,0.25,1.0,0.05194805194805195,0.0,0.0679728839449962,5.194805194805195,1.0,0.7,0.8601959325917494,3060.0000000000005,33660.0,-998.2010412949094,liquido,1.0,0.0,136000.0,0.0,0.0,0.0,0.0,0.0,136000.0,0.0,0.0,0.0,104000.0,-104000.0,-136000.0,108000.0,-124000.0,,40800.0,0.0,0.0,0.0,0.0,0.0,,,,,,,0.9629629629629629,0.7647058823529411,False,False,5100.0,4386.999256217922,7140.0,6141.798958705091,9180.0,7896.59866119226
18368,,RIO PARANAPANEMA ENERGIA S.A.,utilities,cvm,Energia Elétrica,Categoria A,BOLSA,consolidado,padrao,dva,,0.0,0.0,,,0.0,,0.0,,0.0,,0.0,,0.0,0.0,,0.25,25.0,1.0,0.25,1.0,0.05194805194805195,0.0,0.0679728839449962,5.194805194805195,0.9,0.7,0.8601959325917494,0.0,0.0,0.0,liquido,1.0,0.0,0.0,0.0,0.0,0.0,0.0,0.0,0.0,0.0,0.0,0.0,0.0,0.0,0.0,0.0,0.0,,0.0,0.0,0.0,0.0,0.0,0.0,,,,,,,,,False,False,0.0,0.0,0.0,0.0,0.0,0.0
18414,,PADTEC HOLDING S.A.,utilities,cvm,Emp. Adm. Part. - Telecomunicações,Categoria A,BOLSA,consolidado,padrao,dva,,0.060844981878942994,81103.22726219156,27.14670596105609,,19302.56808840159,6.460916018731348,53528.12999304642,,18177.985941171126,6.084498187894298,-1124.5821472304633,,0.2714670596105609,0.2714670596105609,,0.34,34.0,1.0,0.4,0.85,0.5822510822510822,0.01718370057886678,0.611594981531259,58.22510822510822,0.9,0.7,0.9417392472296888,8272.52918074354,61800.65917378997,-1124.5821472304633,liquido,0.6591984800489703,298759.0,60711.0,34530.0,101885.0,203716.0,4318.0,117157.0,40020.59892225303,22762.123516090945,134289.27756165602,101885.0,158084.0,199180.0,17540.0,719682.0,-33159.0,-0.11098912501380712,10805.56170900832,6555.491572634193,32093.775,12086.034980549044,582.9300000000001,18979.434,0.03616815462967917,0.021942406999066785,0.10742362573177712,0.040454128513447436,0.0019511713454657435,0.06352757239112462,0.21965812678377394,11.3557582668187,False,False,13787.548634572566,12984.275672265092,19302.56808840159,18177.985941171126,24817.58754223062,23371.696210077167
18538,,TERMINAL GARAGEM MENEZES CORTES S.A.,outros,padrao,Serviços Transporte e Logística,Categoria A,,individual,padrao,dva,,0.11081031691651837,4618294.106766686,20.447596328551697,,2909525.287263012,12.881985686987568,461829.41067666846,,2502761.8178764842,11.081031691651837,-406763.4693865278,,0.20447596328551693,0.20447596328551693,,0.9,90.0,0.9,1.0,1.0,0.05194805194805195,0.0,0.0679728839449962,5.194805194805195,1.0,0.7,0.8601959325917494,1246939.4088270054,1708768.8195036738,-406763.4693865278,liquido,0.712788367671993,22586000.0,8654000.0,0.0,5590000.0,10809000.0,272000.0,0.0,6168470.533833428,0.0,7704529.466166573,5590000.0,4965000.0,-4604000.0,18270000.0,86784000.0,5096000.0,0.2256264942884973,1850541.1601500285,0.0,1956499.9999999998,770452.9466166573,40800.0,0.0,0.08193310724121262,0.0,0.08662445762861949,0.034111969654505324,0.0018064287611794915,0.0,0.05721100663716814,-0.2519978106185003,False,False,2078232.3480450087,1787687.0127689175,2909525.287263012,2502761.8178764842,3740818.226481016,3217836.6229840517
18597,,DTCOM - DIRECT TO COMPANY S.A.,utilities,cvm,Telecomunicações,Categoria A,BOLSA,individual,padrao,dva,,0.14911661144553834,1572018.9196954463,26.58580956697863,,935351.2572187905,15.818556692352281,235802.837954317,,881726.5234774683,14.911661144553836,-53624.73374132218,,0.26585809566978624,0.26585809566978624,,0.85,85.0,1.0,1.0,0.85,0.5887445887445888,0.01793951819579703,0.6177925435144579,58.87445887445888,0.9,0.7,0.9426688815271687,400864.82452233887,636667.6624766558,-53624.73374132218,liquido,0.5652923430541589,5913000.0,1994000.0,552000.0,3026000.0,4415000.0,0.0,0.0,1127192.9320499927,312041.3733658957,2495765.694584111,3026000.0,2613000.0,-1920000.0,224000.0,9755000.0,-1166000.0,-0.1971926264163707,304342.09165349806,89867.91552937798,953190.0,224618.91251257004,0.0,0.0,0.051469996897259944,0.015198362173072548,0.16120243531202436,0.0379873012874294,0.0,0.0,0.2678626345463865,-8.571428571428571,False,False,668108.0408705646,629804.6596267631,935351.2572187905,881726.5234774683,1202594.4735670164,1133648.3873281735
18724,,BRADESPAR S.A.,commodities,cvm,Emp. Adm. Part. - Extração Mineral,Categoria A,BOLSA,individual,padrao,dva,,0.0,6530174.999999999,,,4114010.249999999,,653017.4999999998,,3554480.324978518,,-559529.9250214812,,0.0,0.0,,0.9,90.0,0.9,1.0,1.0,0.0735930735930736,5.3585014042248046e-05,0.09329358133144898,7.35930735930736,0.75,0.7,0.8639940371997173,1763147.25,2416164.75,-559529.9250214812,liquido,0.37525679068705775,0.0,26286000.0,0.0,16422000.0,0.0,0.0,0.0,9864000.0,0.0,0.0,16422000.0,287950000.0,-287950000.0,1134569000.0,8606884000.0,790041000.0,,2219400.0,0.0,4310774.999999999,0.0,0.0,0.0,,,,,,,0.03345577795634285,-0.2537968162359451,False,False,2938578.7499999995,2538914.5178417987,4114010.249999999,3554480.324978518,5289441.749999999,4570046.132115237
18996,,ENERGISA SERGIPE - DISTRIBUIDORA DE ENERGIA S/A,utilities,cvm,Energia Elétrica,Categoria B,BOLSA,individual,padrao,dva,,0.03225269066375216,171647658.21191913,9.195876623667298,,63080514.39288026,3.3794846591977303,81532637.6506616,,60201969.31762117,3.2252690663752146,-2878545.0752590895,,0.09195876623667298,0.09195876623667298,,0.5249999999999999,52.49999999999999,0.75,0.7,1.0,0.670995670995671,0.02920983634902439,0.6957808494996484,67.09956709956711,0.9,0.7,0.9543671274249472,27034506.16837726,108567143.81903887,-2878545.0752590895,liquido,0.941256255714272,1866572000.0,108689000.0,0.0,85711000.0,1350377000.0,14677000.0,4016000.0,102304201.17732851,0.0,1271050798.8226714,85711000.0,29079000.0,1077994000.0,493169000.0,2579453000.0,626921000.0,0.3358675689981421,27622134.3178787,0.0,26998965.0,114394571.89404044,1981395.0000000002,650592.0,0.01479832244235888,0.0,0.014464464805000826,0.06128591444318272,0.0010615154411402292,0.00034854910499032457,0.011273320351252766,2.185851097696733,False,False,45057510.28062876,43001406.6554437,63080514.39288026,60201969.31762117,81103518.50513178,77402531.97979867
19097,,CAIANDA PARTICIPACOES S.A.,outros,padrao,Emp. Adm. Part. - Sem Setor Principal,Categoria A,,individual,padrao,dva,,0.0,16200.0,,,2835.0,,12150.0,,2438.65546889761,,-396.3445311023902,,0.0,0.0,,0.25,25.0,1.0,0.25,1.0,0.05194805194805195,0.0,0.0679728839449962,5.194805194805195,1.0,0.7,0.8601959325917494,1215.0000000000002,13365.0,-396.3445311023902,liquido,1.0,0.0,54000.0,0.0,0.0,0.0,0.0,0.0,54000.0,0.0,0.0,0.0,16000.0,-16000.0,-54000.0,16000.0,-60000.0,,16200.0,0.0,0.0,0.0,0.0,0.0,,,,,,,1.0,0.2962962962962963,False,False,2025.0,1741.8967634982926,2835.0,2438.65546889761,3645.0,3135.414174296927
19100,,CONTAX PARTICIPAÇÕES S.A. - EM RECUPERAÇÃO JUDICIAL,tecnologia,cvm,Emp. Adm. Part. - Comunicação e Informática,Categoria A,BOLSA,consolidado,padrao,dva,,0.10274061402765272,152420414.13313794,41.00045302476051,,38409944.36155076,10.332114162239648,97549065.04520826,,38194131.48662198,10.274061402765271,-215812.8749287799,,0.4100045302476051,0.4100045302476051,,0.36000000000000004,36.00000000000001,0.9,0.4,1.0,0.9588744588744589,0.11700211025995183,0.962542187356943,95.88744588744589,1.2,0.7,0.9943813281035414,16461404.726378903,114010469.77158718,-215812.8749287799,liquido,0.24055590352048595,371753000.0,91003000.0,0.0,321317000.0,332092000.0,0.0,0.0,21891308.88807478,0.0,79886691.11192521,321317000.0,68431000.0,152282000.0,7317000.0,1105551000.0,9869000.0,0.026547196660148,7880871.199706921,0.0,134953140.0,9586402.933431026,0.0,0.0,0.021199213455458117,0.0,0.3630182944051561,0.025787022386990894,0.0,0.0,0.06189764199028358,20.812081454147876,False,False,27435674.543964833,27281522.490444273,38409944.36155076,38194131.48662198,49384214.1791367,49106740.482799694
19119,,CABINDA PARTICIPACOES S.A.,outros,padrao,Emp. Adm. Part. - Sem Setor Principal,Categoria A,,individual,padrao,dva,,0.0,32400.0,,,5670.0,,24300.0,,4877.31093779522,,-792.6890622047804,,0.0,0.0,,0.25,25.0,1.0,0.25,1.0,0.05194805194805195,0.0,0.0679728839449962,5.194805194805195,1.0,0.7,0.8601959325917494,2430.0000000000005,26730.0,-792.6890622047804,liquido,1.0,0.0,108000.0,0.0,0.0,0.0,0.0,0.0,108000.0,0.0,0.0,0.0,20000.0,-20000.0,-108000.0,20000.0,-114000.0,,32400.0,0.0,0.0,0.0,0.0,0.0,,,,,,,1.0,0.18518518518518517,False,False,4050.0,3483.793526996585,5670.0,4877.31093779522,7290.0,6270.828348593854
19135,,CACONDE PARTICIPACOES S.A.,outros,padrao,Emp. Adm. Part. - Sem Setor Principal,Categoria A,,individual,padrao,dva,,0.0,16200.0,,,2835.0,,12150.0,,2438.65546889761,,-396.3445311023902,,0.0,0.0,,0.25,25.0,1.0,0.25,1.0,0.05194805194805195,0.0,0.0679728839449962,5.194805194805195,1.0,0.7,0.8601959325917494,1215.0000000000002,13365.0,-396.3445311023902,liquido,1.0,0.0,54000.0,0.0,0.0,0.0,0.0,0.0,54000.0,0.0,0.0,0.0,18000.0,-18000.0,-54000.0,18000.0,-60000.0,,16200.0,0.0,0.0,0.0,0.0,0.0,,,,,,,1.0,0.3333333333333333,False,False,2025.0,1741.8967634982926,2835.0,2438.65546889761,3645.0,3135.414174296927
19186,,SANEAMENTO DE GOIAS SA,utilities,cvm,"Saneamento, Serv. Água e Gás",Categoria B,,individual,padrao,dva,,0.10183358229951328,633572643.9861253,16.447311529479766,,399150765.71125895,10.361806263572252,63357264.39861252,,392276706.5513357,10.183358229951331,-6874059.159923255,,0.1644731152947976,0.1644731152947976,,0.9,90.0,0.9,1.0,1.0,0.8744588744588745,0.08024804776680618,0.8851885928754409,87.44588744588745,0.9,0.7,0.9827782889313161,171064613.87625387,234421878.2748664,-6874059.159923255,liquido,0.6324242113372995,3852135000.0,570033000.0,340670000.0,1067754000.0,1994151000.0,56298000.0,103344000.0,360502670.46123487,215447956.07627782,1261149373.4624872,1067754000.0,389201000.0,803664000.0,1040738000.0,8574155000.0,940896000.0,0.2442531219700244,97335721.02453342,62049011.34996802,336342510.0,113503443.61162387,7600230.000000001,16741728.0,0.025267993210137604,0.016107693876244736,0.08731327173113092,0.02946507420213047,0.0019729916007616556,0.0043460906743922525,0.045392344784996305,0.7722058769834483,False,False,285107689.7937564,280197647.5366684,399150765.71125895,392276706.5513357,513193841.6287616,504355765.56600314
19208,,CONC RIO-TERESOPOLIS S.A.,outros,padrao,Serviços Transporte e Logística,Categoria A,BOLSA,individual,padrao,dva,,0.0,3817100.0,,,667992.5,,2862825.0,,576136.1699200831,,-91856.33007991686,,0.0,0.0,,0.25,25.0,1.0,0.25,1.0,0.06493506493506493,2.848326608117731e-05,0.08325986614204092,6.493506493506493,1.0,0.7,0.8624889799213061,286282.50000000006,3149107.5,-91856.33007991686,liquido,0.6024469957261376,0.0,11933000.0,0.0,4744000.0,0.0,0.0,0.0,7189000.0,0.0,0.0,4744000.0,39313000.0,-31645000.0,-12844000.0,42130000.0,-1448000.0,,2156700.0,0.0,1660400.0,0.0,0.0,0.0,,,,,,,0.9331355328744363,2.4637963251323574,False,False,477137.5,411525.83565720223,667992.5,576136.1699200831,858847.5,740746.504182964
19232,,PRODUTORES ENERGET.DE MANSO S.A.- PROMAN,utilities,cvm,Energia Elétrica,Categoria A,BALCÃO ORGANIZADO,consolidado,padrao,dva,,0.03696956737989828,676925.1849806737,8.186300459313989,,355385.7221148537,4.297807741139844,169231.29624516843,,305701.3526643789,3.696956737989828,-49684.3694504748,,0.08186300459313989,0.08186300459313989,,0.75,75.0,0.75,1.0,1.0,0.05194805194805195,0.0,0.0679728839449962,5.194805194805195,0.9,0.7,0.8601959325917494,152308.1666206516,321539.46286582004,-49684.3694504748,liquido,0.9762562120375483,8269000.0,1887000.0,0.0,86000.0,1735000.0,0.0,0.0,1842195.4721148536,0.0,1693804.5278851462,86000.0,0.0,10959000.0,5972000.0,15317000.0,5827000.0,0.704680130608296,497392.7774710105,0.0,27090.0,152442.40750966317,0.0,0.0,0.060151502898900776,0.0,0.0032760914258072316,0.018435410268431877,0.0,0.0,0.0,1.8350636302746148,False,False,253846.94436775264,218358.10904598492,355385.7221148537,305701.3526643789,456924.49986195477,393044.59628277284
19275,,CIA PIRATININGA DE FORCA E LUZ,utilities,cvm,Energia Elétrica,Categoria B,BALCÃO ORGANIZADO,individual,padrao,dre,,0.03883515322283469,554615913.0759678,9.397477547365465,,244585617.6665018,4.14428759838817,205207887.8381081,,229195482.03832427,3.8835153222834684,-15390135.628177524,,0.09397477547365468,0.09397477547365468,,0.63,63.0,0.9,0.7,1.0,0.5497835497835498,0.014568973864227341,0.5805112942996151,54.97835497835498,0.9,0.7,0.9370766941449422,104822407.57135794,310030295.409466,-15390135.628177524,liquido,0.9554929069442688,5901753000.0,186466000.0,171922000.0,213222000.0,4432354000.0,70500000.0,8402000.0,178166940.38627002,164270251.54767257,4235082808.0660577,213222000.0,245319000.0,4012221000.0,1256193000.0,8014456000.0,309641000.0,0.052465936815722376,48105073.90429291,47309832.4457297,67164930.0,381157452.72594523,9517500.0,1361124.0,0.00815098054837146,0.008016233896221971,0.01138050508043966,0.06458376904725516,0.00161265644292467,0.0002306304584417545,0.03060956351872167,3.193952680838056,False,False,174704012.61892986,163711058.59880307,244585617.6665018,229195482.03832427,314467222.7140738,294679905.47784555
19364,,ITAPEBI GERACAO DE ENERGIA S.A.,utilities,cvm,Energia Elétrica,Categoria B,BOLSA,individual,padrao,dva,,0.0868733207602166,26000734.054869078,14.253381823542128,,16380462.454567518,8.979630548831539,2600073.4054869073,,15847257.426437192,8.68733207602166,-533205.0281303264,,0.14253381823542127,0.14253381823542127,,0.9,90.0,0.9,1.0,1.0,0.7640692640692641,0.05213403181963221,0.7829914633121778,76.40692640692642,0.9,0.7,0.9674487194968266,7020198.194814652,9620271.60030156,-533205.0281303264,liquido,0.7911930900292223,182418000.0,48607000.0,0.0,29082000.0,90670000.0,0.0,0.0,38457522.52705041,0.0,71737477.4729496,29082000.0,56285000.0,98222000.0,85930000.0,990332000.0,47883000.0,0.2624905436963458,10383531.082303612,0.0,9160830.0,6456372.972565465,0.0,0.0,0.05692163647394233,0.0,0.050218892872413906,0.035393288889065025,0.0,0.0,0.05683447571117565,1.1430466658908414,False,False,11700330.324691085,11319469.59031228,16380462.454567518,15847257.426437192,21060594.584443953,20375045.262562104
19593,,SANESALTO SANEAMENTO S.A.,utilities,cvm,"Saneamento, Serv. Água e Gás",Categoria B,,individual,padrao,dva,,0.031556547458263674,2336329.6536585367,20.963029642517153,,408857.6893902439,3.668530187440502,1752247.2402439024,,351697.7214223487,3.155654745826368,-57159.96796789521,,0.20963029642517153,0.20963029642517153,,0.25,25.0,1.0,0.25,1.0,0.05194805194805195,0.0,0.0679728839449962,5.194805194805195,0.9,0.7,0.8601959325917494,175224.72402439028,1927471.9642682928,-57159.96796789521,liquido,0.8168021680216802,11145000.0,4936000.0,841000.0,2028000.0,5293000.0,163000.0,0.0,4031735.5013550133,686930.623306233,4323333.875338753,2028000.0,1013000.0,21639000.0,-26155000.0,6818000.0,49000.0,0.0043965903992821895,1088568.5853658537,197836.0195121951,638820.0,389100.0487804878,22005.0,0.0,0.09767326921183074,0.01775110089835757,0.05731897711978466,0.03491252120058213,0.00197442799461642,0.0,0.14857729539454387,-0.8273370292487097,False,False,292041.2067073171,251212.6581588205,408857.6893902439,351697.7214223487,525674.1720731708,452182.7846858769
19720,,SECME - COMPANHIA SECURITIZADORA DE CRÉDITOS IMOBILIÁRIOS,financeiro,cvm,Securitização de Recebíveis,Categoria B,BOLSA,individual,padrao,dva,,0.10472821583470708,61452.75,27.282746710234235,,27423.289687499997,12.174925719442026,22276.621875000004,,23589.402247472764,10.47282158347071,-3833.8874400272325,,0.27282746710234235,0.27282746710234235,,0.6375,63.74999999999999,0.75,1.0,0.85,0.05194805194805195,0.0,0.0679728839449962,5.194805194805195,1.25,0.7,0.8601959325917494,11752.8384375,34029.4603125,-3833.8874400272325,liquido,1.0,225244.0,153175.0,0.0,0.0,32097.0,0.0,0.0,153175.0,0.0,32097.0,0.0,8934.0,-8934.0,32647.0,451152.0,-538911.0,-2.3925653957486106,57440.625,0.0,0.0,4012.125,0.0,0.0,0.2550151169398519,0.0,0.0,0.017812350162490456,0.0,0.0,0.019802638578572188,-0.2736545471253101,False,False,19588.064062499998,16849.573033909117,27423.289687499997,23589.402247472764,35258.5153125,30329.231461036416
19852,,TERMOPERNAMBUCO S.A.,utilities,cvm,Energia Elétrica,Categoria B,BOLSA,individual,padrao,dva,,0.04734549776483079,51439995.00000001,7.703204227777663,,36007996.5,5.392242959444363,0.0,,31616092.42441211,4.734549776483078,-4391904.075587891,,0.07703204227777663,0.07703204227777663,,1.0,100.0,1.0,1.0,1.0,0.15800865800865802,0.0004313150660553638,0.18686504804788912,15.800865800865802,0.9,0.7,0.8780297572071833,15431998.500000004,15431998.500000007,-4391904.075587891,liquido,0.9596246193318733,667774000.0,0.0,0.0,20961000.0,519153000.0,0.0,0.0,0.0,0.0,498192000.0,20961000.0,165064000.0,-165064000.0,164106000.0,1281198000.0,230634000.0,0.34537732825776385,0.0,0.0,6602715.0,44837280.00000001,0.0,0.0,0.0,0.0,0.009887649114820284,0.06714439316295634,0.0,0.0,0.12883566786710562,-1.00583769027336,False,False,25719997.500000004,22582923.160294365,36007996.5,31616092.42441211,46295995.50000001,40649261.68852986
19879,,LIGHT S.A. - EM RECUPERAÇÃO JUDICIAL,utilities,cvm,Emp. Adm. Part. - Energia Elétrica,Categoria A,BOLSA,consolidado,padrao,dva,,0.02021702796663477,1537565690.6091347,10.335684596811817,,322888795.0279183,2.170493765330481,1076295983.4263942,,300754229.45057344,2.0217027966634773,-22134565.577344835,,0.10335684596811814,0.10335684596811814,,0.30000000000000004,30.000000000000004,0.75,0.4,1.0,0.5108225108225108,0.011662624432989377,0.5429888779420995,51.082251082251084,0.9,0.7,0.9314483316913149,138380912.15482214,1214676895.5812163,-22134565.577344835,liquido,0.954543342351345,14876283000.0,922804000.0,0.0,612372000.0,12548754000.0,117052000.0,80158000.0,880856414.4951905,0.0,11978329585.50481,612372000.0,185797000.0,9320046000.0,2070999000.0,25343661000.0,2150286000.0,0.14454457474357002,237831231.91370144,0.0,192897180.0,1078049662.6954331,15802020.000000002,12985596.0,0.01598727531021704,0.0,0.012966759236833556,0.07246767641456088,0.0010622290527815316,0.0008729059537251341,0.00733110342661228,4.500265813744961,False,False,230634853.59137022,214824449.60755247,322888795.0279183,300754229.45057344,415142736.4644664,386684009.2935944
20001,,XX DE NOVEMBRO INVESTIMENTOS E PARTICIPAÇÕES S.A.,outros,padrao,Emp. Adm. Part. - Sem Setor Principal,Categoria B,,individual,padrao,dva,,0.033328280432380473,607300.0,5.534998177178272,,425110.0,3.874498724024791,0.0,,365677.8929040786,3.3328280432380475,-59432.10709592141,,0.05534998177178272,0.05534998177178272,,1.0,100.0,1.0,1.0,1.0,0.05194805194805195,0.0,0.0679728839449962,5.194805194805195,1.0,0.7,0.8601959325917494,182190.00000000003,182190.0,-59432.10709592141,liquido,1.0,10972000.0,911000.0,0.0,0.0,3340000.0,0.0,0.0,911000.0,0.0,3340000.0,0.0,2673000.0,-2673000.0,8606000.0,24729000.0,8224000.0,0.7495442945679912,273300.0,0.0,0.0,334000.0,0.0,0.0,0.024908858913598248,0.0,0.0,0.030441122858184472,0.0,0.0,0.10809171418172996,-0.3105972577271671,False,False,303650.0,261198.49493148472,425110.0,365677.8929040786,546570.0,470157.2908766725
20052,,DINAMICA ENERGIA S.A.,utilities,cvm,Emp. Adm. Part. - Energia Elétrica,Categoria B,,individual,padrao,dva,,0.0,100485.0,,,17584.875,,75363.75,,15126.43795013434,,-2458.437049865661,,0.0,0.0,,0.25,25.0,1.0,0.25,1.0,0.05194805194805195,0.0,0.0679728839449962,5.194805194805195,0.9,0.7,0.8601959325917494,7536.375000000001,82900.125,-2458.437049865661,liquido,0.8821917808219178,0.0,365000.0,0.0,43000.0,0.0,0.0,0.0,322000.0,0.0,0.0,43000.0,11356000.0,-11356000.0,-365000.0,14817000.0,91000.0,,86940.0,0.0,13545.0,0.0,0.0,0.0,,,,,,,0.7664169534993589,31.112328767123287,False,False,12560.625,10804.598535810243,17584.875,15126.43795013434,22609.125,19448.277364458438
20192,,CONC SIST ANHANG-BANDEIRANT S.A. AUTOBAN,outros,padrao,Serviços Transporte e Logística,Categoria B,BOLSA,individual,padrao,dre,,0.036148303434943345,199691253.5359145,5.741215757435645,,125805489.72762614,3.6169659271844568,19969125.353591446,,125731209.74893713,3.614830343494335,-74279.97868901491,,0.05741215757435646,0.05741215757435646,,0.9,90.0,0.9,1.0,1.0,0.9956709956709957,0.15849428688825265,0.9960637659056139,99.56709956709958,1.0,0.7,0.9994095648858421,53916638.45469693,73885763.80828837,-74279.97868901491,liquido,0.8844462475418022,3478205000.0,210694000.0,0.0,145547000.0,1048867000.0,526000.0,0.0,186347517.6795725,0.0,927666482.3204275,145547000.0,377368000.0,4281977000.0,2622126000.0,7488651000.0,2004296000.0,0.576244355924967,55904255.30387174,0.0,50941450.0,92766648.23204276,78900.0,0.0,0.016072731568113938,0.0,0.014645902124802879,0.02667083976707605,2.2684114363586965e-05,0.0,0.05039198648728589,1.6330172539382166,False,False,89861064.09116153,89808006.96352652,125805489.72762614,125731209.74893713,161749915.36409077,161654412.53434774
20303,,CEMIG DISTRIBUICAO S.A.,utilities,cvm,Energia Elétrica,Categoria B,,individual,padrao,dre,,0.03456789046958089,2544452512.8136044,9.559439002854338,,935086298.4589994,3.5130938335489685,1208614943.5864623,,920099555.4417764,3.456789046958089,-14986743.017223,,0.09559439002854339,0.09559439002854339,,0.5249999999999999,52.49999999999999,0.75,0.7,1.0,0.8831168831168831,0.0850701018993092,0.8931525140733299,88.31168831168831,0.9,0.7,0.9839728771109995,400751270.7681427,1609366214.354605,-14986743.017223,liquido,0.9385275336744826,26617174000.0,582666000.0,164690000.0,1416864000.0,22301402000.0,164690000.0,0.0,546848083.935976,154566099.52085054,20930479816.543175,1416864000.0,951779000.0,9085842000.0,3806906000.0,32453115000.0,2114323000.0,0.07943454102227382,147648982.66271353,44515036.66200496,446312160.0,1883743183.4888859,22233150.0,0.0,0.005547132188515338,0.0016724178405267576,0.01676782666709847,0.07077171992371864,0.0008352934086841827,0.0,0.02932781645151783,2.386673587422437,False,False,667918784.613571,657213968.1726974,935086298.4589994,920099555.4417764,1202253812.3044279,1182985142.7108555
20397,,CONC ECOVIAS IMIGRANTES S.A.,outros,padrao,Serviços Transporte e Logística,Categoria B,BALCÃO ORGANIZADO,individual,padrao,dva,,0.039758933583870025,102788341.94790912,5.686564076418227,,71951839.36353637,3.980594853492758,0.0,,71866856.78352802,3.975893358387002,-84982.58000835776,,0.05686564076418227,0.05686564076418227,,1.0,100.0,1.0,1.0,1.0,0.9913419913419913,0.14755711835681404,0.9921259756748325,99.13419913419914,1.0,0.7,0.9988188963512249,30836502.58437274,30836502.584372744,-84982.58000835776,liquido,0.9339912017804928,1807565000.0,71635000.0,0.0,50657000.0,695793000.0,0.0,0.0,66906459.7395456,0.0,649864540.2604544,50657000.0,394955000.0,2217714000.0,1206919000.0,3362054000.0,881526000.0,0.48768702646931095,20071937.92186368,0.0,17729950.0,64986454.02604544,0.0,0.0,0.011104407267159786,0.0,0.009808748233120246,0.03595248526390223,0.0,0.0,0.11747431778311711,1.8375002796376558,False,False,51394170.97395456,51333469.131091446,71951839.36353637,71866856.78352802,92509507.7531182,92400244.4359646
20443,,TRANSNORDESTINA LOGISTICA SA,outros,padrao,Serviços Transporte e Logística,Categoria B,,individual,padrao,dva,,0.0,11780300.0,,,1546164.375,,9571493.75,,1330004.3064932644,,-216160.0685067356,,0.0,0.0,,0.1875,18.75,0.75,0.25,1.0,0.05194805194805195,0.0,0.0679728839449962,5.194805194805195,1.0,0.7,0.8601959325917494,662641.8750000001,10234135.625,-216160.0685067356,liquido,0.4469555524592448,0.0,35885000.0,0.0,19846000.0,0.0,0.0,125000.0,16039000.0,0.0,0.0,19846000.0,277966000.0,7204479000.0,-24466000.0,13709979000.0,-151987000.0,,4811700.0,0.0,6946100.0,0.0,0.0,22500.0,,,,,,,0.020274721062665375,-294.46901822937957,False,False,1104403.125,950003.0760666174,1546164.375,1330004.3064932644,1987925.625,1710005.5369199114
20630,,FICA EMPREENDIMENTOS IMOBILIÁRIOS S.A.,construcao,cvm,"Construção Civil, Mat. Constr. e Decoração",Categoria A,BOLSA,consolidado,padrao,dva,,0.08452451756545148,3297808.213396562,131.54400532096378,,588658.7660912862,23.48060494979203,2456867.1189804384,,514791.6419514245,20.534170002051237,-73867.12413986173,,1.3154400532096377,0.5414727543051877,,0.255,25.5,0.75,0.4,0.85,0.13636363636363635,0.00025637617030974043,0.16344150018250422,13.636363636363635,0.85,0.7,0.8745162250273756,252282.328324837,2709149.4473052756,-73867.12413986173,liquido,0.7131001778304683,2507000.0,7555000.0,0.0,2420000.0,880000.0,0.0,18159000.0,5387471.843509188,0.0,627528.1564908121,2420000.0,217000.0,11764000.0,1000.0,105314000.0,-11752000.0,-4.6876745113681695,1373805.320094843,0.0,719950.0,53339.89330171903,0.0,1150713.0,0.5479877623034873,0.0,0.2871759074591145,0.02127638344703591,0.0,0.45899999999999996,0.002060504776193099,11764.0,True,False,420470.5472080616,367708.31567958894,588658.7660912862,514791.6419514245,756846.984974511,661874.9682232601
20818,,VIRGO COMPANHIA DE SECURITIZAÇÃO,financeiro,cvm,Securitização de Recebíveis,Categoria B,BALCÃO ORGANIZADO,consolidado,padrao,dva,,0.3260408626038019,18464937.5,63.88367526985884,,12925456.25,44.71857268890119,0.0,,11118424.893142607,38.46673433830129,-1807031.356857393,,0.6388367526985884,0.5414727543051877,,1.0,100.0,1.0,1.0,1.0,0.05194805194805195,0.0,0.0679728839449962,5.194805194805195,1.25,0.7,0.8601959325917494,5539481.250000001,5539481.25,-1807031.356857393,liquido,0.47816777041942604,28904000.0,45300000.0,0.0,23639000.0,0.0,0.0,0.0,21661000.0,0.0,0.0,23639000.0,25752000.0,-18549000.0,6716000.0,78823000.0,35981000.0,1.2448450041516745,8122875.0,0.0,10342062.5,0.0,0.0,0.0,0.28102944229172433,0.0,0.3578073104068641,0.0,0.0,0.0,0.32670667191048297,-2.7619118522930317,False,False,9232468.75,7941732.0665304335,12925456.25,11118424.893142607,16618443.75,14295117.71975478
20990,,AMERICANAS S.A. - EM RECUPERAÇÃO JUDICIAL,varejo,cvm,Comércio (Atacado e Varejo),Categoria A,BOLSA,consolidado,padrao,dva,,0.13269034261475351,3845804587.457891,26.801899696549526,,2059428356.5837007,14.35241728750227,903764078.0526043,,1903973726.1790984,13.269034261475351,-155454630.4046023,,0.26801899696549525,0.26801899696549525,,0.765,76.5,0.9,1.0,0.85,0.46320346320346323,0.008508445462353279,0.4967709367581351,46.320346320346324,1.1,0.7,0.9245156405137203,882612152.8215861,1786376230.8741903,-155454630.4046023,liquido,0.8706918890904379,14349000000.0,2137000000.0,3577000000.0,1996000000.0,9722000000.0,363000000.0,1899000000.0,1860668566.986266,3114464887.2764964,8464866545.737238,1996000000.0,1129000000.0,653000000.0,1660000000.0,17465000000.0,-3547000000.0,-0.2471949264757126,614020627.1054678,1096291640.3213267,768460000.0,931135320.0310963,59895000.0,376002000.0,0.042791875887202444,0.07640195416553953,0.053554951564568964,0.06489200083846236,0.004174158477942714,0.02620405603177922,0.06464357286000573,0.3933734939759036,False,False,1471020254.7026434,1359981232.9850702,2059428356.5837007,1903973726.1790984,2647836458.4647584,2447966219.373127
21342,,OSX BRASIL S.A. - EM RECUPERAÇÃO JUDICIAL,outros,padrao,Emp. Adm. Part. - Sem Setor Principal,Categoria A,BOLSA,consolidado,padrao,dva,,0.06877642806030483,43358700.0,67.30731616448563,,5690829.375,8.834085246588739,35228943.75,,5507306.669870923,8.549196153108436,-183522.70512907673,,0.6730731616448563,0.5414727543051877,,0.1875,18.75,0.75,0.25,1.0,0.7662337662337663,0.05291556863733752,0.7850076640436064,76.62337662337663,1.0,0.7,0.967751149606541,2438926.8750000005,37667870.625,-183522.70512907673,liquido,0.9604688577338543,64419000.0,143583000.0,0.0,5676000.0,0.0,0.0,0.0,137907000.0,0.0,0.0,5676000.0,614000.0,6720752000.0,-965659000.0,1392267000.0,37000.0,0.0005743647060649808,41372100.0,0.0,1986599.9999999998,0.0,0.0,0.0,0.6422344339402971,0.0,0.030838727704559213,0.0,0.0,0.0,0.0004410073642483805,-6.959757015675305,False,False,4064878.125,3933790.478479231,5690829.375,5507306.669870923,7316780.625,7080822.861262615
21393,,CIA CELG DE PARTICIPACOES - CELGPAR,utilities,cvm,Emp. Adm. Part. - Energia Elétrica,Categoria A,BOLSA,consolidado,padrao,dva,,0.18549726526690283,12331979.953727506,39.40307362918972,,6474289.4757069405,20.6866136553246,3082994.9884318765,,5805507.911058257,18.54972652669028,-668781.5646486832,,0.3940307362918972,0.3940307362918972,,0.75,75.0,0.75,1.0,1.0,0.27705627705627706,0.0016267574367322777,0.31134624408530687,27.705627705627705,0.9,0.7,0.896701936612796,2774695.489588689,5857690.478020566,-668781.5646486832,liquido,0.5336845907072596,31297000.0,32549000.0,0.0,21949000.0,14520000.0,155000.0,59000.0,17370899.74293059,0.0,7749100.25706941,21949000.0,67000.0,13143000.0,17788000.0,844625000.0,4211000.0,0.13454963734543246,4690142.93059126,0.0,6913935.0,697419.023136247,20925.0,9558.0,0.14985918556383232,0.0,0.22091366584656677,0.022283893764138637,0.0006685944339713071,0.0003053966833881842,7.932514429480538e-05,0.7388689003822801,False,False,4624492.482647815,4146791.365041612,6474289.4757069405,5805507.911058257,8324086.468766067,7464224.457074903
21628,,HABITASEC SECURITIZADORA SA,financeiro,cvm,Securitização de Recebíveis,Categoria B,,individual,padrao,dva,,0.06113266173821284,5141201.875,57.717946859811185,,674782.74609375,7.575480525350217,4177226.5234375,,580445.3735729349,6.516397535334266,-94337.37252081512,,0.5771794685981118,0.5414727543051877,,0.1875,18.75,0.75,0.25,1.0,0.05194805194805195,0.0,0.0679728839449962,5.194805194805195,1.25,0.7,0.8601959325917494,289192.60546875006,4466419.12890625,-94337.37252081512,liquido,0.44476774648912065,8907458.0,12548637.0,0.0,6967408.0,0.0,0.0,0.0,5581228.999999999,0.0,0.0,6967408.0,3336.0,-3336.0,-4358572.0,14955254.0,1261074.0,0.141575071137018,2092960.8749999995,0.0,3048241.0,0.0,0.0,0.0,0.2349672459864531,0.0,0.3422122226116587,0.0,0.0,0.0,0.00022306541901595252,0.0007653882969009116,False,False,481987.67578125,414603.8382663821,674782.74609375,580445.3735729349,867577.81640625,746286.9088794878
21644,,PDG COMPANHIA SECURITIZADORA,financeiro,cvm,Securitização de Recebíveis,Categoria B,BALCÃO ORGANIZADO,individual,padrao,dva,,0.03457037432581667,39500.0,30.620155038759687,,5184.375,4.0188953488372094,32093.75,,4459.578288030351,3.457037432581668,-724.7967119696486,,0.30620155038759694,0.30620155038759694,,0.1875,18.75,0.75,0.25,1.0,0.05194805194805195,0.0,0.0679728839449962,5.194805194805195,1.25,0.7,0.8601959325917494,2221.8750000000005,34315.625,-724.7967119696486,liquido,1.0,129000.0,92000.0,0.0,0.0,40000.0,0.0,0.0,92000.0,0.0,40000.0,0.0,0.0,0.0,-16000.0,3012000.0,0.0,0.0,34500.0,0.0,0.0,5000.0,0.0,0.0,0.2674418604651163,0.0,0.0,0.03875968992248062,0.0,0.0,0.0,-0.0,False,False,3703.125,3185.413062878822,5184.375,4459.578288030351,6665.625,5733.74351318188
21750,,INFRASEC SECURITIZADORA S.A.,financeiro,cvm,Securitização de Recebíveis,Categoria B,BALCÃO ORGANIZADO,individual,padrao,dva,,0.12119088036148583,168813.25,20.126790017037276,,118169.275,14.088753011926094,0.0,,101648.7297123159,12.119088036148584,-16520.5452876841,,0.20126790017037277,0.20126790017037277,,1.0,100.0,1.0,1.0,1.0,0.05194805194805195,0.0,0.0679728839449962,5.194805194805195,1.25,0.7,0.8601959325917494,50643.975000000006,50643.975000000006,-16520.5452876841,liquido,1.0,838749.0,437854.0,0.0,0.0,36944.0,0.0,0.0,437854.0,0.0,36944.0,0.0,1249106.0,-1249106.0,363951.0,3022149.0,267217.0,0.31858994764822374,164195.25,0.0,0.0,4618.0,0.0,0.0,0.19576208138549195,0.0,0.0,0.005505818784880817,0.0,0.0,0.413317146176446,-3.4320718997887076,False,False,84406.625,72606.23550879706,118169.275,101648.7297123159,151931.92500000002,130691.22391583475
21814,,FERROVIA NORTE SUL S/A,outros,padrao,Serviços Transporte e Logística,Categoria B,,individual,padrao,dva,,0.04765678460489504,158012070.83934617,6.925308835946539,,110608449.58754231,4.847716185162578,0.0,,108736626.8183894,4.765678460489503,-1871822.7691529095,,0.0692530883594654,0.0692530883594654,,1.0,100.0,1.0,1.0,1.0,0.8766233766233766,0.08082160874477863,0.8871802424900378,87.66233766233766,1.0,0.7,0.9830770363735056,47403621.25180386,47403621.25180386,-1871822.7691529095,liquido,0.8986143380557412,2281661000.0,79634000.0,0.0,99230000.0,899104000.0,99794000.0,33609000.0,71560254.1967309,0.0,807947745.8032691,99230000.0,354639000.0,672997000.0,1465098000.0,4379116000.0,1577189000.0,0.6912459826415931,21468076.259019267,0.0,34730500.0,80794774.58032691,14969100.0,6049620.0,0.009408968404604921,0.0,0.015221586379396414,0.035410507774961714,0.006560615271067875,0.0026514105294344775,0.08098415296603241,0.4593528897043065,False,False,79006035.41967309,77669019.15599243,110608449.58754231,108736626.8183894,142210863.75541157,139804234.48078638
21849,,CONCESSIONARIA DE RODOVIAS DO INTERIOR PAULISTA S/A,outros,padrao,Serviços Transporte e Logística,Categoria B,BALCÃO ORGANIZADO,individual,padrao,dre,,0.027938996216009544,107783997.46013787,6.462122172634897,,47532742.8799208,2.8497958781319896,39880079.06025101,,46600429.653549895,2.7938996216009553,-932313.2263709083,,0.06462122172634896,0.06462122172634896,,0.63,63.0,0.9,0.7,1.0,0.8571428571428571,0.07621785929073187,0.8692391574195276,85.71428571428571,1.0,0.7,0.9803858736129292,20371175.519966062,60251254.58021707,-932313.2263709083,liquido,0.9509398408835766,1667935000.0,33556000.0,0.0,44313000.0,869682000.0,0.0,0.0,31909737.3006893,0.0,827015262.6993107,44313000.0,158411000.0,2313514000.0,854741000.0,3490161000.0,241914000.0,0.1450380260621667,9572921.190206788,0.0,15509549.999999998,82701526.26993108,0.0,0.0,0.00573938504210703,0.0,0.009298653724515642,0.04958318295972629,0.0,0.0,0.04538787752198251,2.7066842470409167,False,False,33951959.19994343,33286021.181107067,47532742.8799208,46600429.653549895,61113526.559898175,59914838.12599272
21938,,ENERGISA PARAÍBA - DISTRIBUIDORA DE ENERGIA S/A,utilities,cvm,Energia Elétrica,Categoria B,BOLSA,individual,padrao,dva,,0.046295884992629786,312156161.2339474,9.140718049302604,,163881984.64782238,4.798876975883867,78039040.30848685,,158100771.3210257,4.629588499262979,-5781213.326796681,,0.09140718049302604,0.09140718049302604,,0.75,75.0,0.75,1.0,1.0,0.7445887445887446,0.04424212562135275,0.7648220927915358,74.45887445887446,0.9,0.7,0.9647233139187303,70235136.27763817,148274176.58612502,-5781213.326796681,liquido,0.9488484884999473,3415007000.0,178899000.0,0.0,139236000.0,2543132000.0,26405000.0,10654000.0,169748045.74415207,0.0,2413046954.255848,139236000.0,81391000.0,1538369000.0,816497000.0,4475115000.0,758473000.0,0.22209998398246328,45831972.350921065,0.0,43859340.0,217174225.88302633,3564675.0000000005,1725948.0,0.01342075502361227,0.0,0.012843118623182909,0.06359407927510144,0.0010438265573101315,0.0005054010138192982,0.018187465573510402,1.8841085760266112,False,False,117058560.46273027,112929122.37216121,163881984.64782238,158100771.3210257,210705408.8329145,203272420.2698902
21962,,AUTOPISTA REGIS BITTENCOURT SA,outros,padrao,Serviços Transporte e Logística,Categoria B,,individual,padrao,dre,,0.0250666881368733,98013615.37953311,11.936518160415858,,20582859.229701955,2.5066688136873303,68609530.76567318,,20582859.229701955,2.5066688136873303,0.0,,0.11936518160415857,0.11936518160415857,,0.30000000000000004,30.000000000000004,0.75,0.4,1.0,1.0,0.17918180249550197,1.0,100.0,1.0,0.7,1.0,8821225.384157982,77430756.14983116,0.0,liquido,0.9143052904615083,821124000.0,30564000.0,0.0,54281000.0,602859000.0,103414000.0,0.0,27944826.89766554,0.0,551197173.1023345,54281000.0,25136000.0,1734024000.0,367419000.0,2428289000.0,335918000.0,0.40909533761039746,8383448.0692996625,0.0,18998350.0,55119717.31023345,15512100.0,0.0,0.010209722367510464,0.0,0.023137004885985548,0.06712715413291226,0.018891300217750304,0.0,0.010351321444852733,4.7194728634066285,False,False,14702042.306929968,14702042.306929968,20582859.229701955,20582859.229701955,26463676.152473945,26463676.152473945
21970,,AUTOPISTA PLANALTO SUL SA,outros,padrao,Serviços Transporte e Logística,Categoria B,,individual,padrao,dre,,0.061954517326558746,48495821.034373924,12.677485990660703,,23762952.306843217,6.211968135423743,14548746.31031218,,23699771.28551515,6.195451732655874,-63181.02132806927,,0.12677485990660703,0.12677485990660703,,0.7,70.0,1.0,0.7,1.0,0.9805194805194806,0.1404243200722247,0.9822746431750192,98.05194805194806,1.0,0.7,0.9973411964762529,10184122.417218525,24732868.727530707,-63181.02132806927,liquido,0.907812966961146,382535000.0,24460000.0,0.0,33006000.0,333573000.0,0.0,0.0,22205105.17186963,0.0,302821894.82813036,33006000.0,210539000.0,460649000.0,154720000.0,1506410000.0,56858000.0,0.14863476544629903,6661531.551560889,0.0,11552100.0,30282189.482813038,0.0,0.0,0.017414175308300913,0.0,0.030198805338073637,0.07916187926023249,0.0,0.0,0.13976208336375887,2.9773073940020685,False,False,16973537.36203087,16928408.06108225,23762952.306843217,23699771.28551515,30552367.251655567,30471134.50994805
21989,,AUTOPISTA FERNÃO DIAS SA,outros,padrao,Serviços Transporte e Logística,Categoria B,,individual,padrao,dre,,0.06318723886549144,97478384.57129128,12.941246268947037,,47764408.43993272,6.341210671784046,29243515.37138739,,47595029.42856503,6.318723886549144,-169379.0113676861,,0.12941246268947038,0.12941246268947038,,0.7,70.0,1.0,0.7,1.0,0.974025974025974,0.13026852995180752,0.9763591040693418,97.40259740259741,1.0,0.7,0.9964538656104013,20470460.75997117,49713976.131358564,-169379.0113676861,liquido,0.9042356010159951,753238000.0,31158000.0,0.0,59985000.0,595223000.0,94728000.0,0.0,28174172.856456377,0.0,538221827.1435436,59985000.0,476497000.0,635027000.0,223732000.0,2368004000.0,273584000.0,0.3632105655848483,8452251.856936913,0.0,20994750.0,53822182.714354366,14209200.0,0.0,0.011221223380839673,0.0,0.027872664416824428,0.07145441774625598,0.018864157145550276,0.0,0.20122305536646054,2.8383378327642,False,False,34117434.599951945,33996449.59183217,47764408.43993272,47595029.42856503,61411382.2799135,61193609.265297905
21997,,AUTOPISTA LITORAL SUL,outros,padrao,Serviços Transporte e Logística,Categoria B,,individual,padrao,dre,,0.02170788929631176,257941162.20072588,16.539344225761344,,33854777.53884527,2.1707889296311764,209577194.28808978,,33854777.53884527,2.1707889296311764,0.0,,0.16539344225761343,0.16539344225761343,,0.1875,18.75,0.75,0.25,1.0,1.0,0.18035219865363236,1.0,100.0,1.0,0.7,1.0,14509190.373790832,224086384.6618806,0.0,liquido,0.9592752789437425,1559561000.0,38372000.0,0.0,57340000.0,1369618000.0,636302000.0,0.0,36809311.00362929,0.0,1313840688.9963708,57340000.0,25700000.0,2260627000.0,-76670000.0,6327395000.0,348768000.0,0.2236321631536054,11042793.301088786,0.0,20069000.0,131384068.89963709,95445300.0,0.0,0.007080706237902067,0.0,0.012868364879603938,0.08424426418693279,0.06120010695317464,0.0,0.004061703117949804,-29.48515716707969,False,False,24181983.95631805,24181983.95631805,33854777.53884527,33854777.53884527,43527571.12137249,43527571.12137249
22004,,AUTOPISTA FLUMINENSE SA,outros,padrao,Serviços Transporte e Logística,Categoria B,,individual,padrao,dre,,0.07258358440608001,60783245.30927934,14.83795690174207,,31911203.787371654,7.789927373414588,15195811.327319834,,29733647.60119746,7.258358440608001,-2177556.1861741953,,0.14837956901742072,0.14837956901742072,,0.75,75.0,0.75,1.0,1.0,0.512987012987013,0.012155040008862882,0.5450801123677388,51.298701298701296,1.0,0.7,0.9317620168551608,13676230.194587855,28872041.521907683,-2177556.1861741953,liquido,0.8997322340159118,409647000.0,43409000.0,0.0,36435000.0,319968000.0,50170000.0,0.0,39056476.54639672,0.0,287885523.45360327,36435000.0,7194000.0,102563000.0,250831000.0,992905000.0,155255000.0,0.3789970389139918,11716942.963919016,0.0,12752250.0,28788552.345360328,7525500.0,0.0,0.02860253575375632,0.0,0.031129850822781562,0.07027648767197203,0.018370694768910793,0.0,0.007245406156681657,0.40889284019917793,False,False,22793716.990979753,21238319.715141043,31911203.787371654,29733647.60119746,41028690.583763555,38228975.487253875
22071,,CONC ROTA DAS BANDEIRAS S.A.,outros,padrao,Serviços Transporte e Logística,Categoria B,BALCÃO ORGANIZADO,individual,padrao,dva,,0.026674338860522055,80867380.68380071,6.050388921137446,,35662514.88155611,2.6682215142216132,29920930.853006262,,35651987.719113655,2.6674338860522053,-10527.162442453206,,0.060503889211374465,0.060503889211374465,,0.63,63.0,0.9,0.7,1.0,0.9978354978354979,0.16226420836196426,0.9980320770090734,99.78354978354979,1.0,0.7,0.999704811551361,15283934.949238336,45204865.8022446,-10527.162442453206,liquido,0.9208283394318462,1336565000.0,29352000.0,0.0,49873000.0,600583000.0,0.0,0.0,27028153.41900355,0.0,553033846.5809965,49873000.0,204579000.0,2930436000.0,913446000.0,4534724000.0,564289000.0,0.42219345860470686,8108446.025701065,0.0,17455550.0,55303384.65809965,0.0,0.0,0.006066630523544358,0.0,0.013060008304871067,0.041377250382959044,0.0,0.0,0.04511388124172497,3.2081108242851792,False,False,25473224.915397223,25465705.513652615,35662514.88155611,35651987.719113655,45851804.847715005,45838269.92457471
22144,,CONCESSÃO METROVIÁRIA DO RIO DE JANEIRO S.A.,outros,padrao,Serviços Transporte e Logística,Categoria B,BALCÃO ORGANIZADO,individual,padrao,dva,,0.12979401669549082,175188522.69158545,18.635669294296438,,122631965.88410981,13.044968506007503,0.0,,122015591.06894676,12.979401669549084,-616374.8151630461,,0.18635669294296436,0.18635669294296436,,1.0,100.0,1.0,1.0,1.0,0.9632034632034632,0.12081605712470403,0.9664918897385724,96.32034632034632,1.0,0.7,0.9949737834607859,52556556.80747564,52556556.80747564,-616374.8151630461,liquido,0.6648228816698816,940071000.0,111629000.0,0.0,262380000.0,671181000.0,2448000.0,89459000.0,74213513.45792721,0.0,446216486.5420728,262380000.0,311169000.0,1140854000.0,602472000.0,3402801000.0,448389000.0,0.4769735477426705,22264054.037378162,0.0,91833000.0,44621648.65420728,367200.0,16102620.0,0.023683375018884918,0.0,0.09768730234205714,0.047466253776796946,0.0003906087944421219,0.01712915301078323,0.09144495960827566,1.8936216122906957,False,False,87594261.34579273,87153993.62067626,122631965.88410981,122015591.06894676,157669670.4224269,156877188.51721728
22225,,TRANSBRASILIANA CONCESSIONÁRIA DE RODOVIA S.A,outros,padrao,Serviços Transporte e Logística,Categoria B,,individual,padrao,dva,,0.04845368415899638,33664433.132834144,13.18467596163167,,12371679.176316544,4.845368415899638,15990605.738096222,,12371679.176316544,4.845368415899638,0.0,,0.1318467596163167,0.1318467596163167,,0.5249999999999999,52.49999999999999,0.75,0.7,1.0,1.0,0.17724547302921553,1.0,100.0,1.0,0.7,1.0,5302148.218421377,21292753.9565176,0.0,liquido,0.8164917448579168,255330000.0,32687000.0,0.0,35634000.0,161495000.0,0.0,0.0,26688665.664170723,0.0,131859334.33582927,35634000.0,13335000.0,304762000.0,116670000.0,732830000.0,95534000.0,0.37415893157874125,8006599.699251217,0.0,12471900.0,13185933.433582928,0.0,0.0,0.03135784944679911,0.0,0.048846199036540944,0.05164271113297665,0.0,0.0,0.018196580380170024,2.612171080826262,False,False,8836913.69736896,8836913.69736896,12371679.176316544,12371679.176316544,15906444.65526413,15906444.65526413
22268,,CONC AUTO RAPOSO TAVARES S.A.,outros,padrao,Serviços Transporte e Logística,Categoria B,BOLSA,individual,padrao,dva,,0.050736656614375784,89309440.07939273,11.511707713368505,,39385463.07501219,5.076663101595511,33044492.82937531,,39362208.51462533,5.073665661437579,-23254.56038685888,,0.11511707713368506,0.11511707713368506,,0.63,63.0,0.9,0.7,1.0,0.9956709956709957,0.15861063615093013,0.9960637659056139,99.56709956709958,1.0,0.7,0.9994095648858421,16879484.175005227,49923977.00438054,-23254.56038685888,liquido,0.902092392539507,775814000.0,79383000.0,0.0,58158000.0,514626000.0,0.0,5816000.0,71610800.39696369,0.0,464240199.60303634,58158000.0,91034000.0,1066732000.0,414541000.0,2990894000.0,144823000.0,0.18667232094290642,21483240.119089104,0.0,20355300.0,46424019.960303634,0.0,1046880.0,0.02769122511206179,0.0,0.026237345549319807,0.05983911086974924,0.0,0.0013493956025542205,0.030437053269022574,2.573284669067716,False,False,28132473.62500871,28115863.224732384,39385463.07501219,39362208.51462533,50638452.52501568,50608553.8045183
22411,,CONC ROD AYRTON SENNA E CARV PINTO S.A.-ECOPISTAS,outros,padrao,Serviços Transporte e Logística,Categoria B,BALCÃO ORGANIZADO,individual,padrao,dva,,0.028006463058057856,49838167.83236297,7.62080627430146,,18315526.678393386,2.8006463058057856,23673129.720372416,,18315526.678393386,2.8006463058057856,0.0,,0.0762080627430146,0.0762080627430146,,0.5249999999999999,52.49999999999999,0.75,0.7,1.0,1.0,0.17670440341804539,1.0,100.0,1.0,0.7,1.0,7849511.433597168,31522641.153969586,0.0,liquido,0.9170321884981861,653975000.0,28742000.0,0.0,30624000.0,340365000.0,0.0,0.0,26357339.161814865,0.0,312125660.83818513,30624000.0,37634000.0,1195894000.0,357736000.0,1840116000.0,311795000.0,0.47676898964027675,7907201.748544459,0.0,10718400.0,31212566.083818514,0.0,0.0,0.012090984744897677,0.0,0.01638961734011239,0.04772746065800454,0.0,0.0,0.020451971506144178,3.342951226602858,False,False,13082519.055995278,13082519.055995278,18315526.678393386,18315526.678393386,23548534.300791502,23548534.300791502
22446,,K-INFRA RODOVIA DO AÇO S.A.,commodities,nome,Serviços Transporte e Logística,Categoria B,,individual,padrao,dva,,0.06040805415217249,65759073.47404583,65.51796735418243,,7336246.634448238,7.3093482329509785,55278721.139119774,,7336246.634448238,7.3093482329509785,0.0,,0.6551796735418244,0.5414727543051877,,0.159375,15.937499999999998,0.75,0.25,0.85,1.0,0.17700269404599242,1.0,100.0,0.75,0.7,1.0,3144105.7004778166,58422826.83959759,0.0,liquido,0.9859737968903367,100368000.0,258322000.0,0.0,4930000.0,93163000.0,0.0,1989000.0,254698723.16030556,0.0,91856276.83969444,4930000.0,1098000.0,-300000.0,-218653000.0,361538000.0,-9570000.0,-0.09534911525585844,57307212.71106874,0.0,1294124.9999999998,6889220.762977084,0.0,268515.0,0.5709709539999676,0.0,0.012893800813008126,0.06863961385079989,0.0,0.0026753048780487807,0.0030370251536491325,0.001372036971822934,False,False,5240176.167463027,5240176.167463027,7336246.634448238,7336246.634448238,9432317.101433448,9432317.101433448
22543,,VIARONDON CONCESSIONÁRIA DE RODOVIA S.A.,outros,padrao,Serviços Transporte e Logística,Categoria B,,individual,padrao,dva,,0.01741576867101354,42606599.93462166,8.293223176673115,,8947385.98627055,1.7415768671013545,29824619.954235163,,8947385.98627055,1.7415768671013545,0.0,,0.08293223176673115,0.08293223176673115,,0.30000000000000004,30.000000000000004,0.75,0.4,1.0,1.0,0.18811740231716734,1.0,100.0,1.0,0.7,1.0,3834593.994115951,33659213.948351115,0.0,liquido,0.9244526548225548,513752000.0,7674000.0,0.0,26173000.0,338771000.0,0.0,0.0,7094249.673108285,0.0,313177750.3268917,26173000.0,582000.0,895874000.0,231923000.0,1612745000.0,222066000.0,0.43224357277441255,2128274.9019324854,0.0,9160550.0,31317775.032689173,0.0,0.0,0.004142611419386173,0.0,0.017830684844049267,0.0609589355032957,0.0,0.0,0.00036087540187692413,3.862807914695826,False,False,6390989.990193251,6390989.990193251,8947385.98627055,8947385.98627055,11503781.982347852,11503781.982347852
22683,,CACHOEIRA PAULISTA TRANSMISSORA ENERGIA S.A.,utilities,cvm,Energia Elétrica,Categoria B,BALCÃO ORGANIZADO,individual,padrao,dva,,0.0026731872333123474,873663.7887381001,1.479832969846709,,183469.39563500104,0.31076492366780895,611564.65211667,,157819.62788029437,0.26731872333123474,-25649.76775470667,,0.01479832969846709,0.01479832969846709,,0.30000000000000004,30.000000000000004,0.75,0.4,1.0,0.05194805194805195,0.0,0.0679728839449962,5.194805194805195,0.9,0.7,0.8601959325917494,78629.74098642904,690194.3931030991,-25649.76775470667,liquido,0.6591047194652623,59038000.0,427000.0,0.0,1683000.0,4510000.0,0.0,0.0,281437.715211667,0.0,2972562.284788333,1683000.0,465000.0,188716000.0,53277000.0,300297000.0,28600000.0,0.48443375453098003,75988.1831071501,0.0,530145.0,267530.60563095,0.0,0.0,0.0012871063231672838,0.0,0.008979724922930993,0.004531498452368813,0.0,0.0,0.001548467017652524,3.5421664132740207,False,False,131049.56831071504,112728.3056287817,183469.39563500104,157819.62788029437,235889.2229592871,202910.95013180707
22721,,CONC RODOVIAS DO TIETÊ S.A.,outros,padrao,Serviços Transporte e Logística,Categoria B,,individual,padrao,dva,,0.02354782091708471,69872525.74480055,13.491769631543486,,12227692.005340096,2.3610596855201096,52404394.30860041,,12195180.974749003,2.3547820917084716,-32511.030591093004,,0.13491769631543482,0.13491769631543482,,0.25,25.0,1.0,0.25,1.0,0.9805194805194806,0.13968208739853813,0.9822746431750192,98.05194805194806,1.0,0.7,0.9973411964762529,5240439.430860043,57644833.73946045,-32511.030591093004,liquido,0.9314270759523868,517890000.0,21869000.0,0.0,38517000.0,539825000.0,0.0,0.0,20369378.72400275,0.0,502807621.2759972,38517000.0,192687000.0,2698897000.0,-43194000.0,1312562000.0,167942000.0,0.3242812180192705,6110813.617200824,0.0,13480950.0,50280762.12759972,0.0,0.0,0.011799443158201209,0.0,0.026030527718241325,0.0970877254389923,0.0,0.0,0.14680220820045073,-62.48314580728805,False,False,8734065.71810007,8710843.553392146,12227692.005340096,12195180.974749003,15721318.292580124,15679518.396105861
22764,,GAIA IMPACTO SECURITIZADORA S.A.,financeiro,cvm,Securitização de Recebíveis,Categoria B,,individual,padrao,dva,,0.1345736214855452,50062.5,29.799107142857146,,26282.8125,15.644531249999998,12515.625,,22608.36840957159,13.45736214855452,-3674.4440904284093,,0.29799107142857145,0.29799107142857145,,0.75,75.0,0.75,1.0,1.0,0.05194805194805195,0.0,0.0679728839449962,5.194805194805195,1.25,0.7,0.8601959325917494,11264.062500000002,23779.6875,-3674.4440904284093,liquido,0.8384615384615385,168000.0,130000.0,0.0,21000.0,0.0,0.0,0.0,109000.0,0.0,0.0,21000.0,0.0,0.0,73000.0,320000.0,0.0,0.0,40875.0,0.0,9187.5,0.0,0.0,0.0,0.24330357142857145,0.0,0.0546875,0.0,0.0,0.0,0.0,0.0,False,False,18773.4375,16148.834578265421,26282.8125,22608.36840957159,33792.1875,29067.902240877756
22926,,VIABAHIA CONCESSIONÁRIA DE RODOVIAS SA,outros,padrao,Serviços Transporte e Logística,Categoria B,,individual,padrao,dre,,0.12506212782563822,97316995.51186337,19.851131400894953,,61309707.172473915,12.50621278256382,9731699.551186334,,61309707.172473915,12.50621278256382,0.0,,0.19851131400894956,0.19851131400894956,,0.9,90.0,0.9,1.0,1.0,1.0,0.1739423993896624,1.0,100.0,1.0,0.7,1.0,26275588.788203113,36007288.33938945,0.0,liquido,0.6404306988432434,490234000.0,125163000.0,0.0,63816000.0,52316000.0,317223000.0,0.0,80158227.55931687,0.0,33504772.440683123,63816000.0,76391000.0,43719000.0,128115000.0,1048600000.0,249178000.0,0.5082837991652965,24047468.26779506,0.0,22335600.0,3350477.2440683125,47583450.0,0.0,0.04905304052308706,0.0,0.04556109939335093,0.006834444865244583,0.09706272922726698,0.0,0.07285046728971963,0.34124809741248097,False,False,43792647.980338514,43792647.980338514,61309707.172473915,61309707.172473915,78826766.36460933,78826766.36460933
22977,,FERREIRA GOMES ENERGIA S.A.,utilities,cvm,Energia Elétrica,Categoria B,,individual,padrao,dva,,0.018803928549275976,13937291.125912026,5.6120457450138215,,5121954.488772668,2.0624268112925788,6620213.284808214,,4669880.439498492,1.8803928549275977,-452074.04927417636,,0.05612045745013821,0.05612045745013821,,0.5249999999999999,52.49999999999999,0.75,0.7,1.0,0.37662337662337664,0.003705734641277594,0.41158653366259146,37.66233766233766,0.9,0.7,0.9117379800493887,2195123.352331144,8815336.637139358,-452074.04927417636,liquido,0.968423602070782,248346000.0,6353000.0,0.0,4172000.0,125771000.0,0.0,0.0,6152395.143955679,0.0,121799604.85604432,4172000.0,10983000.0,328013000.0,156822000.0,1447972000.0,128279000.0,0.5165333848743285,1661146.6888680335,0.0,1314180.0,10961964.437043991,0.0,0.0,0.006688840121717415,0.0,0.005291730086250635,0.04413988724217016,0.0,0.0,0.00758509142441981,2.09162617489893,False,False,3658538.920551906,3335628.8853560654,5121954.488772668,4669880.439498492,6585370.0569934305,6004131.993640917
23159,,BB SEGURIDADE PARTICIPAÇÕES S.A.,financeiro,cvm,Emp. Adm. Part. - Seguradoras e Corretoras,Categoria A,BOLSA,consolidado,padrao,dva,,0.0,2801820512.5,,,1961274358.7499998,,0.0,,1691577521.024101,,-269696837.72589874,,0.0,0.0,,1.0,100.0,1.0,1.0,1.0,0.06493506493506493,2.5814704916410556e-05,0.08325986614204092,6.493506493506493,1.25,0.7,0.8624889799213061,840546153.7500001,840546153.7500002,-269696837.72589874,liquido,0.1315786538783249,0.0,0.0,89665000.0,77867000.0,0.0,5526069000.0,0.0,0.0,11798000.000000002,0.0,77867000.0,7789875000.0,-4147593000.0,4695854000.0,21615587000.0,4223583000.0,,0.0,4719200.000000001,34066812.5,0.0,2763034500.0,0.0,,,,,,,0.36038230190093845,-0.8832457312344038,False,False,1400910256.25,1208269657.8743582,1961274358.7499998,1691577521.024101,2521638461.25,2174885384.1738443
23167,,RODOVIAS DAS COLINAS S.A.,outros,padrao,Serviços Transporte e Logística,Categoria B,BALCÃO ORGANIZADO,individual,padrao,dre,,0.039644279346679835,50270948.296337985,5.934266086236821,,35189663.807436585,4.153986260365775,0.0,,33583858.36295289,3.9644279346679836,-1605805.4444836974,,0.05934266086236821,0.05934266086236821,,1.0,100.0,1.0,1.0,1.0,0.670995670995671,0.029134317455933114,0.6957808494996484,67.09956709956711,1.0,0.7,0.9543671274249472,15081284.488901397,15081284.4889014,-1605805.4444836974,liquido,0.8702444204910031,847130000.0,49470000.0,0.0,40808000.0,265029000.0,59000.0,0.0,43050991.48168992,0.0,230640008.51831007,40808000.0,191110000.0,890642000.0,622905000.0,2179471000.0,450990000.0,0.5323740157945062,12915297.444506977,0.0,14282800.0,23064000.851831008,8850.0,0.0,0.015245945066881088,0.0,0.016860222161887786,0.02722604659477413,1.0447038825209827e-05,0.0,0.08768641564856794,1.4298199564941685,False,False,25135474.148168992,23988470.259252064,35189663.807436585,33583858.36295289,45243853.46670419,43179246.46665372
23329,,TERMELÉTRICA PERNAMBUCO III S.A.,utilities,cvm,Energia Elétrica,Categoria B,BOLSA,individual,padrao,dva,,0.02670607803348816,23648690.210283905,12.320041994802846,,5959469.932991545,3.1046505826903172,15135161.734581698,,5126311.796762153,2.670607803348816,-833158.1362293921,,0.12320041994802847,0.12320041994802847,,0.36000000000000004,36.00000000000001,0.9,0.4,1.0,0.05194805194805195,0.0,0.0679728839449962,5.194805194805195,0.9,0.7,0.8601959325917494,2554058.542710663,17689220.27729236,-833158.1362293921,liquido,0.9092949492273042,191953000.0,5429000.0,0.0,11639000.0,122888000.0,0.0,53042000.0,4936562.279355035,0.0,111741437.72064497,11639000.0,12979000.0,877678000.0,104189000.0,279099000.0,12265000.0,0.0638958495048267,1332871.8154258595,0.0,3666285.0,10056729.394858047,0.0,8592804.0,0.00694374047514683,0.0,0.019099909873771182,0.052391623964501984,0.0,0.04476514563460847,0.04650321212186357,8.42390271525785,False,False,4256764.237851104,3661651.2834015377,5959469.932991545,5126311.796762153,7662175.628131987,6590972.310122767
23370,,FTL - FERROVIA TRANSNORDESTINA LOGÍSTICA S.A.,outros,padrao,Serviços Transporte e Logística,Categoria B,,individual,padrao,dva,,0.0872224511642428,49447421.31923509,19.24578334587978,,25959896.192598417,10.104036256586884,12361855.329808772,,22409715.48782425,8.722245116424283,-3550180.7047741674,,0.1924578334587978,0.1924578334587978,,0.75,75.0,0.75,1.0,1.0,0.06926406926406926,3.857443204896654e-05,0.08829098585112215,6.926406926406926,1.0,0.7,0.8632436478776683,11125669.796827896,23487525.12663667,-3550180.7047741674,liquido,0.7002618665140945,256926000.0,16892000.0,1712000.0,68105000.0,208611000.0,488000.0,38872000.0,11828823.449156085,1198848.3154721297,146082328.23537177,68105000.0,3844000.0,-3844000.0,83709000.0,782902000.0,70012000.0,0.27249869612261896,3548647.034746825,383631.46095108154,23836750.0,14608232.823537178,73200.0,6996960.0,0.013811942095182368,0.0014931593569785912,0.09277671391762608,0.05685774434481982,0.0002849069381845356,0.0272333668060064,0.004909937642259185,-0.045920988185260844,False,False,18542782.994713157,16006939.63416018,25959896.192598417,22409715.48782425,33377009.390483685,28812491.341488324
23388,,AXIA ENERGIA UHE SANTO ANTÔNIO S.A.,utilities,cvm,Energia Elétrica,Categoria B,BALCÃO NÃO ORGANIZADO,individual,padrao,dre,,0.03172236702720723,365033391.53655607,7.769961045970038,,160979725.66762123,3.4265528212727867,135062354.86852574,,149031934.07275578,3.1722367027207232,-11947791.594865441,,0.07769961045970039,0.07769961045970039,,0.63,63.0,0.9,0.7,1.0,0.47186147186147187,0.00884682667517865,0.5052051204868557,47.18614718614719,0.9,0.7,0.9257807680730283,68991311.00040911,204053665.86893484,-11947791.594865441,liquido,0.9542935478824562,4698008000.0,182806000.0,0.0,145500000.0,3000552000.0,0.0,88843000.0,174450586.31420028,0.0,2863407413.6857996,145500000.0,1191864000.0,4718856000.0,2324994000.0,24035138000.0,1668055000.0,0.3550558023741126,47101658.30483408,0.0,45832500.0,257706667.231722,0.0,14392566.0,0.010025878692593557,0.0,0.009755730513868858,0.054854454745867184,0.0,0.0030635465073707837,0.049588398452299294,2.0296207216018622,False,False,114985518.33401516,106451381.48053984,160979725.66762123,149031934.07275578,206973933.0012273,191612486.6649717
23442,,ÁGUAS GUARIROBA S.A,utilities,cvm,"Saneamento, Serv. Água e Gás",Categoria B,BALCÃO ORGANIZADO,individual,padrao,dva,,0.034693941484633284,82758533.65375729,6.627952230306784,,43448230.16822258,3.4796749209110613,20689633.413439322,,43319861.46201618,3.469394148463329,-128368.70620639622,,0.06627952230306783,0.06627952230306783,,0.75,75.0,0.75,1.0,1.0,0.9783549783549783,0.13191158880849818,0.9803031936768001,97.83549783549783,0.9,0.7,0.99704547905152,18620670.072095394,39310303.48553471,-128368.70620639622,liquido,0.9355828688179105,1248629000.0,120750000.0,0.0,38055000.0,470009000.0,513000.0,3850000.0,112971631.4097627,0.0,439732368.5902373,38055000.0,4899000.0,1157974000.0,736995000.0,2391100000.0,440801000.0,0.35302800111161925,30502340.48063593,0.0,11987325.0,39575913.17312136,69255.0,623700.0,0.024428665745097968,0.0,0.009600389707431111,0.031695494156487924,5.5464833829744464e-05,0.0004995078602210905,0.0020488478106310904,1.5712101167579156,False,False,31034450.120158985,30942758.187154416,43448230.16822258,43319861.46201618,55862010.216286175,55696964.736877955
23469,,PROLAGOS S/A - CONC.DE SERVICOS PÚBLICOS DE ÁGUA E ESGOTO,utilities,cvm,"Saneamento, Serv. Água e Gás",Categoria B,BALCÃO ORGANIZADO,individual,padrao,dva,,0.03944529604744539,54814679.25526718,7.544609217548243,,28777706.60901527,3.9609198392128278,13703669.813816795,,28658624.83560703,3.94452960474454,-119081.77340824157,,0.07544609217548243,0.07544609217548243,,0.75,75.0,0.75,1.0,1.0,0.9696969696969697,0.12451182798541967,0.9724134205628608,96.96969696969697,0.9,0.7,0.9958620130844291,12333302.832435118,26036972.64625191,-119081.77340824157,liquido,0.9176262860935944,726541000.0,77648000.0,0.0,31024000.0,298977000.0,1449000.0,5661000.0,71251845.86259542,0.0,274349154.13740456,31024000.0,9361000.0,630002000.0,424740000.0,1361559000.0,205796000.0,0.2832544894231709,19237998.382900767,0.0,9772560.0,24691423.872366413,195615.0,917082.0,0.026478888848531282,0.0,0.013450803189358892,0.03398490088290463,0.0002692415156199031,0.0012622577390677195,0.006875207023713258,1.483265056269718,False,False,20555504.720725194,20470446.311147876,28777706.60901527,28658624.83560703,36999908.49730535,36846803.36006618
23515,,CONC DO AEROPORTO INTERNACIONAL DE GUARULHOS S.A.,outros,padrao,Serviços Transporte e Logística,Categoria B,BALCÃO ORGANIZADO,individual,padrao,dva,,0.04932956495632167,261538452.0132205,7.850963845945024,,164769224.7683289,4.946107222945366,26153845.20132204,,164331135.7729098,4.932956495632167,-438088.9954191148,,0.07850963845945025,0.07850963845945025,,0.9,90.0,0.9,1.0,1.0,0.9805194805194806,0.13912912192684107,0.9822746431750192,98.05194805194806,1.0,0.7,0.9973411964762529,70615382.04356955,96769227.24489158,-438088.9954191148,liquido,0.9436076926192292,3331291000.0,113416000.0,0.0,115570000.0,1935977000.0,32859000.0,7632000.0,107020210.06610249,0.0,1826802789.9338975,115570000.0,847188000.0,1009133000.0,2411716000.0,15035262000.0,2212114000.0,0.6640410579562098,32106063.019830745,0.0,40449500.0,182680278.99338976,4928850.0,1373760.0,0.009637723939406899,0.0,0.01214228958082617,0.054837682746235544,0.001479561527347806,0.0004123806656338338,0.056346740083411916,0.4184294502337755,False,False,117692303.40594922,117379382.69493556,164769224.7683289,164331135.7729098,211846146.1307086,211282888.85088402
23523,,PORTO SUDESTE V.M. S.A.,outros,padrao,Emp. Adm. Part. - Serviços Transporte e Logística,Categoria B,,individual,padrao,dva,,0.0,64436.399999999994,,,8457.277499999998,,52354.575,,7274.915706299717,,-1182.361793700281,,0.0,0.0,,0.1875,18.75,0.75,0.25,1.0,0.05194805194805195,0.0,0.0679728839449962,5.194805194805195,1.0,0.7,0.8601959325917494,3624.5475,55979.1225,-1182.361793700281,liquido,1.0,0.0,214788.0,0.0,0.0,0.0,0.0,0.0,214788.0,0.0,0.0,0.0,107506.0,-107506.0,-214788.0,95950500.0,-306143.0,,64436.399999999994,0.0,0.0,0.0,0.0,0.0,,,,,,,0.0011204318893596177,0.5005214444009908,False,False,6040.912499999999,5196.368361642656,8457.277499999998,7274.915706299717,10873.6425,9353.463050956781
23540,,SALUS INFRAESTRUTURA PORTUARIA SA,construcao,cvm,"Construção Civil, Mat. Constr. e Decoração",Categoria B,,individual,padrao,dva,,0.025177388914860776,4234190.0,5.5751171854426715,,2222949.75,2.9269365223574026,1058547.5,,1912172.3333058462,2.5177388914860774,-310777.4166941538,,0.055751171854426726,0.055751171854426726,,0.75,75.0,0.75,1.0,1.0,0.05194805194805195,0.0,0.0679728839449962,5.194805194805195,0.85,0.7,0.8601959325917494,952692.7500000001,2011240.25,-310777.4166941538,liquido,1.0,75948000.0,970000.0,0.0,0.0,46904000.0,0.0,0.0,970000.0,0.0,46904000.0,0.0,14000.0,-14000.0,74978000.0,28190000.0,106562000.0,1.403091588981935,247350.0,0.0,0.0,3986840.0000000005,0.0,0.0,0.0032568336230052145,0.0,0.0,0.05249433823142151,0.0,0.0,0.0004966300106420716,-0.00018672143828856464,False,False,1587821.25,1365837.3809327474,2222949.75,1912172.3333058462,2858078.25,2458507.285678945
23558,,LEADS CIA. SECURITIZADORA,financeiro,cvm,Securitização de Recebíveis,Categoria B,,individual,padrao,dva,,0.02950878686298226,210248.25,6.534233764974474,,110380.33124999999,3.430472726611599,52562.0625,,94948.71197937996,2.950878686298226,-15431.619270620024,,0.06534233764974474,0.06534233764974474,,0.75,75.0,0.75,1.0,1.0,0.05194805194805195,0.0,0.0679728839449962,5.194805194805195,1.25,0.7,0.8601959325917494,47305.856250000004,99867.91875000001,-15431.619270620024,liquido,1.0,3217642.0,560662.0,0.0,0.0,0.0,0.0,0.0,560662.0,0.0,0.0,0.0,583916.0,-266302.0,1560653.0,40861182.0,3563842.0,1.1075943190696789,210248.25,0.0,0.0,0.0,0.0,0.0,0.06534233764974474,0.0,0.0,0.0,0.0,0.0,0.01429023761476112,-0.17063498420212564,False,False,78843.09375,67820.50855669998,110380.33124999999,94948.71197937996,141917.56875,122076.91540205997
23582,,ECO101 CONCESSIONÁRIA DE RODOVIAS S.A.,outros,padrao,Serviços Transporte e Logística,Categoria B,,individual,padrao,dva,,0.026984982840510364,63798024.93145289,12.849991828814458,,13397585.23560511,2.6984982840510368,44658617.452017024,,13397585.23560511,2.6984982840510368,0.0,,0.12849991828814458,0.12849991828814458,,0.30000000000000004,30.000000000000004,0.75,0.4,1.0,1.0,0.19118015282330214,1.0,100.0,1.0,0.7,1.0,5741822.243830763,50400439.69584778,0.0,liquido,0.9379890015678944,496483000.0,21216000.0,0.0,32115000.0,496676000.0,0.0,0.0,19900374.65726445,0.0,465876625.3427355,32115000.0,6372000.0,250804000.0,26548000.0,1924183000.0,95447000.0,0.19224626019420604,5970112.397179334,0.0,11240250.0,46587662.53427356,0.0,0.0,0.012024807288828288,0.0,0.02263974798734297,0.09383536301197333,0.0,0.0,0.0033115353373353784,9.447189995479885,False,False,9569703.739717936,9569703.739717936,13397585.23560511,13397585.23560511,17225466.731492285,17225466.731492285
23671,,LINHAS DE XINGU TRANSMISSORA DE ENERGIA S/A,utilities,cvm,Energia Elétrica,Categoria B,,individual,padrao,dva,,0.012193618031412766,12021822.059198515,6.694708562135809,,2524582.6324316883,1.40588879804852,8415275.44143896,,2189632.377136853,1.2193618031412765,-334950.2552948352,,0.0669470856213581,0.0669470856213581,,0.30000000000000004,30.000000000000004,0.75,0.4,1.0,0.09307359307359307,0.0001069031519295225,0.11549668714359665,9.307359307359308,0.9,0.7,0.8673245030715395,1081963.9853278666,9497239.426766828,-334950.2552948352,liquido,0.7496595288458752,179572000.0,14244000.0,0.0,17279000.0,54778000.0,0.0,0.0,10678150.328880645,0.0,41064849.67111935,17279000.0,8431000.0,717536000.0,110745000.0,2392820000.0,76449000.0,0.42572895551645024,2883100.5887977746,0.0,5442885.0,3695836.470400742,0.0,0.0,0.01605540167062668,0.0,0.030310321208206176,0.020581362742525235,0.0,0.0,0.00352345767755201,6.479172874621879,False,False,1803273.3088797776,1564023.1265263238,2524582.6324316883,2189632.377136853,3245891.9559835996,2815241.627747383
23680,,LINHAS DE MACAPÁ TRANSMISSORA DE ENERGIA S/A,utilities,cvm,Energia Elétrica,Categoria B,,individual,padrao,dva,,0.01362221856224586,16181247.054724976,7.491768974394282,,3398061.8814922455,1.5732714846227993,11326872.938307483,,2942222.1206037966,1.362221856224586,-455839.7608884489,,0.0749176897439428,0.0749176897439428,,0.30000000000000004,30.000000000000004,0.75,0.4,1.0,0.08441558441558442,9.039151668870241e-05,0.10568675755787216,8.441558441558442,0.9,0.7,0.8658530136336808,1456312.2349252484,12783185.17323273,-455839.7608884489,liquido,0.9526014495290781,215987000.0,27299000.0,0.0,5415000.0,86945000.0,0.0,0.0,26005066.970694304,0.0,82823933.0293057,5415000.0,8671000.0,556600000.0,102622000.0,2223660000.0,78425000.0,0.3631005569779663,7021368.082087463,0.0,1705725.0,7454153.972637514,0.0,0.0,0.03250829023083548,0.0,0.007897350303490487,0.03451204920961685,0.0,0.0,0.0038994270706852667,5.423788271520727,False,False,2427187.058208747,2101587.229002712,3398061.8814922455,2942222.1206037966,4368936.704775744,3782857.012204881
23795,,CAIXA SEGURIDADE PARTICIPAÇÕES S.A.,financeiro,cvm,Emp. Adm. Part. - Seguradoras e Corretoras,Categoria A,BOLSA,consolidado,padrao,dva,,0.0,52735375.0,,,27686071.875,,13183843.75,,23815446.416317828,,-3870625.458682172,,0.0,0.0,,0.75,75.0,0.75,1.0,1.0,0.05194805194805195,0.0,0.0679728839449962,5.194805194805195,1.25,0.7,0.8601959325917494,11865459.375000002,25049303.125,-3870625.458682172,liquido,0.33607651421215157,0.0,126617000.0,0.0,84064000.0,0.0,0.0,0.0,42552999.99999999,0.0,0.0,84064000.0,435000.0,-435000.0,4223040000.0,14024016000.0,3599712000.0,,15957374.999999996,0.0,36778000.0,0.0,0.0,0.0,,,,,,,3.1018219032265795e-05,-0.0001030063650829734,False,False,19775765.625,17011033.154512737,27686071.875,23815446.416317828,35596378.125,30619859.678122923
23833,,CONCESSIONÁRIA DE RODOVIA SUL-MATOGROSSENSE S.A.,outros,padrao,Emp. Adm. Part. - Serviços Transporte e Logística,Categoria B,,individual,padrao,dre,,0.05588224035605433,87087606.8659187,31.989394196246202,,15240331.20153577,5.598143984343085,65315705.14943902,,15213325.232291875,5.588224035605434,-27005.969243895262,,0.319893941962462,0.319893941962462,,0.25,25.0,1.0,0.25,1.0,0.987012987012987,0.14633302538534584,0.9881866218930228,98.7012987012987,1.0,0.7,0.9982279932839534,6531570.514943903,71847275.66438292,-27005.969243895262,liquido,0.8787975891368285,272239000.0,132264000.0,0.0,59383000.0,357685000.0,2000.0,0.0,116233284.32959348,0.0,314332715.6704065,59383000.0,56499000.0,634639000.0,-162503000.0,466529000.0,96313000.0,0.3537810526779778,34869985.298878044,0.0,20784050.0,31433271.567040652,300.0,0.0,0.12808592927125814,0.0,0.07634486609192657,0.11546204462637849,1.101972898813175e-06,0.0,0.12110501169273508,-3.9053986695630236,False,False,10885950.858239837,10866660.880208483,15240331.20153577,15213325.232291875,19594711.544831708,19559989.58437527
23868,,CONCEBRA - CONCESSIONARIA DAS RODOVIAS CENTRAIS DO BRASIL,outros,padrao,Serviços Transporte e Logística,Categoria B,,individual,padrao,dva,,0.02098893739657916,75532507.12816626,10.900830289846857,,15861826.496914916,2.28917436086784,52872754.98971638,,14543360.655714078,2.0988937396579157,-1318465.8412008379,,0.10900830289846858,0.10900830289846858,,0.30000000000000004,30.000000000000004,0.75,0.4,1.0,0.41125541125541126,0.005440105047716987,0.44585371196804835,41.125541125541126,1.0,0.7,0.9168780567952073,6797925.6415349655,59670680.63125134,-1318465.8412008379,liquido,0.8890296882741088,692906000.0,60820000.0,0.0,56221000.0,445811000.0,0.0,0.0,54070785.6408313,0.0,396339214.3591687,56221000.0,17720000.0,991270000.0,196425000.0,1492655000.0,232673000.0,0.3357930224301709,16221235.69224939,0.0,19677350.0,39633921.43591687,0.0,0.0,0.023410441953525284,0.0,0.028398296450023525,0.057199564494919766,0.0,0.0,0.01187146393506872,5.046557210131093,False,False,11329876.06922494,10388114.754081486,15861826.496914916,14543360.655714078,20393776.924604893,18698606.55734667
23884,,ECO050 CONCESSIONÁRIA DE RODOVIAS S.A.,outros,padrao,Serviços Transporte e Logística,Categoria B,BALCÃO ORGANIZADO,individual,padrao,dva,,0.01887038250904776,58653731.645301215,8.985896432879887,,12317283.645513255,1.8870382509047763,41057612.151710846,,12317283.645513255,1.8870382509047763,0.0,,0.08985896432879886,0.08985896432879886,,0.30000000000000004,30.000000000000004,0.75,0.4,1.0,1.0,0.18757208825391583,1.0,100.0,1.0,0.7,1.0,5278835.848077111,46336447.99978796,0.0,liquido,0.9458654913093691,652731000.0,18525000.0,0.0,26296000.0,467228000.0,0.0,0.0,17522158.22650606,0.0,441934841.77349395,26296000.0,21998000.0,985432000.0,238280000.0,2324928000.0,192170000.0,0.2944091823431092,5256647.467951818,0.0,9203600.0,44193484.177349396,0.0,0.0,0.008053313643678358,0.0,0.01410014232509257,0.06770550836002794,0.0,0.0,0.009461798386874776,4.135605170387779,False,False,8798059.746795183,8798059.746795183,12317283.645513255,12317283.645513255,15836507.54423133,15836507.54423133
23922,,CONCESSIONÁRIA ROTA DO OESTE S.A.,outros,padrao,Serviços Transporte e Logística,Categoria B,BALCÃO ORGANIZADO,individual,padrao,dva,,0.06789682714824005,181454561.63852277,9.70814562967995,,127018193.14696594,6.795701940775965,0.0,,126905688.03546692,6.789682714824006,-112505.11149901152,,0.0970814562967995,0.0970814562967995,,1.0,100.0,1.0,1.0,1.0,0.9935064935064936,0.1575876870527948,0.9940950657691039,99.35064935064936,1.0,0.7,0.9991142598653656,54436368.49155684,54436368.49155684,-112505.11149901152,liquido,0.9522224580601027,1869096000.0,58295000.0,0.0,72706000.0,1463466000.0,0.0,0.0,55509808.19261369,0.0,1393545191.8073864,72706000.0,841824000.0,725962000.0,456582000.0,4464114000.0,411784000.0,0.22031185129067743,16652942.457784107,0.0,25447100.0,139354519.18073866,0.0,0.0,0.00890962393466366,0.0,0.01361465649704456,0.07455717586509128,0.0,0.0,0.1885758293807013,1.58999259716765,False,False,90727280.81926139,90646920.02533352,127018193.14696594,126905688.03546692,163309105.4746705,163164456.04560035
23957,,SUGOI S.A.,construcao,cvm,"Emp. Adm. Part. - Const. Civil, Mat. Const. e Decoração",Categoria A,,consolidado,padrao,dva,,0.06113266173821284,16471324.526879415,130.78707739303965,,2161861.344152923,17.165803907836455,13382951.178089526,,1859624.3350676768,14.765954701188477,-302237.00908524636,,1.3078707739303967,0.5414727543051877,,0.1875,18.75,0.75,0.25,1.0,0.05194805194805195,0.0,0.0679728839449962,5.194805194805195,0.85,0.7,0.8601959325917494,926512.0046369672,14309463.182726491,-302237.00908524636,liquido,0.9775931603643996,12594000.0,23295000.0,4007000.0,2039000.0,63697000.0,0.0,38557000.0,22773032.67068869,3917215.7935801493,62269751.53573116,2039000.0,11338000.0,142172000.0,-66139000.0,466998000.0,26041000.0,2.0677306653962204,5807123.331025615,1065482.6958538007,606602.5,3211470.0,0.0,5780646.0,0.4611023766099425,0.08460240557835481,0.04816599174209941,0.255,0.0,0.45899999999999996,0.024278476567351465,-2.149594036801282,False,False,1544186.6743949451,1328303.096476912,2161861.344152923,1859624.3350676768,2779536.0139109013,2390945.5736584417
24066,,TCP TERMINAL DE CONTEINERES DE PARANAGUA SA,outros,padrao,Serviços Transporte e Logística,Categoria B,BALCÃO ORGANIZADO,individual,padrao,dre,,0.052989665406954725,127647476.21532041,8.527381097987687,,80417910.01565185,5.3722500917322416,12764747.621532038,,79320919.01332082,5.2989665406954725,-1096991.0023310333,,0.08527381097987687,0.08527381097987687,,0.9,90.0,0.9,1.0,1.0,0.9004329004329005,0.09169877770330477,0.909059146806349,90.04329004329004,1.0,0.7,0.9863588720209524,34464818.57813652,47229566.19966856,-1096991.0023310333,liquido,0.6979000012402178,1496913000.0,99611000.0,2245000.0,194869000.0,543192000.0,663000.0,431000.0,69518517.02353933,1566785.502784289,379093697.4736764,194869000.0,227218000.0,-227218000.0,1010760000.0,3441963000.0,775959000.0,0.5183728112455434,20855555.1070618,501371.3608909725,68204150.0,37909369.74736764,99450.0,77580.0,0.013932376234999495,0.0003349368740140359,0.045563202403880516,0.025325032080934326,6.643672678372089e-05,5.1826659264766884e-05,0.06601407394559441,-0.22479916102734576,False,False,57441364.296894185,56657799.29522916,80417910.01565185,79320919.01332082,103394455.73440954,101984038.73141249
24082,,TRAVESSIA SECURITIZADORA S.A.,financeiro,cvm,Securitização de Recebíveis,Categoria B,BOLSA,individual,padrao,dva,,0.01897472068033434,105125.0,3.1512290167865706,,73587.5,2.2058603117505995,0.0,,63299.66818959536,1.897472068033434,-10287.831810404641,,0.031512290167865706,0.031512290167865706,,1.0,100.0,1.0,1.0,1.0,0.05194805194805195,0.0,0.0679728839449962,5.194805194805195,1.25,0.7,0.8601959325917494,31537.500000000004,31537.5,-10287.831810404641,liquido,1.0,3336000.0,267000.0,0.0,0.0,40000.0,0.0,0.0,267000.0,0.0,40000.0,0.0,667000.0,-667000.0,3789000.0,2954000.0,4596000.0,1.3776978417266188,100125.0,0.0,0.0,5000.0,0.0,0.0,0.030013489208633094,0.0,0.0,0.001498800959232614,0.0,0.0,0.22579553148273526,-0.17603589337556083,False,False,52562.5,45214.04870685383,73587.5,63299.66818959536,94612.5,81385.2876723369
24104,,CONCESSIONÁRIA DA RODOVIA MG-050 S.A.,outros,padrao,Serviços Transporte e Logística,Categoria B,BALCÃO ORGANIZADO,individual,padrao,dva,,0.06488007925214494,37136795.74427242,14.72507870479198,,16377326.923224134,6.493759708813261,13740614.425380794,,16362820.867470207,6.488007925214494,-14506.055753927678,,0.14725078704791977,0.14725078704791977,,0.63,63.0,0.9,0.7,1.0,0.9935064935064936,0.14946252359795173,0.9940950657691039,99.35064935064936,1.0,0.7,0.9991142598653656,7018854.395667488,20759468.821048282,-14506.055753927678,liquido,0.9256758122072558,252201000.0,42103000.0,0.0,18391000.0,205340000.0,0.0,0.0,38973728.72136209,0.0,190078271.27863792,18391000.0,63550000.0,337812000.0,104820000.0,1068419000.0,93140000.0,0.3693086070237628,11692118.616408627,0.0,6436850.0,19007827.12786379,0.0,0.0,0.0463603182239905,0.0,0.02552269816535224,0.07536777065857705,0.0,0.0,0.05948040983921102,3.222781911848884,False,False,11698090.659445811,11687729.191050148,16377326.923224134,16362820.867470207,21056563.18700246,21037912.543890268
24139,,CONCESSIONÁRIA PONTE RIO-NITERÓI S.A. - ECOPONTE,outros,padrao,Serviços Transporte e Logística,Categoria B,BALCÃO ORGANIZADO,individual,padrao,dva,,0.021005032694712863,23873419.945123725,10.002396521291839,,5013418.188475983,2.100503269471287,16711393.961586606,,5013418.188475983,2.100503269471287,0.0,,0.1000239652129184,0.1000239652129184,,0.30000000000000004,30.000000000000004,0.75,0.4,1.0,1.0,0.17972010338523609,1.0,100.0,1.0,0.7,1.0,2148607.795061136,18860001.756647743,0.0,liquido,0.8702694500992578,238677000.0,16811000.0,0.0,20520000.0,141363000.0,0.0,0.0,14630099.725618623,0.0,123023900.27438138,20520000.0,6510000.0,486144000.0,112652000.0,729698000.0,107880000.0,0.4519916037154816,4389029.917685587,0.0,7182000.0,12302390.02743814,0.0,0.0,0.01838899398637316,0.0,0.03009087595369474,0.051544095272850504,0.0,0.0,0.00892149903110602,4.315449348435891,False,False,3581012.9917685594,3581012.9917685594,5013418.188475983,5013418.188475983,6445823.385183407,6445823.385183407
24147,,CIA SEC DE CRÉDITOS FINANCEIROS CARTÕES CONSIGNADOS I,financeiro,cvm,Securitização de Recebíveis,Categoria B,BALCÃO ORGANIZADO,individual,padrao,dva,,0.0,0.0,,,0.0,,0.0,,0.0,,0.0,,0.0,0.0,,0.25,25.0,1.0,0.25,1.0,0.05194805194805195,0.0,0.0679728839449962,5.194805194805195,1.25,0.7,0.8601959325917494,0.0,0.0,0.0,liquido,1.0,0.0,0.0,0.0,0.0,0.0,0.0,0.0,0.0,0.0,0.0,0.0,1000.0,-1000.0,0.0,9000.0,0.0,,0.0,0.0,0.0,0.0,0.0,0.0,,,,,,,0.1111111111111111,,False,False,0.0,0.0,0.0,0.0,0.0,0.0
24155,,COMPANHIA ENERGÉTICA SINOP S/A,utilities,cvm,Energia Elétrica,Categoria B,BALCÃO ORGANIZADO,individual,padrao,dva,,0.01305888089677389,24696163.58959595,6.891785944599279,,5186194.3538151495,1.4472750483658487,17287314.512717165,,4679545.49831175,1.3058880896773892,-506648.85550339986,,0.06891785944599278,0.06891785944599278,,0.30000000000000004,30.000000000000004,0.75,0.4,1.0,0.31385281385281383,0.0020282492663085453,0.34872108404410085,31.38528138528138,0.9,0.7,0.9023081626066152,2222654.723063636,19509969.2357808,-506648.85550339986,liquido,0.9538684907047106,358342000.0,11932000.0,0.0,10231000.0,209847000.0,0.0,2379000.0,11381558.831088606,0.0,200166441.1689114,10231000.0,29559000.0,1371952000.0,274755000.0,2913350000.0,55744000.0,0.15556088875989976,3073020.884393924,0.0,3222765.0,18014979.70520203,0.0,385398.0,0.008575664824089623,0.0,0.008993545272393412,0.050273146059356774,0.0,0.0010755032901529824,0.010146051796042357,4.993364997907227,False,False,3704424.538439393,3342532.498794107,5186194.3538151495,4679545.49831175,6667964.169190908,6016558.4978293935
24210,,ARGO TRANSMISSÃO DE ENERGIA S/A,utilities,cvm,Energia Elétrica,Categoria B,BALCÃO ORGANIZADO,individual,padrao,dva,,0.005886248708176419,14369729.717124777,1.844384624592614,,5280875.671043354,0.6778113495377854,6825621.61563427,,4586017.572281205,0.5886248708176419,-694858.098762149,,0.01844384624592614,0.01844384624592614,,0.5249999999999999,52.49999999999999,0.75,0.7,1.0,0.09956709956709957,0.0001373470161377667,0.12279939660731215,9.956709956709958,0.9,0.7,0.8684199094910968,2263232.4304471524,9088854.046081424,-694858.098762149,liquido,0.6002315659249156,779107000.0,27991000.0,0.0,25205000.0,35058000.0,0.0,0.0,16801081.761804312,0.0,21042918.23819569,25205000.0,20581000.0,2148998000.0,719196000.0,5909120000.0,508155000.0,0.6522274860834263,4536292.075687164,0.0,7939575.0,1893862.6414376125,0.0,0.0,0.005822425001555839,0.0,0.01019060924879381,0.00243081199557649,0.0,0.0,0.0034829213148489116,2.98805610709737,False,False,3772054.0507452535,3275726.837343718,5280875.671043354,4586017.572281205,6789697.291341457,5896308.307218693
24333,,AUZZA SECURITIZADORA S. A.,financeiro,cvm,Securitização de Recebíveis,Categoria B,BALCÃO ORGANIZADO,individual,padrao,dva,,0.15524629581018315,146719.875,31.40011749372404,,77027.934375,16.485061684205117,36679.96875,,72540.22893397037,15.524629581018315,-4487.705441029626,,0.3140011749372404,0.3140011749372404,,0.75,75.0,0.75,1.0,1.0,0.5822510822510822,0.01736069623625531,0.611594981531259,58.22510822510822,1.25,0.7,0.9417392472296888,33011.971875,69691.940625,-4487.705441029626,liquido,1.0,467259.0,391253.0,0.0,0.0,0.0,0.0,0.0,391253.0,0.0,0.0,0.0,80.0,-80.0,76736.0,371598.0,101569.0,0.2173719500319951,146719.875,0.0,0.0,0.0,0.0,0.0,0.3140011749372404,0.0,0.0,0.0,0.0,0.0,0.00021528641165991205,-0.001042535446205171,False,False,55019.953125,51814.44923855027,77027.934375,72540.22893397037,99035.91562500001,93266.00862939049
24341,,ENTREVIAS CONCESSIONÁRIA DE RODOVIAS S.A.,outros,padrao,Serviços Transporte e Logística,Categoria B,BALCÃO ORGANIZADO,individual,padrao,dva,,0.025941592627813287,88009483.25423753,9.273068038466183,,24642655.311186507,2.5964590507705307,52805689.95254252,,24620828.32235343,2.5941592627813286,-21826.988833077252,,0.09273068038466183,0.09273068038466183,,0.4,40.0,1.0,0.4,1.0,0.9935064935064936,0.15366181144898883,0.9940950657691039,99.35064935064936,1.0,0.7,0.9991142598653656,10561137.990508504,63366827.943051025,-21826.988833077252,liquido,0.903220205373607,949087000.0,74845000.0,0.0,55738000.0,501081000.0,0.0,16456000.0,67601516.27118762,0.0,452586483.7288124,55738000.0,411731000.0,2634562000.0,485718000.0,3568944000.0,377838000.0,0.39810681212575877,20280454.881356284,0.0,19508300.0,45258648.37288124,0.0,2962080.0,0.021368383384617304,0.0,0.020554806882825283,0.047686511745373444,0.0,0.003120978371845784,0.11536493707942741,5.424056757213033,False,False,17601896.650847506,17586305.944538165,24642655.311186507,24620828.32235343,31683413.971525513,31655350.700168695
24422,,COMPANHIA ENERGÉTICA JAGUARA,utilities,cvm,Energia Elétrica,Categoria B,BALCÃO ORGANIZADO,individual,padrao,dva,,0.010329628822500849,11451486.322212601,2.049824189478088,,6012030.319161615,1.076157699475996,2862871.5805531503,,5770719.449091855,1.0329628822500847,-241310.8700697599,,0.02049824189478088,0.02049824189478088,,0.75,75.0,0.75,1.0,1.0,0.70995670995671,0.034016354641657566,0.7324133365277612,70.995670995671,0.9,0.7,0.9598620004791641,2576584.422497836,5439456.003050986,-241310.8700697599,liquido,0.924701919325524,558657000.0,1280000.0,0.0,7913000.0,103809000.0,0.0,0.0,1183618.4567366708,0.0,95992381.54326333,7913000.0,81617000.0,383127000.0,475375000.0,2830756000.0,288739000.0,0.5168448618741016,319576.98331890116,0.0,2492595.0,8639314.3388937,0.0,0.0,0.0005720450711597656,0.0,0.00446176276319817,0.015464434060422945,0.0,0.0,0.0288322271506269,0.8059468840389167,False,False,4294307.370829726,4121942.4636370405,6012030.319161615,5770719.449091855,7729753.267493506,7419496.434546672
24430,,COMPANHIA ENERGÉTICA MIRANDA,utilities,cvm,Energia Elétrica,Categoria B,BALCÃO ORGANIZADO,individual,padrao,dva,,0.01152057481922377,8224353.3454174455,2.2825390339084155,,4317785.506344158,1.1983329928019177,2056088.3363543614,,4151047.436563432,1.152057481922377,-166738.069780726,,0.02282539033908415,0.02282539033908415,,0.75,75.0,0.75,1.0,1.0,0.7207792207792207,0.036414692254514915,0.7425561945496738,72.07792207792207,0.9,0.7,0.961383429182451,1850479.5027189255,3906567.8390732873,-166738.069780726,liquido,0.8820388138757435,360316000.0,1080000.0,0.0,8151000.0,68019000.0,0.0,0.0,952601.9189858029,0.0,59995398.08101419,8151000.0,36385000.0,283802000.0,308147000.0,1750310000.0,188100000.0,0.5220417633410673,257202.5181261668,0.0,2567565.0,5399585.827291278,0.0,0.0,0.0007138248596403346,0.0,0.007125870069605568,0.014985695409838247,0.0,0.0,0.020787746170678335,0.9209954989014983,False,False,3084132.504531542,2965033.883259595,4317785.506344158,4151047.436563432,5551438.5081567755,5337060.989867271
24457,,BELÉM TRANSMISSORA DE ENERGIA S.A,utilities,cvm,Energia Elétrica,Categoria B,,individual,padrao,dva,,0.0028355792174311538,1673810.9350327093,0.6248617551985146,,878750.7408921723,0.3280524214792202,418452.7337581773,,759563.7693940657,0.2835579217431154,-119186.9714981066,,0.0062486175519851465,0.0062486175519851465,,0.75,75.0,0.75,1.0,1.0,0.07575757575757576,7.299631738463826e-05,0.09578476237680186,7.575757575757576,0.9,0.7,0.8643677143565203,376607.4603823596,795060.194140537,-119186.9714981066,liquido,0.6509136025265058,267869000.0,1532000.0,0.0,3095000.0,7334000.0,0.0,0.0,997199.6390706068,0.0,4773800.360929393,3095000.0,37466000.0,387751000.0,259270000.0,1432949000.0,91132000.0,0.34021107332315426,269243.90254906385,0.0,974925.0,429642.0324836454,0.0,0.0,0.0010051327423071122,0.0,0.003639558888859853,0.0016039259208181814,0.0,0.0,0.02614608056532368,1.4955490415397077,False,False,627679.100637266,542545.5495671899,878750.7408921723,759563.7693940657,1129822.3811470787,976581.9892209417
24481,,TAPAJÓS TRANSMISSORA DE ENERGIA S.A.,utilities,cvm,Energia Elétrica,Categoria B,,individual,padrao,dva,,0.0046867205270381355,3719552.913223141,1.477977832921996,,1366935.695609504,0.5431568535988333,1766787.6337809924,,1179483.5214370524,0.46867205270381357,-187452.1741724515,,0.014779778329219957,0.014779778329219957,,0.5249999999999999,52.49999999999999,0.75,0.7,1.0,0.0670995670995671,3.193706716869495e-05,0.08577911516718724,6.70995670995671,0.9,0.7,0.8628668672750781,585829.5838326446,2352617.217613637,-187452.1741724515,liquido,0.7422520661157025,251665000.0,2106000.0,0.0,5988000.0,21126000.0,0.0,0.0,1563182.8512396694,0.0,15680817.14876033,5988000.0,37445000.0,609654000.0,228385000.0,1665776000.0,129021000.0,0.5126696203286114,422059.3698347108,0.0,1886220.0,1411273.5433884298,0.0,0.0,0.001677068205092924,0.0,0.007494963542804919,0.005607746581322114,0.0,0.0,0.022479012784432,2.6694134903780897,False,False,976382.6397210743,842488.2295978946,1366935.695609504,1179483.5214370524,1757488.7514979336,1516478.8132762103
24643,,CASA DE PEDRA SECURITIZADORA DE CREDITO S/A,financeiro,cvm,Securitização de Recebíveis,Categoria B,,individual,padrao,dva,,0.1388198158529387,630.25,33.97574123989218,,281.2490624999999,15.161674528301884,228.46562500000002,,257.51075840720125,13.881981585293868,-23.73830409279867,,0.3397574123989218,0.3397574123989218,,0.6375,63.74999999999999,0.75,1.0,0.85,0.4025974025974026,0.005030800821355236,0.43731239773054253,40.25974025974026,1.25,0.7,0.9155968596595814,120.5353125,349.0009375000001,-23.73830409279867,liquido,0.5852417302798982,1855.0,1572.0,0.0,652.0,0.0,0.0,0.0,920.0,0.0,0.0,652.0,1.0,-1.0,302.0,2922.0,-33.0,-0.01778975741239892,345.0,0.0,285.25,0.0,0.0,0.0,0.18598382749326145,0.0,0.15377358490566037,0.0,0.0,0.0,0.00034223134839151266,-0.0033112582781456954,False,False,200.89218749999998,183.93625600514378,281.2490624999999,257.51075840720125,361.6059375,331.08526080925884
24708,,NOVA TRANSPORTADORA DO SUDESTE S.A. - NTS,commodities,cvm,Emp. Adm. Part. - Petróleo e Gás,Categoria B,BALCÃO ORGANIZADO,individual,padrao,dva,,0.007169357814850584,123427625.76754463,1.7009313721355352,,60479536.62609686,0.8334563723464121,37028287.7302634,,52024251.41080225,0.7169357814850582,-8455285.215294607,,0.017009313721355352,0.017009313721355352,,0.7,70.0,1.0,0.7,1.0,0.05194805194805195,0.0,0.0679728839449962,5.194805194805195,0.75,0.7,0.8601959325917494,25919801.411184374,62948089.14144777,-8455285.215294607,liquido,0.9036050649904559,7256473000.0,124946000.0,0.0,110292000.0,1019222000.0,0.0,0.0,112901838.4502975,0.0,920974161.5497024,110292000.0,3209281000.0,18877624000.0,6562087000.0,21813833000.0,5088098000.0,0.7011805873183846,25402913.651316937,0.0,28951649.999999996,69073062.11622769,0.0,0.0,0.003500724615294088,0.0,0.003989768858783048,0.009518820247278216,0.0,0.0,0.14712137018744023,2.876771368620989,False,False,43199669.018640615,37160179.57914447,60479536.62609686,52024251.41080225,77759404.23355311,66888323.24246005
24767,,VENTOS DO SUL ENERGIA S.A.,utilities,cvm,Energia Elétrica,Categoria B,,individual,padrao,dva,,0.023229421378842388,8675370.0,3.857828946490748,,6072759.0,2.7004802625435236,0.0,,5223762.591409939,2.322942137884239,-848996.4085900607,,0.03857828946490749,0.03857828946490749,,1.0,100.0,1.0,1.0,1.0,0.05194805194805195,0.0,0.0679728839449962,5.194805194805195,0.9,0.7,0.8601959325917494,2602611.0000000005,2602611.0,-848996.4085900607,liquido,1.0,224877000.0,8349000.0,0.0,0.0,71346000.0,0.0,0.0,8349000.0,0.0,71346000.0,0.0,32143000.0,30675000.0,163938000.0,343277000.0,107234000.0,0.4768562369650965,2254230.0,0.0,0.0,6421140.000000001,0.0,0.0,0.010024279939700372,0.0,0.0,0.028554009525207116,0.0,0.0,0.09363575188550355,0.18711342092742378,False,False,4337685.0,3731258.9938642425,6072759.0,5223762.591409939,7807833.0,6716266.188955637
24864,,ENERGISA SUL-SUDESTE - DISTRIBUIDORA DE ENERGIA S/A,utilities,cvm,Energia Elétrica,Categoria B,BOLSA,individual,padrao,dva,,0.020664612794530714,235440785.85487214,10.01577342301749,,49442565.02952315,2.103312418833673,164808550.0984105,,48576305.29610334,2.0664612794530712,-866259.7334198058,,0.1001577342301749,0.1001577342301749,,0.30000000000000004,30.000000000000004,0.75,0.4,1.0,0.8722943722943723,0.07920651908956353,0.8831964950439581,87.22943722943724,0.9,0.7,0.9824794742565937,21189670.726938497,185998220.82534897,-866259.7334198058,liquido,0.9539419463565634,2350700000.0,140252000.0,0.0,95955000.0,1943097000.0,9185000.0,6339000.0,133792265.86040072,0.0,1853601734.1395993,95955000.0,31845000.0,1613010000.0,323982000.0,3244993000.0,456875000.0,0.19435700004254053,36123911.7823082,0.0,30225825.0,166824156.07256395,1239975.0,1026918.0,0.015367299860598205,0.0,0.012858223082486067,0.07096786322055726,0.0005274918109499298,0.0004368562555834432,0.009813580491544974,4.9787025205103985,False,False,35316117.878230825,34697360.92578811,49442565.02952315,48576305.29610334,63569012.18081549,62455249.6664186
24929,,TIM S.A.,utilities,cvm,Telecomunicações,Categoria A,BOLSA,consolidado,padrao,dva,,0.0,0.0,,,0.0,,0.0,,0.0,,0.0,,0.0,0.0,,0.25,25.0,1.0,0.25,1.0,0.05194805194805195,0.0,0.0679728839449962,5.194805194805195,0.9,0.7,0.8601959325917494,0.0,0.0,0.0,liquido,1.0,0.0,0.0,0.0,0.0,0.0,0.0,0.0,0.0,0.0,0.0,0.0,0.0,0.0,0.0,0.0,0.0,,0.0,0.0,0.0,0.0,0.0,0.0,,,,,,,,,False,False,0.0,0.0,0.0,0.0,0.0,0.0
24937,,LINHA AMARELA S.A. - LAMSA,outros,padrao,Serviços Transporte e Logística,Categoria B,,individual,padrao,dva,,0.09368070129881757,24477994.76335177,14.883135177269601,,15421136.700911613,9.376375161679848,2447799.4763351763,,15407477.581213932,9.36807012988176,-13659.119697680697,,0.148831351772696,0.148831351772696,,0.9,90.0,0.9,1.0,1.0,0.9935064935064936,0.1563732650010677,0.9940950657691039,99.35064935064936,1.0,0.7,0.9991142598653656,6609058.586104979,9056858.062440155,-13659.119697680697,liquido,0.73466954048372,164468000.0,36589000.0,0.0,30037000.0,76617000.0,0.0,1511000.0,26880823.81675883,0.0,56288176.18324117,30037000.0,11444000.0,-11444000.0,75866000.0,351225000.0,67910000.0,0.41290707006834154,8064247.145027649,0.0,10512950.0,5628817.618324118,0.0,271980.0,0.049032317198650484,0.0,0.06392094510786292,0.03422439391446432,0.0,0.0016536955517182672,0.03258310200014236,-0.15084491076371498,False,False,11015097.643508296,11005341.129438525,15421136.700911613,15407477.581213932,19827175.758314934,19809614.032989345
24945,,USINA TERMELÉTRICA PAMPA SUL S.A.,utilities,cvm,Energia Elétrica,Categoria B,BALCÃO ORGANIZADO,individual,padrao,dva,,0.022766221725383652,100137981.13323723,10.240680387304453,,25234771.245575782,2.5806514576007222,64088307.92527182,,22261836.08305778,2.2766221725383655,-2972935.162518002,,0.10240680387304452,0.10240680387304452,,0.36000000000000004,36.00000000000001,0.9,0.4,1.0,0.18398268398268397,0.0006269817055448322,0.2145929298410094,18.398268398268396,0.9,0.7,0.8821889394761514,10814901.962389622,74903209.88766144,-2972935.162518002,liquido,0.9379143478687728,977845000.0,28611000.0,0.0,48061000.0,745497000.0,0.0,91508000.0,26834667.406873457,0.0,699212332.5931265,48061000.0,131113000.0,1692963000.0,326607000.0,3182549000.0,241921000.0,0.247402195644504,7245360.199855834,0.0,15139215.0,62929109.93338139,0.0,14824296.0,0.007409518072757783,0.0,0.015482223665304828,0.06435489257845711,0.0,0.015160169556524807,0.041197480384433986,5.183486575609218,False,False,18024836.603982702,15901311.487898415,25234771.245575782,22261836.08305778,32444705.887168866,28622360.678217147
24988,,NORTE BRASIL TRANSMISSORA DE ENERGIA S.A.,utilities,cvm,Energia Elétrica,Categoria B,BALCÃO ORGANIZADO,individual,padrao,dva,,0.018456078595090488,14747130.198939655,4.372849903167643,,7226093.7974804295,2.142696452552145,4424139.059681897,,6224183.313644102,1.8456078595090488,-1001910.4838363277,,0.04372849903167643,0.04372849903167643,,0.7,70.0,1.0,0.7,1.0,0.05844155844155844,6.042237990022069e-06,0.07565506167322827,5.844155844155844,0.9,0.7,0.8613482592509842,3096897.3417773275,7521036.401459225,-1001910.4838363277,liquido,0.6018880154232246,337243000.0,36388000.0,0.0,23954000.0,23781000.0,0.0,0.0,21901501.105220295,0.0,14313498.894779703,23954000.0,398641000.0,844730000.0,280620000.0,4369242000.0,383229000.0,1.1363586494011737,5913405.298409481,0.0,7545510.0,1288214.9005301734,0.0,0.0,0.01753455312166444,0.0,0.022374104132628404,0.003819841777383588,0.0,0.0,0.09123802252198436,3.01022735371677,False,False,5161495.5696288785,4445845.224031501,7226093.7974804295,6224183.313644102,9290692.025331981,8002521.403256703
25178,,COMPANHIA DE GÁS DE MINAS GERAIS - GASMIG,utilities,cvm,"Saneamento, Serv. Água e Gás",Categoria B,,individual,padrao,dva,,0.056778887672449076,280875172.2152679,8.120861246341976,,196612620.55068752,5.684602872439383,0.0,,196380400.66715986,5.677888767244907,-232219.88352766633,,0.08120861246341976,0.08120861246341976,,1.0,100.0,1.0,1.0,1.0,0.9913419913419913,0.14832448373847393,0.9921259756748325,99.13419913419914,0.9,0.7,0.9988188963512249,84262551.66458037,84262551.66458037,-232219.88352766633,liquido,0.9731018671177599,3458687000.0,114732000.0,0.0,72763000.0,2590400000.0,513000.0,5408000.0,111645923.41815484,0.0,2520723076.5818453,72763000.0,269150000.0,940604000.0,860735000.0,3160220000.0,548563000.0,0.1586044068168065,30144399.322901808,0.0,22920345.0,226865076.8923661,69255.0,876096.0,0.008715561518837006,0.0,0.006626891939050859,0.06559283245126434,2.0023494464807022e-05,0.00025330305980275175,0.08516812120675143,1.0927916257617036,False,False,140437586.10763395,140271714.76225704,196612620.55068752,196380400.66715986,252787654.99374112,252489086.5720627
25224,,2W ECOBANK S.A. - EM RECUPERAÇÃO JUDICIAL,utilities,cvm,Energia Elétrica,Categoria A,,consolidado,padrao,dre,,0.019916552855888003,91914095.24620914,17.160926743267684,,12063725.001064949,2.2523716350538834,74680202.38754493,,10667325.626166467,1.9916552855887997,-1396399.374898482,,0.17160926743267685,0.17160926743267685,,0.1875,18.75,0.75,0.25,1.0,0.19696969696969696,0.0006997052513604313,0.22832050919860367,19.696969696969695,0.9,0.7,0.8842480763797905,5170167.857599265,79850370.24514419,-1396399.374898482,liquido,0.9371721588234893,535601000.0,182863000.0,0.0,36843000.0,403549000.0,0.0,0.0,171374112.4789397,0.0,378194887.5210603,36843000.0,8363000.0,1603260000.0,-9097000.0,1820195000.0,52296000.0,0.09763984757310012,46271010.369313724,0.0,11605545.0,34037539.87689543,0.0,0.0,0.08639082146843215,0.0,0.021668266116008,0.06355017984823672,0.0,0.0,0.004594562670483107,-176.24051885236892,False,False,8616946.429332107,7619518.30440462,12063725.001064949,10667325.626166467,15510503.572797794,13715132.947928317
25240,,TRAVESSIA SECURITIZADORA DE CRÉDITOS FINANCEIROS S.A.,financeiro,cvm,Securitização de Recebíveis,Categoria B,,individual,padrao,dva,,0.0613697792594563,62375.0,10.191993464052288,,43662.5,7.134395424836601,0.0,,37558.304906787256,6.13697792594563,-6104.195093212744,,0.10191993464052287,0.10191993464052287,,1.0,100.0,1.0,1.0,1.0,0.05194805194805195,0.0,0.0679728839449962,5.194805194805195,1.25,0.7,0.8601959325917494,18712.500000000004,18712.5,-6104.195093212744,liquido,1.0,612000.0,154000.0,0.0,0.0,37000.0,0.0,0.0,154000.0,0.0,37000.0,0.0,399000.0,-399000.0,421000.0,759000.0,335000.0,0.5473856209150327,57750.0,0.0,0.0,4625.0,0.0,0.0,0.09436274509803921,0.0,0.0,0.00755718954248366,0.0,0.0,0.525691699604743,-0.9477434679334917,False,False,31187.5,26827.360647705184,43662.5,37558.304906787256,56137.5,48289.24916586933
25321,,GRANBIO INVESTIMENTOS S.A.,commodities,cvm,"Emp. Adm. Part. - Agricultura (Açúcar, Álcool e Cana)",Categoria A,,consolidado,padrao,dva,,0.05936772409734237,7527337.499999999,123.45969329178284,,839768.5898437498,13.77347203286452,6327668.085937499,,825306.3378249046,13.536269277101928,-14462.252018845174,,1.2345969329178283,0.5414727543051877,,0.159375,15.937499999999998,0.75,0.25,0.85,0.8744588744588745,0.08051899946228229,0.8851885928754409,87.44588744588745,0.75,0.7,0.9827782889313161,359900.82421875,6687568.910156249,-14462.252018845174,liquido,0.9508087072844461,6097000.0,67741000.0,0.0,5663000.0,47381000.0,0.0,4100000.0,64408732.640155666,0.0,45050267.35984434,5663000.0,590000.0,396491000.0,-47565000.0,1619809000.0,-43340000.0,-7.108413974085616,4115474.9999999995,0.0,1486537.4999999998,1371825.0000000002,0.0,553500.0,0.6749999999999999,0.0,0.2438145809414466,0.22500000000000003,0.0,0.09078235197638183,0.000364240475265911,-8.335772101335015,False,False,599834.7070312499,589504.5270177891,839768.5898437498,825306.3378249046,1079702.4726562498,1061108.1486320202
25356,,CONCESSIONÁRIA DAS RODOVIAS INTEGRADAS DO SUL S.A.,outros,padrao,Emp. Adm. Part. - Serviços Transporte e Logística,Categoria B,,individual,padrao,dva,,0.030850716368499818,132693346.37387748,11.024622312883793,,37154136.9846857,3.086894247607462,79616007.82432649,,37132199.877573706,3.0850716368499826,-21937.10711199045,,0.1102462231288379,0.1102462231288379,,0.4,40.0,1.0,0.4,1.0,0.9956709956709957,0.16014138116842117,0.9960637659056139,99.56709956709958,1.0,0.7,0.9994095648858421,15923201.5648653,95539209.38919178,-21937.10711199045,liquido,0.9322370017818348,1203609000.0,75982000.0,0.0,68682000.0,937580000.0,0.0,0.0,70833231.86938737,0.0,874046768.1306126,68682000.0,281894000.0,1082284000.0,240532000.0,3197597000.0,350733000.0,0.29140111115819173,21249969.56081621,0.0,24038700.0,87404676.81306127,0.0,0.0,0.01765520992350191,0.0,0.019972183657649616,0.07261882954768638,0.0,0.0,0.08815807620535046,4.499542680391798,False,False,26538669.274775498,26522999.912552647,37154136.9846857,37132199.877573706,47769604.694595896,47741399.842594765
25380,,EZ INC INCORPORAÇÕES S.A.,construcao,cvm,"Construção Civil, Mat. Constr. e Decoração",Categoria A,,consolidado,padrao,dva,,0.05196276247748092,34323866.006659105,68.94834680538972,,3829256.3013679064,7.69204994047629,28853499.86184781,,3293910.695287999,6.616670072090312,-535345.6060799072,,0.689483468053897,0.5414727543051877,,0.159375,15.937499999999998,0.75,0.25,0.85,0.05194805194805195,0.0,0.0679728839449962,5.194805194805195,0.85,0.7,0.8601959325917494,1641109.8434433888,30494609.7052912,-535345.6060799072,liquido,0.7598514507335992,49782000.0,20654000.0,9643000.0,13127000.0,24365000.0,0.0,222422000.0,15693971.863451757,7327247.539424097,18513780.597124144,13127000.0,4290000.0,308865000.0,-4495000.0,1514064000.0,-87021000.0,-1.7480414607689527,4001962.825180198,1993011.3307233546,3905282.5,1573671.3507555523,0.0,22849938.0,0.08038975583906227,0.040034778247626746,0.07844768189305372,0.031611252074154356,0.0,0.45899999999999996,0.0028334337253907364,-68.71301446051167,False,False,2735183.0724056475,2352793.3537771422,3829256.3013679064,3293910.695287999,4923329.530330165,4235028.036798856
25461,,GRUPO TOKY S.A. - EM RECUPERAÇÃO JUDICIAL,varejo,cvm,Comércio (Atacado e Varejo),Categoria A,BOLSA,consolidado,padrao,dva,,0.03619733643950467,272140123.49826384,33.54796966683356,,30360632.527775057,3.742695365956119,228767791.31572804,,29363170.72771687,3.6197336439504673,-997461.800058186,,0.33547969666833566,0.33547969666833566,,0.159375,15.937499999999998,0.75,0.25,0.85,0.7619047619047619,0.0498367326038491,0.7809747432752655,76.19047619047619,1.1,0.7,0.9671462114912899,13011699.65476074,241779490.9704888,-997461.800058186,liquido,0.8735885606649865,811197000.0,114632000.0,326749000.0,111001000.0,436712000.0,328000.0,272030000.0,100141203.88614874,285444188.60872364,381506607.50512755,111001000.0,23036000.0,334797000.0,-13810000.0,2031024000.0,-51005000.0,-0.06287621872368858,33046597.282429084,100476354.39027072,42735385.0,41965726.825564034,54120.0,53861940.0,0.04073806644061687,0.1238618416861388,0.0526818824527211,0.051733089281104386,6.671622306295511e-05,0.06639810058469152,0.011342061935260243,-24.24308472121651,False,False,21686166.0912679,20973693.376940623,30360632.527775057,29363170.72771687,39035098.96428222,37752648.078493126
25542,,CVLB BRASIL S.A EM RECUPERAÇÃO JUDICAL,varejo,cvm,Comércio (Atacado e Varejo),Categoria A,,consolidado,padrao,dva,,0.127854598537837,471930798.15391934,21.1363151024061,,297316402.8369692,13.315878514515845,47193079.81539192,,285473236.1968884,12.785459853783705,-11843166.64008081,,0.211363151024061,0.211363151024061,,0.9,90.0,0.9,1.0,1.0,0.7121212121212122,0.03448332700414671,0.7344430259688716,71.21212121212122,1.1,0.7,0.9601664538953307,127421315.50155824,174614395.31695014,-11843166.64008081,liquido,0.8514030756686974,2232796000.0,80043000.0,402580000.0,275562000.0,1371803000.0,0.0,475880000.0,68148856.38574955,342757850.2027042,1167957293.4115462,275562000.0,146112000.0,577231000.0,366735000.0,2815001000.0,97313000.0,0.043583471127680275,22489122.607297353,120650763.27135189,106091370.0,128475302.2752701,0.0,94224240.0,0.01007217972770345,0.05403573065848913,0.047515030481960735,0.05754009872611296,0.0,0.042200111429794754,0.05190477729848053,1.5739730322985261,False,False,212368859.16926372,203909454.42634884,297316402.8369692,285473236.1968884,382263946.50467473,367037017.96742797
25577,,EQUATORIAL GOIÁS DISTRIBUIDORA DE ENERGIA S.A.,utilities,cvm,Energia Elétrica,Categoria B,BALCÃO ORGANIZADO,individual,padrao,dva,,0.01590110685956615,980689418.8857664,9.03411092027112,,175053061.27110928,1.6125887992683947,730613617.069896,,172612970.80997553,1.590110685956615,-2440090.4611337483,,0.0903411092027112,0.0903411092027112,,0.255,25.5,0.75,0.4,0.85,0.8982683982683982,0.09009360927478444,0.9070723492478768,89.82683982683982,0.9,0.7,0.9860608523871816,75022740.54476114,805636357.6146572,-2440090.4611337483,liquido,0.9867344526121055,10855406000.0,494902000.0,78464000.0,123600000.0,8744003000.0,64249000.0,14890000.0,488336854.0666362,77423132.08975625,8628009013.843609,123600000.0,85029000.0,12058359000.0,2033821000.0,23779054000.0,-283172000.0,-0.02608580462121822,131850950.59799178,22297862.041849803,38934000.0,776520811.2459248,8673615.0,2412180.0,0.012146109560341805,0.002054079049816267,0.003586600077417648,0.07153309708047077,0.0007990134132247104,0.00022221002144000881,0.0035757940580815367,5.92891852331154,False,False,125037900.90793522,123294979.14998254,175053061.27110928,172612970.80997553,225068221.6342834,221930962.4699686
25607,,VIAPAULISTA S.A.,outros,padrao,Serviços Transporte e Logística,Categoria B,,individual,padrao,dre,,0.019125186774219833,93962497.9833319,9.10723179724754,,19732124.5764997,1.9125186774219833,65773748.588332325,,19732124.5764997,1.9125186774219833,0.0,,0.09107231797247539,0.09107231797247539,,0.30000000000000004,30.000000000000004,0.75,0.4,1.0,1.0,0.166790929124211,1.0,100.0,1.0,0.7,1.0,8456624.818499874,74230373.4068322,0.0,liquido,0.9239127343061125,1031735000.0,32614000.0,0.0,56175000.0,705683000.0,417000.0,0.0,30132489.916659553,0.0,651989510.0833404,56175000.0,100068000.0,1609703000.0,440911000.0,4113605000.0,304254000.0,0.29489549157487144,9039746.974997865,0.0,19661250.0,65198951.00833404,62550.0,0.0,0.008761694596963238,0.0,0.019056492219416805,0.06319350512324777,6.062603284758199e-05,0.0,0.02432610812170833,3.650856975670827,False,False,14094374.697499787,14094374.697499787,19732124.5764997,19732124.5764997,25369874.45549962,25369874.45549962
25615,,ÁGUAS DE TERESINA SANEAMENTO SPE S.A.,utilities,cvm,"Saneamento, Serv. Água e Gás",Categoria B,BALCÃO ORGANIZADO,individual,padrao,dva,,0.03232531769577272,69437088.51424292,8.803802696562,,25518130.028984267,3.235397490986535,32982617.044265393,,25495527.597056776,3.2325317695772724,-22602.43192749098,,0.08803802696562,0.08803802696562,,0.5249999999999999,52.49999999999999,0.75,0.7,1.0,0.9935064935064936,0.1521315423669598,0.9940950657691039,99.35064935064936,0.9,0.7,0.9991142598653656,10936341.44099326,43918958.485258654,-22602.43192749098,liquido,0.942245111097657,788717000.0,81387000.0,0.0,30526000.0,447157000.0,7020000.0,1534000.0,76686502.85690501,0.0,421331497.143095,30526000.0,3761000.0,697540000.0,304289000.0,1345270000.0,282494000.0,0.3581690264061761,20705355.771364354,0.0,9615690.0,37919834.742878556,947700.0000000001,248508.0,0.026251945591846446,0.0,0.012191559203110875,0.04807787171175283,0.0012015716663898457,0.000315078792520004,0.0027957213050168366,2.2923602233403115,False,False,18227235.734988764,18211091.14075484,25518130.028984267,25495527.597056776,32809024.322979774,32779964.053358715
25623,,RIO PARANA ENERGIA S.A.,utilities,cvm,Energia Elétrica,Categoria B,,individual,padrao,dre,,0.016697389306926543,106025526.43319198,2.735282150807062,,66796081.652910955,1.7232277550084492,10602552.643319197,,64722737.6819055,1.6697389306926542,-2073343.9710054547,,0.02735282150807062,0.02735282150807062,,0.9,90.0,0.9,1.0,1.0,0.7748917748917749,0.05463737406557539,0.7930673057761018,77.48917748917748,0.9,0.7,0.9689600958664153,28626892.136961844,39229444.78028103,-2073343.9710054547,liquido,0.8997108839719603,3876219000.0,66401000.0,0.0,84882000.0,779972000.0,0.0,0.0,59741702.406622134,0.0,701749297.5933778,84882000.0,1708872000.0,49974000.0,3299871000.0,21377594000.0,2118956000.0,0.5466553876341869,16130259.649787977,0.0,26737830.0,63157436.783404015,0.0,0.0,0.0041613385749845345,0.0,0.006897915210673081,0.016293567722413003,0.0,0.0,0.07993752711366864,0.015144228365290642,False,False,47711486.8949364,46230526.91564679,66796081.652910955,64722737.6819055,85880676.41088551,83214948.44816421
25658,,AGROGALAXY PARTICIPAÇÕES S.A. - EM RECUPERAÇÃO JUDICIAL,varejo,cvm,Comércio (Atacado e Varejo),Categoria A,BOLSA,consolidado,padrao,dva,,0.03653328253688223,1166913557.3055034,25.2996684198266,,173578391.6491936,3.7633256774492057,918944426.3780838,,168504906.77479187,3.6533282536882226,-5073484.874401748,,0.252996684198266,0.252996684198266,,0.2125,21.25,1.0,0.25,0.85,0.7878787878787878,0.056480104079383066,0.8051414569829104,78.78787878787878,1.1,0.7,0.9707712185474365,74390739.27822585,993335165.6563097,-5073484.874401748,liquido,0.9559132534278861,4612367000.0,387635000.0,1196547000.0,275905000.0,4674048000.0,0.0,223818000.0,370545433.99251866,1143795135.6493769,4467984430.358105,275905000.0,475482000.0,1066525000.0,-1813248000.0,3638761000.0,-217816000.0,-0.047224342729015274,122279993.21753116,402615887.7485807,106223425.0,491478287.3393916,0.0,44315964.0,0.026511332081235333,0.08729051433864232,0.023030132901393146,0.1065566307580016,0.0,0.009608074118993566,0.13067140161170243,-0.5881848484046308,False,False,123984565.46370973,120360647.69627991,173578391.6491936,168504906.77479187,223172217.83467752,216649165.85330385
25992,,INTERCEMENT BRASIL S.A. - EM RECUPERAÇÃO JUDICIAL,construcao,cvm,"Construção Civil, Mat. Constr. e Decoração",Categoria A,,consolidado,padrao,dva,,0.03233138469567559,401319685.2102362,12.245159850851206,,112369511.85886614,3.4286447582383377,240791811.1261417,,105962039.5856051,3.2331384695675593,-6407472.27326104,,0.12245159850851206,0.12245159850851206,,0.4,40.0,1.0,0.4,1.0,0.5909090909090909,0.01852344965433852,0.6198570135697374,59.09090909090909,0.85,0.7,0.9429785520354605,48158362.225228354,288950173.35137004,-6407472.27326104,liquido,0.8884538498324518,3277374000.0,276648000.0,0.0,324922000.0,2636245000.0,4685000.0,276447000.0,245788980.6484481,0.0,2342182019.351552,324922000.0,1048706000.0,3205087000.0,791130000.0,5651917000.0,841345000.0,0.2567131490028297,62676190.06535427,0.0,96664295.0,199085471.64488193,597337.5,42296391.0,0.019123905317291915,0.0,0.029494435178896272,0.0607454235143386,0.00018226101140730354,0.012905573486577974,0.18554872621094753,4.051277286918711,False,False,80263937.04204725,75687171.13257508,112369511.85886614,105962039.5856051,144475086.67568505,136236908.03863513
26077,,ECONOMATICA S.A.,tecnologia,cvm,Comunicação e Informática,Categoria A,,consolidado,padrao,dva,,0.07867456159673937,30690826.55202031,69.72810758155245,,4565260.449613021,10.372056002755926,24169025.909715995,,4459296.067666673,10.131309934492045,-105964.38194634765,,0.6972810758155245,0.5414727543051877,,0.2125,21.25,1.0,0.25,0.85,0.8311688311688312,0.06888242050733229,0.8452598223535019,83.11688311688312,1.2,0.7,0.9767889733530253,1956540.1926912952,26125566.10240729,-105964.38194634765,liquido,0.753602290419318,44015000.0,57944000.0,7101000.0,23581000.0,30658000.0,1330000.0,0.0,43666731.116056964,5351329.864267577,23103939.019675452,23581000.0,33112000.0,-30502000.0,-76204000.0,216781000.0,-45217000.0,-1.0273088719754628,15720023.201780505,2054910.6678787498,9904020.0,2772472.6823610542,239400.0,0.0,0.3571514983932865,0.046686599292939904,0.2250146540951948,0.06298926916644448,0.005439054867658753,0.0,0.15274401354362235,0.4002677024828093,False,False,3260900.321152158,3185211.476904767,4565260.449613021,4459296.067666673,5869620.578073884,5733380.6584285805
26107,,CIA SECURITIZADORA DE CRED. FIN. CARTÕES CONSIGNADOS II,financeiro,cvm,Securitização de Recebíveis,Categoria B,BALCÃO ORGANIZADO,individual,padrao,dva,,0.0,2250.0,,,393.75,,1687.5,,338.7021484580013,,-55.04785154199868,,0.0,0.0,,0.25,25.0,1.0,0.25,1.0,0.05194805194805195,0.0,0.0679728839449962,5.194805194805195,1.25,0.7,0.8601959325917494,168.75000000000003,1856.25,-55.04785154199868,liquido,1.0,0.0,6000.0,0.0,0.0,0.0,0.0,0.0,6000.0,0.0,0.0,0.0,4000.0,-4000.0,-6000.0,4000.0,0.0,,2250.0,0.0,0.0,0.0,0.0,0.0,,,,,,,1.0,0.6666666666666666,False,False,281.25,241.93010604142953,393.75,338.7021484580013,506.25,435.47419087457314
26239,,TRV XLIII SECURITIZADORA DE CREDITOS MERCANTIS S.A.,financeiro,cvm,Securitização de Recebíveis,Categoria B,,individual,padrao,dva,,0.014136492104291321,2809250.0,12.521171331788198,,368714.0625,1.643403737297201,2282515.625,,317166.33685188007,1.413649210429132,-51547.72564811993,,0.12521171331788197,0.12521171331788197,,0.1875,18.75,0.75,0.25,1.0,0.05194805194805195,0.0,0.0679728839449962,5.194805194805195,1.25,0.7,0.8601959325917494,158020.31250000003,2440535.9375,-51547.72564811993,liquido,1.0,22436000.0,16000.0,0.0,0.0,22426000.0,0.0,0.0,16000.0,0.0,22426000.0,0.0,85000.0,149901000.0,-6000.0,150094000.0,84000.0,0.0037439828846496702,6000.0,0.0,0.0,2803250.0,0.0,0.0,0.00026742734890354786,0.0,0.0,0.12494428596897843,0.0,0.0,0.0005663117779524831,-24983.5,False,False,263367.1875,226547.38346562863,368714.0625,317166.33685188007,474060.9375,407785.29023813154
26344,,MOTTU I S.A,industria,cvm,"Máquinas, Equipamentos, Veículos e Peças",Categoria B,,individual,padrao,dva,,0.02180231611915839,1883000.0,5.747336934957116,,830403.0,2.534575588316088,696710.0,,714309.2830119865,2.18023161191584,-116093.71698801348,,0.05747336934957116,0.05747336934957116,,0.63,63.0,0.9,0.7,1.0,0.05194805194805195,0.0,0.0679728839449962,5.194805194805195,1.0,0.7,0.8601959325917494,355887.00000000006,1052597.0,-116093.71698801348,liquido,1.0,32763000.0,481000.0,0.0,0.0,17387000.0,0.0,0.0,481000.0,0.0,17387000.0,0.0,4845000.0,77387000.0,35489000.0,144555000.0,39283000.0,1.199004975124378,144300.0,0.0,0.0,1738700.0,0.0,0.0,0.004404358575222049,0.0,0.0,0.05306901077434911,0.0,0.0,0.033516654560547886,2.180591169094649,False,False,593145.0,510220.9164371332,830403.0,714309.2830119865,1067661.0,918397.6495868398
26425,,AÇO VERDE DO BRASIL S.A,commodities,cvm,Metalurgia e Siderurgia,Categoria B,BALCÃO ORGANIZADO,individual,padrao,dva,,0.08160719593469094,246383156.00194028,13.385558472482773,,172468209.2013582,9.36989093073794,0.0,,150211427.69793198,8.160719593469095,-22256781.503426224,,0.13385558472482773,0.13385558472482773,,1.0,100.0,1.0,1.0,1.0,0.11471861471861472,0.00019583256236504747,0.13967597829614142,11.471861471861471,0.75,0.7,0.8709513967444212,73914946.8005821,73914946.80058208,-22256781.503426224,liquido,0.9094962090217751,1840664000.0,86405000.0,175523000.0,143014000.0,1318271000.0,178000.0,465964000.0,78585019.94052647,159637503.09612903,1198962476.9633446,143014000.0,603972000.0,943869000.0,505679000.0,3777717000.0,461018000.0,0.2504628764402411,17681629.486618455,38313000.74307097,37541174.99999999,89922185.77225086,20024.999999999996,62905140.00000001,0.009606114688296427,0.020814771594962995,0.020395452401959287,0.048853123531644484,1.087922619228713e-05,0.03417524328177223,0.15987751332352318,1.8665378629525846,False,False,123191578.00097014,107293876.92709427,172468209.2013582,150211427.69793198,221744840.40174624,193128978.46876967
26433,,ALVAREZ & MARSAL INVESTIMENTOS I S.A.,outros,padrao,Emp. Adm. Part. - Sem Setor Principal,Categoria A,,individual,padrao,dva,,0.0,918477900.0,,,160733632.5,,688858425.0,,138262416.90719703,,-22471215.59280297,,0.0,0.0,,0.25,25.0,1.0,0.25,1.0,0.05194805194805195,0.0,0.0679728839449962,5.194805194805195,1.0,0.7,0.8601959325917494,68885842.50000001,757744267.5,-22471215.59280297,liquido,1.0,0.0,3061593000.0,0.0,0.0,0.0,0.0,0.0,3061593000.0,0.0,0.0,0.0,13364000.0,-13364000.0,-3061593000.0,13476000.0,-211111000.0,,918477900.0,0.0,0.0,0.0,0.0,0.0,,,,,,,0.99168892846542,0.004365047868870878,False,False,114809737.5,98758869.21942645,160733632.5,138262416.90719703,206657527.5,177765964.5949676
26484,,RUMO MALHA CENTRAL S.A.,outros,padrao,Serviços Transporte e Logística,Categoria B,,individual,padrao,dva,,0.04179297169334906,137360193.8538066,7.694848047345804,,86536922.12789817,4.847754269827856,13736019.38538066,,74604341.21899554,4.179297169334905,-11932580.90890263,,0.07694848047345804,0.07694848047345804,,0.9,90.0,0.9,1.0,1.0,0.06277056277056277,1.5097231332419966e-05,0.08073296996729766,6.277056277056277,1.0,0.7,0.8621099454950947,37087252.340527795,50823271.72590844,-11932580.90890263,liquido,0.9028749683837788,1785093000.0,65758000.0,56000.0,96768000.0,930510000.0,6000.0,9164000.0,59371252.17098053,50560.99822949161,840134186.83079,96768000.0,245203000.0,2217566000.0,1109958000.0,7166877000.0,936928000.0,0.5248622900879674,17811375.651294157,16179.519433437315,33868800.0,84013418.683079,900.0,1649520.0,0.009977841855463082,9.063684319773432e-06,0.018973129131087285,0.047063888930761036,5.041754127095899e-07,0.0009240526964141364,0.03421336797045631,1.9978828027727176,False,False,61812087.23421298,53288815.15642539,86536922.12789817,74604341.21899554,111261757.02158336,95919867.2815657
26581,,CONCESSIONÁRIA ECOVIAS DO CERRADO S.A.,outros,padrao,Serviços Transporte e Logística,Categoria B,BALCÃO ORGANIZADO,individual,padrao,dva,,0.02851888979124622,51554343.575434074,10.194347325160233,,14435216.20112154,2.854417251044865,30932606.145260442,,14422430.350780083,2.851888979124622,-12785.850341457874,,0.10194347325160233,0.10194347325160233,,0.4,40.0,1.0,0.4,1.0,0.9935064935064936,0.15610173131518176,0.9940950657691039,99.35064935064936,1.0,0.7,0.9991142598653656,6186521.22905209,37119127.374312535,-12785.850341457874,liquido,0.9578376262745548,505715000.0,12589000.0,0.0,18744000.0,431978000.0,0.0,0.0,12058217.87717037,0.0,413764782.1228296,18744000.0,175008000.0,547909000.0,101110000.0,1699575000.0,145221000.0,0.28715976389863856,3617465.363151111,0.0,6560400.0,41376478.21228296,0.0,0.0,0.007153169993279043,0.0,0.012972524050107273,0.08181777920821602,0.0,0.0,0.10297162525925599,5.418939768568885,False,False,10310868.715086816,10301735.964842917,14435216.20112154,14422430.350780083,18559563.687156267,18543124.73671725
26611,,MNLT S.A.,outros,padrao,Emp. Adm. Part. - Sem Setor Principal,Categoria B,,individual,padrao,dva,,0.0,8445850.0,,,1108517.8125,,6862253.125,,953542.5135180035,,-154975.2989819965,,0.0,0.0,,0.1875,18.75,0.75,0.25,1.0,0.05194805194805195,0.0,0.0679728839449962,5.194805194805195,1.0,0.7,0.8601959325917494,475079.06250000006,7337332.1875,-154975.2989819965,liquido,0.0,0.0,21358000.0,0.0,24131000.0,0.0,0.0,0.0,0.0,0.0,0.0,24131000.0,33155000.0,1021031000.0,-21627000.0,2063460000.0,-130490000.0,,0.0,0.0,8445850.0,0.0,0.0,0.0,,,,,,,0.01606767274383802,-47.21094002866787,False,False,791798.4375,681101.7953700025,1108517.8125,953542.5135180035,1425237.1875,1225983.2316660045
26638,,CONCESSIONARIA ECOVIAS DO ARAGUAIA S.A.,outros,padrao,Serviços Transporte e Logística,Categoria B,,individual,padrao,dva,,0.02027785946471015,75824807.57266226,8.087418746717535,,19107851.50831089,2.0380295241728192,48527876.84650384,,19011811.309030972,2.027785946471015,-96040.19927991927,,0.08087418746717537,0.08087418746717537,,0.36000000000000004,36.00000000000001,0.9,0.4,1.0,0.9632034632034632,0.1202872958763221,0.9664918897385724,96.32034632034632,1.0,0.7,0.9949737834607859,8189079.217847527,56716956.06435137,-96040.19927991927,liquido,0.9513672775585167,937565000.0,21384000.0,0.0,31114000.0,618391000.0,0.0,0.0,20344037.86331132,0.0,588316962.1366887,31114000.0,177192000.0,1345354000.0,378417000.0,5209403000.0,326838000.0,0.34860303018990685,6103211.358993396,0.0,10889900.0,58831696.213668875,0.0,0.0,0.006509640781165462,0.0,0.011615088020563906,0.062749458665446,0.0,0.0,0.03401387836571676,3.5552155426421117,False,False,13648465.363079209,13579865.220736409,19107851.50831089,19011811.309030972,24567237.65354258,24443757.397325538
26654,,TRANSMISSORA JOSÉ MARIA DE MACEDO DE ELETRICIDADE S.A.,utilities,cvm,Energia Elétrica,Categoria B,,individual,padrao,dva,,0.006208115512313086,7899154.34419808,1.9594752866840839,,2902939.221492794,0.7201071678564007,3752098.3134940886,,2502652.774016725,0.6208115512313085,-400286.447476069,,0.019594752866840842,0.019594752866840842,,0.5249999999999999,52.49999999999999,0.75,0.7,1.0,0.06277056277056277,2.3853078144715447e-05,0.08073296996729766,6.277056277056277,0.9,0.7,0.8621099454950947,1244116.8092111975,4996215.122705286,-400286.447476069,liquido,0.8592745094466814,403126000.0,7897000.0,0.0,7724000.0,46990000.0,0.0,0.0,6785690.801100443,0.0,40377309.19889956,7724000.0,7967000.0,1110138000.0,348319000.0,3052017000.0,200171000.0,0.4965469853098039,1832136.5162971197,0.0,2433060.0,3633957.8279009606,0.0,0.0,0.004544823495128371,0.0,0.006035482702678567,0.009014446669033902,0.0,0.0,0.0026104048568536807,3.1871301881321434,False,False,2073528.0153519956,1787609.1242976608,2902939.221492794,2502652.774016725,3732350.427633592,3217696.423735789
26662,,ARGO V TRANSMISSÃO DE ENERGIA S.A.,utilities,cvm,Energia Elétrica,Categoria B,BALCÃO ORGANIZADO,individual,padrao,dva,,0.011232425636349689,6920480.797285422,3.5406485266836976,,2543276.693002392,1.3011883335562586,3287228.378710576,,2195467.4500296377,1.123242563634969,-347809.2429727544,,0.03540648526683698,0.03540648526683698,,0.5249999999999999,52.49999999999999,0.75,0.7,1.0,0.06926406926406926,3.693043542955385e-05,0.08829098585112215,6.926406926406926,0.9,0.7,0.8632436478776683,1089975.7255724538,4377204.104283029,-347809.2429727544,liquido,0.9382059043713179,195458000.0,3174000.0,0.0,3797000.0,58272000.0,0.0,0.0,2977865.540474563,0.0,54671134.459525436,3797000.0,4151000.0,407072000.0,134015000.0,1115611000.0,28812000.0,0.14740762721403064,804023.695928132,0.0,1196055.0,4920402.10135729,0.0,0.0,0.004113536902701,0.0,0.006119243008728218,0.02517370535540776,0.0,0.0,0.0037208310065067482,3.0375107264112224,False,False,1816626.209287423,1568191.0357354553,2543276.693002392,2195467.4500296377,3269927.1767173614,2822743.86432382
26670,,ARGO VI TRANSMISSÃO DE ENERGIA S.A.,utilities,cvm,Energia Elétrica,Categoria B,BALCÃO ORGANIZADO,individual,padrao,dva,,0.005765812244365615,2284407.2768452843,1.819070780488517,,839519.6742406418,0.6685085118295298,1085093.4565015102,,724076.4674596783,0.5765812244365615,-115443.20678096346,,0.018190707804885166,0.018190707804885166,,0.5249999999999999,52.49999999999999,0.75,0.7,1.0,0.06493506493506493,2.896164867995854e-05,0.08325986614204092,6.493506493506493,0.9,0.7,0.8624889799213061,359794.1461031323,1444887.6026046425,-115443.20678096346,liquido,0.7846056605098672,125581000.0,2215000.0,0.0,3067000.0,12024000.0,0.0,0.0,1737901.538029356,0.0,9434098.461970644,3067000.0,3315000.0,299917000.0,111344000.0,1049664000.0,80804000.0,0.6434412849077488,469233.4152679261,0.0,966105.0,849068.8615773581,0.0,0.0,0.003736500069818891,0.0,0.007693082552296924,0.006761125182769353,0.0,0.0,0.0031581534662520577,2.6936071993102457,False,False,599656.910171887,517197.4767569131,839519.6742406418,724076.4674596783,1079382.4383093966,930955.4581624436
26719,,MANAUS TRANSMISSORA DE ENERGIA S.A,utilities,cvm,Energia Elétrica,Categoria B,,individual,padrao,dva,,0.013421781943359693,8509395.287573582,5.562641551880438,,2382630.680520603,1.5575396345265229,5105637.172544149,,2053183.6710035058,1.3421781943359694,-329447.00951709715,,0.05562641551880438,0.05562641551880438,,0.4,40.0,1.0,0.4,1.0,0.06060606060606061,8.359717047237529e-06,0.07819813841196976,6.0606060606060606,0.9,0.7,0.8617297207617954,1021127.43450883,6126764.607052978,-329447.00951709715,liquido,0.618728735756332,152974000.0,17952000.0,0.0,14120000.0,19082000.0,0.0,0.0,11107418.264297672,0.0,11806581.735702328,14120000.0,277947000.0,733996000.0,132519000.0,2535971000.0,75502000.0,0.49356099729365777,2999002.9313603714,0.0,4447800.0,1062592.3562132097,0.0,0.0,0.019604657859246484,0.0,0.029075529174892464,0.006946228484665431,0.0,0.0,0.10960180538342118,5.5387982100679904,False,False,1701879.0575147164,1466559.7650025042,2382630.680520603,2053183.6710035058,3063382.3035264895,2639807.5770045076
26727,,IGUÁ RIO DE JANEIRO S.A.,utilities,cvm,"Emp. Adm. Part. - Saneamento, Serv. Água e Gás",Categoria B,,individual,padrao,dva,,0.029012652469800417,169667096.15337956,10.389284663028562,,47506786.922946274,2.9089997056479975,101800257.69202773,,47380475.71047364,2.901265246980041,-126311.21247263253,,0.10389284663028564,0.10389284663028564,,0.4,40.0,1.0,0.4,1.0,0.9805194805194806,0.14399926652784642,0.9822746431750192,98.05194805194806,0.9,0.7,0.9973411964762529,20360051.538405553,122160309.23043329,-126311.21247263253,liquido,0.9230231813237231,1633097000.0,146395000.0,0.0,99493000.0,1146111000.0,49133000.0,0.0,135125978.62988645,0.0,1057887021.3701136,99493000.0,927322000.0,6672516000.0,574848000.0,10405303000.0,465773000.0,0.28520841076800707,36484014.23006935,0.0,31340295.0,95209831.92331024,6632955.0,0.0,0.022340384086229625,0.0,0.019190712492889277,0.058300169508186124,0.004061580542980607,0.0,0.08912013422386643,11.607444054776218,False,False,33933419.23067591,33843196.936052606,47506786.922946274,47380475.71047364,61080154.61521664,60917754.484894685
26735,,ÁGUAS DO RIO 1 SPE S.A.,utilities,cvm,"Saneamento, Serv. Água e Gás",Categoria B,BOLSA,individual,padrao,dva,,0.026256758279176583,374625396.16320497,14.709668503740383,,66870633.21513208,2.625675827917658,279095920.1415877,,66870633.21513208,2.625675827917658,0.0,,0.14709668503740383,0.14709668503740383,,0.255,25.5,0.75,0.4,0.85,1.0,0.17479919963550458,1.0,100.0,0.9,0.7,1.0,28658842.806485184,307754762.9480729,0.0,liquido,0.9537747051483315,2546797000.0,607147000.0,0.0,101057000.0,1579037000.0,360810000.0,13500000.0,579081450.906694,0.0,1506045549.093306,101057000.0,32155000.0,7134968000.0,728890000.0,12901122000.0,-10556000.0,-0.00414481405467338,156351991.7448074,0.0,31832955.0,135544099.41839758,48709350.0,2187000.0,0.061391619255404886,0.0,0.012499211755000496,0.053221399042953775,0.019125729298408944,0.0008587256856357221,0.0024924188764357084,9.788813126809258,False,False,47764738.01080863,47764738.01080863,66870633.21513208,66870633.21513208,85976528.41945554,85976528.41945554
26743,,ÁGUAS DO RIO 4 SPE S.A.,utilities,cvm,"Saneamento, Serv. Água e Gás",Categoria B,BALCÃO ORGANIZADO,individual,padrao,dva,,0.03293882033063311,958241434.1693349,15.717649510412532,,201230701.17556033,3.300706397186632,670769003.9185344,,200814647.3336361,3.29388203306331,-416053.8419242203,,0.15717649510412535,0.15717649510412535,,0.30000000000000004,30.000000000000004,0.75,0.4,1.0,0.9848484848484849,0.14497083908753985,0.9862163563348375,98.48484848484848,0.9,0.7,0.9979324534502256,86241729.07524016,757010732.9937745,-416053.8419242203,liquido,0.9766579146198708,6096595000.0,1759227000.0,0.0,116532000.0,3233129000.0,1270941000.0,11502000.0,1718162973.1629715,0.0,3157661026.8370285,116532000.0,85267000.0,7859669000.0,1499085000.0,15515461000.0,345397000.0,0.056654083139851014,463904002.75400233,0.0,36707580.0,284189492.4153326,171577035.0,1863324.0,0.0760923109955643,0.0,0.006020996966339408,0.04661446141909256,0.028143092168661364,0.0003056335544676988,0.005495614986883084,5.242977549638613,False,False,143736215.12540025,143439033.8097401,201230701.17556033,200814647.3336361,258725187.22572044,258190260.85753217
26808,,COPEL DISTRIBUIÇÃO S.A.,utilities,cvm,Energia Elétrica,Categoria B,BALCÃO ORGANIZADO,individual,padrao,dva,,0.041864503956288386,1644046534.8406765,9.653568453551951,,725024521.8647383,4.257223688016411,608297217.8910503,,712971508.8603876,4.18645039562884,-12053013.004350781,,0.09653568453551951,0.09653568453551951,,0.63,63.0,0.9,0.7,1.0,0.8787878787878788,0.08306727333203974,0.8891714450949338,87.87878787878788,0.9,0.7,0.9833757167642401,310724795.0848879,919022012.9759382,-12053013.004350781,liquido,0.9406655079895575,17030454000.0,396394000.0,111790000.0,878641000.0,14300083000.0,75403000.0,95620000.0,372874163.37401265,105156997.13815263,13451594839.487835,878641000.0,1734522000.0,6133385000.0,2574517000.0,23567303000.0,1913877000.0,0.11237968171605994,100676024.11098342,30285215.17578796,276771915.0,1210643535.5539052,10179405.0,15490440.0,0.005911529082605984,0.001778297582424283,0.016251587597136283,0.0710869795693001,0.0005977177707652421,0.000909572933287627,0.07359866336848132,2.3823439503409767,False,False,517874658.4748131,509265363.4717054,725024521.8647383,712971508.8603876,932174385.2546636,916677654.2490697
26816,,QESTRA TECNOLOGIA ADMINISTRAÇÃO E PARTICIPAÇÕES S.A.,tecnologia,cvm,Emp. Adm. Part. - Comunicação e Informática,Categoria A,,individual,padrao,dva,,0.0,432000.0,,,75600.0,,324000.0,,65030.81250393626,,-10569.187496063743,,0.0,0.0,,0.25,25.0,1.0,0.25,1.0,0.05194805194805195,0.0,0.0679728839449962,5.194805194805195,1.2,0.7,0.8601959325917494,32400.000000000004,356400.0,-10569.187496063743,liquido,0.856655290102389,0.0,1172000.0,0.0,168000.0,0.0,0.0,0.0,1004000.0,0.0,0.0,168000.0,0.0,0.0,-2257000.0,0.0,-1039000.0,,361440.0,0.0,70560.0,0.0,0.0,0.0,,,,,,,,-0.0,False,False,54000.0,46450.58035995447,75600.0,65030.81250393626,97200.0,83611.04464791804
26824,,TRAVESSIA SECURITIZADORA DE CRÉDITOS MERCANTIS VI S.A.,financeiro,cvm,Securitização de Recebíveis,Categoria B,,individual,padrao,dva,,0.011995701091220879,586625.0,12.5,,65445.35156249999,1.3945312499999998,493131.640625,,56295.825221099585,1.1995701091220878,-9149.526341400408,,0.125,0.125,,0.159375,15.937499999999998,0.75,0.25,0.85,0.05194805194805195,0.0,0.0679728839449962,5.194805194805195,1.25,0.7,0.8601959325917494,28048.007812500004,521179.6484375,-9149.526341400408,liquido,1.0,4693000.0,0.0,0.0,0.0,4693000.0,0.0,0.0,0.0,0.0,4693000.0,0.0,80000.0,30952000.0,0.0,31159000.0,-4995000.0,-1.06435116130407,0.0,0.0,0.0,586625.0,0.0,0.0,0.0,0.0,0.0,0.125,0.0,0.0,0.002567476491543374,,False,False,46746.6796875,40211.30372935685,65445.35156249999,56295.825221099585,84144.0234375,72380.34671284234
26859,,CONCESSIONÁRIA CATARINENSE DE RODOVIAS S.A.,outros,padrao,Emp. Adm. Part. - Serviços Transporte e Logística,Categoria B,,individual,padrao,dva,,0.08092484541470378,60041364.84008171,11.591511754398692,,42028955.388057195,8.114058228079085,0.0,,41917208.65337202,8.092484541470379,-111746.73468517512,,0.11591511754398691,0.11591511754398691,,1.0,100.0,1.0,1.0,1.0,0.9805194805194806,0.1423290995410032,0.9822746431750192,98.05194805194806,1.0,0.7,0.9973411964762529,18012409.452024516,18012409.452024512,-111746.73468517512,liquido,0.9320360708562407,517977000.0,31111000.0,0.0,31511000.0,432532000.0,0.0,0.0,28996574.200408507,0.0,403135425.79959154,31511000.0,201651000.0,105915000.0,74297000.0,1446851000.0,158077000.0,0.30518150419806284,8698972.260122553,0.0,11028850.0,40313542.579959154,0.0,0.0,0.016794128426788357,0.0,0.02129216162107584,0.07782882749612272,0.0,0.0,0.13937233343309022,1.4255622703473896,False,False,30020682.420040853,29940863.323837154,42028955.388057195,41917208.65337202,54037228.356073536,53893553.98290688
26875,,EIXO SP CONCESSIONÁRIA DE RODOVIAS S.A.,outros,padrao,Serviços Transporte e Logística,Categoria B,BALCÃO ORGANIZADO,individual,padrao,dva,,0.03104546773013064,152970333.1466727,11.087667046475227,,42831693.281068355,3.104546773013064,91782199.88800362,,42831693.281068355,3.104546773013064,0.0,,0.11087667046475227,0.11087667046475227,,0.4,40.0,1.0,0.4,1.0,1.0,0.1648157912391819,1.0,100.0,1.0,0.7,1.0,18356439.977600727,110138639.86560434,0.0,liquido,0.8914396571170765,1379644000.0,62373000.0,0.0,120312000.0,1045877000.0,0.0,5261000.0,55601765.73336341,0.0,932336234.2666366,120312000.0,413015000.0,1807467000.0,459627000.0,4024510000.0,390578000.0,0.2831005679726074,16680529.720009023,0.0,42109200.0,93233623.42666367,0.0,946980.0,0.012090459364886176,0.0,0.03052178677977797,0.06757802985890829,0.0,0.0006863944611798406,0.10262491582826232,3.932464802981548,False,False,30594066.62933454,30594066.62933454,42831693.281068355,42831693.281068355,55069319.93280217,55069319.93280217
26883,,BSB ENERGÉTICA S.A.,utilities,cvm,Emp. Adm. Part. - Energia Elétrica,Categoria B,BALCÃO ORGANIZADO,individual,padrao,dva,,0.0,115965.0,,,42617.13749999999,,55083.37500000001,,36659.088336203306,,-5958.049163796684,,0.0,0.0,,0.5249999999999999,52.49999999999999,0.75,0.7,1.0,0.05194805194805195,0.0,0.0679728839449962,5.194805194805195,0.9,0.7,0.8601959325917494,18264.4875,73347.86250000002,-5958.049163796684,liquido,0.8788598574821853,0.0,421000.0,0.0,51000.0,0.0,0.0,0.0,370000.0,0.0,0.0,51000.0,3869000.0,283453000.0,123227000.0,440845000.0,76827000.0,,99900.0,0.0,16065.0,0.0,0.0,0.0,,,,,,,0.008776327280563464,2.300250756733508,False,False,30440.812499999996,26185.06309728808,42617.13749999999,36659.088336203306,54793.462499999994,47133.11357511854
26913,,VIA BRASIL BR 163 CONCESSIONÁRIA DE RODOVIAS S.A.,varejo,nome,Serviços Transporte e Logística,Categoria B,,individual,padrao,dva,,0.044844476958522776,87462593.42151293,12.202578764223889,,32142503.08240599,4.484447695852277,41544731.87521865,,32142503.08240599,4.484447695852277,0.0,,0.12202578764223888,0.12202578764223888,,0.5249999999999999,52.49999999999999,0.75,0.7,1.0,1.0,0.17759863091996902,1.0,100.0,1.1,0.7,1.0,13775358.463888286,55320090.33910694,0.0,liquido,0.898582740618759,716755000.0,43101000.0,1066000.0,57891000.0,526653000.0,0.0,0.0,38729814.70340913,957889.201499597,473241296.0950913,57891000.0,1328000.0,932331000.0,281573000.0,1478365000.0,109283000.0,0.15246911427196183,12780838.852125013,337176.9989278582,22288035.0,52056542.57046005,0.0,0.0,0.017831530791030427,0.00047042155119651514,0.031095750988831612,0.07262808431118033,0.0,0.0,0.000898289664595685,3.3111519925561046,False,False,22958930.77314714,22958930.77314714,32142503.08240599,32142503.08240599,41326075.391664855,41326075.391664855
26921,,REGENERA RIO S.A.,utilities,cvm,"Saneamento, Serv. Água e Gás",Categoria B,,individual,padrao,dva,,0.01816623300081413,43585859.74108733,9.552562657764268,,9153030.54562834,2.0060381581304965,30510101.81876113,,8288779.796213466,1.816623300081413,-864250.7494148752,,0.09552562657764269,0.09552562657764269,,0.30000000000000004,30.000000000000004,0.75,0.4,1.0,0.3354978354978355,0.002572694983198727,0.3705175969812841,33.549783549783555,0.9,0.7,0.9055776395471926,3922727.376697861,34432829.19545899,-864250.7494148752,liquido,0.9057015090540218,456274000.0,21953000.0,0.0,31188000.0,308784000.0,0.0,19897000.0,19882865.228262942,0.0,279666134.77173704,31188000.0,18433000.0,807059000.0,157883000.0,1085632000.0,187974000.0,0.4119761371456625,5368373.611630995,0.0,9824220.0,25169952.129456338,0.0,3223314.0,0.011765679419890231,0.0,0.02153140437544107,0.05516411658226491,0.0,0.007064426200046463,0.016979049991157225,5.111753640353933,False,False,6537878.961163101,5920556.997295332,9153030.54562834,8288779.796213466,11768182.130093582,10657002.595131598
26948,,ELEA DIGITAL INFRAESTRUTURA E REDES DE TELECOMUNICAÇÕES S.A.,tecnologia,cvm,Comunicação e Informática,Categoria B,,individual,padrao,dva,,0.049538206520097355,31035899.124205425,19.104070076515896,,8690051.754777519,5.34913962142445,18621539.474523254,,8047828.416635456,4.953820652009735,-642223.3381420635,,0.19104070076515894,0.19104070076515894,,0.4,40.0,1.0,0.4,1.0,0.474025974025974,0.00933536079445483,0.5073114589227554,47.4025974025974,1.2,0.7,0.9260967188384133,3724307.894904652,22345847.369427904,-642223.3381420635,liquido,0.9990246527427438,162457000.0,54856000.0,0.0,145000.0,93809000.0,0.0,0.0,54802496.350855954,0.0,93717503.64914405,145000.0,98150000.0,539185000.0,123277000.0,929241000.0,31900000.0,0.1963596520925537,19728898.68630814,0.0,60900.0,11246100.437897285,0.0,0.0,0.12144074238911308,0.0,0.000374868426722148,0.06922508994932373,0.0,0.0,0.10562383708854861,4.373768018365145,False,False,6207179.824841086,5748448.869025326,8690051.754777519,8047828.416635456,11172923.684713954,10347207.964245588
26999,,BRK AMBIENTAL - REGIÃO METROPOLITANA DE MACEIÓ S.A.,utilities,cvm,"Emp. Adm. Part. - Saneamento, Serv. Água e Gás",Categoria B,BALCÃO ORGANIZADO,individual,padrao,dre,,0.03576134801552326,103138421.66901854,12.805958533217101,,28878758.067325193,3.585668389300788,61883053.00141112,,28801975.12361435,3.576134801552327,-76782.94371084496,,0.128059585332171,0.128059585332171,,0.4,40.0,1.0,0.4,1.0,0.9805194805194806,0.14275393441442333,0.9822746431750192,98.05194805194806,0.9,0.7,0.9973411964762529,12376610.600282228,74259663.60169335,-76782.94371084496,liquido,0.9367125939807184,805394000.0,133214000.0,0.0,44849000.0,575442000.0,41161000.0,7720000.0,124783231.49454741,0.0,539023768.5054525,44849000.0,495960000.0,2509873000.0,164822000.0,4207297000.0,219376000.0,0.27238345455764507,33691472.503527805,0.0,14127435.0,48512139.16549073,5556735.0,1250640.0,0.041832286438100864,0.0,0.017541023399727337,0.0602340459023667,0.0068993995485439425,0.0015528300434321585,0.11788091023761813,15.227779058620815,False,False,20627684.33380371,20572839.37401025,28878758.067325193,28801975.12361435,37129831.80084668,37031110.873218454
27065,,COMPANHIA DO METROPOLITANO DE SÃO PAULO - METRÔ,outros,padrao,Serviços Transporte e Logística,Categoria B,BALCÃO ORGANIZADO,individual,padrao,dva,,0.1368640683487616,901717967.3010993,29.858477784440435,,473401932.8330771,15.675700836831224,225429491.82527483,,413325791.08341473,13.686406834876163,-60076141.74966234,,0.29858477784440424,0.29858477784440424,,0.75,75.0,0.75,1.0,1.0,0.1277056277056277,0.00022172716086098842,0.15397977091564677,12.770562770562771,1.0,0.7,0.873096965637347,202886542.64274737,428316034.4680222,-60076141.74966234,liquido,0.47107673741881306,3019973000.0,725569000.0,22836000.0,1798758000.0,2652387000.0,26292000.0,207106000.0,341798677.2922308,10757508.375696015,1249477814.3320732,1798758000.0,470878000.0,-207917000.0,460146000.0,43981080000.0,275977000.0,0.0913839295914235,102539603.18766923,3442402.6802227246,629565300.0,124947781.43320733,3943800.0,37279080.0,0.033953814549888106,0.00113987862812771,0.2084671949053849,0.041373807458943285,0.001305905715051095,0.012344176587009219,0.010706376469154464,-0.45185006497937613,False,False,338144237.73791224,295232707.91672486,473401932.8330771,413325791.08341473,608659627.9282421,531418874.2501048
27081,,NOVA SOCIEDADE DE NAVEGAÇÃO S.A.,commodities,cvm,Emp. Adm. Part. - Petróleo e Gás,Categoria B,,individual,padrao,dva,,0.0,2192700.0,,,383722.5,,1644525.0,,330076.53374393756,,-53645.96625606244,,0.0,0.0,,0.25,25.0,1.0,0.25,1.0,0.05194805194805195,0.0,0.0679728839449962,5.194805194805195,0.75,0.7,0.8601959325917494,164452.50000000003,1808977.5,-53645.96625606244,liquido,0.3742776203966006,0.0,8825000.0,0.0,5522000.0,0.0,0.0,0.0,3303000.0000000005,0.0,0.0,5522000.0,12356000.0,16491000.0,-8755000.0,50489000.0,-25450000.0,,743175.0,0.0,1449524.9999999998,0.0,0.0,0.0,,,,,,,0.24472657410525064,-1.8836093660765276,False,False,274087.5,235768.95267424113,383722.5,330076.53374393756,493357.5,424384.114813634
27146,,RIO+ SANEAMENTO BL 3 S.A.,utilities,cvm,"Saneamento, Serv. Água e Gás",Categoria B,,individual,padrao,dva,,0.0413385982912684,182579863.8399714,17.441330945152274,,43454007.59391319,4.151036764946241,120502710.1343811,,43274195.479060456,4.133859829126839,-179812.1148527339,,0.17441330945152275,0.17441330945152275,,0.34,34.0,1.0,0.4,0.85,0.9696969696969697,0.12724463301636568,0.9724134205628608,96.96969696969697,0.9,0.7,0.9958620130844291,18623146.111677088,139125856.2460582,-179812.1148527339,liquido,0.8929010289705394,1046823000.0,247518000.0,0.0,118010000.0,854360000.0,111820000.0,12230000.0,221009076.88872996,0.0,762858923.11127,118010000.0,460030000.0,2704976000.0,25828000.0,4148373000.0,-43473000.0,-0.04152851055049421,59672450.75995709,0.0,37173150.0,68657303.0800143,15095700.000000002,1981260.0,0.057003381431203835,0.0,0.03551044445909194,0.06558635326126222,0.014420489423713465,0.001892640876251286,0.11089407823259866,104.73037014093232,False,False,31038576.85279514,30910139.627900332,43454007.59391319,43274195.479060456,55869438.33503125,55638251.330220595
27235,,VRENTAL LOCAÇÃO DE MÁQUINAS E EQUIPAMENTOS S.A.,industria,cvm,"Máquinas, Equipamentos, Veículos e Peças",Categoria B,,individual,padrao,dva,,0.03468400362296087,46935626.20579201,15.644426513938306,,11827777.803859588,3.9423954815124533,30038800.771706883,,10405721.346942605,3.468400362296087,-1422056.4569169823,,0.15644426513938306,0.15644426513938306,,0.36000000000000004,36.00000000000001,0.9,0.4,1.0,0.16883116883116883,0.0005066002743260275,0.19846512703739178,16.883116883116884,1.0,0.7,0.8797697690556088,5069047.630225539,35107848.40193242,-1422056.4569169823,liquido,0.8868195051477188,300015000.0,34544000.0,15830000.0,31023000.0,223728000.0,8928000.0,6751000.0,30634292.985822797,14038352.766488388,198406354.24768883,31023000.0,26105000.0,561163000.0,112705000.0,808527000.0,202714000.0,0.6756795493558655,9190287.895746838,4492272.885276284,10858050.0,19840635.424768884,1339200.0,1215180.0,0.03063276134775541,0.014973494276207137,0.036191690415479226,0.06613214480865585,0.004463776811159442,0.0040503974801259935,0.03228710976875231,4.979042633423539,False,False,8448412.717042563,7432658.104959005,11827777.803859588,10405721.346942605,15207142.890676614,13378784.588926207
27294,,CONCESSIONARIA ROTA DE SANTA MARIA S.A,outros,padrao,Serviços Transporte e Logística,Categoria B,BOLSA,individual,padrao,dva,,0.03530600717062752,35744648.27291049,12.64290327099142,,10008501.516414937,3.5400129158775973,21446788.963746294,,9981890.877315665,3.530600717062752,-26610.639099271968,,0.1264290327099142,0.1264290327099142,,0.4,40.0,1.0,0.4,1.0,0.9805194805194806,0.13716463327620723,0.9822746431750192,98.05194805194806,1.0,0.7,0.9973411964762529,4289357.79274926,25736146.756495554,-26610.639099271968,liquido,0.9036969597933251,282725000.0,21326000.0,0.0,24752000.0,235696000.0,0.0,0.0,19272241.36455245,0.0,212997758.63544756,24752000.0,84981000.0,257597000.0,33793000.0,735799000.0,93172000.0,0.3295499159961093,5781672.409365735,0.0,8663200.0,21299775.86354476,0.0,0.0,0.020449809565357628,0.0,0.03064178972499779,0.07533743341955879,0.0,0.0,0.11549485661165618,7.622791702423579,False,False,7148929.654582098,7129922.055225475,10008501.516414937,9981890.877315665,12868073.378247777,12833859.699405855
27359,,ÁGUAS DO SERTÃO S.A.,utilities,cvm,"Saneamento, Serv. Água e Gás",Categoria B,BALCÃO ORGANIZADO,individual,padrao,dva,,0.028293597426254605,33853778.05212183,13.208962383872363,,7251479.258764498,2.8293597426254604,23494521.96817255,,7251479.258764498,2.8293597426254604,0.0,,0.13208962383872364,0.13208962383872364,,0.30600000000000005,30.600000000000005,0.9,0.4,0.85,1.0,0.18091349663352835,1.0,100.0,0.9,0.7,1.0,3107776.8251847853,26602298.793357335,0.0,liquido,0.8893127750972488,256294000.0,26069000.0,0.0,25097000.0,200669000.0,9774000.0,14247000.0,23183494.73401018,0.0,178457505.2659898,25097000.0,46997000.0,1186276000.0,49928000.0,1434291000.0,-27566000.0,-0.10755616596564882,6259543.5781827485,0.0,7905555.0,16061175.473939085,1319490.0,2308014.0,0.02442329347617482,0.0,0.030845649917672673,0.06266699756505843,0.0051483452597407674,0.009005337620076943,0.0327667119155039,23.759734016984456,False,False,5179628.041974641,5179628.041974641,7251479.258764498,7251479.258764498,9323330.475554354,9323330.475554354
27367,,LIGGA TELECOMUNICAÇÕES S.A.,utilities,cvm,Telecomunicações,Categoria B,,individual,padrao,dva,,0.03149978215285609,91457415.88311294,15.622183218765073,,19206057.33545372,3.2806584759406663,64020191.11817905,,18441011.965093,3.1499782152856093,-765045.3703607172,,0.15622183218765073,0.15622183218765073,,0.30000000000000004,30.000000000000004,0.75,0.4,1.0,0.7121212121212122,0.0351697385880077,0.7344430259688716,71.21212121212122,0.9,0.7,0.9601664538953307,8231167.429480166,72251358.54765922,-765045.3703607172,liquido,0.8697994543826402,585433000.0,90856000.0,98306000.0,62521000.0,291028000.0,13165000.0,7659000.0,79026499.22738916,85506505.16253982,253135995.610071,62521000.0,13690000.0,1327034000.0,337166000.0,2519433000.0,269060000.0,0.459591447697687,21337154.791395072,24625873.486811474,19694115.0,22782239.60490639,1777275.0000000002,1240758.0,0.036446792017865534,0.04206437540557412,0.03364025430749548,0.038915195427839555,0.003035829890013033,0.0021193851388630297,0.0054337622790524695,3.935847624019029,False,False,13718612.382466942,13172151.403637858,19206057.33545372,18441011.965093,24693502.288440496,23709872.526548143
27405,,CONCESSIONÁRIA VIARIO S.A.,outros,padrao,Emp. Adm. Part. - Serviços Transporte e Logística,Categoria B,BOLSA,individual,padrao,dva,,0.02130698468645147,15015663.949091807,8.490285343012607,,3783947.315171135,2.1395519064391766,9610024.927418755,,3768289.3906917474,2.130698468645147,-15657.9244793877,,0.08490285343012607,0.08490285343012607,,0.36000000000000004,36.00000000000001,0.9,0.4,1.0,0.9696969696969697,0.12608865757770324,0.9724134205628608,96.96969696969697,1.0,0.7,0.9958620130844291,1621691.7065019154,11231716.633920671,-15657.9244793877,liquido,0.7692079574941307,176857000.0,14646000.0,0.0,18678000.0,66284000.0,0.0,0.0,11265819.745459039,0.0,50986180.254540965,18678000.0,55296000.0,571689000.0,130258000.0,1132289000.0,132537000.0,0.7494020592908395,3379745.9236377114,0.0,6537300.0,5098618.0254540965,0.0,0.0,0.01911004893013967,0.0,0.036963761683167756,0.028829042816818654,0.0,0.0,0.04883558879402697,4.388897418968509,False,False,2702819.5108365254,2691635.279065534,3783947.315171135,3768289.3906917474,4865075.119505745,4844943.502317961
27421,,CONCESSIONÁRIA DO SISTEMA RODOVIÁRIO RIO-SÃO PAULO S.A,outros,padrao,Emp. Adm. Part. - Serviços Transporte e Logística,Categoria B,BOLSA,individual,padrao,dva,,0.04477316225770648,231872236.94929326,9.159024158753832,,113617396.10515368,4.487921837789377,69561671.08478798,,113348901.67382842,4.477316225770648,-268494.4313252568,,0.0915902415875383,0.0915902415875383,,0.7,70.0,1.0,0.7,1.0,0.9826839826839827,0.14443156717639355,0.9842456970775395,98.26839826839827,1.0,0.7,0.997636854561631,48693169.75935159,118254840.84413958,-268494.4313252568,liquido,0.930885352179375,2531626000.0,130733000.0,0.0,122303000.0,1638834000.0,2000.0,0.0,121697434.74646622,0.0,1525566565.2535338,122303000.0,777826000.0,1759903000.0,843485000.0,6042517000.0,925593000.0,0.3656120611812329,36509230.42393986,0.0,42806050.0,152556656.5253534,300.0,0.0,0.014421257493776674,0.0,0.016908520452863098,0.06026034513998252,1.1850091601208076e-07,0.0,0.12872549634531438,2.086466267924148,False,False,81155282.93225263,80963501.19559173,113617396.10515368,113348901.67382842,146079509.27805474,145734302.15206513
27448,,PARSAN S.A.,utilities,cvm,"Saneamento, Serv. Água e Gás",Categoria B,,individual,padrao,dva,,0.0,6279840.0,,,2307841.1999999997,,2982924.0000000005,,1985195.6133076618,,-322645.5866923379,,0.0,0.0,,0.5249999999999999,52.49999999999999,0.75,0.7,1.0,0.05194805194805195,0.0,0.0679728839449962,5.194805194805195,0.9,0.7,0.8601959325917494,989074.8,3971998.8000000003,-322645.5866923379,liquido,0.2638895592991263,0.0,20717000.0,0.0,15250000.0,0.0,0.0,0.0,5466999.999999999,0.0,0.0,15250000.0,30000.0,3117428000.0,1186850000.0,4495564000.0,-476354000.0,,1476089.9999999998,0.0,4803750.0,0.0,0.0,0.0,,,,,,,6.673245003296583e-06,2.6266402662510004,False,False,1648457.9999999998,1417996.86664833,2307841.1999999997,1985195.6133076618,2967224.3999999994,2552394.359966994
27456,,ECORIOMINAS CONCESSIONÁRIA DE RODOVIAS S.A.,outros,padrao,Serviços Transporte e Logística,Categoria B,BALCÃO ORGANIZADO,individual,padrao,dva,,0.04423598991905107,102328716.11998987,7.027810515268655,,64467091.15559361,4.427520624619252,10232871.611998985,,64409990.065593965,4.423598991905106,-57101.08999964595,,0.07027810515268657,0.07027810515268657,,0.9,90.0,0.9,1.0,1.0,0.9935064935064936,0.15312797734671535,0.9940950657691039,99.35064935064936,1.0,0.7,0.9991142598653656,27628753.352397267,37861624.96439626,-57101.08999964595,liquido,0.9394381071032294,1456054000.0,40932000.0,0.0,49778000.0,781004000.0,0.0,0.0,38453080.59994938,0.0,733704919.4000505,49778000.0,155867000.0,743956000.0,684979000.0,2406715000.0,454526000.0,0.31216287308025664,11535924.179984814,0.0,17422300.0,73370491.94000505,0.0,0.0,0.007922731011339425,0.0,0.011965421612110538,0.050389952529236594,0.0,0.0,0.064763380790829,1.0861004497948112,False,False,46047922.25399544,46007135.76113855,64467091.15559361,64409990.065593965,82886260.05719179,82812844.37004939
27464,,CONCESSIONÁRIA DE RODOVIAS NOROESTE PAULISTA S.A,outros,padrao,Serviços Transporte e Logística,Categoria B,BALCÃO ORGANIZADO,individual,padrao,dva,,0.03142426866211431,71405879.64877409,6.424500311191393,,34988881.0278993,3.148005152483783,21421763.894632228,,34926880.49573091,3.142426866211432,-62000.53216839582,,0.06424500311191393,0.06424500311191393,,0.7,70.0,1.0,0.7,1.0,0.987012987012987,0.14584440037100696,0.9881866218930228,98.7012987012987,1.0,0.7,0.9982279932839534,14995234.72624256,36416998.620874785,-62000.53216839582,liquido,0.9493584423656861,1111462000.0,28605000.0,0.0,29656000.0,557001000.0,0.0,0.0,27156398.243870452,0.0,528793601.7561295,29656000.0,424684000.0,1826814000.0,567574000.0,2767603000.0,550323000.0,0.4951343365765091,8146919.473161135,0.0,10379600.0,52879360.17561296,0.0,0.0,0.007329912739401918,0.0,0.009338690841432275,0.04757639953107974,0.0,0.0,0.15344830887956112,3.218635807841797,False,False,24992057.87707093,24947771.782664936,34988881.0278993,34926880.49573091,44985704.17872767,44905989.20879688
27529,,FISIA COMÉRCIO DE PRODUTOS ESPORTIVOS S.A.,varejo,cvm,Comércio (Atacado e Varejo),Categoria B,,individual,padrao,dva,,0.11562771336039876,973105804.6818639,23.970874604865088,,510880547.45797855,12.58470916755417,243276451.17046598,,469394633.72879314,11.562771336039878,-41485913.7291854,,0.23970874604865083,0.23970874604865083,,0.75,75.0,0.75,1.0,1.0,0.42424242424242425,0.005908762063065075,0.45863517495287276,42.42424242424242,1.1,0.7,0.9187952762429309,218948806.0534194,462225257.22388536,-41485913.7291854,liquido,0.9259041370604826,4059534000.0,211602000.0,1114122000.0,268020000.0,2291482000.0,735000.0,1053754000.0,195923167.21027222,1031570168.990099,2121692663.7996287,268020000.0,70293000.0,905391000.0,487665000.0,4106647000.0,570842000.0,0.14061761768715325,64654645.179389834,363112699.4845149,103187700.0,233386193.01795918,121275.0,208643292.0,0.01592661748353132,0.08944689205325411,0.02541860716032924,0.05749088270179759,2.9874118556464856e-05,0.05139587253118215,0.01711688392014215,1.85658392544062,False,False,364914676.755699,335281881.23485225,510880547.45797855,469394633.72879314,656846418.1602582,603507386.2227341
27537,,CONCESSIONÁRIA RODOVIAS DO TRIÂNGULO SPE S.A.,outros,padrao,Serviços Transporte e Logística,Categoria B,BALCÃO ORGANIZADO,individual,padrao,dva,,0.040259147572833075,41074591.92520431,8.355049271421136,,20126550.043350108,4.093974142996356,12322377.577561295,,19791960.574870758,4.025914757283307,-334589.4684793502,,0.08355049271421137,0.08355049271421137,,0.7,70.0,1.0,0.7,1.0,0.8787878787878788,0.0842336254509475,0.8891714450949338,87.87878787878788,1.0,0.7,0.9833757167642401,8625664.304292906,20948041.8818542,-334589.4684793502,liquido,0.9233860935137514,491614000.0,20147000.0,0.0,24018000.0,293347000.0,0.0,0.0,18603459.62602155,0.0,270872540.37397844,24018000.0,631781000.0,669322000.0,204532000.0,1767667000.0,79539000.0,0.1617915681815408,5581037.887806465,0.0,8406300.0,27087254.037397847,0.0,0.0,0.011352479562840896,0.0,0.01709939098561066,0.055098622165759815,0.0,0.0,0.35740951208570393,3.272456143781902,False,False,14376107.173821507,14137114.696336258,20126550.043350108,19791960.574870758,25876992.912878715,25446806.453405265
27561,,REVEE MCO S.A.,financeiro,cvm,Emp. Adm. Part. - Intermediação Financeira,Categoria A,,individual,padrao,dva,,0.0,34875.0,,,6103.125,,26156.25,,5249.883301099021,,-853.2416989009789,,0.0,0.0,,0.25,25.0,1.0,0.25,1.0,0.05194805194805195,0.0,0.0679728839449962,5.194805194805195,1.25,0.7,0.8601959325917494,2615.6250000000005,28771.875,-853.2416989009789,liquido,1.0,0.0,93000.0,0.0,0.0,0.0,0.0,0.0,93000.0,0.0,0.0,0.0,0.0,0.0,-93000.0,0.0,-94000.0,,34875.0,0.0,0.0,0.0,0.0,0.0,,,,,,,,-0.0,False,False,4359.375,3749.916643642158,6103.125,5249.883301099021,7846.875,6749.849958555884
27570,,BELORA RDVC CITY DESENVOLVIMENTO IMOBILIÁRIO S.A.,construcao,cvm,"Construção Civil, Mat. Constr. e Decoração",Categoria A,BOLSA,individual,padrao,dva,,0.0,37740.0,,,6604.5,,28305.0,,5681.164036802209,,-923.335963197791,,0.0,0.0,,0.25,25.0,1.0,0.25,1.0,0.05194805194805195,0.0,0.0679728839449962,5.194805194805195,0.85,0.7,0.8601959325917494,2830.5000000000005,31135.5,-923.335963197791,liquido,1.0,0.0,148000.0,0.0,0.0,0.0,0.0,0.0,148000.0,0.0,0.0,0.0,0.0,0.0,-148000.0,0.0,-149000.0,,37740.0,0.0,0.0,0.0,0.0,0.0,,,,,,,,-0.0,False,False,4717.5,4057.974312001578,6604.5,5681.164036802209,8491.5,7304.353761602841
27588,,CONCESSIONÁRIA RODOVIAS DO CAFÉ SPE S.A.,outros,padrao,Serviços Transporte e Logística,Categoria B,,individual,padrao,dva,,0.02839160255951553,51213312.42450051,10.428965525039406,,14339727.478860142,2.9201103470110334,30727987.454700306,,13942207.48569617,2.8391602559515525,-397519.99316397123,,0.10428965525039405,0.10428965525039405,,0.4,40.0,1.0,0.4,1.0,0.7987012987012987,0.059436294920248545,0.815189424508473,79.87012987012987,1.0,0.7,0.972278413676271,6145597.490940062,36873584.94564037,-397519.99316397123,liquido,0.966774616479342,491068000.0,14934000.0,0.0,14825000.0,431261000.0,0.0,0.0,14437812.122502495,0.0,416932187.87749755,14825000.0,178364000.0,251027000.0,53412000.0,624440000.0,70060000.0,0.14266863245008837,4331343.636750748,0.0,5188750.0,41693218.78774976,0.0,0.0,0.008820252259871847,0.0,0.010566255589857208,0.084903147400665,0.0,0.0,0.2856383319454231,4.6998240095858606,False,False,10242662.484900102,9958719.632640123,14339727.478860142,13942207.48569617,18436792.472820185,17925695.33875222
27596,,CONCESSIONÁRIA RODOVIAS DO SUL DE MINAS SPE S.A.,outros,padrao,Serviços Transporte e Logística,Categoria B,BALCÃO ORGANIZADO,individual,padrao,dva,,0.06806789715915579,33981516.17132105,10.352864023824859,,23787061.319924735,7.247004816677401,0.0,,22342130.088241182,6.806789715915579,-1444931.2316835523,,0.10352864023824858,0.10352864023824858,,1.0,100.0,1.0,1.0,1.0,0.564935064935065,0.015997290440031328,0.5950372032790128,56.493506493506494,1.0,0.7,0.9392555804918519,10194454.851396317,10194454.851396315,-1444931.2316835523,liquido,0.9297803002424248,328233000.0,16109000.0,0.0,18509000.0,247478000.0,0.0,0.0,14977830.85660522,0.0,230100169.1433948,18509000.0,424354000.0,75871000.0,89280000.0,661362000.0,37253000.0,0.11349559611617357,4493349.256981566,0.0,6478150.0,23010016.914339483,0.0,0.0,0.013689510978425587,0.0,0.019736437225994947,0.07010269203382805,0.0,0.0,0.641636501643578,0.84980958781362,False,False,16990758.085660525,15958664.348743701,23787061.319924735,22342130.088241182,30583364.554188944,28725595.827738665
27626,,AZEVEDO & TRAVASSOS ENERGIA S.A.,commodities,cvm,Petróleo e Gás,Categoria A,,consolidado,padrao,dva,,0.058297751431957236,977158.5191655022,44.45671151799373,,128252.05564047216,5.8349433867366765,793941.2968219705,,128138.45764744203,5.829775143195725,-113.59799303012551,,0.44456711517993724,0.44456711517993724,,0.1875,18.75,0.75,0.25,1.0,0.9935064935064936,0.1544548584743735,0.9940950657691039,99.35064935064936,0.75,0.7,0.9991142598653656,54965.16670305951,848906.4635250301,-113.59799303012551,liquido,0.8560590936314634,2198000.0,3522000.0,0.0,721000.0,1487000.0,0.0,104000.0,3015040.127770014,0.0,1272959.8722299861,721000.0,32000.0,3989000.0,-52909000.0,192262000.0,28382000.0,12.912647861692447,678384.0287482531,0.0,189262.49999999997,95471.99041724898,0.0,14040.000000000002,0.3086369557544373,0.0,0.08610668789808916,0.043435846413671056,0.0,0.006387625113739763,0.00016643954603613818,-0.07539360033264662,False,False,91608.61117176584,91527.46974817288,128252.05564047216,128138.45764744203,164895.5001091785,164749.4455467112
27634,,B100 S.A.,financeiro,cvm,Intermediação Financeira,Categoria A,BOLSA,individual,padrao,dva,,0.0,66750.0,,,8760.9375,,54234.375,,7536.122803190529,,-1224.8146968094707,,0.0,0.0,,0.1875,18.75,0.75,0.25,1.0,0.05194805194805195,0.0,0.0679728839449962,5.194805194805195,1.25,0.7,0.8601959325917494,3754.6875000000005,57989.0625,-1224.8146968094707,liquido,1.0,0.0,178000.0,0.0,0.0,0.0,0.0,0.0,178000.0,0.0,0.0,0.0,0.0,0.0,-178000.0,29082000.0,-69000.0,,66750.0,0.0,0.0,0.0,0.0,0.0,,,,,,,0.0,-0.0,False,False,6257.8125,5382.9448594218065,8760.9375,7536.122803190529,11264.0625,9689.300746959252
27650,,REVEE S.A.,industria,cvm,Emp. Adm. Part. - Brinquedos e Lazer,Categoria A,,individual,padrao,dva,,0.0,33900.0,,,5932.5,,25425.0,,5103.112370100554,,-829.3876298994464,,0.0,0.0,,0.25,25.0,1.0,0.25,1.0,0.05194805194805195,0.0,0.0679728839449962,5.194805194805195,1.0,0.7,0.8601959325917494,2542.5000000000005,27967.5,-829.3876298994464,liquido,1.0,0.0,113000.0,0.0,0.0,0.0,0.0,0.0,113000.0,0.0,0.0,0.0,0.0,0.0,-113000.0,0.0,-115000.0,,33900.0,0.0,0.0,0.0,0.0,0.0,,,,,,,,-0.0,False,False,4237.5,3645.080264357538,5932.5,5103.112370100554,7627.5,6561.144475843569
27677,,ATOM EDUCAÇÃO E EDITORA S.A.,saude_educacao,cvm,Educação,Categoria A,BOLSA,consolidado,padrao,dva,,0.1565372944459748,9210651.353703894,26.8024191872658,,5480337.555453816,15.947439416423153,1381597.7030555843,,5379404.123635924,15.65372944459748,-100933.43181789201,,0.2680241918726581,0.2680241918726581,,0.85,85.0,1.0,1.0,0.85,0.8658008658008658,0.07806079930432264,0.8772175000820924,86.58008658008657,1.05,0.7,0.9815826250123139,2348716.0951944934,3730313.7982500773,-100933.43181789201,liquido,0.8770189757895099,34365000.0,15546000.0,11294000.0,3571000.0,2197000.0,0.0,387000.0,13634136.997623721,9905052.312566726,1926810.6898095533,3571000.0,4384000.0,-3089000.0,2382000.0,27599000.0,-774000.0,-0.022522915757311218,4294753.154251472,3328097.57702242,1312342.5,202315.12243000313,0.0,73143.0,0.12497462983417641,0.09684555731187021,0.038188345700567436,0.0058872434869781205,0.0,0.0021284155390659102,0.15884633501213813,-1.2968094038623006,False,False,3914526.825324155,3842431.5168828033,5480337.555453816,5379404.123635924,7046148.285583479,6916376.7303890465
27685,,R/HOLDINGS S.A.,outros,padrao,Emp. Adm. Part. - Sem Setor Principal,Categoria A,,individual,padrao,dva,,0.0,29400.0,,,5145.0,,22050.0,,4425.708073184551,,-719.2919268154492,,0.0,0.0,,0.25,25.0,1.0,0.25,1.0,0.05194805194805195,0.0,0.0679728839449962,5.194805194805195,1.0,0.7,0.8601959325917494,2205.0000000000005,24255.0,-719.2919268154492,liquido,1.0,0.0,98000.0,0.0,0.0,0.0,0.0,0.0,98000.0,0.0,0.0,0.0,0.0,0.0,-98000.0,0.0,-101000.0,,29400.0,0.0,0.0,0.0,0.0,0.0,,,,,,,,-0.0,False,False,3675.0,3161.2200522746793,5145.0,4425.708073184551,6615.0,5690.196094094423
27723,,EPR LITORAL PIONEIRO S.A.,outros,padrao,Serviços Transporte e Logística,Categoria B,,individual,padrao,dva,,0.04838590902831471,70982720.472637,7.3110755224970205,,49687904.33084589,5.117752865747914,0.0,,46977540.37422755,4.838590902831471,-2710363.956618339,,0.07311075522497021,0.07311075522497021,,1.0,100.0,1.0,1.0,1.0,0.6082251082251082,0.020647615204176864,0.6363482564326005,60.82251082251082,1.0,0.7,0.94545223846489,21294816.1417911,21294816.141791105,-2710363.956618339,liquido,0.9412778414062445,970893000.0,34521000.0,0.0,33019000.0,527771000.0,0.0,0.0,32493852.363184966,0.0,496779147.6368151,33019000.0,365728000.0,-314235000.0,426469000.0,991175000.0,329794000.0,0.3396810977110763,9748155.70895549,0.0,11556650.0,49677914.76368151,0.0,0.0,0.010040401680674894,0.0,0.011903113937375179,0.051167239606920135,0.0,0.0,0.36898428632683433,-0.7368296406069375,False,False,35491360.2363185,33555385.98159111,49687904.33084589,46977540.37422755,63884448.4253733,60399694.76686401
27758,,SPE NOVO NORTE AEROPORTOS S.A,outros,padrao,Emp. Adm. Part. - Serviços Transporte e Logística,Categoria B,,individual,padrao,dva,,0.05879049638003887,19550021.186220877,8.51222240006134,,13685014.830354612,5.958555680042936,0.0,,13502413.30360353,5.879049638003888,-182601.5267510824,,0.08512222400061337,0.08512222400061337,,1.0,100.0,1.0,1.0,1.0,0.9025974025974026,0.0944454677832478,0.9110455102340332,90.25974025974025,1.0,0.7,0.986656826535105,5865006.355866264,5865006.355866265,-182601.5267510824,liquido,0.9621803880883302,229670000.0,7295000.0,0.0,6270000.0,158492000.0,0.0,0.0,7019105.9311043685,0.0,152497894.06889564,6270000.0,256783000.0,63858000.0,68039000.0,515741000.0,91480000.0,0.39831061958462144,2105731.7793313107,0.0,2194500.0,15249789.406889565,0.0,0.0,0.009168510381553143,0.0,0.009555013715330692,0.06639869990372954,0.0,0.0,0.4978913834657318,0.9385499492937874,False,False,9775010.593110438,9644580.93114538,13685014.830354612,13502413.30360353,17595019.06759879,17360245.676061682
27782,,CONCESSIONÁRIA RODOANEL NORTE SPE S.A.,outros,padrao,Emp. Adm. Part. - Serviços Transporte e Logística,Categoria B,,individual,padrao,dva,,0.0,9069750.0,,,1587206.25,,6802312.5,,1496701.4514066332,,-90504.79859336675,,0.0,0.0,,0.25,25.0,1.0,0.25,1.0,0.5909090909090909,0.01892929308690327,0.6198570135697374,59.09090909090909,1.0,0.7,0.9429785520354605,680231.2500000001,7482543.75,-90504.79859336675,liquido,0.9088314304902619,0.0,29780000.0,0.0,2715000.0,0.0,0.0,0.0,27065000.0,0.0,0.0,2715000.0,91352000.0,-90100000.0,-27616000.0,256354000.0,-127389000.0,,8119500.0,0.0,950249.9999999999,0.0,0.0,0.0,,,,,,,0.3563509834057592,3.262601390498262,False,False,1133718.75,1069072.4652904524,1587206.25,1496701.4514066332,2040693.75,1924330.4375228141
27790,,CONCESSIONARIA DAS RODOVIAS DO LESTE MS S/A,outros,padrao,Serviços Transporte e Logística,Categoria B,BALCÃO ORGANIZADO,individual,padrao,dva,,0.04741708780521222,39686206.098267004,9.702754412563445,,19446240.988150828,4.754349662156087,11905861.829480102,,19394537.254087895,4.741708780521221,-51703.73406293243,,0.09702754412563447,0.09702754412563447,,0.7,70.0,1.0,0.7,1.0,0.9805194805194806,0.1437056728766695,0.9822746431750192,98.05194805194806,1.0,0.7,0.9973411964762529,8334103.280636071,20239965.110116176,-51703.73406293243,liquido,0.9451799246079226,409020000.0,22929000.0,0.0,17044000.0,287979000.0,0.0,0.0,21672030.491335057,0.0,272191969.5086649,17044000.0,154768000.0,291437000.0,113397000.0,703435000.0,90269000.0,0.22069580949586817,6501609.147400517,0.0,5965400.0,27219196.95086649,0.0,0.0,0.01589557759376196,0.0,0.014584616889149674,0.06654734964272284,0.0,0.0,0.22001748562411594,2.5700591726412516,False,False,13890172.13439345,13853240.89577707,19446240.988150828,19394537.254087895,25002309.84190821,24935833.612398725
27812,,IGUÁ SERGIPE S.A.,utilities,cvm,"Emp. Adm. Part. - Saneamento, Serv. Água e Gás",Categoria B,,individual,padrao,dva,,0.0,883620.0,,,115975.12499999999,,717941.25,,115975.12499999999,,0.0,,0.0,0.0,,0.1875,18.75,0.75,0.25,1.0,1.0,0.18282892207063128,1.0,100.0,0.9,0.7,1.0,49703.62500000001,767644.875,0.0,liquido,0.6861736334405144,0.0,3110000.0,0.0,976000.0,0.0,0.0,0.0,2134000.0,0.0,0.0,976000.0,0.0,1856109000.0,-3110000.0,5065972000.0,5585000.0,,576180.0,0.0,307440.0,0.0,0.0,0.0,,,,,,,0.0,-596.81961414791,False,False,82839.375,82839.375,115975.12499999999,115975.12499999999,149110.875,149110.875
27855,,QUANTUM PARTICIPAÇÕES S.A,utilities,cvm,Emp. Adm. Part. - Energia Elétrica,Categoria B,,individual,padrao,dva,,0.0,9902340.0,,,1559618.5499999998,,7674313.5,,1370478.964376765,,-189139.58562323474,,0.0,0.0,,0.225,22.5,0.9,0.25,1.0,0.16233766233766234,0.00045519496781226524,0.1915134820488226,16.233766233766232,0.9,0.7,0.8787270223073234,668407.9500000001,8342721.45,-189139.58562323474,liquido,0.0,0.0,29653000.0,0.0,31436000.0,0.0,0.0,0.0,0.0,0.0,0.0,31436000.0,47828000.0,408713000.0,-1618000.0,678830000.0,-22225000.0,,0.0,0.0,9902340.0,0.0,0.0,0.0,,,,,,,0.07045652077839813,-252.60383189122373,False,False,1114013.25,978913.5459834038,1559618.5499999998,1370478.964376765,2005223.85,1762044.382770127
27863,,EPR VIA MINEIRA S.A.,varejo,nome,Serviços Transporte e Logística,Categoria B,,individual,padrao,dva,,0.06585428573527156,24830907.55315551,10.314837184046654,,17381635.28720886,7.220386028832658,0.0,,15853102.205051927,6.585428573527158,-1528533.082156932,,0.10314837184046653,0.10314837184046653,,1.0,100.0,1.0,1.0,1.0,0.3787878787878788,0.0037694766783296,0.4137363729400157,37.878787878787875,1.1,0.7,0.9120604559410024,7449272.265946655,7449272.265946653,-1528533.082156932,liquido,0.9119543231340608,240730000.0,24879000.0,0.0,13015000.0,122942000.0,0.0,0.0,22688511.6052523,0.0,112117488.3947477,13015000.0,154754000.0,-154754000.0,95954000.0,317816000.0,64726000.0,0.26887384206372283,7487208.829733259,0.0,5010775.0,12332923.72342225,0.0,0.0,0.0311021012326393,0.0,0.020814917127071824,0.05123135348075541,0.0,0.0,0.48692954413874695,-1.6127936302811765,False,False,12415453.776577756,11323644.432179948,17381635.28720886,15853102.205051927,22347816.797839962,20382559.977923907
27871,,CAMINHOS DA SERRA GAUCHA S/A,outros,padrao,Serviços Transporte e Logística,Categoria B,,individual,padrao,dva,,0.08313327543504127,40218011.89068985,12.158390941124676,,28152608.323482893,8.510873658787272,0.0,,27499157.38150469,8.313327543504126,-653450.941978205,,0.12158390941124678,0.12158390941124678,,1.0,100.0,1.0,1.0,1.0,0.8311688311688312,0.06822805331798192,0.8452598223535019,83.11688311688312,1.0,0.7,0.9767889733530253,12065403.567206956,12065403.567206956,-653450.941978205,liquido,0.9273313760468631,330784000.0,34340000.0,0.0,20816000.0,252111000.0,0.0,0.0,31844559.45344928,0.0,233790440.5465507,20816000.0,254756000.0,-154756000.0,99872000.0,472486000.0,105960000.0,0.32032988294476156,9553367.836034784,0.0,7285600.0,23379044.05465507,0.0,0.0,0.02888098528355296,0.0,0.02202524910515623,0.07067767502253758,0.0,0.0,0.5391821133324586,-1.549543415571932,False,False,20109005.945344925,19642255.27250335,28152608.323482893,27499157.38150469,36196210.70162087,35356059.49050604
27901,,OZN HEALTH SPE S.A.,saude_educacao,cvm,Serviços Médicos,Categoria B,,individual,padrao,dva,,0.05324384743896674,24928361.676392406,10.667734370246665,,13087389.880106013,5.600560544379499,6232090.419098102,,12442022.269537747,5.324384743896673,-645367.6105682664,,0.10667734370246665,0.10667734370246665,,0.75,75.0,0.75,1.0,1.0,0.645021645021645,0.025814954214404807,0.6712521918780863,64.5021645021645,1.05,0.7,0.9506878287817129,5608881.377188292,11840971.796286393,-645367.6105682664,liquido,0.8516377473918031,233680000.0,50975000.0,0.0,16297000.0,58871000.0,0.0,0.0,43412234.17329716,0.0,50136765.82670284,16297000.0,13274000.0,399687000.0,239461000.0,953029000.0,127700000.0,0.5464738103389251,13674853.764588606,0.0,5989147.5,5264360.411803799,0.0,0.0,0.05851957276869482,0.0,0.025629696593632317,0.022528074340139502,0.0,0.0,0.013928222540971995,1.6691110452223954,False,False,9348135.628647152,8887158.763955534,13087389.880106013,12442022.269537747,16826644.131564874,15996885.77511996
27936,,VIA ARAUCÁRIA CONCESSIONÁRIA DE RODOVIAS S.A.,varejo,nome,Serviços Transporte e Logística,Categoria B,,individual,padrao,dva,,0.10297809404917198,118728342.72854286,15.00089614056576,,83109839.90998,10.500627298396033,0.0,,81504586.98756838,10.297809404917196,-1605252.9224116206,,0.15000896140565764,0.15000896140565764,,1.0,100.0,1.0,1.0,1.0,0.8593073593073594,0.07631458006376501,0.8712344271027077,85.93073593073593,1.1,0.7,0.9806851640654062,35618502.818562865,35618502.818562865,-1605252.9224116206,liquido,0.9218156050589039,791475000.0,48813000.0,0.0,63884000.0,768281000.0,0.0,6973000.0,44996585.129740275,0.0,708213414.8702598,63884000.0,198277000.0,-190206000.0,9138000.0,1111895000.0,284425000.0,0.35936068732429954,14848873.09281429,0.0,24595340.0,77903475.63572858,0.0,1380654.0,0.01876101341522384,0.0,0.031075321393600558,0.09842822026687967,0.0,0.001744406329953568,0.17832349277584664,-20.81483913328956,False,False,59364171.36427143,58217562.13397741,83109839.90998,81504586.98756838,106855508.45568858,104791611.84115936
27952,,MANTIQUEIRA HOLDING S.A.,utilities,cvm,Emp. Adm. Part. - Energia Elétrica,Categoria B,,individual,padrao,dva,,0.0,0.0,,,0.0,,0.0,,0.0,,0.0,,0.0,0.0,,0.25,25.0,1.0,0.25,1.0,0.05194805194805195,0.0,0.0679728839449962,5.194805194805195,0.9,0.7,0.8601959325917494,0.0,0.0,0.0,liquido,1.0,0.0,0.0,0.0,0.0,0.0,0.0,0.0,0.0,0.0,0.0,0.0,939.0,-939.0,0.0,939.0,0.0,,0.0,0.0,0.0,0.0,0.0,0.0,,,,,,,1.0,,False,False,0.0,0.0,0.0,0.0,0.0,0.0
27995,,PLATÃO CAPITAL S.A.,utilities,cvm,Emp. Adm. Part. - Energia Elétrica,Categoria B,,consolidado,padrao,dva,,0.025001680529780163,2739758.9480117927,22.037958076027934,,359593.3619265478,2.8924819974786664,2226054.1452595815,,310820.8923462271,2.500168052978017,-48772.4695803207,,0.2203795807602793,0.2203795807602793,,0.1875,18.75,0.75,0.25,1.0,0.07575757575757576,5.700744079677842e-05,0.09578476237680186,7.575757575757576,0.9,0.7,0.8643677143565203,154111.44082566336,2380165.586085245,-48772.4695803207,liquido,0.9896455022650463,12432000.0,8172000.0,0.0,144000.0,5735000.0,0.0,0.0,8087383.0445099585,0.0,5675616.955490041,144000.0,784000.0,303405000.0,-7348000.0,301715000.0,78396000.0,6.305984555984556,2183593.422017689,0.0,45360.0,510805.5259941037,0.0,0.0,0.17564297152651936,0.0,0.0036486486486486487,0.041087960585111306,0.0,0.0,0.0025984786967833884,-41.29082743603702,False,False,256852.40137610555,222014.9231044479,359593.3619265478,310820.8923462271,462334.32247699,399626.8615880062
80152,,PPLA PARTICIPATIONS LTD.,outros,padrao,,,,individual,padrao,dva,,0.0,271200.0,,,35595.0,,220350.0,,30618.67422060332,,-4976.32577939668,,0.0,0.0,,0.1875,18.75,0.75,0.25,1.0,0.05194805194805195,0.0,0.0679728839449962,5.194805194805195,1.0,0.7,0.8601959325917494,15255.000000000002,235605.0,-4976.32577939668,liquido,1.0,0.0,904000.0,0.0,0.0,0.0,0.0,0.0,904000.0,0.0,0.0,0.0,0.0,0.0,0.0,1247000.0,0.0,,271200.0,0.0,0.0,0.0,0.0,0.0,,,,,,,0.0,,False,False,25425.0,21870.48158614523,35595.0,30618.67422060332,45765.0,39366.86685506141
80233,,JBS N.V.,commodities,nome,,,,consolidado,padrao,dva,,0.0,89774.99999999999,,,47131.874999999985,,22443.749999999996,,40542.647170422744,,-6589.227829577241,,0.0,0.0,,0.75,75.0,0.75,1.0,1.0,0.05194805194805195,0.0,0.0679728839449962,5.194805194805195,0.75,0.7,0.8601959325917494,20199.375,42643.125,-6589.227829577241,liquido,1.0,0.0,399000.0,0.0,0.0,0.0,0.0,0.0,399000.0,0.0,0.0,0.0,181000.0,-181000.0,2383631000.0,11652446000.0,-492000.0,,89774.99999999999,0.0,0.0,0.0,0.0,0.0,,,,,,,1.5533219377287825e-05,-7.593457208770988e-05,False,False,33665.62499999999,28959.03369315911,47131.874999999985,40542.647170422744,60598.124999999985,52126.260647686395
1309,,BCO MERCANTIL DE INVESTIMENTOS S.A.,financeiro,cvm,Bancos,Categoria A,BOLSA,individual,financeiro,dre,,0.039709142566790895,3783687.5,8.792934163742418,,1986435.9374999998,4.616290435964769,945921.875,,1708724.1137915784,3.9709142566790883,-277711.8237084213,,0.08792934163742419,0.08792934163742419,,0.75,75.0,0.75,1.0,1.0,0.05194805194805195,0.0,0.0679728839449962,5.194805194805195,1.25,0.7,0.8601959325917494,851329.6875000001,1797251.5625000002,-277711.8237084213,liquido,1.0,43031000.0,2349000.0,,6619000.0,,14000.0,,2349000.0,0.0,0.0,6619000.0,9628000.0,-9628000.0,11701000.0,492290000.0,-28272000.0,-0.6570147103251145,880875.0,0.0,2895812.5,0.0,7000.0,0.0,0.020470707164602264,0.0,0.06729596105133509,0.0,0.00016267342148683508,0.0,0.019557577850454002,,False,False,1418882.8125,1220517.224136842,1986435.9374999998,1708724.1137915784,2553989.0625,2196931.0034463154
6041,,INVESTIMENTOS BEMGE S.A.,financeiro,cvm,Bancos,Categoria A,BOLSA,individual,financeiro,dre,,0.004679806298330354,187875.0,1.036265857694429,,98634.375,0.5440395752895753,46968.75,,84844.88818872934,0.4679806298330355,-13789.48681127066,,0.010362658576944291,0.010362658576944291,,0.75,75.0,0.75,1.0,1.0,0.05194805194805195,0.0,0.0679728839449962,5.194805194805195,1.25,0.7,0.8601959325917494,42271.87500000001,89240.625,-13789.48681127066,liquido,1.0,18130000.0,501000.0,,0.0,,0.0,,501000.0,0.0,0.0,0.0,2000.0,-2000.0,16719000.0,177415000.0,114000.0,0.006287920573634859,187875.0,0.0,0.0,0.0,0.0,0.0,0.010362658576944291,0.0,0.0,0.0,0.0,0.0,1.1273003973733901e-05,,False,False,70453.125,60603.4915633781,98634.375,84844.88818872934,126815.625,109086.28481408057
14214,,DIBENS LEASING S.A. - ARREND.MERCANTIL,financeiro,cvm,Arrendamento Mercantil,Categoria B,BOLSA,individual,financeiro,dre,,0.0034396811370360973,539250.0,0.5712454581086663,,377475.0,0.3998718206760665,0.0,,324702.4596550706,0.3439681137036098,-52772.54034492938,,0.005712454581086664,0.005712454581086664,,1.0,100.0,1.0,1.0,1.0,0.05194805194805195,0.0,0.0679728839449962,5.194805194805195,1.25,0.7,0.8601959325917494,161775.00000000003,161775.0,-52772.54034492938,liquido,1.0,94399000.0,1438000.0,,0.0,,0.0,,1438000.0,0.0,0.0,0.0,306390000.0,-306390000.0,89015000.0,1015948000.0,-24918000.0,-0.26396466064259155,539250.0,0.0,0.0,0.0,0.0,0.0,0.005712454581086664,0.0,0.0,0.0,0.0,0.0,0.30158039584703156,,False,False,269625.0,231930.32832505045,377475.0,324702.4596550706,485325.0,417474.59098509076
18759,,BRAZILIAN SECURITIES CIA SECURITIZACAO,financeiro,cvm,Securitização de Recebíveis,Categoria B,,individual,financeiro,dva,,0.3260408626038019,783125.0,380.1577669902913,,548187.5,266.1104368932039,0.0,,471548.65779763967,228.90711543574741,-76638.84220236033,,3.8015776699029127,0.5414727543051877,,1.0,100.0,1.0,1.0,1.0,0.05194805194805195,0.0,0.0679728839449962,5.194805194805195,1.25,0.7,0.8601959325917494,234937.50000000003,234937.5,-76638.84220236033,liquido,1.0,206000.0,9848000.0,,554000.0,,23072000.0,,9848000.0,0.0,0.0,554000.0,44639000.0,-44639000.0,-7157000.0,275197000.0,-6458000.0,-31.349514563106798,231750.0,0.0,242375.0,0.0,309000.0,0.0,1.125,0.0,1.1765776699029127,0.0,1.5,0.0,0.16220743685432618,,False,False,391562.5,336820.4698554569,548187.5,471548.65779763967,704812.5,606276.8457398224
19640,,BRADESCO LEASING S.A. ARREND MERCANTIL,financeiro,cvm,Arrendamento Mercantil,Categoria B,BALCÃO ORGANIZADO,individual,financeiro,dre,,0.0016709340437760154,12708875.0,0.3700007627756182,,6672159.375,0.19425040045719957,3177218.75,,5739364.355978909,0.16709340437760156,-932795.019021091,,0.003700007627756182,0.003700007627756182,,0.75,75.0,0.75,1.0,1.0,0.05194805194805195,0.0,0.0679728839449962,5.194805194805195,1.25,0.7,0.8601959325917494,2859496.8750000005,6036715.625,-932795.019021091,liquido,1.0,3434824000.0,17597000.0,,0.0,,12220000.0,,17597000.0,0.0,0.0,0.0,13322000.0,-13322000.0,610135000.0,15183484000.0,2440000.0,0.0007103711864130447,6598875.0,0.0,0.0,0.0,6110000.0,0.0,0.001921168304402205,0.0,0.0,0.0,0.0017788393233539768,0.0,0.0008774007335865734,,False,False,4765828.125,4099545.9685563636,6672159.375,5739364.355978909,8578490.625,7379182.743401455
