CD_CVM,rank,DENOM_CIA,setor,setor_fonte,setor_cvm,categoria_cvm,mercado_cvm,origem_dfp,template,pdd_fonte,score_0_100,score_bruto,obj1_teto_rs,obj1_teto_pct_receita,obj1_0_100,obj2_potencial_viavel_rs,obj2_viavel_pct_receita,obj2_desconto_financeiro_rs,obj2_0_100,obj3_potencial_final_rs,obj3_viavel_pct_receita,obj3_boost_readiness_rs,obj3_0_100,exposicao,exposicao_score,exposicao_0_100,f_fin,f_fin_0_100,f_caixa,g_alavancagem,h_fco,readiness,readiness_bruto,readiness_0_100,mult_setor,rho_captura,fator_execucao,obj2_desconto_captura_rs,obj2_desconto_total_rs,obj3_ajuste_execucao_rs,pessoal_modo,fator_pessoal_liquido,receita,sga,vendas,pessoal,cpv,pdd,estoques,sga_afetavel,vendas_afetavel,cpv_afetavel,pessoal_afetavel,caixa,divida_liquida,ebitda,ativo_total,fco,fco_sobre_receita,valor_sga_rs,valor_vendas_rs,valor_pessoal_rs,valor_cpv_rs,valor_pdd_rs,valor_estoques_rs,contrib_sga,contrib_vendas,contrib_pessoal,contrib_cpv,contrib_pdd,contrib_estoques,caixa_sobre_ativo,dl_sobre_ebitda,alerta_receita,valido
23302,1.0,QUALITY SOFTWARE S.A.,tecnologia,cvm,Emp. Adm. Part. - Comunicação e Informática,Categoria A,BOLSA,consolidado,padrao,dva,100.0,0.3205789912679779,71839317.6,109.38492034459317,14.746543778801843,50287522.31999999,76.56944424121521,0.0,23.732718894009217,50287522.31999999,76.56944424121521,0.0,24.42396313364055,1.0938492034459317,0.45796998752568274,100.0,1.0,100.0,1.0,1.0,1.0,0.9147465437788018,0.10112954062521727,91.47465437788019,1.2,0.7,1.0,21551795.28,21551795.28,0.0,liquido,0.0,65675705.0,32133858.0,0.0,170940999.0,0.0,244989.0,0.0,0.0,0.0,0.0,170940999.0,28492117.0,57061847.0,44749679.0,288681693.0,5782391.0,0.08804459731342054,0.0,0.0,71795219.58,0.0,44098.02,0.0,0.0,0.0,1.0931777524124027,0.0,0.0006714510335290653,0.0,0.09869734621516163,1.2751342193985347,True,True
25399,2.0,NEOGRID PARTICIPAÇÕES S.A.,tecnologia,cvm,Comunicação e Informática,Categoria A,,consolidado,padrao,dva,83.07843585372248,0.26645536801608205,103096910.99278247,38.06505257372601,19.5852534562212,72167837.69494772,26.645536801608205,0.0,30.184331797235025,72167837.69494772,26.645536801608205,0.0,31.797235023041477,0.3806505257372601,0.3806505257372601,97.6958525345622,1.0,100.0,1.0,1.0,1.0,0.9516129032258065,0.1182961062160189,95.16129032258065,1.2,0.7,1.0,30929073.297834747,30929073.297834754,0.0,liquido,0.42956927467201755,270844000.0,134125000.0,43260000.0,164312000.0,110664000.0,2798000.0,0.0,57615978.96538436,18583166.82231148,47537854.21230415,164312000.0,81318000.0,-65515000.0,22394000.0,564284000.0,14531000.0,0.05365081006040377,20741752.42753837,7135936.0597676085,69011040.0,5704542.505476498,503640.0,0.0,0.07658191589083889,0.02634703393749763,0.2547999586477825,0.02106209665149126,0.0018595206096498353,0.0,0.14410828589859007,-2.925560417969099,False,True
23817,3.0,BRQ SOLUCOES EM INFORMATICA S.A.,tecnologia,cvm,Comunicação e Informática,Categoria A,BOLSA,consolidado,padrao,dva,64.26515222182688,0.20628107995254186,198656522.6077069,33.462392909154545,30.414746543778804,125153609.24285536,21.08130753276737,19865652.260770686,41.474654377880185,122463095.0165055,20.62810799525419,-2690514.2263498604,41.474654377880185,0.3346239290915455,0.3346239290915455,96.31336405529954,0.9,90.0,0.9,1.0,1.0,0.7788018433179723,0.05499176877702745,77.88018433179722,1.2,0.7,0.9785023041474654,53637261.10408088,73502913.36485155,-2690514.2263498604,liquido,0.15274954991191614,593671000.0,140827000.0,0.0,438131000.0,376294000.0,0.0,0.0,21511260.865445413,0.0,57478739.13455457,438131000.0,21983000.0,45465000.0,88886000.0,416706000.0,63143000.0,0.10636025677521725,7744053.911560348,0.0,184015020.0,6897448.696146549,0.0,0.0,0.013044352699660837,0.0,0.30996127484751657,0.01161830154436809,0.0,0.0,0.052754220001631845,0.5114978736808946,False,True
25259,4.0,ENJOEI S.A.,varejo,cvm,Comércio (Atacado e Varejo),Categoria A,BOLSA,consolidado,padrao,dva,64.15025053928616,0.20591356691869445,79788182.21999782,30.226918147928437,16.589861751152075,55851727.55399847,21.158842703549904,0.0,25.115207373271893,54353768.778126255,20.591356691869443,-1497958.7758722156,26.72811059907834,0.3022691814792844,0.3022691814792844,94.70046082949308,1.0,100.0,1.0,1.0,1.0,0.7465437788018433,0.04599814107198183,74.65437788018433,1.1,0.7,0.9731797235023042,23936454.66599935,23936454.665999353,-1497958.7758722156,liquido,0.8147349120008724,263964000.0,128239000.0,48287000.0,54359000.0,116886000.0,174000.0,147000.0,104480790.38007988,39341104.695786126,95231104.92413397,54359000.0,210352000.0,-210352000.0,10435000.0,455101000.0,23165000.0,0.08775817914564107,34478660.82542636,13848068.852916718,20928215.0,10475421.541654738,28710.0,29106.0,0.1306187996295948,0.05246196016470699,0.07928435316937159,0.03968503864790175,0.00010876483156794108,0.00011026503614129201,0.4622094875642989,-20.15831336847149,False,True
20044,5.0,CSU DIGITAL S.A.,tecnologia,nome,Emp. Adm. Part. - Sem Setor Principal,Categoria A,BOLSA,consolidado,padrao,dva,56.200384332561576,0.1804859197014368,160768864.3221674,25.783702814490972,26.036866359447004,112538205.02551717,18.048591970143676,0.0,39.63133640552996,112538205.02551717,18.048591970143676,0.0,40.09216589861751,0.2578370281449097,0.2578370281449097,86.8663594470046,1.0,100.0,1.0,1.0,1.0,0.9308755760368663,0.11042561946602143,93.08755760368663,1.2,0.7,1.0,48230659.29665022,48230659.29665023,0.0,liquido,0.47171370677618707,623529000.0,143464000.0,5101000.0,271667000.0,365677000.0,103000.0,3075000.0,67673935.2289389,2406211.6182653303,172494853.15279576,271667000.0,75674000.0,47921000.0,174728000.0,750929000.0,132593000.0,0.21264929137217356,24362616.682418007,923985.2614138869,114100140.0,20699382.37833549,18540.0,664200.0,0.03907214689680513,0.0014818641336872653,0.18299091140909243,0.03319714460487883,2.9733981899799368e-05,0.0010652271185462104,0.10077384146836785,0.2742605649924454,False,True
24805,6.0,VIVARA PARTICIPAÇÕES S.A.,varejo,cvm,Comércio (Atacado e Varejo),Categoria A,BOLSA,consolidado,padrao,dva,54.82812066773602,0.17609673434272854,938602644.1085074,31.01197255916766,69.12442396313364,591319665.7883596,19.537542712275624,93860264.41085072,74.88479262672811,532971129.6423078,17.609673434272853,-58348536.146051824,74.42396313364056,0.3101197255916766,0.3101197255916766,95.6221198156682,0.9,90.0,0.9,1.0,1.0,0.31105990783410137,0.002538291016405912,31.105990783410135,1.1,0.7,0.9013248847926267,253422713.90929702,347282978.32014775,-58348536.146051824,liquido,0.7739493728638341,3026581564.0,282215709.0,1086276218.0,517647891.0,921472483.0,112093.0,1478926409.0,218420670.9928723,840722797.6779976,713173050.32913,517647891.0,365433346.0,165842361.0,879157151.0,4722693388.0,468874311.0,0.15491877588136924,72078821.42764786,295934424.7826552,199294438.035,78449035.53620432,18495.345,292827428.982,0.023815258205824405,0.09777844030462586,0.06584803145751271,0.02592001367791465,6.110968632068229e-06,0.09675187097716689,0.07737816452970205,0.18863790257676014,False,True
26034,7.0,GRUPO MULTILASER S.A.,tecnologia,cvm,Comunicação e Informática,Categoria A,,consolidado,padrao,dva,54.682915376108085,0.17563229521462456,1109581068.5856442,28.27850080065112,72.58064516129032,776706748.0099509,19.794950560455778,0.0,80.4147465437788,689139325.9359257,17.563229521462457,-87567422.07402515,79.72350230414746,0.28278500800651113,0.28278500800651113,92.3963133640553,1.0,100.0,1.0,1.0,1.0,0.22580645161290322,0.0012920173065904762,22.58064516129032,1.2,0.7,0.887258064516129,332874320.5756933,332874320.57569337,-87567422.07402515,liquido,0.8959929939374729,3923762000.0,136121000.0,835262000.0,408186000.0,2953218000.0,0.0,1339478000.0,121963462.32776275,748388900.1022015,2646062637.570036,408186000.0,656538000.0,-166504000.0,161671000.0,5253490000.0,75272000.0,0.019183630403678917,43906846.43799459,287381337.6392454,171438120.0,317527516.5084043,0.0,289327248.0,0.011189987169964588,0.07324127651963737,0.04369228306915659,0.08092425496459885,0.0,0.07373720628315376,0.12497178066390152,-1.0298940440771691,False,True
26506,8.0,LUPO S.A.,varejo,cvm,Comércio (Atacado e Varejo),Categoria A,,consolidado,padrao,dre,54.54794660177794,0.17520059758729725,427787075.4168592,26.906201281627958,51.843317972350235,299450952.79180145,18.83434089713957,0.0,61.52073732718893,278554934.1159957,17.52005975872973,-20896018.675805748,61.75115207373272,0.26906201281627956,0.26906201281627956,89.63133640552995,1.0,100.0,1.0,1.0,1.0,0.4861751152073733,0.011593549140005028,48.61751152073733,1.1,0.7,0.9302188940092166,128336122.62505779,128336122.62505776,-20896018.675805748,liquido,0.6641818766838963,1589920000.0,102106000.0,235261000.0,486358000.0,1110911000.0,8299000.0,407197000.0,67816954.70068592,156256092.49053013,737846952.8087839,486358000.0,316071000.0,-189147000.0,214200000.0,1782336000.0,161961000.0,0.1018673895541914,22379595.051226355,55002144.55666661,187247830.0,81163164.80896623,1369335.0,80625006.0,0.014075925236003291,0.03459428433925393,0.11777185644560734,0.051048584085341554,0.0008612603149844017,0.050710102395089066,0.17733524991920716,-0.8830392156862745,False,True
4669,9.0,GUARARAPES CONFECCOES S.A.,industria,cvm,Têxtil e Vestuário,Categoria A,BOLSA,consolidado,padrao,dva,53.3968678147255,0.17151887206446015,2760491434.3266206,26.297793058414914,86.40552995391705,1932344004.0286343,18.40845514089044,0.0,91.93548387096774,1800441489.9287534,17.151887206446016,-131902514.09988093,92.16589861751152,0.26297793058414914,0.26297793058414914,88.47926267281106,1.0,100.0,1.0,1.0,1.0,0.49539170506912444,0.013047287407035861,49.53917050691244,1.0,0.7,0.9317396313364055,828147430.2979863,828147430.2979863,-131902514.09988093,liquido,0.791184849476128,10497046000.0,1452660000.0,3879079000.0,1972470000.0,4114271000.0,853280000.0,1609563000.0,1149322583.4399922,3069068534.7210093,3255148881.838999,1972470000.0,1415443000.0,1047803000.0,3134225000.0,14872670000.0,922562000.0,0.08788777337929166,344796775.0319976,982101931.110723,690364500.0,325514888.1838999,127992000.0,289721340.0,0.03284702906246173,0.09355983874994193,0.06576750259072885,0.031010142108922823,0.012193144623735096,0.02760027344835871,0.09517073934942415,0.3343100766537182,False,True
23310,10.0,CVC BRASIL OPERADORA E AGÊNCIA DE VIAGENS S.A.,outros,padrao,Hospedagem e Turismo,Categoria A,BOLSA,consolidado,padrao,dva,53.28135685926642,0.1711494102711714,416982908.539789,28.013763486948818,50.0,262699232.38006708,17.648670996777753,41698290.853978895,58.294930875576036,254754699.14276665,17.114941027117133,-7944533.237300426,59.907834101382484,0.2801376348694882,0.2801376348694882,91.70506912442397,0.9,90.0,0.9,1.0,1.0,0.7258064516129032,0.03915140476371967,72.58064516129032,1.0,0.7,0.969758064516129,112585385.30574307,154283676.15972194,-7944533.237300426,liquido,0.6280025489966576,1488493000.0,975982000.0,288500000.0,486268000.0,42699000.0,15031000.0,0.0,612919183.774856,181178735.38553572,26815080.839608286,486268000.0,286727000.0,108608000.0,504974000.0,3738885000.0,351411000.0,0.2360850874004782,183875755.13245678,57977195.32337143,170193800.0,2681508.083960829,2254650.0,0.0,0.12353148797640082,0.03895026400753744,0.11433967106328347,0.0018014919008425491,0.001514719921423883,0.0,0.0766878360794729,0.21507641977606767,False,True
24546,11.0,PRÁTICA PRODUTOS S.A.,industria,cvm,"Emp. Adm. Part. - Máqs., Equip., Veíc. e Peças",Categoria A,BOLSA,consolidado,padrao,dva,53.060594458840065,0.1704433017291021,103220324.75338499,26.55547245113417,19.81566820276498,72254227.3273695,18.58883071579392,0.0,30.414746543778804,66250800.05219681,17.044330172910215,-6003427.275172688,30.184331797235025,0.2655547245113417,0.2655547245113417,88.94009216589862,1.0,100.0,1.0,1.0,1.0,0.4055299539170507,0.006165301224052315,40.55299539170507,1.0,0.7,0.9169124423963133,30966097.426015504,30966097.426015496,-6003427.275172688,liquido,0.7303139151738041,388697000.0,94303000.0,49885000.0,94450000.0,206034000.0,1211000.0,125638000.0,68870793.14263524,36431709.65844522,150469497.19891953,94450000.0,75366000.0,79426000.0,44650000.0,350802000.0,606000.0,0.0015590549965654483,20661237.94279057,11658147.09070247,33057499.999999996,15046949.719891954,181650.0,22614840.0,0.053155125824975676,0.02999289186873701,0.08504696460224802,0.03871125766314624,0.0004673305942675143,0.058181153957967253,0.21483914002770793,1.7788577827547591,False,True
25836,12.0,DOTZ S.A.,tecnologia,cvm,Comunicação e Informática,Categoria A,BOLSA,consolidado,padrao,dva,52.456232488134255,0.1685102499540125,65596238.164115675,28.42420276116913,13.594470046082948,39029761.70764882,16.91240064289563,9839435.724617353,20.046082949308754,38888121.44338719,16.85102499540125,-141640.26426163316,20.967741935483872,0.2842420276116913,0.2842420276116913,92.85714285714286,0.85,85.0,1.0,1.0,0.85,0.8870967741935484,0.0904060202840543,88.70967741935483,1.2,0.7,0.9963709677419355,16727040.731849499,26566476.456466854,-141640.26426163316,liquido,0.5877490385262406,230776000.0,131291000.0,0.0,79644000.0,61902000.0,0.0,0.0,77166159.01714866,0.0,36382840.98285135,79644000.0,21966000.0,89986000.0,61174000.0,206369000.0,-11940000.0,-0.05173848233785142,27779817.246173516,0.0,33450480.0,4365940.917942162,0.0,0.0,0.12037567704689185,0.0,0.14494782819703952,0.018918522367759913,0.0,0.0,0.1064404052934307,1.4709844051394383,False,True
4537,13.0,GRAZZIOTIN S.A.,varejo,cvm,Comércio (Atacado e Varejo),Categoria A,BOLSA,consolidado,padrao,dva,52.00802957301907,0.16707667292127515,202269168.22554773,27.156967599410287,31.336405529953915,141588417.7578834,19.009877319587197,0.0,44.93087557603687,124441212.14185955,16.707667292127514,-17147205.616023853,42.3963133640553,0.27156967599410287,0.27156967599410287,91.01382488479263,1.0,100.0,1.0,1.0,1.0,0.17511520737327188,0.0008574628312735706,17.51152073732719,1.1,0.7,0.8788940092165899,60680750.46766433,60680750.46766433,-17147205.616023853,liquido,0.7816491541500521,744815000.0,74723000.0,231590000.0,142263000.0,345221000.0,32379000.0,148882000.0,58407169.74555434,181022127.60961056,269841702.6448351,142263000.0,147062000.0,-147062000.0,89228000.0,1263495000.0,148073000.0,0.198805072400529,19274366.016032934,63719788.91858292,54771255.0,29682587.290931866,5342535.0,29478636.0,0.025878058331307685,0.08555116225986711,0.07353672388445454,0.03985229525577743,0.00717296912656163,0.03957846713613448,0.11639302094586841,-1.6481597704756354,False,True
22519,14.0,TECHNOS S.A.,varejo,cvm,Comércio (Atacado e Varejo),Categoria A,BOLSA,consolidado,padrao,dva,51.79655845911524,0.16640028255932934,129040595.75787412,26.9720719442573,23.27188940092166,81295575.32746069,16.9924053248821,12904059.575787408,32.71889400921659,79609722.38288201,16.640028255932933,-1685852.9445786774,33.6405529953917,0.26972071944257303,0.26972071944257303,90.32258064516128,0.9,90.0,0.9,1.0,1.0,0.783410138248848,0.05564809363853586,78.3410138248848,1.1,0.7,0.9792626728110599,34840960.854626015,47745020.430413425,-1685852.9445786774,liquido,0.7569492028836359,478423000.0,41102000.0,125961000.0,93288000.0,216758000.0,4467000.0,154094000.0,31112126.1369232,95346078.54442565,164074795.31865114,93288000.0,37264000.0,9798000.0,86622000.0,693048000.0,28015000.0,0.058556967369879795,10267001.625184657,33561819.64763783,35915880.0,18048227.48505163,737055.0,30510612.0,0.02146009206326756,0.07015093264253147,0.0750713907985193,0.03772441434682619,0.0015405927390614582,0.06377329685236705,0.053768281562027447,0.11311214241185842,False,True
25038,15.0,LOJAS QUERO QUERO S.A.,varejo,cvm,Comércio (Atacado e Varejo),Categoria A,BOLSA,consolidado,padrao,dva,50.676668662553155,0.16281831502318392,716861449.9232526,25.708591482293595,62.67281105990783,501803014.9462768,17.99601403760552,0.0,71.42857142857143,454004543.43042636,16.281831502318393,-47798471.515850425,70.50691244239631,0.25708591482293597,0.25708591482293597,86.40552995391705,1.0,100.0,1.0,1.0,1.0,0.3317972350230415,0.003171269669291272,33.17972350230415,1.1,0.7,0.9047465437788018,215058434.9769758,215058434.9769758,-47798471.515850425,liquido,0.8389822452138129,2788412000.0,276333000.0,616620000.0,447155000.0,1884101000.0,37311000.0,535669000.0,231838480.76666856,517333232.04374135,1580727287.1895902,447155000.0,438289000.0,143870000.0,151473000.0,3771234000.0,158389000.0,0.056802581541034826,76506698.65300062,182101297.67939696,172154675.0,173880001.59085494,6156315.0,106062462.0,0.027437372473293267,0.06530645316380684,0.061739325106906724,0.06235807391119208,0.0022078211541192625,0.03803686901361779,0.11621898826750077,0.9498062360948816,False,True
20028,16.0,VALID SOLUÇÕES S.A.,tecnologia,cvm,Comunicação e Informática,Categoria A,BOLSA,consolidado,padrao,dva,50.313760798510906,0.16165755421296685,488119456.91155916,23.665675032062495,54.377880184331794,341683619.8380914,16.565972522443744,0.0,63.594470046082954,333428889.9901596,16.165755421296687,-8254729.847931802,65.2073732718894,0.2366567503206249,0.2366567503206249,80.18433179723502,1.0,100.0,1.0,1.0,1.0,0.7626728110599078,0.05040602205145509,76.26728110599078,1.2,0.7,0.9758410138248848,146435837.07346776,146435837.0734678,-8254729.847931802,liquido,0.6879534624012569,2062563000.0,162078000.0,209059000.0,542643000.0,1367844000.0,2567000.0,238227000.0,111502121.27907091,143822862.89614436,941013015.8247848,542643000.0,699196000.0,85398000.0,416394000.0,3147366000.0,440704000.0,0.21366814007620616,40140763.66046553,55227979.35211944,227910060.0,112921561.89897417,462060.0,51457032.0,0.01946159397820359,0.026776384213291635,0.11049847204667203,0.05474817588552406,0.000224022248047696,0.024948101948885925,0.22215274613756392,0.2050894105102379,False,True
23507,17.0,OUROFINO S.A.,varejo,cvm,Comércio (Atacado e Varejo),Categoria A,BOLSA,consolidado,padrao,dva,50.15243632511286,0.16114155788165682,302039027.51478595,24.65640816550524,40.55299539170507,211427319.26035014,17.259485715853664,0.0,53.91705069124424,197397119.27256653,16.11415578816568,-14030199.98778361,54.60829493087558,0.24656408165505242,0.24656408165505242,83.17972350230414,1.0,100.0,1.0,1.0,1.0,0.5069124423963134,0.01351826708272077,50.69124423963134,1.1,0.7,0.9336405529953917,90611708.2544358,90611708.25443581,-14030199.98778361,liquido,0.7719582547425252,1224992000.0,67830000.0,318893000.0,223184000.0,591975000.0,679000.0,312128000.0,52361928.41918548,246172083.7296081,456979987.85120636,223184000.0,250821000.0,238762000.0,274780000.0,1565822000.0,99914000.0,0.08156298163579843,17279436.37833121,86652573.47282206,85925840.0,50267798.663632706,112035.0,61801344.0,0.014105754468870989,0.07073725662928579,0.07014400094041431,0.04103520566961475,9.145774013218045e-05,0.05045040620673442,0.1601848741427825,0.8689205910182691,False,True
25712,18.0,GPS PARTICIPAÇÕES E EMPREENDIMENTOS S.A.,outros,padrao,Emp. Adm. Part. - Sem Setor Principal,Categoria A,,consolidado,padrao,dva,50.143168593391955,0.16111191504156674,4082733238.4952097,23.622609955131523,91.01382488479263,2857913266.9466467,16.535826968592065,0.0,94.23963133640552,2784522844.45789,16.11119150415668,-73390422.48875666,94.23963133640552,0.2362260995513152,0.2362260995513152,79.95391705069125,1.0,100.0,1.0,1.0,1.0,0.7534562211981567,0.0481624382795634,75.34562211981567,1.0,0.7,0.9743202764976959,1224819971.548563,1224819971.548563,-73390422.48875666,liquido,0.4088437381813872,17283159000.0,1207752000.0,0.0,9436414000.0,14754887000.0,6255000.0,153729000.0,493781842.47604674,0.0,6032443157.523953,9436414000.0,3892614000.0,2328375000.0,1853381000.0,15621244000.0,786118000.0,0.045484624656869733,148134552.742814,0.0,3302744900.0,603244315.7523954,938250.0,27671220.0,0.008571034539624036,0.0,0.19109613583951868,0.034903591163652166,5.428695066683122e-05,0.001601051057853486,0.2491871966150711,1.2562851351125321,False,True
26786,19.0,SENIOR SISTEMAS S.A.,tecnologia,cvm,Comunicação e Informática,Categoria A,,consolidado,padrao,dva,50.05171544063677,0.16081940213069565,269945430.2454645,23.066679618986562,36.86635944700461,188961801.17182514,16.146675733290593,0.0,50.69124423963134,188204212.3837169,16.081940213069565,-757588.7881082296,52.995391705069125,0.2306667961898656,0.2306667961898656,78.80184331797236,1.0,100.0,1.0,1.0,1.0,0.8847926267281107,0.08956406974644639,88.47926267281106,1.2,0.7,0.9959907834101382,80983629.07363936,80983629.07363936,-757588.7881082296,liquido,0.20142882407977913,1170283000.0,135985000.0,188475000.0,559907000.0,376676000.0,6365000.0,439000.0,27391298.642488766,37964297.618436374,75873403.73907489,559907000.0,403501000.0,-374582000.0,338094000.0,1002431000.0,346691000.0,0.29624543806925335,9860867.511295956,14578290.285479568,235160940.0,9104808.448688986,1145700.0,94824.0,0.008426053793224336,0.012457064048165756,0.20094365209098994,0.007780005732535624,0.0009789939698346469,8.102655511530117e-05,0.4025224678805823,-1.1079226487308262,False,True
19992,20.0,TOTVS S.A.,tecnologia,cvm,Comunicação e Informática,Categoria A,BOLSA,consolidado,padrao,dre,49.833701312287964,0.16012208393691998,1328140022.9304018,23.01057912336514,75.11520737327189,929698016.0512812,16.107405386355598,0.0,83.6405529953917,924203372.2467386,16.012208393692,-5494643.804542661,84.10138248847926,0.2301057912336514,0.2301057912336514,78.57142857142857,1.0,100.0,1.0,1.0,1.0,0.8732718894009217,0.08261071451204173,87.32718894009217,1.2,0.7,0.9940898617511521,398442006.8791206,398442006.8791206,-5494643.804542661,liquido,0.3268362282430519,5771867000.0,584717000.0,1300048000.0,2424124000.0,1716326000.0,59622000.0,0.0,191106698.86959258,424902784.8549232,560957516.2754843,2424124000.0,1785703000.0,50579000.0,1463812000.0,9452171000.0,1203183000.0,0.208456466512482,68798411.59305333,163162669.38429052,1018132080.0,67314901.95305812,10731960.0,0.0,0.011919611382773256,0.028268612111867875,0.17639562380768647,0.011662587158203423,0.0018593567731203784,0.0,0.18891987882995345,0.03455293439321443,False,True
24317,21.0,ZAMP SA,industria,cvm,Alimentos,Categoria B,BOLSA,consolidado,padrao,dva,49.79473382170255,0.15999744641752256,1349008481.7802043,25.784072305427603,75.80645161290323,849875343.5215286,16.24396555241939,134900848.1780204,82.25806451612904,837097839.7969251,15.999744641752256,-12777503.724603534,82.94930875576037,0.257840723054276,0.257840723054276,87.09677419354838,0.9,90.0,0.9,1.0,1.0,0.8179723502304147,0.06718493050192804,81.79723502304147,1.0,0.7,0.9849654377880185,364232290.0806552,499133138.2586757,-12777503.724603534,liquido,0.7987268467353345,5231945000.0,371746000.0,2847398000.0,1015319000.0,1825339000.0,0.0,172229000.0,296923510.3664736,2274293225.940498,1457947263.6930287,1015319000.0,208256000.0,1049199000.0,719451000.0,4709699000.0,450085000.0,0.086026324818017,89077053.10994208,727773832.3009593,355361650.0,145794726.36930287,0.0,31001220.0,0.01702560961744477,0.13910196538781644,0.06792151867039886,0.027866257456701644,0.0,0.005925371921914316,0.0442185371082101,1.4583328121025616,False,True
25453,22.0,INTELBRAS S.A. IND. DE TELECOMUNICAÇÃO ELETRÔNICA BRASILEIRA,varejo,cvm,Comércio (Atacado e Varejo),Categoria A,BOLSA,consolidado,padrao,dva,49.57568486818272,0.15929681833541717,1068470375.8897588,23.954699273083268,71.6589861751152,747929263.1228311,16.768289491158285,0.0,79.72350230414746,710524183.2701098,15.929681833541718,-37405079.85272133,80.4147465437788,0.2395469927308327,0.2395469927308327,80.64516129032258,1.0,100.0,1.0,1.0,1.0,0.6059907834101382,0.021462941272122518,60.59907834101382,1.1,0.7,0.9499884792626728,320541112.7669277,320541112.7669277,-37405079.85272133,liquido,0.852626412573668,4460379000.0,257488000.0,603887000.0,586425000.0,3117798000.0,28802000.0,1473938000.0,219541069.72076863,514890006.4098747,2658316923.869357,586425000.0,1070774000.0,-181547000.0,541777000.0,5325682000.0,920024000.0,0.2062658800967362,72448553.00785366,181241282.2562759,225773625.0,292414861.6256293,4752330.0,291839724.0,0.01624268991667606,0.040633605856425184,0.05061758765342587,0.06555829933412145,0.001065454303322655,0.06542935566686149,0.20105856864904814,-0.3350954359450475,False,True
21440,23.0,VESTE S.A. ESTILO,varejo,cvm,Emp. Adm. Part. - Comércio (Atacado e Varejo),Categoria A,BOLSA,consolidado,padrao,dva,48.46137288664509,0.15573269144073626,371143953.469879,30.151066776978308,46.54377880184332,194850575.57168645,15.829310057913611,92785988.36746974,51.61290322580645,191698845.06359142,15.573269144073626,-3151730.508095026,53.45622119815668,0.3015106677697831,0.3015106677697831,94.47004608294931,0.75,75.0,0.75,1.0,1.0,0.8110599078341014,0.0627914197144576,81.10599078341014,1.1,0.7,0.9838248847926268,83507389.53072278,176293377.89819252,-3151730.508095026,liquido,0.7631719439792304,1230948000.0,177530000.0,523439000.0,271930000.0,447248000.0,2492000.0,218023000.0,135485915.21463278,399473959.1845444,341327125.6008228,271930000.0,40503000.0,273641000.0,261671000.0,1655516000.0,227774000.0,0.1850394980129136,44710352.02082882,140614833.63295963,104693050.0,37545983.81609052,411180.0,43168554.0,0.03632188526308895,0.11423295998934126,0.0850507495036346,0.030501681481338378,0.00033403523138264167,0.035069356300997286,0.024465483873305965,1.0457444653782804,False,True
27766,24.0,UNIÃO PET PARTICIPAÇÕES S.A.,varejo,cvm,Comércio (Atacado e Varejo),Categoria A,,consolidado,padrao,dva,48.406214556212966,0.15555626751977333,736225479.836354,24.428486433114948,63.36405529953917,515357835.8854478,17.099940503180463,0.0,71.6589861751152,468815323.4948254,15.555626751977336,-46542512.39062238,70.96774193548387,0.2442848643311495,0.2442848643311495,82.7188940092166,1.0,100.0,1.0,1.0,1.0,0.3617511520737327,0.004341144705925121,36.175115207373274,1.1,0.7,0.9096889400921659,220867643.95090625,220867643.95090622,-46542512.39062238,liquido,0.8424704542513635,3013799000.0,261122000.0,883819000.0,440693000.0,1652585000.0,0.0,397569000.0,219987569.95502454,744591394.4059858,1392254035.6389894,440693000.0,451624000.0,-451624000.0,474630000.0,2723337000.0,532656000.0,0.1767390592405134,72595898.0851581,262096170.83090705,169666805.0,153147943.92028886,0.0,78718662.0,0.024087836675623725,0.08696537852421712,0.05629665581546745,0.05081557991103217,0.0,0.026119413404809017,0.16583478284178566,-0.9515285590881318,False,True
26379,25.0,MADERO INDÚSTRIA E COMÉRCIO S.A.,industria,cvm,Alimentos,Categoria A,,consolidado,padrao,dva,47.75794803434604,0.15348278703693863,497191876.04387945,24.34707568547684,55.06912442396313,348034313.2307156,17.042952979833785,0.0,64.51612903225806,313427352.8909194,15.348278703693863,-34606960.339796185,63.36405529953917,0.24347075685476843,0.24347075685476843,82.48847926267281,1.0,100.0,1.0,1.0,1.0,0.3064516129032258,0.002423372738926079,30.64516129032258,1.0,0.7,0.9005645161290322,149157562.81316385,149157562.81316388,-34606960.339796185,liquido,0.5756636406865685,2042101000.0,190400000.0,900625000.0,710317000.0,582923000.0,0.0,90200000.0,109606357.18672264,518457066.39334077,335567576.4199366,710317000.0,308540000.0,766747000.0,586387000.0,2808400000.0,406769000.0,0.1991914209923995,32881907.15601679,165906261.24586904,248610949.99999997,33556757.641993664,0.0,16236000.0,0.016101998459437994,0.08124292640073584,0.1217427296691006,0.016432467170817536,0.0,0.007950635154676483,0.10986326734083464,1.3075784422233099,False,True
25089,26.0,PET CENTER COMÉRCIO E PARTICIPAÇÕES S.A.,varejo,cvm,Comércio (Atacado e Varejo),Categoria A,BOLSA,consolidado,padrao,dva,47.401632738066894,0.15234311255484043,896804850.3323735,25.004164094581853,68.20276497695853,564987055.7093953,15.752623379586566,89680485.03323732,73.963133640553,546397159.0376668,15.23431125548404,-18589896.67172849,74.88479262672811,0.25004164094581854,0.25004164094581854,84.7926267281106,0.9,90.0,0.9,1.0,1.0,0.7096774193548387,0.03551374351041157,70.96774193548387,1.1,0.7,0.9670967741935483,242137309.58974087,331817794.6229782,-18589896.67172849,liquido,0.8533085689455405,3586622000.0,370179000.0,1109612000.0,495914000.0,1900870000.0,0.0,454178000.0,315876912.74369127,946841427.8047991,1622028659.4515097,495914000.0,122832000.0,281671000.0,521884000.0,3932838000.0,587912000.0,0.16391802648843395,104239381.20541812,333288182.58728933,190926890.0,178423152.5396661,0.0,89927244.0,0.029063386441453305,0.09292537172506311,0.05323306721477758,0.04974685164471363,0.0,0.0250729639198109,0.03123240774219533,0.5397195545370236,False,True
11258,27.0,TELEC BRASILEIRAS S.A. TELEBRAS,utilities,cvm,Telecomunicações,Categoria A,BOLSA,individual,padrao,dva,47.22855572380816,0.15178952572135826,120258206.10716967,24.492057397556803,21.889400921658986,84180744.27501877,17.14444017828976,0.0,33.41013824884793,74530023.2349184,15.178952572135826,-9650721.040100366,32.71889400921659,0.24492057397556802,0.24492057397556802,82.94930875576037,1.0,100.0,1.0,1.0,1.0,0.21428571428571427,0.0012048138161291216,21.428571428571427,0.9,0.7,0.8853571428571428,36077461.83215091,36077461.83215091,-9650721.040100366,liquido,0.8427373640161039,491009000.0,98249000.0,32590000.0,124842000.0,663005000.0,2823000.0,0.0,82798103.2772182,27464810.693284824,558739086.0294969,124842000.0,698514000.0,-678635000.0,510806000.0,4412466000.0,52129000.0,0.1061670967334611,22355487.884848915,7909865.47966603,39325230.0,50286517.742654726,381105.0,0.0,0.0455296906672768,0.016109410376726356,0.08009065006955067,0.1024146558263794,0.0007761670356347848,0.0,0.15830467588872074,-1.3285572213325607,True,True
24848,28.0,C&A MODAS S.A.,industria,cvm,Têxtil e Vestuário,Categoria A,BOLSA,consolidado,padrao,dre,47.14689099882569,0.1515283210969091,1830758609.9005907,22.933336363545827,80.18433179723502,1281531026.9304135,16.053335454482077,0.0,86.40552995391705,1209644223.1271396,15.152832109690914,-71886803.80327392,86.63594470046083,0.22933336363545825,0.22933336363545825,78.11059907834101,1.0,100.0,1.0,1.0,1.0,0.5691244239631337,0.018237245741945195,56.91244239631337,1.0,0.7,0.9439055299539171,549227582.9701773,549227582.9701772,-71886803.80327392,liquido,0.8455896374642019,7982958000.0,959532000.0,2511645000.0,1084220000.0,3550502000.0,134301000.0,1154866000.0,811370316.0153006,2123820984.9887755,3002267698.995924,1084220000.0,774521000.0,185951000.0,1389161000.0,9318633000.0,1312329000.0,0.1643913196085962,243411094.80459017,679622715.1964082,379477000.0,300226769.8995924,20145150.0,207875880.0,0.03049134102980251,0.08513419652169135,0.04753588832610668,0.03760846166290646,0.0025235194773666606,0.026039956617584608,0.08311530242686883,0.13385849444376857,False,True
7617,29.0,ITAÚSA S.A.,financeiro,cvm,Emp. Adm. Part. - Intermediação Financeira,Categoria A,BOLSA,consolidado,padrao,dva,46.89741057155091,0.150730357945405,2219637546.968938,26.90795910981862,84.56221198156682,1398371654.5904307,16.95201423918573,221963754.69689375,88.0184331797235,1243374722.6916459,15.073035794540502,-154996931.89878488,87.09677419354838,0.2690795910981862,0.2690795910981862,89.86175115207374,0.9,90.0,0.9,1.0,1.0,0.23732718894009217,0.001500175380215313,23.732718894009217,1.25,0.7,0.8891589861751152,599302137.6816133,821265892.3785071,-154996931.89878488,liquido,0.8277805611222445,8249000000.0,556000000.0,1189000000.0,1375000000.0,6239000000.0,20000000.0,1761000000.0,460245991.98396796,984231087.1743487,5164522920.841683,1375000000.0,4039000000.0,6746000000.0,19380000000.0,111187000000.0,166000000.0,0.02012365135167899,172592246.99398798,393692434.86973953,601562500.0,645565365.1052104,10000000.0,396224999.99999994,0.020922808460902897,0.0477260801151339,0.07292550612195417,0.07825983332588318,0.001212268153715602,0.04803309492059643,0.03632618921276768,0.3480908152734778,False,True
10456,30.0,ALPARGATAS S.A.,industria,cvm,Têxtil e Vestuário,Categoria A,BOLSA,consolidado,padrao,dva,46.7958517959762,0.15040552219974856,1044590316.3175238,22.883223421227484,71.42857142857143,731213221.4222666,16.018256394859236,0.0,79.26267281105991,686582257.746055,15.040552219974856,-44630963.676211596,79.49308755760369,0.22883223421227483,0.22883223421227483,77.88018433179722,1.0,100.0,1.0,1.0,1.0,0.5391705069124424,0.015520183021861783,53.91705069124424,1.0,0.7,0.938963133640553,313377094.8952572,313377094.89525723,-44630963.676211596,liquido,0.7146389897281196,4564874000.0,273831000.0,1357043000.0,1088396000.0,2183228000.0,11783000.0,760114000.0,195690309.19624072,969795838.5376166,1560219852.266143,1088396000.0,555595000.0,679938000.0,855531000.0,6096758000.0,612229000.0,0.1341173929444712,58707092.75887222,310334668.3320373,380938600.0,156021985.22661433,1767450.0,136820520.0,0.012860616253345046,0.0679831838364076,0.08344997036062769,0.03417881528090684,0.0003871848379604782,0.029972463643027164,0.09112958067221956,0.7947555377888118,False,True
23574,31.0,INTERNATIONAL MEAL COMPANY ALIMENTACAO S.A.,industria,cvm,Alimentos,Categoria A,BOLSA,consolidado,padrao,dre,45.41898464802784,0.1460016126001822,407909022.443201,23.58321832658254,49.07834101382488,256982684.13921663,14.857427545746999,40790902.244320095,58.06451612903226,252532857.246806,14.600161260018224,-4449826.892410636,59.67741935483871,0.23583218326582536,0.23583218326582536,79.72350230414746,0.9,90.0,0.9,1.0,1.0,0.804147465437788,0.060727325874136796,80.4147465437788,1.0,0.7,0.982684331797235,110135436.0596643,150926338.30398437,-4449826.892410636,liquido,0.7158977476649323,1729658000.0,167343000.0,450975000.0,503765000.0,1154864000.0,0.0,53678000.0,119800476.78749277,322851986.75319284,826764536.4593143,503765000.0,171189000.0,298802000.0,218055000.0,2305789000.0,69682000.0,0.04028657688398516,35940143.03624783,103312635.76102172,176317750.0,82676453.64593144,0.0,9662040.0,0.02077875686190439,0.059730094481696215,0.10193792645713777,0.04779930694156385,0.0,0.005586098523523147,0.07424313326154301,1.370305656829699,False,True
25526,32.0,CRUZEIRO DO SUL EDUCACIONAL S.A.,saude_educacao,cvm,Educação,Categoria A,BOLSA,consolidado,padrao,dre,45.31380735068882,0.14566520301259206,594153761.2587667,20.94905553584558,58.75576036866359,415907632.88113666,14.664338875091905,0.0,68.20276497695853,413133318.1410655,14.566520301259208,-2774314.7400711775,69.12442396313364,0.20949055535845576,0.20949055535845576,72.58064516129032,1.0,100.0,1.0,1.0,1.0,0.868663594470046,0.08143155292202213,86.8663594470046,1.05,0.7,0.9933294930875576,178246128.37763003,178246128.37763,-2774314.7400711775,liquido,0.6223565168785175,2836184000.0,866234000.0,0.0,852614000.0,1391488000.0,127425000.0,0.0,539106375.0417457,0.0,866001624.9582545,852614000.0,808247000.0,556268000.0,877778000.0,4730611000.0,851605000.0,0.30026436930749206,169818508.1381499,0.0,313335645.0,90930170.62061673,20069437.5,0.0,0.05987570204829795,0.0,0.11047789741427212,0.032060744514677726,0.0070762113812079894,0.0,0.17085467395226536,0.633722877538512,True,True
20087,33.0,EMBRAER S.A.,industria,cvm,"Máquinas, Equipamentos, Veículos e Peças",Categoria A,BOLSA,consolidado,padrao,dre,43.76519052270459,0.1407119520580813,8668206438.56417,20.696124942415313,95.85253456221197,6067744506.994919,14.487287459690718,0.0,96.7741935483871,5893471614.645399,14.071195205808126,-174272892.34951973,96.7741935483871,0.20696124942415314,0.20696124942415314,72.11981566820278,1.0,100.0,1.0,1.0,1.0,0.7350230414746544,0.04212548940748512,73.50230414746544,1.0,0.7,0.9712788018433179,2600461931.5692515,2600461931.569252,-174272892.34951973,liquido,0.8838631006465436,41883234000.0,1190991000.0,1886225000.0,4366992000.0,34524890000.0,20919000.0,17976662000.0,1052672998.1021277,1667164677.0170267,30515276324.880848,4366992000.0,10728816000.0,3543645000.0,4789271000.0,71092088000.0,4483900000.0,0.10705715800265089,315801899.4306383,533492696.64544857,1528447200.0,3051527632.488085,3137850.0,3235799160.0,0.007540055274400212,0.012737619464758822,0.03649305590871994,0.07285797540104198,7.491899980789448e-05,0.0772576243754243,0.15091434647411114,0.7399132352293282,False,True
25208,34.0,TRACK & FIELD CO S.A.,industria,cvm,Têxtil e Vestuário,Categoria A,BOLSA,consolidado,padrao,dva,43.32839899235492,0.13931487433973896,253547088.58880943,24.22782429525982,35.02304147465438,159734665.81094992,15.263529306013684,25354708.858880937,48.38709677419355,145794687.77502888,13.931487433973894,-13939978.035921037,47.465437788018434,0.2422782429525982,0.2422782429525982,82.02764976958525,0.9,90.0,0.9,1.0,1.0,0.38018433179723504,0.005021935812343591,38.0184331797235,1.0,0.7,0.9127304147465438,68457713.91897856,93812422.77785951,-13939978.035921037,liquido,0.7655670177812137,1046512000.0,185918000.0,196704000.0,194073000.0,445218000.0,0.0,336936000.0,142332688.8118477,150590094.66563585,340844216.5225164,194073000.0,35255000.0,135668000.0,232356000.0,974206000.0,141524000.0,0.13523399636124575,42699806.64355431,48188830.29300348,67925550.0,34084421.652251646,0.0,60648480.0,0.0408020229520104,0.046047088129905316,0.06490661358875961,0.03256954688742379,0.0,0.05795297139449906,0.0361884447437195,0.5838799084163955,False,True
23221,35.0,SER EDUCACIONAL S.A.,saude_educacao,cvm,Educação,Categoria A,BOLSA,consolidado,padrao,dva,43.195750247443556,0.13889059732655287,495735453.3058269,22.365374240460742,54.60829493087558,312313335.5826709,14.090185771490265,49573545.33058268,62.44239631336406,307855314.5828215,13.889059732655284,-4458020.999849439,63.133640552995395,0.22365374240460742,0.22365374240460742,76.72811059907833,0.9,90.0,0.9,1.0,1.0,0.8225806451612904,0.06853780685274402,82.25806451612904,1.05,0.7,0.9857258064516129,133848572.39257328,183422117.72315598,-4458020.999849439,liquido,0.6321757823041385,2216531000.0,689121000.0,140122000.0,637894000.0,904993000.0,217432000.0,0.0,435645607.27721024,88581734.9680205,572114657.7547692,637894000.0,261932000.0,454503000.0,669301000.0,3299058000.0,381118000.0,0.17194345578744444,137228366.29232123,29763462.94925489,234426045.0,60072039.064250775,34245540.0,0.0,0.061911322824865174,0.013427947973321775,0.10576258351450983,0.027101826712214165,0.015450061379696471,0.0,0.07939599728164827,0.6790711503493944,False,True
20338,36.0,M.DIAS BRANCO S.A. IND COM DE ALIMENTOS,industria,cvm,Alimentos,Categoria A,BOLSA,consolidado,padrao,dre,42.903593730046865,0.1379561346999615,2110426793.6544247,20.219564917492352,82.94930875576037,1477298755.5580971,14.153695442244645,0.0,88.94009216589862,1439923777.825314,13.795613469996153,-37374977.73278308,88.94009216589862,0.2021956491749235,0.2021956491749235,70.96774193548387,1.0,100.0,1.0,1.0,1.0,0.7557603686635944,0.04911809479206038,75.57603686635944,1.0,0.7,0.9747004608294931,633128038.0963275,633128038.0963275,-37374977.73278308,liquido,0.8363119962175004,10437548000.0,452078000.0,2067390000.0,1571405000.0,7080533000.0,0.0,1675464000.0,378078254.6260151,1728983057.8600981,5921534687.513886,1571405000.0,1888270000.0,-468305000.0,1103290000.0,12559343000.0,1407929000.0,0.13489078086155867,113423476.38780454,553274578.5152314,549991750.0,592153468.7513887,0.0,301583520.0,0.01086686991885494,0.05300809907798569,0.05269357803192856,0.05673300556331704,0.0,0.02889409658283727,0.150347832685197,-0.42446229005973046,False,True
5207,37.0,DOHLER S.A.,industria,cvm,Têxtil e Vestuário,Categoria A,BOLSA,individual,padrao,dva,42.89090343622198,0.13791554479491513,188676448.05259803,30.28217912092043,29.723502304147466,92451459.54577303,14.83826776925101,56602934.41577942,35.02304147465438,85929797.25546464,13.791554479491516,-6521662.290308386,35.25345622119816,0.30282179120920427,0.30282179120920427,94.93087557603687,0.7,70.0,1.0,0.7,1.0,0.4815668202764977,0.011254513695562277,48.15668202764977,1.0,0.7,0.9294585253456221,39622054.09104559,96224988.506825,-6521662.290308386,liquido,0.6604157014216052,623061000.0,53815000.0,98382000.0,222081000.0,501782000.0,1018000.0,256686000.0,35540270.97200368,64973017.53726036,331384711.4907359,222081000.0,141191000.0,42584000.0,19626000.0,1047091000.0,63032000.0,0.10116505446497213,10662081.291601105,20791365.611923315,77728350.0,33138471.14907359,152700.0,46203480.0,0.017112419637244355,0.03336971117101426,0.12475239182038356,0.05318655982170861,0.0002450803372382479,0.07415562842161522,0.13484119336332753,2.1697747885458067,False,True
8133,38.0,LOJAS RENNER S.A.,varejo,cvm,Comércio (Atacado e Varejo),Categoria A,BOLSA,consolidado,padrao,dva,42.736700536255704,0.13742232681636551,3666951224.0449133,23.165358919665696,89.40092165898618,2310179271.148295,14.594176119389385,366695122.40449125,93.54838709677419,2175321225.446585,13.742232681636551,-134858045.70170975,93.54838709677419,0.23165358919665693,0.23165358919665693,79.26267281105991,0.9,90.0,0.9,1.0,1.0,0.5552995391705069,0.01641658803383894,55.52995391705069,1.1,0.7,0.9416244239631336,990076830.4921267,1356771952.8966184,-134858045.70170975,liquido,0.8141531135824059,15829460000.0,2010546000.0,4132724000.0,2268233000.0,6061578000.0,950543000.0,1865898000.0,1636892285.900652,3364670112.176735,4935052601.922613,2268233000.0,978066000.0,-598191000.0,3088118000.0,19626027000.0,2801957000.0,0.17700900725609087,540174454.3472152,1184363879.4862108,873269705.0,542855786.2114875,156839595.0,369447804.0,0.03412462928913653,0.07482023262235167,0.055167371786529674,0.03429401800260321,0.009908082461435829,0.023339255034600045,0.049835150028072414,-0.1937073000448817,False,True
11762,39.0,VULCABRAS S.A.,industria,cvm,Têxtil e Vestuário,Categoria A,BOLSA,consolidado,padrao,dva,42.01357299644567,0.13510940336617971,821821879.6385398,23.083023352851605,65.2073732718894,517747784.1722801,14.542304712296511,82182187.96385396,71.88940092165899,481028252.3823658,13.510940336617969,-36719531.78991425,72.11981566820278,0.23083023352851606,0.23083023352851606,79.03225806451613,0.9,90.0,0.9,1.0,1.0,0.4792626728110599,0.011190472998683164,47.926267281105986,1.0,0.7,0.9290783410138249,221891907.5024058,304074095.4662597,-36719531.78991425,liquido,0.6512060369131123,3560287000.0,216654000.0,634200000.0,1028983000.0,2099263000.0,1362000.0,834911000.0,141086392.72137344,412994868.61029583,1367052738.668331,1028983000.0,203970000.0,772299000.0,884008000.0,3878996000.0,541593000.0,0.15212060151330498,42325917.81641203,132158357.95529467,360144050.0,136705273.8668331,204300.0,150283980.0,0.011888344343142008,0.037120141706355324,0.10115590400436819,0.038397262318131405,5.738301434687709e-05,0.042211198142172245,0.05258319420798578,0.8736334965294432,False,True
6211,40.0,FRASLE MOBILITY S.A.,industria,cvm,"Máquinas, Equipamentos, Veículos e Peças",Categoria A,BOLSA,consolidado,padrao,dva,41.95482222189186,0.13492148901262352,1083696186.490172,19.736300578708395,72.11981566820278,758587330.5431203,13.815410405095873,0.0,80.18433179723502,740837435.7466563,13.492148901262354,-17749894.796463966,81.10599078341014,0.19736300578708393,0.19736300578708393,68.89400921658986,1.0,100.0,1.0,1.0,1.0,0.7672811059907834,0.05190746899341794,76.72811059907833,1.0,0.7,0.9766013824884793,325108855.94705164,325108855.94705164,-17749894.796463966,liquido,0.8688790330018729,5490878000.0,489950000.0,563965000.0,622678000.0,3694967000.0,2485000.0,1443447000.0,425707282.2192676,490017363.84690124,3210479353.933831,622678000.0,1316248000.0,1432552000.0,991530000.0,7222660000.0,1530042000.0,0.278651610908128,127712184.66578028,156805556.4310084,217937300.0,321047935.39338315,372750.0,259820460.0,0.02325897327636496,0.028557465023081624,0.03969079262005093,0.05846932592444836,6.788531815858957e-05,0.047318563624979465,0.1822386766094486,1.4447893659294222,False,True
22470,41.0,MAGAZINE LUIZA S.A.,varejo,cvm,Comércio (Atacado e Varejo),Categoria A,BOLSA,consolidado,padrao,dva,41.7263911387922,0.13419085218887408,8650172799.336983,22.34991164813814,95.6221198156682,5449608863.582299,14.080444338327029,865017279.933698,95.85253456221197,5193640484.12579,13.419085218887405,-255968379.4565096,95.85253456221197,0.22349911648138143,0.22349911648138143,76.49769585253456,0.9,90.0,0.9,1.0,1.0,0.6244239631336406,0.024031880007463768,62.44239631336406,1.1,0.7,0.9530299539170507,2335546655.820986,3200563935.7546835,-255968379.4565096,liquido,0.912563579312088,38703387000.0,2677056000.0,7375871000.0,3252789000.0,27148836000.0,455819000.0,7181339000.0,2442983805.378901,6730951240.30423,24775038954.316868,3252789000.0,1575837000.0,3368699000.0,3203470000.0,37911158000.0,15719373000.0,0.40614980285833896,806184655.7750374,2369294836.587089,1252323765.0,2725254284.974856,75210135.0,1421905122.0,0.02082982183897852,0.06121673115035356,0.03235695534863654,0.07041384478766305,0.001943244269551913,0.03673851908619781,0.04156657520194978,1.0515781324626108,False,True
20362,42.0,POSITIVO TECNOLOGIA S.A.,tecnologia,cvm,Comunicação e Informática,Categoria A,BOLSA,consolidado,padrao,dva,40.491299163425815,0.13024041048157628,943194658.5956364,28.113959309512133,69.5852534562212,462165382.7118617,13.775840061660944,282958397.57869095,69.81566820276498,436943292.6438192,13.024041048157626,-25222090.068042517,69.81566820276498,0.2811395930951213,0.2811395930951213,92.16589861751152,0.7,70.0,1.0,0.7,1.0,0.5783410138248848,0.019501063025770805,57.83410138248848,1.2,0.7,0.945426267281106,198070878.30508363,481029275.88377464,-25222090.068042517,liquido,0.7979949718379011,3354898000.0,229638000.0,401230000.0,634841000.0,2511831000.0,7729000.0,1137592000.0,183249969.34291193,320179522.5505211,2004428508.1065671,634841000.0,618362000.0,655215000.0,312614000.0,4473551000.0,297712000.0,0.08873950862291491,65969988.96344829,122948936.65940009,266633220.0,240531420.97278804,1391220.0,245719872.0,0.019663783806079436,0.03664759305928231,0.07947580522567303,0.07169559878505637,0.0004146832481941329,0.07324212897083607,0.13822621000632385,2.095923407141075,False,True
22349,43.0,AZZAS 2154 S.A.,industria,cvm,Têxtil e Vestuário,Categoria A,BOLSA,consolidado,padrao,dva,39.845009524248255,0.12817325305806201,2966289663.190133,25.096591826367266,87.55760368663594,1557302073.17482,13.175710708842816,741572415.7975333,89.63133640552995,1514942739.1337397,12.817325305806204,-42359334.04108024,89.63133640552995,0.2509659182636727,0.2509659182636727,85.02304147465438,0.75,75.0,0.75,1.0,1.0,0.7442396313364056,0.045147389074259865,74.42396313364056,1.0,0.7,0.9727995391705069,667415174.2177801,1408987590.0153131,-42359334.04108024,liquido,0.7774721420610688,11819492000.0,1468526000.0,3956582000.0,2391992000.0,5324072000.0,17111000.0,2142835000.0,1141738054.892373,3076132282.7802677,4139317662.3273587,2391992000.0,320633000.0,2905927000.0,1835698000.0,15448601000.0,1074977000.0,0.09094950950514624,342521416.4677119,984362330.4896857,837197200.0,413931766.2327359,2566650.0,385710300.0,0.028979368696024493,0.08328296431772919,0.07083191054234818,0.03502111310983043,0.00021715400289623276,0.03263340759484418,0.020754824336520827,1.5830092967361733,False,True
20370,44.0,LPS BRASIL - CONSULTORIA DE IMOVEIS S.A.,construcao,cvm,"Emp. Adm. Part. - Const. Civil, Mat. Const. e Decoração",Categoria A,BOLSA,consolidado,padrao,dva,39.5819108987719,0.12733173209934462,37128391.880679585,18.277423170790097,7.373271889400922,25989874.316475708,12.794196219553067,0.0,15.43778801843318,25865913.395196665,12.733173209934462,-123960.92127904296,15.668202764976957,0.18277423170790097,0.18277423170790097,63.824884792626726,1.0,100.0,1.0,1.0,1.0,0.880184331797235,0.0856426029063924,88.0184331797235,0.85,0.7,0.9952304147465438,11138517.564203877,11138517.564203877,-123960.92127904296,liquido,0.7527458477044651,203138000.0,98716000.0,14980000.0,39643000.0,46637000.0,2627000.0,0.0,74308059.10199398,11276132.798612887,35105808.09939314,39643000.0,46663000.0,-46663000.0,69745000.0,396987000.0,54482000.0,0.26820191200070886,18948555.071008466,3067108.1212227056,11793792.5,2983993.688448417,334942.5,0.0,0.09327922432537716,0.015098642899027782,0.05805803197826108,0.014689490338825906,0.0016488421664090421,0.0,0.11754289183273003,-0.6690515449136138,False,True
25500,45.0,BEMOBI MOBILE TECH S.A.,tecnologia,cvm,Comunicação e Informática,Categoria A,BOLSA,consolidado,padrao,dva,39.48464566215777,0.1270206292381373,314834294.2971864,18.558889128445376,42.626728110599075,220384006.00803044,12.991222389911764,0.0,54.60829493087558,215478684.58398074,12.702062923813727,-4905321.424049705,55.76036866359447,0.18558889128445383,0.18558889128445383,65.43778801843318,1.0,100.0,1.0,1.0,1.0,0.7741935483870968,0.05477343884028135,77.41935483870968,1.2,0.7,0.977741935483871,94450288.28915593,94450288.28915593,-4905321.424049705,liquido,0.8659586291985928,1696407000.0,293309000.0,0.0,208157000.0,1259622000.0,9559000.0,15539000.0,253993459.57161006,0.0,1090780540.4283898,208157000.0,241156000.0,-221870000.0,213054000.0,1865280000.0,117609000.0,0.06932829209028257,91437645.44577962,0.0,87425940.0,130893664.85140677,1720620.0,3356424.0,0.05390077112731769,0.0,0.05153594626761149,0.0771593520018526,0.0010142731078096234,0.0019785487798623796,0.12928675587579344,-1.041379180864945,False,True
25852,46.0,W2W E-COMMERCE DE VINHOS S.A.,varejo,cvm,Comércio (Atacado e Varejo),Categoria A,,consolidado,padrao,dva,39.44044394099087,0.1268792500321229,181692981.53432915,23.693604114308666,28.80184331797235,97296591.61163326,12.68792500321229,42697850.66056734,36.405529953917046,97296591.61163326,12.68792500321229,0.0,37.327188940092164,0.23693604114308667,0.23693604114308667,80.4147465437788,0.765,76.5,0.9,1.0,0.85,1.0,0.23579855973167602,100.0,1.1,0.7,1.0,41698539.26212855,84396389.92269589,0.0,liquido,0.9149007879189537,766844000.0,151556000.0,156025000.0,60094000.0,398583000.0,463000.0,112944000.0,138658703.81384495,142747395.43505475,364663900.7511003,60094000.0,32449000.0,72895000.0,113595000.0,709590000.0,-29097000.0,-0.037943832122309104,45757372.25856884,50247083.19313928,23136190.0,40113029.08262104,76395.0,22362912.0,0.059669727165588875,0.06552451762436594,0.030170660525478458,0.05230924292635926,9.962260903130233e-05,0.029162270292262833,0.04572922391803717,0.6417095822879528,False,True
5410,47.0,WEG S.A.,industria,cvm,"Emp. Adm. Part. - Máqs., Equip., Veíc. e Peças",Categoria A,BOLSA,consolidado,padrao,dva,39.40722060765987,0.12677298519981572,7927948970.523125,19.429290261503375,94.23963133640552,5549564279.366187,13.600503183052362,0.0,96.31336405529954,5172858833.121653,12.677298519981573,-376705446.2445345,95.6221198156682,0.19429290261503376,0.19429290261503376,67.97235023041475,1.0,100.0,1.0,1.0,1.0,0.4976958525345622,0.013061259424603525,49.76958525345622,1.0,0.7,0.9321198156682028,2378384691.1569376,2378384691.1569376,-376705446.2445345,liquido,0.7278537308309933,40804110000.0,1513882000.0,3353431000.0,8705902000.0,27122477000.0,74336000.0,9911053000.0,1101884661.7378857,2440807264.4343085,19741196073.827805,8705902000.0,6296498000.0,-1705676000.0,9000037000.0,42645030000.0,6451033000.0,0.15809762791052176,330565398.5213657,781058324.6189787,3047065700.0,1974119607.3827806,11150400.0,1783989540.0,0.00810127701649088,0.019141658147156713,0.07467546038867162,0.04838041087975649,0.0002732665900567369,0.0437208295929013,0.1476490460904823,-0.18951877642280804,False,True
3298,48.0,CIA HABITASUL DE PARTICIPACOES,financeiro,cvm,Emp. Adm. Part. - Crédito Imobiliário,Categoria A,BOLSA,consolidado,padrao,dva,39.2691676168523,0.1263314227060252,55976564.15824909,83.34186579058897,11.981566820276496,17485679.228933055,26.033915326335226,30997022.402630437,11.751152073732719,15441184.315402621,22.98992677049449,-2044494.9135304336,11.751152073732719,0.8334186579058899,0.45796998752568274,99.76958525345621,0.4462499999999999,44.62499999999999,0.75,0.7,0.85,0.20046082949308755,0.0010614331355545414,20.046082949308754,1.25,0.7,0.8830760368663594,7493862.526685596,38490884.92931603,-2044494.9135304336,liquido,0.8072907245139396,67165000.0,94442000.0,2224000.0,26633000.0,41537000.0,635000.0,46696000.0,76242150.60454547,1795414.5713190015,33532434.82413551,26633000.0,1432000.0,188486000.0,78748000.0,1643250000.0,-48531000.0,-0.7225638353309015,28590806.476704553,718165.8285276006,11651937.5,4191554.3530169385,317500.0,10506599.999999998,0.4256801381181352,0.010692560537893258,0.1734822824387702,0.062406824283733175,0.004727164445767885,0.1564296880815901,0.0008714437851818043,2.3935338040331184,True,True
22217,49.0,ALPER CONSULTORIA E CORRETORA DE SEGUROS S.A.,financeiro,cvm,Emp. Adm. Part. - Seguradoras e Corretoras,Categoria A,BOLSA,consolidado,padrao,dva,38.980558297694905,0.12540830579307144,174323687.5,34.12470905933917,28.110599078341014,64063955.156249985,12.54083057930714,82803751.56250001,28.110599078341014,64063955.156249985,12.54083057930714,0.0,28.80184331797235,0.34124709059339176,0.34124709059339176,96.54377880184332,0.5249999999999999,52.49999999999999,0.75,0.7,1.0,0.9631336405529954,0.12310335004315642,96.31336405529954,1.25,0.7,1.0,27455980.78125,110259732.34375001,0.0,liquido,0.44798481534814993,510843000.0,425693000.0,0.0,234989000.0,0.0,4000.0,0.0,190704000.0,0.0,0.0,234989000.0,13944000.0,380663000.0,127902000.0,1411146000.0,75996000.0,0.14876586348447565,71514000.0,0.0,102807687.5,0.0,2000.0,0.0,0.13999213065462382,0.0,0.2012510448415658,0.0,3.915097202075785e-06,0.0,0.009881330493088597,2.976208347015684,False,True
24627,50.0,BLAU FARMACÊUTICA S.A.,saude_educacao,cvm,Farmacêutico e Higiene,Categoria A,BOLSA,consolidado,padrao,dva,38.881970912175554,0.125092974038565,420257222.59572345,24.6864230587332,50.46082949308756,220635041.86275482,12.96037210583493,105064305.64893086,54.83870967741935,212956027.32972047,12.509297403856506,-7679014.533034354,55.29953917050692,0.24686423058733198,0.24686423058733198,83.6405529953917,0.75,75.0,0.75,1.0,1.0,0.6981566820276498,0.03395336540828996,69.81566820276498,1.05,0.7,0.9651958525345622,94557875.0840378,199622180.73296863,-7679014.533034354,liquido,0.764741880045489,1702382000.0,186920000.0,166074000.0,322924000.0,1019643000.0,5176000.0,694133000.0,142945552.2181028,127003742.98667455,779763704.7952226,322924000.0,45601000.0,553533000.0,423800000.0,3635027000.0,290843000.0,0.17084473402561823,45027848.94870239,42673257.64352265,118674570.0,81875189.00349839,815220.0,131191137.0,0.026449908979713357,0.025066793259986682,0.06971089332476495,0.04809448702083221,0.0004788701948211388,0.07706327780721366,0.012544886186540018,1.3061184521000473,False,True
8427,51.0,MANUFATURA DE BRINQUEDOS ESTRELA S.A.,industria,cvm,Brinquedos e Lazer,Categoria A,BOLSA,consolidado,padrao,dva,38.02488585214075,0.12235158745732767,46843618.27943998,31.061347576049318,9.67741935483871,20903964.657200087,13.861126355812006,16980811.626296993,13.13364055299539,18451842.904439587,12.235158745732768,-2452121.7527604997,12.442396313364055,0.3106134757604932,0.3106134757604932,95.85253456221197,0.6375,63.74999999999999,0.75,1.0,0.85,0.19815668202764977,0.0009953236217996834,19.81566820276498,1.0,0.7,0.8826958525345622,8958841.995942896,25939653.62223989,-2452121.7527604997,liquido,0.7232961409992182,150810000.0,41471000.0,33451000.0,46722000.0,93930000.0,9872000.0,30417000.0,29995814.26337858,24194979.21256485,67939206.52405657,46722000.0,453000.0,125829000.0,250075000.0,353051000.0,-208448000.0,-1.3821895099794443,8998744.279013574,7742393.348020752,16352699.999999998,6793920.652405657,1480800.0,5475060.0,0.05966941369281595,0.05133872653020855,0.10843246469067039,0.045049536850379004,0.009818977521384524,0.036304356475034806,0.0012831007418191707,0.5031650504848545,False,True
13765,52.0,MINUPAR PARTICIPACOES S.A.,industria,cvm,Emp. Adm. Part. - Alimentos,Categoria A,BOLSA,consolidado,padrao,dva,37.96685827270709,0.12216598624337739,87707565.84803294,20.100555031817315,17.51152073732719,61395296.09362305,14.070388522272118,0.0,26.95852534562212,53306395.101380266,12.21659862433774,-8088900.992242783,25.806451612903224,0.2010055503181731,0.2010055503181731,70.50691244239631,1.0,100.0,1.0,1.0,1.0,0.11059907834101383,0.0002589509721028708,11.059907834101383,1.0,0.7,0.8682488479262672,26312269.754409883,26312269.754409887,-8088900.992242783,liquido,0.5606455895730946,436344000.0,28349000.0,20409000.0,160827000.0,317295000.0,48000.0,28846000.0,15893741.81880766,11442215.837597288,177890042.34359506,160827000.0,40891000.0,-40891000.0,193681000.0,434059000.0,146036000.0,0.33468089397356215,4768122.545642298,3661509.068031132,56289450.0,17789004.234359507,7200.0,5192280.0,0.010927439235195848,0.008391335891019775,0.1290024613607612,0.04076830261069135,1.6500742533414002e-05,0.011899510477971508,0.09420608719091184,-0.21112551050438608,False,True
9539,53.0,PETTENATI S.A. INDUSTRIA TEXTIL,industria,cvm,Têxtil e Vestuário,Categoria B,BOLSA,consolidado,padrao,dva,37.711883354468505,0.1213504489624184,162632820.54322404,19.040904591266123,26.497695852534562,113842974.38025682,13.328633213886285,0.0,40.32258064516129,103648257.33120455,12.135044896241837,-10194717.049052268,39.40092165898618,0.19040904591266125,0.19040904591266125,67.05069124423963,1.0,100.0,1.0,1.0,1.0,0.3663594470046083,0.004488123436364788,36.63594470046083,1.0,0.7,0.9104493087557604,48789846.16296722,48789846.16296722,-10194717.049052268,liquido,0.8256951663131241,854123394.0,58536254.0,37088269.0,141510941.0,716234437.0,633672.0,164279584.0,48333101.981877275,30623604.440220885,591391312.5779018,141510941.0,236167073.0,130525896.0,92880126.0,1024919360.0,78019589.0,0.09134463421569741,14499930.594563182,9799553.420870684,49528829.349999994,59139131.257790186,95050.8,29570325.119999997,0.016976388536388904,0.011473229148984862,0.05798790865339534,0.0692395638302704,0.00011128462312086021,0.034620671120500886,0.23042502875543303,1.4053156646234524,False,True
22616,54.0,BCO BTG PACTUAL S.A.,financeiro,cvm,Bancos,Categoria A,BOLSA,consolidado,financeiro,dre,37.625929614189964,0.12107552592246108,10541781687.5,25.55444671004532,96.54377880184332,5534435385.9375,13.416084522773794,2635445421.875,96.08294930875576,4994636653.479587,12.10755259224611,-539798732.4579134,95.39170506912443,0.2555444671004532,0.2555444671004532,85.48387096774194,0.75,75.0,0.75,1.0,1.0,0.31797235023041476,0.002728709075856807,31.797235023041477,1.25,0.7,0.9024654377880185,2371900879.6875005,5007346301.5625,-539798732.4579134,liquido,1.0,41252240000.0,10851479000.0,,7478687000.0,,6401103000.0,,10851479000.0,0.0,0.0,7478687000.0,5815072000.0,-5815072000.0,20341812000.0,809301519000.0,-26619145000.0,-0.645277565533411,4069304625.0,0.0,3271925562.5,0.0,3200551500.0,0.0,0.09864445239822128,0.0,0.07931510052545025,0.0,0.07758491417678168,0.0,0.0071852972760823395,,False,True
23264,55.0,AMBEV S.A.,industria,cvm,Bebidas e Fumo,Categoria A,BOLSA,consolidado,padrao,dva,37.49775756966411,0.12066556763554538,15407683170.088215,17.46062150561613,97.46543778801843,10785378219.06175,12.222435053931289,0.0,97.92626728110599,10647827370.115883,12.066556763554539,-137550848.94586754,98.15668202764977,0.17460621505616128,0.17460621505616128,59.907834101382484,1.0,100.0,1.0,1.0,1.0,0.8317972350230415,0.07248207803046598,83.17972350230414,1.0,0.7,0.9872465437788018,4622304951.026465,4622304951.026464,-137550848.94586754,liquido,0.8886100900605423,88242467000.0,5862917000.0,19276988000.0,7574963000.0,42864127000.0,62759000.0,10520090000.0,5209847203.387485,17129726042.775991,38089495753.83652,7574963000.0,18638228000.0,-15251304000.0,29820254000.0,145087151000.0,24450283000.0,0.27708068270575437,1562954161.0162454,5481512333.688317,2651237050.0,3808949575.3836517,9413850.0,1893616200.0,0.017712040632502323,0.06211875664908957,0.030044910802414438,0.04316458622336173,0.00010668162756601081,0.021459239121227196,0.12846229229492556,-0.5114411164975322,False,True
26867,56.0,UNIÃO QUÍMICA FARMACÊUTICA NACIONAL S.A.,saude_educacao,cvm,Farmacêutico e Higiene,Categoria B,,consolidado,padrao,dva,37.10214138476019,0.11940018926041432,1135663971.66183,25.742911162079402,73.27188940092167,556475346.1142967,12.614026469418906,340699191.49854904,73.50230414746544,526741098.9336733,11.94001892604143,-29734247.180623353,73.963133640553,0.257429111620794,0.257429111620794,86.63594470046083,0.7,70.0,1.0,0.7,1.0,0.5852534562211982,0.01984321151297103,58.525345622119815,1.05,0.7,0.9465668202764977,238489434.04898432,579188625.5475333,-29734247.180623353,liquido,0.7187535577120803,4411560000.0,845895000.0,697781000.0,1109207000.0,2400221000.0,7109000.0,982732000.0,607990040.7008601,501532576.2538931,1725167383.045247,1109207000.0,1228159000.0,1993785000.0,805166000.0,6601250000.0,825144000.0,0.1870413187171885,191516862.82077095,168514945.6213081,407633572.5,181142575.21975097,1119667.5,185736348.0,0.04341250324619204,0.03819849341759107,0.09240123051709599,0.04106088894172378,0.00025380307646274785,0.042102192421728364,0.18604946032948305,2.476240924231773,False,True
19615,57.0,GRENDENE S.A.,industria,cvm,Têxtil e Vestuário,Categoria A,BOLSA,consolidado,padrao,dva,36.86931060658018,0.11865548001186459,641002895.5246513,24.803340407657164,60.82949308755761,336526520.1504419,13.02175371402001,160250723.88116282,63.36405529953917,306646221.8693422,11.865548001186461,-29880298.281099677,62.903225806451616,0.24803340407657165,0.24803340407657165,84.10138248847926,0.75,75.0,0.75,1.0,1.0,0.3709677419354839,0.004602231048153656,37.096774193548384,1.0,0.7,0.9112096774193549,144225651.49304655,304476375.3742094,-29880298.281099677,liquido,0.6737147259163152,2584341000.0,146419000.0,756732000.0,756465000.0,1415265000.0,7463000.0,483533000.0,98644636.45394096,509821491.972105,953484871.5739539,756465000.0,70158000.0,409000.0,407279000.0,4501382000.0,557697000.0,0.21579853432654592,29593390.936182287,163142877.4310736,264762749.99999997,95348487.1573954,1119450.0,87035940.0,0.011451039524653399,0.0631274578049389,0.1024488447925409,0.036894700489368625,0.0004331665209815578,0.03367819494408826,0.01558588006972081,0.0010042256045610012,False,True
25690,58.0,HOSPITAL MATER DEI S.A.,saude_educacao,cvm,Serviços Médicos,Categoria A,BOLSA,consolidado,padrao,dva,36.74631593417452,0.11826208154977627,380907300.3598575,17.510684823361423,47.465437788018434,266635110.25190023,12.257479376352993,0.0,59.21658986175116,257253732.06400502,11.826208154977625,-9381378.187895209,60.36866359447005,0.17510684823361425,0.17510684823361425,60.36866359447005,1.0,100.0,1.0,1.0,1.0,0.695852534562212,0.03387511248260737,69.5852534562212,1.05,0.7,0.964815668202765,114272190.10795727,114272190.10795727,-9381378.187895209,liquido,0.7169590558841756,2175285000.0,276928000.0,0.0,509699000.0,1523868000.0,17560000.0,71785000.0,198546037.42789298,0.0,1092550962.5721068,509699000.0,599130000.0,803324000.0,464830000.0,4312889000.0,224333000.0,0.10312809585870357,62542001.78978629,0.0,187314382.5,114717851.07007124,2765700.0,13567365.0,0.028751175956155766,0.0,0.08611027175749385,0.052736929216204424,0.001271419607085968,0.006237051696674229,0.13891616501143433,1.7282103134479272,False,True
8192,59.0,TREVISA INVESTIMENTOS S.A.,outros,padrao,Emp. Adm. Part. - Sem Setor Principal,Categoria A,BOLSA,consolidado,padrao,dva,36.588236574302485,0.1177564647141425,29191967.611587144,18.46926590507674,4.6082949308755765,20434377.328111,12.928486133553719,0.0,12.672811059907835,18612233.543323223,11.775646471414252,-1822143.7847877778,12.672811059907835,0.18469265905076743,0.18469265905076743,64.97695852534562,1.0,100.0,1.0,1.0,1.0,0.3686635944700461,0.004488808977617955,36.86635944700461,1.0,0.7,0.9108294930875576,8757590.283476144,8757590.283476144,-1822143.7847877778,liquido,0.5897559593546362,158057000.0,21111000.0,0.0,53575000.0,109482000.0,1077000.0,485000.0,12450338.057935724,0.0,64567661.94206428,53575000.0,28108000.0,-9754000.0,47667000.0,241935000.0,39750000.0,0.2514915505165858,3735101.417380717,0.0,18751250.0,6456766.194206428,161550.0,87300.0,0.023631357152044622,0.0,0.11863599840563847,0.040850871484378604,0.0010220996222881618,0.0005523323864175582,0.11617996569326472,-0.2046279396647576,False,True
8451,60.0,MARCOPOLO S.A.,industria,cvm,"Máquinas, Equipamentos, Veículos e Peças",Categoria A,BOLSA,consolidado,padrao,dva,36.5206902413518,0.11754041776688234,1659403796.204954,18.32067350021169,79.03225806451613,1161582657.3434677,12.824471450148184,0.0,85.48387096774194,1064627975.8635895,11.754041776688233,-96954681.47987819,85.71428571428571,0.18320673500211693,0.18320673500211693,64.0552995391705,1.0,100.0,1.0,1.0,1.0,0.4032258064516129,0.006162561097051152,40.32258064516129,1.0,0.7,0.9165322580645161,497821138.86148626,497821138.8614862,-96954681.47987819,liquido,0.7736548292575823,9057548000.0,472533000.0,417611000.0,1727783000.0,6743255000.0,7517000.0,1771089000.0,365577437.4335731,323086766.90108824,5216951795.6653385,1727783000.0,2221811000.0,1470723000.0,1506091000.0,9722646000.0,1438765000.0,0.15884707428544678,109673231.23007193,103387765.40834823,604724050.0,521695179.56653386,1127550.0,318796020.0,0.01210849020397926,0.011414542369341927,0.06676465308271068,0.057597837689243696,0.0001244873336580717,0.03519672432318327,0.22851917060438073,0.9765166912225092,False,True
21016,61.0,YDUQS PARTICIPACOES S.A.,saude_educacao,cvm,Emp. Adm. Part. - Educação,Categoria A,BOLSA,consolidado,padrao,dva,36.22738145246185,0.11660226959989733,1330436167.0809424,24.09450946768487,75.34562211981567,651913721.8696617,11.806309639165583,399130850.1242828,76.72811059907833,643847416.140537,11.660226959989732,-8066305.729124665,77.41935483870968,0.2409450946768487,0.2409450946768487,81.5668202764977,0.7,70.0,1.0,0.7,1.0,0.8341013824884793,0.07258336586294334,83.41013824884793,1.05,0.7,0.987626728110599,279391595.0869979,678522445.2112807,-8066305.729124665,liquido,0.6852294140157889,5521740000.0,1381545000.0,1044357000.0,1450127000.0,2181031000.0,647231000.0,0.0,946675270.786443,715624135.1332872,1494506594.08027,1450127000.0,982314000.0,4743857000.0,1702966000.0,9919168000.0,1372642000.0,0.24858866951359535,298202710.29772955,240449709.4047845,532921672.5,156923192.37842837,101938882.5,0.0,0.054005206746012946,0.043546003507007665,0.09651335856088843,0.02841915634898209,0.018461369513957555,0.0,0.09903189461051572,2.7856439881947144,False,True
21350,62.0,DIRECIONAL ENGENHARIA S.A.,construcao,cvm,"Construção Civil, Mat. Constr. e Decoração",Categoria A,BOLSA,consolidado,padrao,dva,36.09275048325904,0.11617165244227638,824000890.0273061,18.973045640885445,65.43778801843318,576800623.0191143,13.281131948619809,0.0,74.19354838709677,504534415.93002594,11.617165244227639,-72266207.08908832,73.04147465437788,0.18973045640885444,0.18973045640885444,66.82027649769586,1.0,100.0,1.0,1.0,1.0,0.1497695852534562,0.0005002104823620319,14.976958525345621,0.85,0.7,0.8747119815668203,247200267.00819185,247200267.00819182,-72266207.08908832,liquido,0.8385607763151042,4343008000.0,254781000.0,408037000.0,530071000.0,2620591000.0,99453000.0,2086835000.0,213649353.15033856,342163823.4852862,2197524823.364375,530071000.0,1199343000.0,1647980000.0,1083878000.0,13219635000.0,398423000.0,0.09173895143642379,54480585.05333634,93068559.98799784,157696122.5,186789609.9859719,12680257.5,319285755.0,0.012544435804248194,0.02142951612983394,0.03631034584785476,0.0430092714510247,0.002919694713894149,0.07351719246199868,0.0907243656878575,1.5204478732846316,False,True
26646,63.0,CANTU STORE S.A.,varejo,cvm,Emp. Adm. Part. - Comércio (Atacado e Varejo),Categoria A,,consolidado,padrao,dva,36.00425259523416,0.11588859194570283,863321164.4152884,24.678531330798226,66.82027649769586,423027370.5634912,12.092480352091126,258996349.32458657,68.89400921658986,405409352.76870984,11.58885919457028,-17618017.794781387,68.66359447004609,0.24678531330798226,0.24678531330798226,83.41013824884793,0.7,70.0,1.0,0.7,1.0,0.6566820276497696,0.02952981583425292,65.66820276497695,1.1,0.7,0.9583525345622119,181297444.52721056,440293793.8517972,-17618017.794781387,liquido,0.9145690089822929,3498268000.0,612675000.0,382688000.0,277713000.0,2255366000.0,35419000.0,1088655000.0,560333567.5782263,349994584.9094157,2062687847.512358,277713000.0,376938000.0,970254000.0,333097000.0,4303569000.0,336029000.0,0.09605581962273903,184910077.3008147,123198093.88811435,106919505.0,226895663.2263594,5844135.0,215553690.0,0.05285760762206175,0.035216882722568524,0.0305635545933016,0.06485942850186417,0.0016705795553685423,0.06161726031281766,0.08758730253889271,2.912827194480887,False,True
18627,64.0,CIA SANEAMENTO DO PARANA - SANEPAR,utilities,cvm,"Saneamento, Serv. Água e Gás",Categoria A,BOLSA,individual,padrao,dva,35.843180701315774,0.1153734034898634,1189244798.028351,16.504161176635627,73.963133640553,832471358.6198457,11.552912823644938,0.0,82.02764976958525,831349248.6088029,11.53734034898634,-1122110.0110428333,82.48847926267281,0.1650416117663563,0.1650416117663563,54.377880184331794,1.0,100.0,1.0,1.0,1.0,0.9009216589861752,0.09523436249571336,90.09216589861751,0.9,0.7,0.9986520737327189,356773439.4085054,356773439.4085053,-1122110.0110428333,liquido,0.6446056125577575,7205727000.0,1384487000.0,706048000.0,1862735000.0,3150783000.0,236603000.0,97003000.0,892448090.7132521,455122503.53517956,2031012405.7515688,1862735000.0,5608131000.0,1784533000.0,2963757000.0,26465924000.0,7060384000.0,0.9798295161612423,240960984.49257806,131075281.01813173,586761525.0,182791116.51764122,31941405.000000004,15714486.0,0.03344020450574634,0.018190431169281287,0.08142988556185934,0.025367477357613077,0.0044327803426357955,0.0021808328292204243,0.21190006439979198,0.6021185272611757,False,True
16675,65.0,CEL PARTICIPAÇÕES S.A. - CELPAR,saude_educacao,cvm,Emp. Adm. Part. - Educação,Categoria B,,consolidado,padrao,dva,35.68122093216254,0.11485537516506802,20713024.386698462,25.617588888307484,3.225806451612903,10874337.803016692,13.449234166361428,5178256.0966746155,8.755760368663594,9286596.78750365,11.485537516506803,-1587741.015513042,8.064516129032258,0.25617588888307485,0.25617588888307485,85.9447004608295,0.75,75.0,0.75,1.0,1.0,0.024193548387096774,0.0,2.4193548387096775,1.05,0.7,0.853991935483871,4660430.487007155,9838686.58368177,-1587741.015513042,liquido,0.633402116934083,80854699.0,51865228.0,0.0,25166265.0,16782918.0,0.0,0.0,32851545.210468877,0.0,10630335.789531127,25166265.0,490657.0,15334839.0,13760956.0,150626315.0,446543.0,0.0055227835304909115,10348236.741297696,0.0,9248602.3875,1116185.2579007684,0.0,0.0,0.12798559476793916,0.0,0.1143854655559351,0.0138048285592006,0.0,0.0,0.003257445420476495,1.1143730857071268,False,True
22608,66.0,EMPREENDIMENTOS PAGUE MENOS S.A.,varejo,cvm,Comércio (Atacado e Varejo),Categoria A,BOLSA,consolidado,padrao,dva,35.6248772661192,0.11467515994812953,3588237185.801695,24.071742372379695,88.94009216589862,1883824522.5458896,12.637664745499338,897059296.4504237,91.70506912442397,1709397129.8304367,11.467515994812954,-174427392.7154529,91.01382488479263,0.24071742372379695,0.24071742372379695,81.33640552995391,0.75,75.0,0.75,1.0,1.0,0.347926267281106,0.0037193500163845575,34.7926267281106,1.1,0.7,0.9074078341013825,807353366.8053814,1704412663.2558053,-174427392.7154529,liquido,0.8727418225567265,14906429000.0,449659000.0,3464032000.0,1788871000.0,10143331000.0,0.0,3697341000.0,392436215.18903506,3023205601.0748224,8852509183.736143,1788871000.0,185757000.0,1547360000.0,1387521000.0,9920927000.0,200372000.0,0.013441985333979051,129503951.01238157,1064168371.5783376,688715335.0,973776010.2109759,0.0,732073518.0,0.008687791758333372,0.07138989301718994,0.04620257038087392,0.06532590805020946,0.0,0.04911126051719027,0.018723754342714144,1.1151975357490085,False,True
16292,67.0,BRF S.A.,industria,cvm,Emp. Adm. Part. - Alimentos,Categoria B,BOLSA,consolidado,padrao,dva,35.49982615137267,0.11427518395517383,11227690836.744503,17.26043024074444,96.7741935483871,7859383585.721151,12.082301168521106,0.0,97.23502304147466,7433455701.075618,11.427518395517382,-425927884.64553356,97.23502304147466,0.1726043024074444,0.1726043024074444,58.525345622119815,1.0,100.0,1.0,1.0,1.0,0.5806451612903226,0.019738993805041523,58.06451612903226,1.0,0.7,0.9458064516129032,3368307251.023351,3368307251.0233517,-425927884.64553356,liquido,0.8463145142157029,65048731000.0,1005294000.0,8732527000.0,8972275000.0,48642936000.0,7813000.0,7496185000.0,850794903.2539608,7390464345.880509,41167222750.865524,8972275000.0,14447697000.0,15536117000.0,10209501000.0,68259376000.0,10521776000.0,0.16175221004695695,255238470.97618824,2364948590.681763,3140296250.0,4116722275.0865526,1171950.0,1349313300.0,0.003923804001283103,0.03635656767357634,0.04827605706866134,0.06328674228996954,1.8016492896686948e-05,0.0207431148810574,0.2116587910208848,1.5217312775619494,False,True
24872,68.0,LIFEMED INDUSTRIAL DE EQUIP. E ART. MEDICOS E HOSP. S.A,industria,cvm,"Máquinas, Equipamentos, Veículos e Peças",Categoria A,,consolidado,padrao,dva,35.175749320340714,0.11323862420479755,41725447.12941017,33.342747084816466,7.834101382488479,15334101.820058234,12.253459553670048,19819587.386469834,11.29032258064516,14170794.671612572,11.323862420479756,-1163307.148445662,10.829493087557603,0.33342747084816465,0.33342747084816465,96.08294930875576,0.5249999999999999,52.49999999999999,0.75,0.7,1.0,0.44930875576036866,0.008462104248050866,44.93087557603687,1.0,0.7,0.9241359447004608,6571757.9228821015,26391345.309351936,-1163307.148445662,liquido,0.5809575404618406,125141000.0,23503000.0,30558000.0,49504000.0,64075000.0,0.0,60552000.0,13654245.073474638,17752900.521432925,37224854.40509243,49504000.0,737000.0,96891000.0,37460000.0,305905000.0,54993000.0,0.4394483023149887,4096273.5220423914,5680928.166858536,17326400.0,3722485.4405092434,0.0,10899360.0,0.03273326505335894,0.045396218400512514,0.13845502273435564,0.029746329664212718,0.0,0.08709663499572481,0.002409244700152008,2.586518953550454,False,True
22497,69.0,QUALICORP CONSULTORIA E CORRETORA DE SEGUROS S.A.,financeiro,cvm,Seguradoras e Corretoras,Categoria A,BOLSA,consolidado,padrao,dva,35.060252090373226,0.11286920631249395,365185629.66201913,25.593924333898855,45.622119815668206,161046862.68095043,11.286920631249394,135118682.97494707,48.61751152073733,161046862.68095043,11.286920631249394,0.0,49.30875576036866,0.25593924333898854,0.25593924333898854,85.71428571428571,0.63,63.0,0.9,0.7,1.0,0.9354838709677419,0.11241608557088219,93.54838709677419,1.25,0.7,1.0,69020084.00612164,204138766.9810687,0.0,liquido,0.6720215705361536,1426845000.0,354319000.0,301379000.0,275270000.0,183595000.0,118056000.0,0.0,238110010.8507994,202533188.90661544,123379800.24258512,275270000.0,222668000.0,1539654000.0,580300000.0,3938536000.0,286480000.0,0.20077864098763357,89291254.06904978,81013275.56264618,120430625.0,15422475.03032314,59028000.0,0.0,0.06257950518034529,0.05677790899687505,0.0844034390560993,0.01080879494992318,0.04136959515574572,0.0,0.05653572799639257,2.653203515423057,False,True
24694,70.0,GRUPO SBF S.A.,varejo,cvm,Comércio (Atacado e Varejo),Categoria A,BOLSA,consolidado,padrao,dva,34.66238222201204,0.11159661953078091,2112357233.8903952,27.30409084792132,83.17972350230414,931549540.1456643,12.041104063933302,781572176.5394462,83.87096774193549,863357538.0939875,11.159661953078093,-68192002.05167687,83.17972350230414,0.2730409084792132,0.2730409084792132,91.24423963133641,0.63,63.0,0.9,0.7,1.0,0.46543778801843316,0.009816051295525378,46.54377880184332,1.1,0.7,0.9267972350230415,399235517.2052848,1180807693.744731,-68192002.05167687,liquido,0.8595854011175804,7736413000.0,695293000.0,2468857000.0,1006138000.0,4001330000.0,1662000.0,2030987000.0,597663712.2992458,2122193434.6469462,3439484853.053808,1006138000.0,679969000.0,2257868000.0,994649000.0,9522546000.0,641706000.0,0.08294619224697544,197229025.05875114,747012088.9957252,387363130.0,378343333.83591896,274230.0,402135426.0,0.02549360085336074,0.09655793828428305,0.050070120351641,0.04890423169444534,3.544665984093662e-05,0.05197957063564213,0.07140621846300349,2.2700148494594576,False,True
25232,71.0,MÉLIUZ S.A.,tecnologia,cvm,Comunicação e Informática,Categoria A,BOLSA,consolidado,padrao,dva,34.56414962828006,0.1112824225778133,73160880.0,15.897488939687618,15.207373271889402,51212616.0,11.128242257781332,0.0,23.963133640552993,51212616.0,11.128242257781332,0.0,24.88479262672811,0.15897488939687615,0.15897488939687615,52.07373271889401,1.0,100.0,1.0,1.0,1.0,0.967741935483871,0.12496742336998533,96.7741935483871,1.2,0.7,1.0,21948264.000000004,21948264.0,0.0,liquido,0.8483129495586668,460204000.0,0.0,0.0,66850000.0,440710000.0,1226000.0,0.0,0.0,0.0,373860000.0,66850000.0,72857000.0,-72857000.0,37162000.0,633890000.0,40682000.0,0.08839992698890058,0.0,0.0,28077000.0,44863200.0,220680.0,0.0,0.0,0.0,0.061009899957410185,0.09748546296859653,0.00047952647086944053,0.0,0.1149363454227074,-1.9605241913782896,False,True
25895,72.0,LIVETECH DA BAHIA INDÚSTRIA E COMÉRCIO S.A.,varejo,cvm,Comércio (Atacado e Varejo),Categoria A,,consolidado,padrao,dva,34.550713537760785,0.11123944724202535,148335309.12378526,17.013915185093857,25.115207373271893,103834716.38664967,11.9097406295657,0.0,37.327188940092164,96983778.35961807,11.123944724202534,-6850938.0270316005,37.096774193548384,0.17013915185093859,0.17013915185093859,56.91244239631337,1.0,100.0,1.0,1.0,1.0,0.5092165898617511,0.013580870420126193,50.92165898617511,1.1,0.7,0.9340207373271889,44500592.73713558,44500592.73713559,-6850938.0270316005,liquido,0.9164623402355883,871847000.0,89456000.0,0.0,60543000.0,635283000.0,29012000.0,147179000.0,81983055.10811478,0.0,582212944.8918852,60543000.0,171983000.0,-171983000.0,54530000.0,1188024000.0,143790000.0,0.16492572664699195,27054408.18567788,0.0,23309055.0,64043423.93810738,4786980.0,29141442.0,0.031031142144984012,0.0,0.02673525859468462,0.07345718220984573,0.005490619340320033,0.033424949561104186,0.1447639104933907,-3.153915275994865,False,True
8575,73.0,MAHLE METAL LEVE S.A.,industria,cvm,"Máquinas, Equipamentos, Veículos e Peças",Categoria A,BOLSA,consolidado,padrao,dva,34.48874507133642,0.11104124110095841,904625127.7159731,16.731613357618834,68.4331797235023,633237589.4011811,11.712129350333182,0.0,76.26728110599078,600364679.518212,11.104124110095839,-32872909.88296914,76.26728110599078,0.16731613357618833,0.16731613357618833,55.29953917050692,1.0,100.0,1.0,1.0,1.0,0.5944700460829493,0.02050768090376227,59.44700460829493,1.0,0.7,0.9480875576036867,271387538.314792,271387538.31479204,-32872909.88296914,liquido,0.8003877017582182,5406682000.0,180573000.0,376977000.0,896475000.0,3933531000.0,1719000.0,754748000.0,144528408.46958673,301727754.6457078,3148349836.8847055,896475000.0,635305000.0,1022267000.0,1043737000.0,3793564000.0,757782000.0,0.1401565692230466,43358522.540876016,96552881.48662649,313766250.0,314834983.68847054,257850.0,135854640.0,0.00801943272063643,0.017858065535688337,0.05803305058444347,0.05823071963331126,4.7690986819642805e-05,0.02512717411528919,0.1674691661983296,0.979429683914626,False,True
4693,74.0,CONSERVAS ODERICH S.A.,industria,cvm,Alimentos,Categoria A,BOLSA,consolidado,padrao,dva,34.37601776146448,0.11068068279813448,205693178.5148504,24.84073127582585,31.566820276497698,100789657.47227669,12.171958325154664,61707953.55445513,36.63594470046083,91648918.02962965,11.068068279813446,-9140739.44264704,35.944700460829495,0.2484073127582585,0.2484073127582585,84.33179723502305,0.7,70.0,1.0,0.7,1.0,0.35944700460829493,0.0041800648730622334,35.944700460829495,1.0,0.7,0.9093087557603686,43195567.48811859,104903521.04257372,-9140739.44264704,liquido,0.8328381838968714,828048000.0,46683000.0,100323000.0,123111000.0,589472000.0,4893000.0,413201000.0,38879384.938857645,83552825.12308583,490934789.9380565,123111000.0,110220000.0,272478000.0,127963000.0,1139456000.0,89256000.0,0.10779085270419106,11663815.481657293,26736904.039387465,43088850.0,49093478.993805654,733950.0,74376180.0,0.014085917098594879,0.03228907507703353,0.05203665729522926,0.059288204299516034,0.0008863616601936119,0.08982109732769115,0.09673036957986969,2.129349890202637,False,True
1562,75.0,BAUMER S.A.,commodities,cvm,Metalurgia e Siderurgia,Categoria A,BOLSA,consolidado,padrao,dva,34.21883299539454,0.11017792732079415,42546995.97570878,19.906983130838015,8.294930875576037,26804607.464696534,12.54139937242795,4254699.5975708775,15.668202764976957,23548218.228346016,11.017792732079416,-3256389.2363505177,15.43778801843318,0.19906983130838013,0.19906983130838013,69.81566820276498,0.9,90.0,0.9,1.0,1.0,0.1728110599078341,0.0008573196026345475,17.28110599078341,0.75,0.7,0.8785138248847926,11487688.913441375,15742388.511012249,-3256389.2363505177,liquido,0.6840227831655143,213729000.0,41239000.0,52586000.0,54477000.0,78583000.0,827000.0,67723000.0,28208415.554962646,35970022.075541735,53752562.369495615,54477000.0,16140000.0,5357000.0,40212000.0,274810000.0,54887000.0,0.2568065166636254,6346893.499866595,8632805.298130017,14300212.499999998,4031442.177712172,93037.49999999999,9142605.0,0.029695986505652458,0.04039136148173629,0.06690815237988293,0.018862401348025637,0.0004353059247926111,0.042776623668290215,0.05873148720934464,0.13321893962001394,False,True
5258,76.0,RAIA DROGASIL S.A.,varejo,cvm,Comércio (Atacado e Varejo),Categoria A,BOLSA,consolidado,padrao,dva,34.21207140322415,0.11015630036810527,9868265895.763248,22.300939580891594,96.31336405529954,5180839595.275705,11.707993279968086,2467066473.940812,94.93087557603687,4874465751.467524,11.015630036810526,-306373843.80818176,94.93087557603687,0.22300939580891596,0.22300939580891596,76.036866359447,0.75,75.0,0.75,1.0,1.0,0.5506912442396313,0.016301345127575067,55.06912442396313,1.1,0.7,0.9408640552995392,2220359826.546731,4687426300.487543,-306373843.80818176,liquido,0.8960025713328141,44250449000.0,1570393000.0,8719372000.0,4323727000.0,31285561000.0,58413000.0,9576343000.0,1407076166.003052,7812579732.407342,28031943101.589607,4323727000.0,509619000.0,3358136000.0,4756611000.0,25170475000.0,2430654000.0,0.05492947653480307,464335134.7810072,2750028065.8073845,1664634895.0,3083513741.174857,9638145.0,1896115914.0,0.010493342898758093,0.0621468963130156,0.03761848597287679,0.06968321928608809,0.00021780897635637552,0.04284964236182101,0.02024669776792055,0.7059934058093041,False,True
20346,77.0,PROFARMA DISTRIB PROD FARMACEUTICOS S.A.,varejo,cvm,Comércio (Atacado e Varejo),Categoria A,BOLSA,consolidado,padrao,dva,34.13318779480929,0.10990399114505182,2107773318.5995865,18.407663010264656,82.7188940092166,1327897190.7177393,11.59682769646673,210777331.8599586,87.32718894009217,1258457958.5902297,10.99039911450518,-69439232.1275096,87.55760368663594,0.18407663010264655,0.18407663010264655,64.28571428571429,0.9,90.0,0.9,1.0,1.0,0.5921658986175116,0.02040509922966183,59.21658986175116,1.1,0.7,0.9477073732718894,569098796.0218885,779876127.8818471,-69439232.1275096,liquido,0.9452045624062237,11450521000.0,345065000.0,1023744000.0,606525000.0,9700087000.0,15880000.0,2095227000.0,326157012.3267036,967647499.5359972,9168566488.1373,606525000.0,235121000.0,639549000.0,550116000.0,6234275000.0,459716000.0,0.04014804217205488,107631814.06781219,340611919.83667105,233512125.0,1008542313.6951032,2620200.0,414854946.0,0.009399730725598616,0.029746412397887487,0.02039314411981778,0.08807829038478714,0.00022882801577325609,0.03623022445878227,0.03771424905061134,1.1625711668084548,False,True
21130,78.0,TRISUL S.A.,construcao,cvm,"Emp. Adm. Part. - Const. Civil, Mat. Const. e Decoração",Categoria A,BOLSA,consolidado,padrao,dva,33.82581537183722,0.10892086044418088,353409855.71150213,25.63549115995565,45.16129032258064,173170829.29863602,12.561390668378264,106022956.71345066,49.76958525345622,150157862.524906,10.89208604441809,-23012966.77373001,48.38709677419355,0.2563549115995564,0.2563549115995564,86.17511520737328,0.7,70.0,1.0,0.7,1.0,0.10368663594470046,0.00021454927176745958,10.368663594470046,0.85,0.7,0.8671082949308756,74216069.69941545,180239026.41286612,-23012966.77373001,liquido,0.9761753972519326,1378596000.0,107303000.0,107612000.0,28327000.0,974066000.0,240000.0,1365003000.0,104746548.65132412,105048186.84907497,950859264.499601,28327000.0,526805000.0,533924000.0,236631000.0,3433244000.0,44850000.0,0.03253309889191612,26710369.90608765,28573106.822948396,8427282.5,80823037.48246609,30600.0,208845459.0,0.01937505252161449,0.020726236564554367,0.006112945707081697,0.058627065131819686,2.219649556505314e-05,0.15149141517892115,0.15344234199491794,2.2563569439338043,False,True
26050,79.0,UNIFIQUE TELECOMUNICAÇÕES S.A.,utilities,cvm,Emp. Adm. Part. - Telecomunicações,Categoria A,,consolidado,padrao,dva,33.81691597827037,0.10889239573368376,185455052.94495666,15.642559164708974,29.493087557603687,129818537.06146966,10.949791415296282,0.0,42.626728110599075,129100646.53394079,10.889239573368375,-717890.5275288671,43.54838709677419,0.15642559164708975,0.15642559164708975,50.46082949308756,1.0,100.0,1.0,1.0,1.0,0.8755760368663594,0.08279875343063071,87.55760368663594,0.9,0.7,0.9944700460829493,55636515.88348701,55636515.883487,-717890.5275288671,liquido,0.6864083621069644,1185580000.0,178125000.0,120130000.0,273191000.0,572913000.0,37685000.0,13332000.0,122266489.50030304,82458236.53990963,393252273.9597873,273191000.0,212960000.0,325981000.0,598646000.0,2495168000.0,553791000.0,0.4671055517130856,33011952.165081825,23747972.123493977,86055165.0,35392704.65638086,5087475.0,2159784.0,0.027844558920597364,0.02003067875933634,0.07258486563538522,0.029852649889826804,0.004291127549385111,0.0018217108925589164,0.08534896247467104,0.5445304904735019,False,True
25631,80.0,KALUNGA S.A,varejo,cvm,Comércio (Atacado e Varejo),Categoria A,,individual,padrao,dva,33.685764170362575,0.10847290667353277,586371128.4298563,24.02822588586343,58.525345622119815,307844842.42567456,12.614818590078302,146592782.10746408,61.9815668202765,264711098.49040896,10.847290667353276,-43133743.9352656,60.82949308755761,0.24028225885863433,0.24028225885863433,81.10599078341014,0.75,75.0,0.75,1.0,1.0,0.059907834101382486,3.061138166378238e-05,5.990783410138248,1.1,0.7,0.8598847926267281,131933503.89671768,278526286.00418174,-43133743.9352656,liquido,0.8771725654743141,2440343000.0,98714000.0,674877000.0,273145000.0,1450220000.0,1998000.0,525241000.0,86589212.62823144,591983589.4696087,1272093197.9021597,273145000.0,20781000.0,562381000.0,355107000.0,2044991000.0,319542000.0,0.13094142913516665,28574440.167316373,208378223.49330226,105160825.0,139930251.76923758,329670.0,103997718.0,0.011709190129140198,0.08538890782701541,0.04309264107545538,0.05734040328316043,0.0001350916653929386,0.04261602487846996,0.010161902913020155,1.583694492082668,False,True
25186,81.0,GRUPO MATEUS S.A.,varejo,cvm,Emp. Adm. Part. - Comércio (Atacado e Varejo),Categoria A,BOLSA,consolidado,padrao,dva,33.58746123990406,0.10815848474854396,7215420687.177053,18.77822457560903,93.54838709677419,4545715032.921544,11.830281482633689,721542068.7177051,94.70046082949308,4155925205.847408,10.815848474854398,-389789827.07413626,94.70046082949308,0.1877822457560903,0.1877822457560903,66.12903225806451,0.9,90.0,0.9,1.0,1.0,0.38940092165898615,0.005352526489184837,38.94009216589861,1.1,0.7,0.9142511520737328,1948163585.5378048,2669705654.2555094,-389789827.07413626,liquido,0.9091601901514537,38424403000.0,6444840000.0,0.0,3294037000.0,29817202000.0,48469000.0,5170062000.0,5859391959.895695,0.0,27108613040.104305,3294037000.0,1801712000.0,1059393000.0,2800585000.0,24352014000.0,1959633000.0,0.05099969933169814,1933599346.7655795,0.0,1268204245.0,2981947434.4114738,7997385.0,1023672276.0,0.05032217017829995,0.0,0.03300517759508196,0.0776055631732645,0.00020813296695852373,0.026641201842485362,0.07398615983055858,0.37827561027428197,False,True
1228,82.0,BCO NORDESTE DO BRASIL S.A.,financeiro,cvm,Bancos,Categoria A,BOLSA,individual,financeiro,dre,33.51446654163558,0.10792501120470858,2769171437.5,19.43264837547082,86.63594470046083,1744578005.625,12.242568476546618,276917143.74999994,90.55299539170507,1537941986.3181953,10.792501120470858,-206636019.30680466,89.86175115207374,0.1943264837547082,0.1943264837547082,68.20276497695853,0.9,90.0,0.9,1.0,1.0,0.1912442396313364,0.000973487214627947,19.12442396313364,1.25,0.7,0.8815552995391704,747676288.1250001,1024593431.875,-206636019.30680466,liquido,1.0,14250098000.0,2678504000.0,,3030153000.0,,878081000.0,,2678504000.0,0.0,0.0,3030153000.0,2772352000.0,-2772352000.0,4953862000.0,73287660000.0,502869000.0,0.035288809943622844,1004439000.0,0.0,1325691937.5,0.0,439040500.0,0.0,0.07048646261941496,0.0,0.09303037337006384,0.0,0.030809647765229403,0.0,0.03782836019051502,,False,True
27014,83.0,SOLAR BEBIDAS S.A.,industria,cvm,Bebidas e Fumo,Categoria A,,consolidado,padrao,dva,33.497331724540665,0.10787020549189631,2225570042.484918,17.635471439715353,84.7926267281106,1402109126.7654984,11.110347007020673,222557004.24849176,88.24884792626729,1361305812.776908,10.787020549189632,-40803313.98859048,88.47926267281106,0.17635471439715353,0.17635471439715353,61.29032258064516,0.9,90.0,0.9,1.0,1.0,0.7327188940092166,0.04093112658218275,73.27188940092167,1.0,0.7,0.9708986175115207,600903911.470928,823460915.7194197,-40803313.98859048,liquido,0.8730805340249029,12619850000.0,724209000.0,2509762000.0,1394585000.0,7753981000.0,0.0,942226000.0,632292780.4656409,2191224347.2354083,6769849872.298951,1394585000.0,882968000.0,889358000.0,2637749000.0,12032349000.0,2254114000.0,0.17861654457065654,189687834.13969228,701191791.1153307,488104749.99999994,676984987.2298951,0.0,169600680.0,0.015030910362618595,0.05556260899419016,0.038677539748887664,0.053644455934887904,0.0,0.013439199356569214,0.07338284486262824,0.33716551499024355,False,True
25330,84.0,ALLIED TECNOLOGIA S.A.,varejo,cvm,Comércio (Atacado e Varejo),Categoria A,BALCÃO NÃO ORGANIZADO,consolidado,padrao,dva,33.434442041311584,0.10766905283886154,872743391.1634753,15.854743672832553,67.05069124423963,610920373.8144326,11.098320570982786,0.0,75.80645161290323,592677221.6378541,10.766905283886155,-18243152.17657852,76.036866359447,0.1585474367283255,0.1585474367283255,51.843317972350235,1.0,100.0,1.0,1.0,1.0,0.728110599078341,0.039462980083607005,72.81105990783409,1.1,0.7,0.9701382488479262,261823017.34904262,261823017.34904265,-18243152.17657852,liquido,0.9714705031759135,5504620000.0,128710000.0,367113000.0,153202000.0,4874128000.0,14445000.0,624847000.0,125037968.46377183,356639450.83241916,4735071580.703809,153202000.0,375871000.0,40581000.0,551868000.0,3369335000.0,2179430000.0,0.3959274209663882,41262529.593044706,125537086.69301155,58982770.0,520857873.87741905,2383425.0,123719706.0,0.007495981483380271,0.022805768008147986,0.010715139283002278,0.0946219491767677,0.00043298629151512725,0.02247561248551217,0.1115564347267339,0.07353388853856357,False,True
3395,85.0,COMPANHIA INDUSTRIAL CATAGUASES,industria,cvm,Têxtil e Vestuário,Categoria A,,consolidado,padrao,dva,33.367981742794306,0.10745647957275785,74643691.71015616,24.97329879828841,15.43778801843318,36575408.93797651,12.236916411161317,22393107.51304685,18.663594470046082,32118097.005419876,10.745647957275782,-4457311.932556633,18.663594470046082,0.24973298798288412,0.24973298798288412,84.56221198156682,0.7,70.0,1.0,0.7,1.0,0.17050691244239632,0.0007085331222941205,17.050691244239633,1.0,0.7,0.8781336405529954,15675175.259132793,38068282.77217965,-4457311.932556633,liquido,0.7399130091507544,298894000.0,18495000.0,40219000.0,73131000.0,222465000.0,1920000.0,103729000.0,13684691.104243202,29758561.315034192,164604747.58072257,73131000.0,75761000.0,87807000.0,30037000.0,429620000.0,9383000.0,0.03139239998126426,4105407.3312729606,9522739.62081094,25595850.0,16460474.758072257,288000.0,18671220.0,0.013735328682653251,0.03185992231630927,0.08563520846855407,0.05507127864083005,0.0009635522961317389,0.06246769757840572,0.17634421116335366,2.9232946033225686,False,True
25046,86.0,D1000 VAREJO FARMA PARTICIPAÇÕES S.A.,varejo,cvm,Comércio (Atacado e Varejo),Categoria A,BOLSA,consolidado,padrao,dre,33.23548070896206,0.10703267501346117,552830351.2638469,20.7303737398626,57.83410138248848,290235934.41351956,10.883446213427863,138207587.81596172,61.05990783410138,285430991.5822727,10.703267501346115,-4804942.831246853,61.9815668202765,0.207303737398626,0.207303737398626,72.35023041474655,0.75,75.0,0.75,1.0,1.0,0.8087557603686636,0.06219057088357308,80.87557603686636,1.1,0.7,0.9834447004608295,124386829.03436556,262594416.8503273,-4804942.831246853,liquido,0.8914829106095796,2666765000.0,689140000.0,0.0,281456000.0,1904516000.0,0.0,277623000.0,614356533.0174857,0.0,1697843466.9825141,281456000.0,45913000.0,25191000.0,218631000.0,1949154000.0,165212000.0,0.061952215512052995,202737655.8957703,0.0,108360560.0,186762781.3680766,0.0,54969354.0,0.0760238175826405,0.0,0.040633711631883576,0.0700334605291717,0.0,0.020612747654930225,0.02355534760208788,0.11522153765934383,False,True
22012,87.0,"MILLS LOCAÇÃO, SERVIÇOS E LOGÍSTICA S.A.",outros,padrao,Serviços Transporte e Logística,Categoria A,BOLSA,consolidado,padrao,dre,32.980532560564015,0.10621722335583769,296518688.3539435,16.13413001460651,40.09216589861751,207563081.84776047,11.293891010224556,0.0,52.995391705069125,195209730.686176,10.62172233558377,-12353351.161584467,54.14746543778802,0.16134130014606507,0.16134130014606507,52.995391705069125,1.0,100.0,1.0,1.0,1.0,0.5483870967741935,0.016250838734046407,54.83870967741935,1.0,0.7,0.9404838709677419,88955606.50618307,88955606.50618306,-12353351.161584467,liquido,0.7315436298096143,1837835000.0,503412000.0,0.0,318971000.0,684755000.0,33141000.0,107414000.0,368267841.7697176,0.0,500928158.2302824,318971000.0,434416000.0,1436553000.0,898445000.0,4108871000.0,305942000.0,0.1664686982237252,110480352.53091528,0.0,111639850.0,50092815.823028244,4971150.0,19334520.0,0.06011440228906037,0.0,0.060745306297899426,0.02725642716730732,0.0027048946178519833,0.010520269773945974,0.1057263661964564,1.5989326002148156,False,True
26417,88.0,OLIVEIRA TRUST S.A.,financeiro,cvm,Intermediação Financeira,Categoria A,,consolidado,padrao,dre,32.69171372981334,0.10529343632004871,54527625.0,16.56292240633021,11.29032258064516,38169337.5,11.594045684431146,0.0,19.5852534562212,34664178.63810483,10.52934363200487,-3505158.8618951663,19.35483870967742,0.1656292240633021,0.1656292240633021,54.60829493087558,1.0,100.0,1.0,1.0,1.0,0.35253456221198154,0.0038183960713509034,35.25345622119816,1.25,0.7,0.9081682027649769,16358287.500000002,16358287.5,-3505158.8618951663,liquido,1.0,329215000.0,0.0,0.0,123398000.0,0.0,1082000.0,0.0,0.0,0.0,0.0,123398000.0,78478000.0,-78478000.0,135133000.0,395454000.0,31893000.0,0.09687590176632292,0.0,0.0,53986625.0,0.0,541000.0,0.0,0.0,0.0,0.16398592105462997,0.0,0.0016433030086721444,0.0,0.19845038866720277,-0.5807463757927376,False,True
25372,89.0,SENDAS DISTRIBUIDORA S.A.,varejo,cvm,Comércio (Atacado e Varejo),Categoria A,BOLSA,individual,padrao,dva,32.60554644031274,0.1050178302429005,12203705352.287502,15.786028887794771,97.23502304147466,8542593746.601251,11.050220221456337,0.0,97.46543778801843,8118613402.587908,10.501783024290049,-423980344.01334286,97.46543778801843,0.1578602888779477,0.1578602888779477,51.1520737327189,1.0,100.0,1.0,1.0,1.0,0.6082949308755761,0.021754312598013595,60.82949308755761,1.1,0.7,0.95036866359447,3661111605.686251,3661111605.6862516,-423980344.01334286,liquido,0.9381613340601893,77307000000.0,1011000000.0,6264000000.0,4424000000.0,64266000000.0,6000000.0,7504000000.0,948481108.7348514,5876642596.553026,60291876294.71213,4424000000.0,5854000000.0,10445000000.0,5378000000.0,47825000000.0,5649000000.0,0.07307229616981645,312998765.88250095,2068578193.9866655,1703240000.0,6632106392.418335,990000.0,1485792000.0,0.004048776512896646,0.026757967506004184,0.022032157501907977,0.08578920915852814,1.2806084830610422e-05,0.019219372113780126,0.12240460010454783,1.9421718110821866,False,True
5770,90.0,EUCATEX S.A. INDUSTRIA E COMERCIO,construcao,cvm,"Construção Civil, Mat. Constr. e Decoração",Categoria A,BOLSA,consolidado,padrao,dva,32.479185921185184,0.10461366612000657,527166279.6387471,16.982071031564033,55.99078341013824,369016395.74712294,11.887449722094821,0.0,64.97695852534562,324747182.28036267,10.461366612000658,-44269213.46676028,64.28571428571429,0.1698207103156403,0.1698207103156403,56.68202764976959,1.0,100.0,1.0,1.0,1.0,0.18202764976958524,0.0009235937704063608,18.202764976958523,0.85,0.7,0.8800345622119815,158149883.89162415,158149883.89162415,-44269213.46676028,liquido,0.8289058696113559,3104252000.0,123770000.0,489684000.0,438543000.0,1949714000.0,4595000.0,798537000.0,102593679.48179752,405901941.8547672,1616129378.6634352,438543000.0,529114000.0,577793000.0,829704000.0,4984659000.0,521445000.0,0.16797766418447987,26161388.267858367,110405328.18449669,130466542.5,137370997.186392,585862.5,122176161.0,0.008427598103458857,0.035565839430721696,0.04202833484523808,0.04425252756103306,0.00018872904003927517,0.03935768133514934,0.10614848478100508,0.6963844937471677,False,True
27510,91.0,VITAL ENGENHARIA AMBIENTAL S.A.,utilities,cvm,"Saneamento, Serv. Água e Gás",Categoria A,,consolidado,padrao,dva,32.24107196603205,0.10385205862980525,378879282.65006626,16.45328265714705,47.235023041474655,265215497.85504636,11.517297860002934,0.0,58.75576036866359,239146158.8262531,10.385205862980525,-26069339.028793275,57.83410138248848,0.16453282657147048,0.16453282657147048,54.14746543778802,1.0,100.0,1.0,1.0,1.0,0.31336405529953915,0.002554095114878398,31.336405529953915,0.9,0.7,0.9017050691244239,113663784.7950199,113663784.7950199,-26069339.028793275,liquido,0.515629718867505,2302758000.0,171622000.0,0.0,875694000.0,1636280000.0,64000.0,19750000.0,88493403.61147894,0.0,843714596.3885211,875694000.0,1044335000.0,-96908000.0,616205000.0,2827381000.0,608707000.0,0.2643382413610115,23893218.975099314,0.0,275843610.0,75934313.6749669,8640.0,3199500.0,0.010375914001861818,0.0,0.11978836247664756,0.03297537721070425,3.752022574669158e-06,0.0013894208596821724,0.36936479377911924,-0.1572658449704238,False,True
26026,92.0,DESKTOP S.A.,utilities,cvm,Telecomunicações,Categoria A,BOLSA,consolidado,padrao,dva,32.08352955608052,0.10334815922850267,184288721.2464993,15.123644902207243,29.03225806451613,129002104.8725495,10.58655143154507,0.0,42.16589861751152,125934589.38341422,10.334815922850266,-3067515.4891352803,42.857142857142854,0.15123644902207245,0.15123644902207245,47.465437788018434,1.0,100.0,1.0,1.0,1.0,0.7649769585253456,0.051236641965274304,76.49769585253456,0.9,0.7,0.9762211981566821,55286616.373949796,55286616.373949796,-3067515.4891352803,liquido,0.7172462610207029,1218547000.0,201944000.0,187676000.0,242070000.0,466496000.0,355000.0,0.0,144843578.93556482,134609909.28332144,334592511.7811138,242070000.0,464637000.0,1161626000.0,620814000.0,3858352000.0,392678000.0,0.32225100878341173,39107766.312602505,38767653.87359658,76252050.0,30113326.060300246,47925.0,0.0,0.03209376931099293,0.03181465620414853,0.06257620756523959,0.024712486313864173,3.932962782724015e-05,0.0,0.12042369384649197,1.8711337051033,False,True
1570,93.0,EXCELSIOR ALIMENTOS S.A.,industria,cvm,Alimentos,Categoria A,BOLSA,individual,padrao,dva,32.015753108831845,0.10313137626065591,48384741.31312353,17.06584460708792,10.368663594470046,33869318.91918647,11.946091224961545,0.0,17.972350230414747,29239601.534668643,10.313137626065592,-4629717.38451783,17.741935483870968,0.1706584460708792,0.1706584460708792,57.6036866359447,1.0,100.0,1.0,1.0,1.0,0.08064516129032258,9.554829660450536e-05,8.064516129032258,1.0,0.7,0.8633064516129032,14515422.393937062,14515422.393937059,-4629717.38451783,liquido,0.8205847232387042,283518000.0,5405000.0,41350000.0,46578000.0,212855000.0,383000.0,13166000.0,4435260.429105196,33931178.30592042,174665561.2649744,46578000.0,70925000.0,-70925000.0,29302000.0,212458000.0,48309000.0,0.17039129790701119,1330578.1287315588,10857977.057894535,16302299.999999998,17466556.12649744,57450.0,2369880.0,0.004693099304917355,0.038297311133312646,0.05750005290669375,0.061606515729151025,0.00020263263708124353,0.008358834359723191,0.33383068653569176,-2.4204832434646097,False,True
21156,94.0,J. MACEDO S.A.,industria,cvm,Alimentos,Categoria B,BALCÃO ORGANIZADO,consolidado,padrao,dva,31.88939142328829,0.10272720840698037,551581013.2070652,17.013949488393816,57.6036866359447,386106709.24494565,11.909764641875672,0.0,66.58986175115207,333034829.65967554,10.272720840698039,-53071879.58527011,64.97695852534562,0.17013949488393815,0.17013949488393815,57.14285714285714,1.0,100.0,1.0,1.0,1.0,0.07603686635944701,9.259078442239177e-05,7.603686635944701,1.0,0.7,0.8625460829493088,165474303.96211958,165474303.96211958,-53071879.58527011,liquido,0.8864617341229382,3241934000.0,166397000.0,471634000.0,319600000.0,2176879000.0,67000.0,381668000.0,147504573.17285454,418085493.5113378,1929719933.3158076,319600000.0,401441000.0,754265000.0,507399000.0,2970058000.0,333479000.0,0.10286421623635768,44251371.95185636,133787357.9236281,111860000.0,192971993.33158076,10050.0,68700240.0,0.013649683168089283,0.04126776113382571,0.03450409539490933,0.05952372668030279,3.100001418906122e-06,0.021191128505392152,0.13516268032476134,1.4865322950971522,False,True
26255,95.0,TIGRE S.A. PARTICIPAÇÕES,construcao,cvm,"Construção Civil, Mat. Constr. e Decoração",Categoria B,,consolidado,padrao,dva,31.491314460395014,0.10145395923340239,860254086.3273875,17.454517250771627,66.58986175115207,541960074.3862541,10.996345867986124,86025408.63273872,73.04147465437788,500020606.41790766,10.145395923340239,-41939467.96834642,72.81105990783409,0.17454517250771626,0.17454517250771626,59.67741935483871,0.9,90.0,0.9,1.0,1.0,0.4400921658986175,0.008246036440850838,44.00921658986175,0.85,0.7,0.9226152073732719,232268603.30839467,318294011.9411334,-41939467.96834642,liquido,0.8322420491004685,4928547000.0,534561000.0,966282000.0,733167000.0,2869543000.0,0.0,699093000.0,444884142.00919557,804180511.6888989,2388154346.3019056,733167000.0,305224000.0,1170956000.0,840908000.0,4407087000.0,484524000.0,0.09830970466549269,113445456.21234487,218737099.17938054,218117182.5,202993119.435662,0.0,106961229.0,0.023018032741159794,0.04438166039187219,0.04425587957262049,0.0411872138858901,0.0,0.021702385916173673,0.06925753905017078,1.3924900226897592,False,True
8753,96.0,METISA METALURGICA TIMBOENSE S.A.,commodities,cvm,Metalurgia e Siderurgia,Categoria A,BOLSA,consolidado,padrao,dva,31.428915666861545,0.1012543766910686,88498351.77346647,16.61621279173726,17.741935483870968,61948846.24142652,11.631348954216081,0.0,27.419354838709676,53928326.26376349,10.12543766910686,-8020519.977663033,26.26728110599078,0.1661621279173726,0.1661621279173726,54.83870967741935,1.0,100.0,1.0,1.0,1.0,0.12442396313364056,0.0003387272920712339,12.442396313364055,0.75,0.7,0.8705299539170507,26549505.532039944,26549505.532039948,-8020519.977663033,liquido,0.7827658498982277,532602422.0,36348659.0,50395875.0,108472605.0,412590423.0,118286.0,147551763.0,28452488.954795863,39448169.92573985,322961693.1194643,108472605.0,230694014.0,-147038797.0,49501730.0,615028682.0,64271100.0,0.12067369081547286,6401810.014829068,9467560.782177564,28474058.812499996,24222126.983959824,13307.175,19919488.005000003,0.012019866509035644,0.01777603779311684,0.053462127914431445,0.04547881493479169,2.4985194303153207e-05,0.03740029557169381,0.375094724444087,-2.970376934301084,False,True
10880,97.0,SONDOTECNICA ENGENHARIA SOLOS S.A.,construcao,cvm,"Construção Civil, Mat. Constr. e Decoração",Categoria A,BOLSA,consolidado,padrao,dva,31.11952478636693,0.10026478995377243,34330736.46910744,15.162547354498072,6.221198156682028,24031515.52837521,10.613783148148649,0.0,14.746543778801843,22701753.21175325,10.026478995377245,-1329762.3166219592,15.207373271889402,0.15162547354498068,0.15162547354498068,47.926267281105986,1.0,100.0,1.0,1.0,1.0,0.5737327188940092,0.018702269814425798,57.373271889400925,0.85,0.7,0.9446658986175115,10299220.940732233,10299220.940732233,-1329762.3166219592,liquido,0.5598615240406457,226418000.0,33373000.0,0.0,76537000.0,140520000.0,858000.0,0.0,18684258.64180847,0.0,78671741.35819153,76537000.0,16682000.0,-15800000.0,56053000.0,131861000.0,35010000.0,0.15462551563921598,4764485.95366116,0.0,22769757.5,6687098.015446281,109395.0,0.0,0.021042876245091643,0.0,0.10056513837239088,0.029534303877987972,0.00048315504951019795,0.0,0.12651200885781239,-0.2818760815656611,False,True
15369,98.0,FERROVIA CENTRO-ATLANTICA S.A.,outros,padrao,Serviços Transporte e Logística,Categoria A,BOLSA,individual,padrao,dva,31.08195256223959,0.10014461519416834,530449148.057633,14.712144023027834,56.68202764976959,371314403.64034307,10.298500816119484,0.0,65.43778801843318,361073312.83026266,10.014461519416834,-10241090.810080409,67.05069124423963,0.14712144023027834,0.14712144023027834,45.16129032258064,1.0,100.0,1.0,1.0,1.0,0.7419354838709677,0.04452655258957949,74.19354838709677,1.0,0.7,0.9724193548387097,159134744.4172899,159134744.4172899,-10241090.810080409,liquido,0.8071623057562769,3605519000.0,117761000.0,0.0,617932000.0,3086654000.0,2072000.0,201130000.0,95052240.28816493,0.0,2491430759.711835,617932000.0,573208000.0,-573208000.0,802570000.0,6933674000.0,1063173000.0,0.2948737754536864,28515672.086449478,0.0,216276200.0,249143075.9711835,310800.0,36203400.0,0.007908895248215161,0.0,0.05998476224920739,0.06910047512471394,8.620118213217014e-05,0.01004110642600968,0.08267016880228288,-0.7142155824414069,False,True
20605,99.0,JHSF PARTICIPACOES S.A.,construcao,cvm,"Emp. Adm. Part. - Const. Civil, Mat. Const. e Decoração",Categoria A,BOLSA,consolidado,padrao,dva,31.078463325372674,0.10013345486998146,558768287.1384909,16.060519724072513,58.06451612903226,391137800.9969436,11.242363806850758,0.0,67.2811059907834,348378508.443257,10.013345486998144,-42759292.55368662,66.3594470046083,0.16060519724072514,0.16060519724072514,52.30414746543779,1.0,100.0,1.0,1.0,1.0,0.2465437788018433,0.0015547575779916044,24.65437788018433,0.85,0.7,0.8906797235023042,167630486.1415473,167630486.14154732,-42759292.55368662,liquido,0.79969431360591,3479142000.0,577627000.0,0.0,370487000.0,1271981000.0,0.0,1596705000.0,461925027.285241,0.0,1017195972.714759,370487000.0,3661184000.0,2196353000.0,2525157000.0,18583090000.0,3653063000.0,1.049989623878531,117790881.95773646,0.0,110219882.5,86461657.68075453,0.0,244295865.0,0.03385630191516657,0.0,0.031680190834406874,0.024851431094434925,0.0,0.07021727339671677,0.19701696542394187,0.8697886903665792,False,True
2429,100.0,IRANI PAPEL E EMBALAGEM S.A.,industria,cvm,Embalagens,Categoria A,BALCÃO ORGANIZADO,consolidado,padrao,dva,30.569016854293487,0.09850399032229877,257945160.3043614,15.296416871167976,35.714285714285715,180561612.21305296,10.707491809817583,0.0,50.23041474654379,166108362.424386,9.850399032229879,-14453249.788666964,49.76958525345622,0.15296416871167973,0.15296416871167973,48.8479262672811,1.0,100.0,1.0,1.0,1.0,0.423963133640553,0.006881711609479842,42.3963133640553,1.0,0.7,0.9199539170506912,77383548.09130843,77383548.09130844,-14453249.788666964,liquido,0.7717671349482768,1686311000.0,117545000.0,127554000.0,280993000.0,986069000.0,406000.0,137325000.0,90717367.87749518,98441985.13119249,761015646.9913123,280993000.0,839834000.0,1069877000.0,652559000.0,3949686000.0,504071000.0,0.29891935710553985,27215210.363248553,31501435.241981596,98347550.0,76101564.69913124,60900.0,24718500.0,0.016138903418911787,0.018680679448797758,0.05832112226036597,0.04512902109938868,3.6114334781662455e-05,0.014658328149433882,0.21263310551775508,1.6395099906675106,False,True
26204,101.0,BLUEFIT ACADEMIAS DE GINÁSTICA E PARTICIPAÇÕES S.A.,industria,cvm,Brinquedos e Lazer,Categoria A,BALCÃO ORGANIZADO,consolidado,padrao,dva,30.434446434520805,0.09807356683203126,83417073.06857364,15.154424144118078,17.050691244239633,58391951.148001544,10.608096900882655,0.0,25.806451612903224,53984300.64199111,9.807356683203125,-4407650.5060104355,26.497695852534562,0.15154424144118078,0.15154424144118078,47.69585253456221,1.0,100.0,1.0,1.0,1.0,0.45161290322580644,0.00864113387160275,45.16129032258064,1.0,0.7,0.9245161290322581,25025121.920572095,25025121.920572095,-4407650.5060104355,liquido,0.6779142860699304,550447000.0,80368000.0,0.0,129377000.0,321317000.0,52000.0,0.0,54482615.34286817,0.0,217825384.65713182,129377000.0,274120000.0,74995000.0,207268000.0,1785599000.0,112608000.0,0.2045755540497087,16344784.60286045,0.0,45281950.0,21782538.465713184,7800.0,0.0,0.029693657341870246,0.0,0.08226396001794904,0.03957245377977023,1.4170301591252199e-05,0.0,0.15351711106469035,0.36182623463342145,False,True
17671,102.0,TELEFÔNICA BRASIL S.A,utilities,cvm,Telecomunicações,Categoria A,BOLSA,consolidado,padrao,dva,30.37363095090389,0.09787904850649645,9356880426.90202,15.700780983139559,96.08294930875576,5894834668.948272,9.891492019377921,935688042.6902018,96.54377880184332,5833101895.744655,9.787904850649642,-61732773.203617096,96.54377880184332,0.15700780983139562,0.15700780983139562,50.69124423963134,0.9,90.0,0.9,1.0,1.0,0.8456221198156681,0.07490875033852129,84.56221198156682,0.9,0.7,0.9895276497695853,2526357715.2635455,3462045757.9537477,-61732773.203617096,liquido,0.8641508152099252,59595000000.0,3771605000.0,13348112000.0,6798584000.0,32925368000.0,1581337000.0,1475998000.0,3259235535.39983,11534781866.313385,28452483598.286785,6798584000.0,7032339000.0,13314342000.0,24803682000.0,128071708000.0,20717402000.0,0.347636580250021,879993594.5579541,3322017177.4982553,2141553960.0,2560723523.845811,213480495.0,239111676.0,0.014766231975131373,0.05574321969121999,0.03593512811477473,0.04296876455819802,0.003582188019129122,0.004012277472942361,0.05490938716925677,0.5367889331914512,False,True
26468,103.0,HOSPITAL ANCHIETA S.A.,saude_educacao,cvm,Serviços Médicos,Categoria B,,consolidado,padrao,dva,30.089580443593366,0.09697051295332382,107072623.93419266,18.470573895871205,20.737327188940093,56213127.565451145,9.697051295332383,26768155.983548164,25.34562211981567,56213127.565451145,9.697051295332383,0.0,27.419354838709676,0.18470573895871206,0.18470573895871206,65.2073732718894,0.75,75.0,0.75,1.0,1.0,0.9216589861751152,0.108306004762488,92.16589861751152,1.05,0.7,1.0,24091340.38519335,50859496.36874151,0.0,liquido,0.7253729654655826,579693000.0,67936000.0,0.0,140787000.0,444712000.0,17481000.0,16858000.0,49278937.78186982,0.0,322582062.2181302,140787000.0,49703000.0,42040000.0,122265000.0,2179953000.0,42262000.0,0.07290410613893906,15522865.401288994,0.0,51739222.5,33871116.53290367,2753257.5,3186162.0,0.0267777347687293,0.0,0.08925279846401457,0.058429404068884166,0.0047495096542480245,0.005496292002835984,0.022800032844744817,0.34384329121171225,False,True
19550,104.0,NATURA COSMÉTICOS S.A.,saude_educacao,cvm,Farmacêutico e Higiene,Categoria A,BOLSA,consolidado,padrao,dva,29.805884146353407,0.09606311034106878,5667153136.7600975,25.968136426038303,91.93548387096774,2124332353.3145223,9.734155939300456,2632392632.0250654,92.85714285714286,2096432135.7709906,9.606311034106879,-27900217.543531656,93.08755760368663,0.25968136426038296,0.25968136426038296,87.78801843317973,0.5355,53.55,0.9,0.7,0.85,0.8294930875576036,0.071730916239546,82.94930875576037,1.05,0.7,0.9868663594470046,910428151.4205098,3542820783.445575,-27900217.543531656,liquido,0.8353305196060389,21823488000.0,3096489000.0,8612735000.0,3128126000.0,7287168000.0,544698000.0,2965607000.0,2586591765.3243837,7194480402.779118,6087193831.896499,3128126000.0,1490706000.0,4684686000.0,2229900000.0,28971321000.0,-114984000.0,-0.005268818623310811,814776406.0771809,2417345415.3337836,1149586305.0,639155352.3491324,85789935.0,560499723.0,0.03733483877907972,0.11076805941074971,0.05267656137277414,0.02928749759658641,0.003931082648199958,0.025683324452993032,0.05145454016404706,2.1008502623436027,False,True
11231,105.0,TEKNO S.A. - INDUSTRIA E COMERCIO,commodities,cvm,Emp. Adm. Part. - Metalurgia e Siderurgia,Categoria A,BOLSA,consolidado,padrao,dva,29.75647624483584,0.09590507916710123,45721616.97455482,15.395468725122086,9.216589861751153,32005131.882188372,10.776828107585459,0.0,17.050691244239633,28481986.316124894,9.590507916710123,-3523145.5660634786,17.28110599078341,0.15395468725122083,0.15395468725122083,49.53917050691244,1.0,100.0,1.0,1.0,1.0,0.24193548387096775,0.001529986546767684,24.193548387096776,0.75,0.7,0.8899193548387097,13716485.092366448,13716485.09236645,-3523145.5660634786,liquido,0.8153374187722959,296981000.0,26683000.0,9706000.0,49901000.0,233839000.0,811000.0,84724000.0,21755648.345101174,7913664.9866039045,190657686.6682949,49901000.0,37365000.0,-35372000.0,40765000.0,353075000.0,29311000.0,0.09869654961091787,4895020.877647764,1899279.596784937,13099012.499999998,14299326.50012212,91237.49999999999,11437740.0,0.016482606219413914,0.006395289923547085,0.04410724086726086,0.04814896070833528,0.00030721662328566475,0.03851337290937804,0.10582737378743894,-0.8677051392125598,False,True
4723,106.0,CONSTRUTORA ADOLPHO LINDENBERG S.A.,construcao,cvm,"Construção Civil, Mat. Constr. e Decoração",Categoria A,BOLSA,consolidado,padrao,dva,29.657583035219286,0.09558876923421393,78667464.94375242,21.5165351829395,16.359447004608295,38547057.82243868,10.543102239640353,23600239.48312573,19.81566820276498,34948592.27479789,9.558876923421392,-3598465.547640793,19.5852534562212,0.215165351829395,0.215165351829395,73.50230414746544,0.7,70.0,1.0,0.7,1.0,0.3433179723502304,0.0033798152949282944,34.331797235023046,0.85,0.7,0.906647465437788,16520167.63818801,40120407.12131374,-3598465.547640793,liquido,0.9053358700066878,365614000.0,61151000.0,0.0,30999000.0,266312000.0,2581000.0,225524000.0,55362193.786778964,0.0,241101806.21322104,30999000.0,159049000.0,144729000.0,58871000.0,806908000.0,23400000.0,0.06400192552801588,14117359.415628636,0.0,9222202.5,20493653.52812379,329077.5,34505172.0,0.0386127429902264,0.0,0.025223876820909482,0.0560527045685444,0.0009000681046130619,0.09437595934510165,0.19710921195477055,2.4584090638854446,False,True
24236,107.0,PRINER SERVIÇOS INDUSTRIAIS S.A.,construcao,cvm,"Construção Civil, Mat. Constr. e Decoração",Categoria A,BOLSA,consolidado,padrao,dva,29.298554998598107,0.09444041805207883,311129760.39849764,19.89800357237631,41.935483870967744,152453582.59526384,9.750021750464393,93338928.1195493,47.004608294930875,147669209.79584566,9.444041805207883,-4784372.799418181,47.69585253456221,0.1989800357237631,0.1989800357237631,69.5852534562212,0.7,70.0,1.0,0.7,1.0,0.7188940092165899,0.03831183359312149,71.88940092165899,0.85,0.7,0.9686175115207374,65337249.68368451,158676177.8032338,-4784372.799418181,liquido,0.4619134977019145,1563623000.0,214686000.0,0.0,789890000.0,1253275000.0,2198000.0,8908000.0,99166361.1676332,0.0,578904638.8323668,789890000.0,343246000.0,498160000.0,184649000.0,1890643000.0,99978000.0,0.06393996506830611,25287422.09774647,0.0,234992275.0,49206894.30075119,280245.0,1362924.0,0.01617232676786314,0.0,0.15028704169739124,0.03146979438186263,0.00017922798526243217,0.0008716448913836647,0.18154987483094376,2.6978754285157245,False,True
5380,108.0,ELECTRO ACO ALTONA S.A.,commodities,cvm,Metalurgia e Siderurgia,Categoria A,BOLSA,consolidado,padrao,dva,29.256500137787242,0.09430590557895506,93934253.92502883,16.893009298562518,18.663594470046082,59178579.972768165,10.642595858094388,9393425.392502882,26.036866359447004,52439176.02080027,9.430590557895504,-6739403.951967895,25.115207373271893,0.16893009298562522,0.16893009298562522,55.99078341013824,0.9,90.0,0.9,1.0,1.0,0.21889400921658986,0.0012259910093992644,21.889400921658986,0.75,0.7,0.8861175115207374,25362248.55975779,34755673.952260666,-6739403.951967895,liquido,0.6767096765638054,556054000.0,54292000.0,29276000.0,170653000.0,444295000.0,0.0,100498000.0,36739921.76000212,19811352.491081968,300658725.7489159,170653000.0,30061000.0,77169000.0,79335000.0,641114000.0,81384000.0,0.14635988591036123,8266482.396000477,4754724.597859672,44796412.49999999,22549404.431168698,0.0,13567230.0,0.014866330241308357,0.008550832469255993,0.08056126293489481,0.040552544233417434,0.0,0.02439912310674863,0.046888696862024536,0.972698052561921,False,True
27669,109.0,CORPÓREOS - SERVIÇOS TERAPÊUTICOS S.A.,saude_educacao,cvm,Serviços Médicos,Categoria B,BALCÃO ORGANIZADO,consolidado,padrao,dva,29.185265166416514,0.09407806052163648,219697471.6742115,21.71719787335194,32.48847926267281,96886585.00832726,9.577284262148204,81288064.51945825,35.944700460829495,95172094.28744258,9.407806052163647,-1714490.7208846807,36.63594470046083,0.2171719787335194,0.2171719787335194,74.65437788018433,0.63,63.0,0.9,0.7,1.0,0.8018433179723502,0.06069060381260995,80.18433179723502,1.05,0.7,0.9823041474654378,41522822.14642598,122810886.66588424,-1714490.7208846807,liquido,0.5414723929187505,1011629000.0,120553000.0,62263000.0,400843000.0,691380000.0,7554000.0,0.0,65276121.383534126,33713695.60030016,374363183.01616573,400843000.0,129802000.0,606246000.0,216547000.0,1986146000.0,106618000.0,0.10539239187488694,20561978.23581325,11327801.721700855,147309802.5,39308134.2166974,1189755.0,0.0,0.020325611697384366,0.01119758500566992,0.14561642904661687,0.03885627459938121,0.0011760783844670328,0.0,0.06535370511533392,2.799604704752317,False,True
1171,110.0,BCO ESTADO DO PARA S.A.,financeiro,cvm,Bancos,Categoria A,BOLSA,individual,financeiro,dre,29.181205191640586,0.09406507469223649,804255500.0,19.979820333144612,64.74654377880185,422234137.5,10.489405674900922,201063875.0,68.66359447004609,378643813.6965726,9.40650746922365,-43590323.8034274,67.74193548387096,0.1997982033314461,0.1997982033314461,70.27649769585254,0.75,75.0,0.75,1.0,1.0,0.2834101382488479,0.0020734166547914283,28.341013824884794,1.25,0.7,0.8967626728110599,180957487.50000003,382021362.5,-43590323.8034274,liquido,1.0,4025339000.0,639823000.0,,766754000.0,,457734000.0,,639823000.0,0.0,0.0,766754000.0,210737000.0,-210737000.0,439855000.0,19508380000.0,419302000.0,0.10416563673270748,239933625.0,0.0,335454875.0,0.0,228867000.0,0.0,0.05960581829257114,0.0,0.08333580724505439,0.0,0.0568565777938206,0.0,0.01080238338601155,,False,True
2100,111.0,CAMBUCI S.A.,industria,cvm,Têxtil e Vestuário,Categoria A,BOLSA,consolidado,padrao,dva,29.061523785774387,0.09368227371323926,77718273.10729659,20.285515607899466,16.129032258064516,40802093.381330706,10.649895694147219,19429568.276824147,20.737327188940093,35891740.06956365,9.368227371323925,-4910353.311767057,20.046082949308754,0.20285515607899465,0.20285515607899465,71.42857142857143,0.75,75.0,0.75,1.0,1.0,0.17972350230414746,0.0009148188862374992,17.972350230414747,1.0,0.7,0.8796543778801843,17486611.449141733,36916179.72596588,-4910353.311767057,liquido,0.735899014970818,383122000.0,45424000.0,78659000.0,84483000.0,195806000.0,825000.0,28137000.0,33427476.856034435,57885080.61858957,144093442.525376,84483000.0,813000.0,1159000.0,82084000.0,372970000.0,80866000.0,0.21107114704976482,10028243.05681033,18523225.797948662,29569049.999999996,14409344.2525376,123750.0,5064660.0,0.026175064488101255,0.04834811312832117,0.07717920140320837,0.03761032843986406,0.00032300416055460135,0.013219444458945193,0.002179799983912915,0.014119682276692169,False,True
25445,112.0,MPM CORPÓREOS S.A.,saude_educacao,cvm,Serviços Médicos,Categoria A,BOLSA,consolidado,padrao,dva,28.85419642270426,0.09301913713841588,233699033.12741446,21.38172373156214,33.6405529953917,103061273.60918978,9.429340165618905,86468642.25714335,37.096774193548384,101668521.6052315,9.30191371384159,-1392752.0039582849,38.94009216589861,0.2138172373156214,0.2138172373156214,73.27188940092167,0.63,63.0,0.9,0.7,1.0,0.8271889400921659,0.06980225737888196,82.7188940092166,1.05,0.7,0.9864861751152074,44169117.26108134,130637759.51822469,-1392752.0039582849,liquido,0.5413195124034771,1092985000.0,141663000.0,62868000.0,424179000.0,720250000.0,8158000.0,0.0,76684946.08561377,34031675.1057818,389885378.80860436,424179000.0,145317000.0,607718000.0,272464000.0,2207516000.0,115896000.0,0.10603622190606458,24155758.01696834,11434642.835542686,155885782.5,40937964.77490346,1284885.0,0.0,0.02210072234931709,0.010461847907832849,0.14262389923009006,0.03745519359817698,0.0011755742302044401,0.0,0.06582828844728646,2.230452463444712,False,True
28002,113.0,COMPANHIA BRASILEIRA DE EDUCAÇÃO E SISTEMA DE ENSINO S.A.,saude_educacao,cvm,Educação,Categoria B,BALCÃO ORGANIZADO,consolidado,padrao,dva,28.841701293332363,0.09297917146687616,476682173.70212203,39.13450752483841,54.14746543778802,113450357.34110506,9.314012790911544,314610234.6434005,40.09216589861751,113254302.57611467,9.297917146687617,-196054.76499038935,40.32258064516129,0.39134507524838413,0.39134507524838413,98.38709677419355,0.34,34.0,1.0,0.4,0.85,0.8986175115207373,0.09387443846616547,89.86175115207374,1.05,0.7,0.9982718894009217,48621581.71761646,363231816.361017,-196054.76499038935,liquido,0.627408231988126,1218061000.0,353188000.0,634223000.0,508087000.0,376245000.0,35486000.0,296736000.0,221593058.63942224,397916731.1162052,236059210.24437246,508087000.0,663956000.0,2453629000.0,25697000.0,6034810000.0,-138429000.0,-0.11364701767809658,69801813.47141801,133700021.65504496,186721972.5,24786217.07565911,5589045.0,56083104.0,0.05730567965924367,0.10976463547806305,0.15329443476147747,0.020348912801295756,0.004588477095974668,0.04604293545232956,0.1100210280025386,95.48309141144881,False,True
13439,114.0,METALURGICA RIOSULENSE S.A.,industria,cvm,"Máquinas, Equipamentos, Veículos e Peças",Categoria A,BOLSA,consolidado,padrao,dva,28.6994936086865,0.09252432018476285,85232836.97433688,20.271330679336174,17.28110599078341,44747239.41152686,10.64244860665149,21308209.24358422,22.58064516129032,38902775.66488538,9.252432018476282,-5844463.746641479,21.19815668202765,0.20271330679336175,0.20271330679336175,71.19815668202764,0.75,75.0,0.75,1.0,1.0,0.1175115207373272,0.0002941682360049572,11.751152073732719,1.0,0.7,0.869389400921659,19177388.319225803,40485597.56281002,-5844463.746641479,liquido,0.7406825035386793,420460000.0,43140000.0,38028000.0,84273000.0,243812000.0,707000.0,105407000.0,31953043.202658623,28166674.244568896,180587282.55277246,84273000.0,2392000.0,29762000.0,101710000.0,453482000.0,67476000.0,0.16048137753888597,9585912.960797587,9013335.758262048,29495549.999999996,18058728.255277246,106050.0,18973260.0,0.022798632356936657,0.02143684478490712,0.07015066831565428,0.04294993163505981,0.0002522237549350711,0.0451250059458688,0.005274740783537164,0.29261626192114837,False,True
21610,115.0,"B3 S.A. - BRASIL, BOLSA, BALCÃO",financeiro,cvm,Bolsas de Valores/Mercadorias e Futuros,Categoria A,BOLSA,consolidado,padrao,dva,28.519775398704894,0.09194949148663158,1623206995.7074444,14.59515737883041,78.80184331797236,1022620407.2956898,9.194949148663156,162320699.5707444,84.33179723502305,1022620407.2956898,9.194949148663156,0.0,84.7926267281106,0.1459515737883041,0.1459515737883041,44.47004608294931,0.9,90.0,0.9,1.0,1.0,0.9470046082949308,0.11796879728975095,94.70046082949308,1.25,0.7,1.0,438265888.84101003,600586588.4117546,0.0,liquido,0.6414561102821967,11121545000.0,3435820000.0,0.0,1609553000.0,1053318000.0,16195000.0,0.0,2203927732.8297772,0.0,675657267.1702229,1609553000.0,1603617000.0,13340687000.0,7025060000.0,48487647000.0,4358630000.0,0.3919086781557778,826472899.8111665,0.0,704179437.5,84457158.39627786,8097500.0,0.0,0.0743127775692286,0.0,0.06331669183553183,0.007594013097665645,0.0007280912858779962,0.0,0.03307269168990609,1.899013958599642,False,True
25429,116.0,FARMÁCIA E DROGARIA NISSEI S.A.,varejo,cvm,Comércio (Atacado e Varejo),Categoria A,,consolidado,padrao,dva,28.473675202080656,0.09180204000682984,781299986.644696,22.424201337493162,64.0552995391705,344553294.1103109,9.889072789834485,289080995.05853754,64.0552995391705,319855015.35507643,9.180204000682984,-24698278.75523448,64.0552995391705,0.2242420133749316,0.2242420133749316,77.18894009216591,0.63,63.0,0.9,0.7,1.0,0.47465437788018433,0.010260981884998683,47.465437788018434,1.1,0.7,0.9283179723502304,147665697.47584757,436746692.5343851,-24698278.75523448,liquido,0.858696284887916,3484182000.0,117891000.0,827699000.0,466079000.0,2352830000.0,3632000.0,481980000.0,101232563.7217213,710742056.3054432,2020366379.9728355,466079000.0,108713000.0,933137000.0,336992000.0,1998951000.0,49965000.0,0.0143405252653277,33406746.028168034,250181203.81951603,179440415.0,222240301.79701194,599280.0,95432040.0,0.009588117391160403,0.07180486088829918,0.05150144711154584,0.0637855031100591,0.00017200019975994367,0.02739008467410715,0.054385024945583955,2.7690182556262464,False,True
14826,117.0,CIA BRASILEIRA DE DISTRIBUICAO,varejo,cvm,Comércio (Atacado e Varejo),Categoria A,BOLSA,consolidado,padrao,dva,28.42754776955977,0.09165450141301215,3792129313.7657595,19.840576119739232,90.09216589861751,1858143363.745222,9.721882298672224,1137638794.129728,91.47465437788019,1751792485.506901,9.165450141301214,-106350878.23832107,91.70506912442397,0.19840576119739234,0.19840576119739234,69.35483870967742,0.7,70.0,1.0,0.7,1.0,0.5622119815668203,0.017616411592315206,56.22119815668203,1.1,0.7,0.9427649769585253,796347155.8908097,1933985950.0205374,-106350878.23832107,liquido,0.8485937589138,19113000000.0,605000000.0,3079000000.0,2654000000.0,13845000000.0,1000000.0,1963000000.0,513399224.14284897,2612820183.69559,11748780592.16156,2654000000.0,1990000000.0,2112000000.0,981000000.0,18426000000.0,1352000000.0,0.0707371945796055,169421743.96714017,919712704.6608478,1021790000.0,1292365865.1377718,165000.0,388674000.0,0.00886421513980747,0.048119745966663935,0.05346047193009993,0.06761711218216773,8.632867681682625e-06,0.02033558311097159,0.10799956583089113,2.1529051987767582,False,True
3069,118.0,CIA FERRO LIGAS DA BAHIA - FERBASA,commodities,cvm,Metalurgia e Siderurgia,Categoria A,BOLSA,consolidado,padrao,dva,28.368160746851036,0.09146455201972001,348113308.1210118,14.91197976576158,44.70046082949309,243679315.68470824,10.438385836033104,0.0,57.14285714285714,213519789.32064348,9.146455201972001,-30159526.364064753,55.52995391705069,0.14911979765761577,0.14911979765761577,46.08294930875576,1.0,100.0,1.0,1.0,1.0,0.15898617511520738,0.0005989487563572435,15.898617511520738,0.75,0.7,0.8762327188940092,104433992.43630356,104433992.43630356,-30159526.364064753,liquido,0.7769842477215207,2334454000.0,219106000.0,26796000.0,483768000.0,1923308000.0,0.0,486996000.0,170241910.58127153,20820069.90194587,1494380019.5167825,483768000.0,372724000.0,-8471000.0,324989000.0,4459480000.0,403186000.0,0.17271104935029777,38304429.88078609,4996816.7764670085,126989099.99999999,112078501.4637587,0.0,65744460.00000001,0.01640830356082668,0.002140464869501395,0.05439777352648627,0.04801058468650858,0.0,0.028162671014292852,0.08358014835810454,-0.02606549760145728,False,True
7870,119.0,KEPLER WEBER S.A.,commodities,cvm,Emp. Adm. Part. - Metalurgia e Siderurgia,Categoria A,BOLSA,consolidado,padrao,dva,28.275884825656238,0.09116940748397877,205717492.84107453,13.803763862381704,31.797235023041477,144002244.98875216,9.662634703667191,0.0,45.39170506912442,135869767.97337353,9.116940748397875,-8132477.015378624,45.39170506912442,0.13803763862381704,0.13803763862381704,41.013824884792626,1.0,100.0,1.0,1.0,1.0,0.5668202764976958,0.01815874837841162,56.68202764976959,0.75,0.7,0.9435253456221198,61715247.85232237,61715247.85232237,-8132477.015378624,liquido,0.8359502126809215,1490300000.0,96429000.0,106584000.0,218367000.0,1128089000.0,3933000.0,279302000.0,80609843.05860858,89098917.46838334,943026239.473008,218367000.0,316431000.0,16731000.0,231920000.0,1512406000.0,120350000.0,0.08075555257330738,18137214.68818693,21383740.192412,57321337.49999999,70726967.96047561,442462.49999999994,37705770.0,0.012170176936312775,0.014348614502054621,0.038462952090183175,0.047458208387892116,0.0002968949204858082,0.025300791786888547,0.20922358149861875,0.07214125560538116,False,True
24260,120.0,SMARTFIT ESCOLA DE GINÁSTICA E DANÇA S.A.,industria,cvm,Brinquedos e Lazer,Categoria A,BOLSA,consolidado,padrao,dva,28.026990483390925,0.09037331892538888,1078827514.7107773,14.897446850291898,71.88940092165899,679661334.2677897,9.385391515683896,107882751.47107771,77.41935483870968,654455921.4220753,9.037331892538889,-25205412.84571445,77.88018433179722,0.14897446850291896,0.14897446850291896,45.852534562211986,0.9,90.0,0.9,1.0,1.0,0.684331797235023,0.03189317733735337,68.4331797235023,1.0,0.7,0.9629147465437788,291283428.97190994,399166180.44298756,-25205412.84571445,liquido,0.7811941960251303,7241694000.0,781581000.0,586446000.0,1210600000.0,4164733000.0,0.0,0.0,610566540.9235173,458128211.48215353,3253465247.594329,1210600000.0,1330801000.0,6146398000.0,3455046000.0,21497648000.0,2092680000.0,0.28897658476041654,183169962.2770552,146601027.67428914,423710000.0,325346524.7594329,0.0,0.0,0.025293800356250236,0.02024402407424135,0.05850979066500186,0.04492685340742551,0.0,0.0,0.06190449299383821,1.7789627113502975,False,True
922,121.0,BCO AMAZONIA S.A.,financeiro,cvm,Bancos,Categoria A,BOLSA,individual,financeiro,dre,27.93456988455338,0.09007771163820448,1428365500.0,19.675071107595237,76.49769585253456,749891887.5,10.3294123314875,357091375.0,79.95391705069125,653943738.8528225,9.007771163820447,-95948148.64717746,77.64976958525345,0.19675071107595238,0.19675071107595238,68.66359447004609,0.75,75.0,0.75,1.0,1.0,0.1336405529953917,0.0004089545840052624,13.36405529953917,1.25,0.7,0.8720506912442396,321382237.50000006,678473612.5,-95948148.64717746,liquido,1.0,7259773000.0,857682000.0,,820516000.0,,1495518000.0,,857682000.0,0.0,0.0,820516000.0,55544000.0,-55544000.0,892782000.0,63323902000.0,991730000.0,0.13660619967043047,321630750.0,0.0,358975750.0,0.0,747759000.0,0.0,0.04430314143431206,0.0,0.04944724166995304,0.0,0.10300032797168727,0.0,0.0008771411464820977,,False,True
6505,122.0,GRUPO CASAS BAHIA S.A.,varejo,cvm,Comércio (Atacado e Varejo),Categoria A,BOLSA,consolidado,padrao,dva,27.899257770469706,0.08996476584061915,6335725290.925301,21.699918796195846,93.31797235023042,2794054853.2980576,9.569664189122367,2344218357.642361,94.00921658986175,2626701268.2485576,8.996476584061917,-167353585.0495,94.00921658986175,0.2169991879619584,0.2169991879619584,74.19354838709677,0.63,63.0,0.9,0.7,1.0,0.5460829493087558,0.015809501159403057,54.60829493087558,1.1,0.7,0.9401036866359447,1197452079.984882,3541670437.627243,-167353585.0495,liquido,0.8995951116228966,29197000000.0,1124000000.0,5509000000.0,2703000000.0,20288000000.0,1286000000.0,5036000000.0,1011144905.4641358,4955869469.930537,18250985624.605328,2703000000.0,1225000000.0,5073000000.0,2380000000.0,33638000000.0,15129000000.0,0.5181696749666062,333677818.80316484,1744466053.4155493,1040655000.0,2007608418.7065864,212190000.0,997128000.0,0.011428496722374382,0.05974812663683081,0.03564253176696236,0.06876077743283852,0.007267527485700586,0.034151727917251774,0.03641714727391641,2.131512605042017,False,True
25194,123.0,ALARES INTERNET PARTICIPAÇÕES S/A,utilities,cvm,Emp. Adm. Part. - Telecomunicações,Categoria A,BALCÃO ORGANIZADO,consolidado,padrao,dva,27.878616735758072,0.08989874549069143,173149233.4263081,18.441653017011138,27.880184331797235,84843124.37889095,9.036409978335456,51944770.02789243,33.87096774193548,84406201.83744666,8.989874549069143,-436922.5414442867,35.02304147465438,0.18441653017011134,0.18441653017011134,64.74654377880185,0.7,70.0,1.0,0.7,1.0,0.8778801843317973,0.08516070226633454,87.78801843317973,0.9,0.7,0.9948502304147466,36361339.0195247,88306109.04741715,-436922.5414442867,liquido,0.8077565736338883,938903000.0,312383000.0,81318000.0,159003000.0,433391000.0,33399000.0,9000.0,252329421.74147493,65685149.05476053,350074429.2037645,159003000.0,256358000.0,1048153000.0,438052000.0,2374142000.0,192712000.0,0.205252299758335,68128943.87019823,18917322.927771036,50085945.0,31506698.62833881,4508865.0,1458.0,0.07256228158840501,0.020148325149425484,0.0533451751671898,0.03355692614502116,0.004802269244000712,1.5528760691999069e-06,0.10797921944011774,2.3927593071142237,False,True
16632,124.0,DEXXOS PARTICIPAÇÕES S.A.,outros,padrao,Emp. Adm. Part. - Sem Setor Principal,Categoria A,BOLSA,consolidado,padrao,dva,27.79757529521942,0.08963953444154796,317800943.58358437,14.872556124479106,42.857142857142854,222460660.50850904,10.410789287135373,0.0,55.52995391705069,191544267.10166404,8.963953444154797,-30916393.406845003,53.2258064516129,0.14872556124479105,0.14872556124479105,45.622119815668206,1.0,100.0,1.0,1.0,1.0,0.06682027649769585,4.5855527821912005e-05,6.682027649769585,1.0,0.7,0.8610253456221197,95340283.07507533,95340283.07507533,-30916393.406845003,liquido,0.9386791747309978,2136828000.0,72383000.0,134857000.0,122994000.0,1798506000.0,470000.0,249829000.0,67944414.70455381,126587457.46669817,1688220127.828748,122994000.0,395276000.0,-102438000.0,251885000.0,1613764000.0,224810000.0,0.10520734471843311,20383324.411366142,40507986.38934342,43047900.0,168822012.78287482,70500.0,44969220.0,0.009539057149834307,0.01895706457859192,0.020145701946998072,0.07900589695701984,3.299282862261258e-05,0.021044847783724285,0.2449404002072174,-0.4066855906465252,False,True
5762,125.0,ETERNIT S.A.,construcao,cvm,"Construção Civil, Mat. Constr. e Decoração",Categoria A,BOLSA,consolidado,padrao,dva,27.649663346574343,0.08916643807092191,208127383.54626626,18.09545278293063,32.02764976958525,109266876.36178976,9.500112711038579,52031845.886566564,39.1705069124424,102556027.0774038,8.916643807092187,-6710849.284385964,39.1705069124424,0.18095452782930632,0.18095452782930632,62.67281105990783,0.75,75.0,0.75,1.0,1.0,0.5368663594470046,0.015490454531117855,53.686635944700456,0.85,0.7,0.9385829493087557,46828661.29790991,98860507.1844765,-6710849.284385964,liquido,0.7874567681707045,1150164000.0,97129000.0,114482000.0,239058000.0,913139000.0,3117000.0,205660000.0,76484888.43565236,90149625.7337186,719057485.830629,239058000.0,24850000.0,129775000.0,111652000.0,1363317000.0,78218000.0,0.068005953933526,19503646.55109135,24520698.19957146,71119755.0,61119886.29560347,397417.5,31465980.0,0.016957274398339155,0.02131930594208431,0.06183444708754577,0.053140148966237394,0.00034553115903471156,0.027357820276064978,0.018227602237777422,1.162316841615018,False,True
23981,126.0,CTC - CENTRO DE TECNOLOGIA CANAVIEIRA S.A.,commodities,cvm,"Agricultura (Açúcar, Álcool e Cana)",Categoria A,BOLSA,consolidado,padrao,dva,27.523503703111547,0.08876291644884562,54244081.31855188,12.83433999890024,11.059907834101383,37970856.92298631,8.984037999230168,0.0,19.35483870967742,37515469.1112717,8.876291644884562,-455387.81171461195,20.276497695852534,0.1283433999890024,0.1283433999890024,34.10138248847927,1.0,100.0,1.0,1.0,1.0,0.836405529953917,0.07275178409005364,83.6405529953917,0.75,0.7,0.9880069124423964,16273224.395565568,16273224.39556557,-455387.81171461195,liquido,0.5756649021103293,422648000.0,126874000.0,0.0,112944000.0,139293000.0,7850000.0,9377000.0,73036908.79034592,0.0,80186091.2096541,112944000.0,324775000.0,-154193000.0,182370000.0,1447937000.0,262733000.0,0.6216354980977078,16433304.47782783,0.0,29647799.999999996,6013956.8407240575,883124.9999999999,1265895.0,0.03888177508902877,0.0,0.07014773523120894,0.014229232933135987,0.0020895047415343264,0.002995151994094377,0.22430188606272233,-0.8454954213960629,False,True
25763,127.0,VITTIA S.A.,commodities,cvm,"Agricultura (Açúcar, Álcool e Cana)",Categoria A,,consolidado,padrao,dva,27.32349489828531,0.08812318828270806,126826527.45618635,15.46697034648113,23.04147465437788,79900712.2973974,9.74419131828311,12682652.745618632,32.48847926267281,72259516.2976198,8.812318828270806,-7641195.9997776,32.02764976958525,0.15466970346481126,0.15466970346481126,49.76958525345622,0.9,90.0,0.9,1.0,1.0,0.3294930875576037,0.0029612472122037196,32.94930875576037,0.75,0.7,0.9043663594470046,34243162.41317032,46925815.15878895,-7641195.9997776,liquido,0.8237652873575332,819983000.0,105406000.0,77376000.0,133784000.0,576342000.0,987000.0,156705000.0,86829803.87920815,63739662.87457649,474770533.2462154,133784000.0,47963000.0,132550000.0,97579000.0,929946000.0,110508000.0,0.13476864764269503,19536705.87282183,15297519.089898355,35118299.99999999,35607789.99346616,111037.49999999999,21155175.0,0.023825745012789085,0.01865589785385594,0.042828083021233365,0.043425034413477066,0.0001354143927374104,0.02579952877071842,0.051576113021616306,1.3583865380870883,False,True
11070,128.0,WLM PART. E COMÉRCIO DE MÁQUINAS E VEÍCULOS S.A.,industria,cvm,"Emp. Adm. Part. - Máqs., Equip., Veíc. e Peças",Categoria A,BOLSA,consolidado,padrao,dva,27.278429022340394,0.08797904507761932,459484765.4687737,15.255685312380846,53.2258064516129,289475402.2453274,9.611081746799933,45948476.54687736,60.82949308755761,264983382.0369209,8.79790450776193,-24492020.208406508,61.05990783410138,0.1525568531238085,0.1525568531238085,48.38709677419355,0.9,90.0,0.9,1.0,1.0,0.39631336405529954,0.00568956206200674,39.63133640552996,1.0,0.7,0.9153917050691244,124060886.67656893,170009363.2234463,-24492020.208406508,liquido,0.9358271424196424,3011892000.0,242585000.0,0.0,184189000.0,2627616000.0,143000.0,449958000.0,227017627.34386894,0.0,2458994372.656131,184189000.0,122259000.0,328272000.0,179247000.0,1583215000.0,280163000.0,0.09301893959013138,68105288.20316067,0.0,64466149.99999999,245899437.26561308,21450.0,80992440.0,0.02261212825797229,0.0,0.021403871719171866,0.08164284684364947,7.121769306469157e-06,0.02689088453370838,0.07722198185338063,1.8313946676931832,False,True
4146,129.0,KARSTEN S.A.,industria,cvm,Têxtil e Vestuário,Categoria A,BOLSA,consolidado,padrao,dva,27.13459275182502,0.08751898476357059,199458314.79673445,26.27777723865399,30.64516129032258,73300930.6877999,9.65708313520534,94742699.52844888,30.87557603686636,66430235.1569711,8.75189847635706,-6870695.530828804,30.414746543778804,0.2627777723865399,0.2627777723865399,88.24884792626729,0.5249999999999999,52.49999999999999,0.75,0.7,1.0,0.34101382488479265,0.0033717302778610795,34.10138248847927,1.0,0.7,0.9062672811059908,31414684.580485675,126157384.10893455,-6870695.530828804,liquido,0.6501252494248599,759038000.0,74353000.0,185748000.0,236184000.0,414952000.0,160000.0,203601000.0,48338762.670486614,120759464.83016889,269770772.49934447,236184000.0,14337000.0,395436000.0,114603000.0,736951000.0,57712000.0,0.07603308398262011,14501628.801145984,38643028.74565405,82664400.0,26977077.24993445,24000.0,36648180.0,0.019105273782269117,0.050910532470909285,0.10890680045004333,0.03554114187950333,3.161897032823126e-05,0.0482824048334866,0.01945448204833157,3.450485589382477,False,True
11932,130.0,IOCHPE MAXION S.A.,industria,cvm,"Máquinas, Equipamentos, Veículos e Peças",Categoria A,BOLSA,consolidado,padrao,dva,26.76453404671214,0.08633535198804966,2808449658.7478876,18.27639928728176,86.8663594470046,1376140332.7864647,8.95543565076806,842534897.6243664,87.78801843317973,1326675380.732389,8.633535198804967,-49464952.05407572,88.0184331797235,0.18276399287281755,0.18276399287281755,63.594470046082954,0.7,70.0,1.0,0.7,1.0,0.6912442396313364,0.033606797825865224,69.12442396313364,1.0,0.7,0.9640552995391705,589774428.3370564,1432309325.961423,-49464952.05407572,liquido,0.7839587477251502,15366537000.0,823538000.0,81429000.0,3115473000.0,13515765000.0,3413000.0,2465712000.0,645619819.1840748,63836976.86851125,10595802203.947414,3115473000.0,1599733000.0,4031813000.0,1493453000.0,14392484000.0,326114000.0,0.02122234827534662,193685945.7552224,20427832.597923603,1090415550.0,1059580220.3947415,511950.0,443828160.0,0.012604397838968039,0.0013293712563815518,0.07096039595648648,0.06895374152255264,3.331589934674286e-05,0.02888277039908211,0.11115058387419434,2.6996584425489116,False,True
26166,131.0,GRUPO FARTURA DE HORTIFRUT S.A.,varejo,cvm,Comércio (Atacado e Varejo),Categoria A,,consolidado,padrao,dva,26.599207265955002,0.08580655427657354,704905607.3677973,22.081046329663646,61.9815668202765,310863372.8491986,9.73774143138167,260815074.72608498,62.21198156682027,273925068.3841452,8.580655427657353,-36938304.46505338,61.29032258064516,0.22081046329663648,0.22081046329663648,75.11520737327189,0.63,63.0,0.9,0.7,1.0,0.1889400921658986,0.0009677636110131196,18.89400921658986,1.1,0.7,0.8811751152073732,133227159.7925137,394042234.5185987,-36938304.46505338,liquido,0.839912725451311,3192356000.0,183724000.0,852716000.0,470460000.0,1902332000.0,87000.0,227167000.0,154312125.57081667,716207019.5959401,1597792854.8332434,470460000.0,82213000.0,1175287000.0,351473000.0,2381160000.0,195378000.0,0.061201820849554375,50923001.438369505,252104870.89777094,181127100.0,175757214.0316568,14355.0,44979066.0,0.015951542195910953,0.07897141512342952,0.05673775105282745,0.05505564355343101,4.496678941822278e-06,0.014089614692095744,0.03452644929362159,3.343889857826917,False,True
27090,132.0,TIM BRASIL SERVIÇOS E PARTICIPAÇÕES S.A.,utilities,cvm,Telecomunicações,Categoria B,,consolidado,padrao,dva,26.43243751995521,0.08527314124074063,3639110584.9657497,13.668164203357286,89.17050691244239,2292639668.5284224,8.610943448115089,363911058.4965749,93.31797235023042,2270373594.3283134,8.527314124074064,-22266074.200109005,93.77880184331798,0.13668164203357286,0.13668164203357286,40.55299539170507,0.9,90.0,0.9,1.0,1.0,0.8502304147465438,0.07500189350166316,85.02304147465438,0.9,0.7,0.9902880184331797,982559857.9407526,1346470916.4373274,-22266074.200109005,liquido,0.9371819370844597,26624721000.0,1737355000.0,5959682000.0,1254076000.0,12266584000.0,765783000.0,357204000.0,1628217724.3033714,5585306321.167387,11496020954.52924,1254076000.0,3635544000.0,5660857000.0,13418826000.0,58436706000.0,13153839000.0,0.4940460784546813,439618785.56191033,1608568220.4962077,395033940.0,1034641885.9076316,103380705.0,57867048.0,0.016511676706843625,0.06041634090724209,0.014837110969162832,0.03886019635314232,0.003882884068531648,0.0021734330286503284,0.06221336295033467,0.42185933404308246,False,True
17973,133.0,COGNA EDUCAÇÃO S.A.,saude_educacao,cvm,Emp. Adm. Part. - Educação,Categoria A,BOLSA,consolidado,padrao,dre,25.999046099295352,0.08388693877330748,1601650012.173965,22.826377897498638,78.11059907834101,588606379.4739319,8.388693877330747,760783755.7826335,74.65437788018433,588606379.4739319,8.388693877330747,0.0,75.80645161290323,0.2282637789749864,0.2282637789749864,77.64976958525345,0.5249999999999999,52.49999999999999,0.75,0.7,1.0,0.9585253456221198,0.12174897743799307,95.85253456221197,1.05,0.7,1.0,252259876.91739947,1013043632.7000331,0.0,liquido,0.6377453354644353,7016663000.0,1892503000.0,887451000.0,1800251000.0,2189619000.0,726438000.0,574974000.0,1206934960.6024504,565967735.7032486,1396419303.6943014,1800251000.0,78452000.0,6571372000.0,1986270000.0,24122987000.0,1285616000.0,0.1832232786439936,380184512.58977187,190165159.19629154,661592242.5,146624026.88790166,114413985.0,108670086.0,0.05418309424148942,0.02710193708836972,0.09428872991335054,0.020896546818323987,0.01630603963736038,0.015487431276092355,0.0032521677352808755,3.3083981533225595,False,True
27820,134.0,GRUPO SALTA EDUCAÇÃO S.A.,saude_educacao,cvm,Emp. Adm. Part. - Educação,Categoria A,,consolidado,padrao,dva,25.893660597349598,0.08354986324327864,640392539.5359497,22.940006725037666,60.59907834101382,235344258.27946144,8.43045247145134,304186456.2795762,56.22119815668203,233237547.5803469,8.354986324327864,-2106710.6991145313,57.14285714285714,0.2294000672503766,0.2294000672503766,78.3410138248848,0.5249999999999999,52.49999999999999,0.75,0.7,1.0,0.8548387096774194,0.07574728000181685,85.48387096774194,1.05,0.7,0.9910483870967742,100861824.97691207,405048281.25648826,-2106710.6991145313,liquido,0.532473707945311,2791597000.0,666344000.0,217900000.0,1085460000.0,1437465000.0,0.0,54855000.0,354810660.4471103,116026020.96128327,765412318.5916065,1085460000.0,94696000.0,1938910000.0,738246000.0,5107724000.0,417542000.0,0.14957101616028387,111765358.04083975,38984743.04299118,398906550.0,80368293.4521187,0.0,10367595.0,0.040036351250140954,0.013965032575615741,0.1428954644957707,0.02878936087555571,0.0,0.003713858053293509,0.018539764482184237,2.6263738645383787,False,True
21032,135.0,ALGAR TELECOM S/A,utilities,cvm,Telecomunicações,Categoria B,,consolidado,padrao,dva,25.891253142882494,0.08354216300011863,523686639.72059083,17.861200224169096,55.76036866359447,256606453.46308947,8.751988109842856,157105991.91617727,57.83410138248848,244943867.53092486,8.354216300011865,-11662585.93216461,58.525345622119815,0.17861200224169096,0.17861200224169096,61.9815668202765,0.7,70.0,1.0,0.7,1.0,0.6336405529953917,0.025361682913896885,63.36405529953917,0.9,0.7,0.9545506912442396,109974194.34132408,267080186.25750136,-11662585.93216461,liquido,0.773270307706001,2931979000.0,240421000.0,595140000.0,616454000.0,1883333000.0,84474000.0,26517000.0,185910420.64898446,460204090.92814946,1456325488.422866,616454000.0,606822000.0,3558315000.0,1205096000.0,6086063000.0,1295945000.0,0.44200350684639966,50195813.57522581,132538778.18730706,194183010.0,131069293.95805797,11403990.0,4295754.0,0.017120113607643782,0.04520454552618114,0.06622933179262198,0.044703353590887916,0.0038895196725488145,0.0014651380518073288,0.09970682196355837,2.9527232685196863,False,True
25801,136.0,RODOBENS SA,industria,cvm,"Máquinas, Equipamentos, Veículos e Peças",Categoria A,,consolidado,padrao,dre,25.88402750867324,0.0835190518089594,970789438.8599699,17.195133569452583,70.04608294930875,519857744.5095138,9.207994026441858,228135518.1320929,72.11981566820278,471525348.2169818,8.35190518089594,-48332396.29253197,71.19815668202764,0.17195133569452584,0.17195133569452584,58.294930875576036,0.765,76.5,0.9,1.0,0.85,0.3456221198156682,0.0034307185877167617,34.56221198156682,1.0,0.7,0.9070276497695853,222796176.2183631,450931694.35045606,-48332396.29253197,liquido,0.9333221801829382,5645722000.0,655814000.0,425316000.0,351529000.0,4190923000.0,42757000.0,775226000.0,612085752.2744935,396956856.38668656,3911481391.33882,351529000.0,403124000.0,-138007000.0,473195000.0,7510788000.0,-7641000.0,-0.001353414142602133,183625725.68234804,127026194.0437397,123035149.99999999,391148139.13388205,6413550.0,139540680.0,0.03252475514776463,0.022499548161198816,0.021792633431118286,0.06928221742655448,0.0011360017372445898,0.02471617979064502,0.05367266390690298,-0.29164932004776045,False,True
20800,137.0,TEGMA GESTAO LOGISTICA S.A.,outros,padrao,Serviços Transporte e Logística,Categoria A,BOLSA,consolidado,padrao,dva,25.850112253913217,0.08341057386594802,275499163.30242825,12.37960353255321,37.55760368663594,192849414.31169975,8.665722472787246,0.0,51.382488479262676,185624226.57734895,8.341057386594802,-7225187.7343508005,52.30414746543779,0.1237960353255321,0.1237960353255321,31.797235023041477,1.0,100.0,1.0,1.0,1.0,0.6820276497695853,0.031763275718255914,68.20276497695853,1.0,0.7,0.9625345622119815,82649748.99072848,82649748.9907285,-7225187.7343508005,liquido,0.875685994167849,2225428000.0,129945000.0,0.0,239456000.0,1796274000.0,864000.0,697000.0,113791016.51214114,0.0,1572971983.4878588,239456000.0,113860000.0,88157000.0,358143000.0,1336745000.0,243240000.0,0.1093003233535302,34137304.95364234,0.0,83809600.0,157297198.34878588,129600.0,125460.0,0.015339658238164676,0.0,0.037659991695979375,0.07068177373017051,5.8235988762611054e-05,5.6375672454916534e-05,0.0851770532150859,0.24615028075377712,False,True
13773,138.0,PBG S/A,construcao,cvm,"Construção Civil, Mat. Constr. e Decoração",Categoria A,BOLSA,consolidado,padrao,dva,25.798557946218235,0.08324567741178014,535420350.5351372,20.544510539506476,57.14285714285714,236120374.5859955,9.060129147922355,198105529.69800076,56.451612903225815,216950555.69535598,8.324567741178015,-19169818.890639514,55.99078341013824,0.20544510539506475,0.20544510539506475,71.6589861751152,0.63,63.0,0.9,0.7,1.0,0.41705069124423966,0.006512654132623096,41.705069124423964,0.85,0.7,0.9188133640552996,101194446.25114095,299299975.9491417,-19169818.890639514,liquido,0.7900015847759063,2606148000.0,136060000.0,688432000.0,524739000.0,1674284000.0,1326000.0,597210000.0,107487615.62460981,543862371.0104468,1322687013.3649435,524739000.0,171306000.0,1116010000.0,321239000.0,3483526000.0,202544000.0,0.07771776583678287,27409341.9842755,147930564.91484153,156109852.5,112428396.13602021,169065.0,91373130.0,0.010517185510675335,0.056762150466835165,0.059900609059807805,0.04313968206564639,6.487160360808365e-05,0.03506060668849198,0.049176036004898484,3.474080046320652,False,True
18708,139.0,CIA PARTICIPACOES ALIANCA DA BAHIA,outros,padrao,Emp. Adm. Part. - Sem Setor Principal,Categoria A,BOLSA,consolidado,padrao,dva,25.7496421947381,0.08308922037971692,34722015.4281731,29.61113374396478,6.451612903225806,10846289.56937557,9.249777903270996,19227316.043350857,8.525345622119817,9743041.981725607,8.308922037971692,-1103247.5876499638,8.755760368663594,0.2961113374396478,0.2961113374396478,93.77880184331798,0.4462499999999999,44.62499999999999,0.75,0.7,0.85,0.2926267281105991,0.002166351291184328,29.262672811059907,1.0,0.7,0.8982834101382489,4648409.815446674,23875725.85879753,-1103247.5876499638,liquido,0.7137556153272029,117260000.0,72266000.0,258000.0,40653000.0,69498000.0,0.0,0.0,51580263.297235645,184148.94875441835,49604587.75400995,40653000.0,10625000.0,142413000.0,48502000.0,1293696000.0,-22008000.0,-0.18768548524646086,15474078.989170693,58927.66360141387,14228550.0,4960458.775400995,0.0,0.0,0.1319638324166015,0.0005025384922515254,0.12134188981749958,0.042303076713295196,0.0,0.0,0.008212903185910754,2.93622943383778,False,True
14346,140.0,WHIRLPOOL S.A.,industria,cvm,"Máquinas, Equipamentos, Veículos e Peças",Categoria A,BOLSA,consolidado,padrao,dva,25.5810460745197,0.08254996568591016,1987267644.5522873,15.819900988497507,82.25806451612904,1182424248.5086107,9.412841088156014,298090146.68284315,85.71428571428571,1036977892.5025457,8.254996568591016,-145446356.006065,85.02304147465438,0.15819900988497504,0.15819900988497504,51.382488479262676,0.85,85.0,1.0,1.0,0.85,0.16359447004608296,0.0006312573131182801,16.359447004608295,1.0,0.7,0.8769930875576036,506753249.3608333,804843396.0436766,-145446356.006065,liquido,0.8486990859937751,12561821000.0,408887000.0,676605000.0,1706080000.0,10190580000.0,8507000.0,1311825000.0,347022023.17473674,574234045.0788182,8648735931.746445,1706080000.0,2632627000.0,-431193000.0,1410490000.0,10400830000.0,-394266000.0,-0.031386054617399815,104106606.95242102,183754894.42522183,597128000.0,864873593.1746445,1276050.0,236128500.0,0.00828754103027109,0.01462804591987275,0.04753514637726489,0.06884938045006726,0.00010158160986372915,0.018797314497635335,0.25311701085394145,-0.3057044005983736,False,True
1325,141.0,BCO MERCANTIL DO BRASIL S.A.,financeiro,cvm,Bancos,Categoria A,BOLSA,consolidado,financeiro,dre,25.553067913657745,0.08246047753784752,1226622687.5,13.311158111191801,74.19354838709677,858635881.25,9.317810677834261,0.0,82.48847926267281,759872970.6693548,8.246047753784753,-98762910.5806452,81.5668202764977,0.133111581111918,0.133111581111918,37.55760368663594,1.0,100.0,1.0,1.0,1.0,0.2119815668202765,0.001195321713327822,21.19815668202765,1.25,0.7,0.8849769585253456,367986806.25000006,367986806.25,-98762910.5806452,liquido,1.0,9214996000.0,1399354000.0,,715945000.0,,777278000.0,,1399354000.0,0.0,0.0,715945000.0,6296974000.0,-6296974000.0,232679000.0,35564986000.0,1192471000.0,0.1294054821076428,524757750.0,0.0,313225937.5,0.0,388639000.0,0.0,0.0569460637855947,0.0,0.03399089239973625,0.0,0.04217462492658705,0.0,0.17705543311615532,,False,True
22586,142.0,MLOG S.A.,outros,padrao,Emp. Adm. Part. - Sem Setor Principal,Categoria A,,consolidado,padrao,dva,25.47682024542958,0.08221659936953266,55812430.86888037,22.3718637740225,11.751152073732719,20511068.344313532,8.221659936953268,26510904.66271818,12.903225806451612,20511068.344313532,8.221659936953268,0.0,14.285714285714285,0.223718637740225,0.223718637740225,76.95852534562212,0.5249999999999999,52.49999999999999,0.75,0.7,1.0,0.9723502304147466,0.13250521348549713,97.23502304147466,1.0,0.7,1.0,8790457.861848658,35301362.52456684,0.0,liquido,0.6341367368920907,249476000.0,48051000.0,0.0,94767000.0,210972000.0,0.0,690000.0,30470904.34440185,0.0,133785095.65559816,94767000.0,26875000.0,196873000.0,73638000.0,1280813000.0,16206000.0,0.06496015648799884,9141271.303320555,0.0,33168449.999999996,13378509.565559817,0.0,124200.0,0.03664188660761177,0.0,0.13295246837371127,0.053626439278967986,0.0,0.0004978434799339415,0.020982766414769368,2.6735245389608626,False,True
20710,143.0,LOG-IN LOGISTICA INTERMODAL S.A.,outros,padrao,Serviços Transporte e Logística,Categoria A,BOLSA,consolidado,padrao,dre,25.33646002620894,0.08176765720561795,436665397.0292318,14.172735980934641,52.07373271889401,275099200.128416,8.928823667988825,43666539.70292317,60.13824884792627,251928114.2742818,8.176765720561793,-23171085.854134202,59.44700460829493,0.14172735980934642,0.14172735980934642,42.3963133640553,0.9,90.0,0.9,1.0,1.0,0.3986175115207373,0.0059728337920321095,39.86175115207373,1.0,0.7,0.9157718894009217,117899657.1978926,161566196.90081578,-23171085.854134202,liquido,0.8292409516383777,3081024000.0,189217000.0,0.0,469328000.0,2559264000.0,0.0,72800000.0,156906485.14615893,0.0,2122246514.853841,469328000.0,300109000.0,1399618000.0,824945000.0,3890716000.0,467208000.0,0.1516404935501963,47071945.54384768,0.0,164264800.0,212224651.4853841,0.0,13104000.0,0.015278019757018342,0.0,0.05331500176564674,0.0688812068602465,0.0,0.004253131426434848,0.07713464565391048,1.6966197746516434,False,True
22810,144.0,ELDORADO BRASIL CELULOSE S.A.,commodities,cvm,Papel e Celulose,Categoria B,,consolidado,padrao,dre,25.327899142572505,0.08174027521913985,759476554.9549835,12.91743446482979,63.594470046082954,531633588.4684884,9.042204125380854,0.0,72.81105990783409,480589414.20240104,8.174027521913986,-51044174.26608735,71.88940092165899,0.12917434464829788,0.12917434464829788,35.25345622119816,1.0,100.0,1.0,1.0,1.0,0.3271889400921659,0.0029394040969415243,32.71889400921659,0.75,0.7,0.9039861751152074,227842966.48649508,227842966.48649508,-51044174.26608735,liquido,0.8417280415641154,5879469000.0,866506000.0,670020000.0,677014000.0,2741010000.0,1445000.0,808137000.0,729362398.3835554,563974622.4087886,2307184979.207656,677014000.0,11362858000.0,9659100000.0,6952736000.0,39931495000.0,3219954000.0,0.5476606816023692,164106539.63629994,135353909.37810925,177716174.99999997,173038873.44057423,162562.49999999997,109098495.0,0.027911796054422594,0.023021451321217825,0.03022656892994928,0.029431037639721245,2.764918056375499e-05,0.018555841522423202,0.2845587925020088,1.3892516557510597,False,True
20613,145.0,METALFRIO SOLUTIONS S.A.,industria,cvm,"Máquinas, Equipamentos, Veículos e Peças",Categoria A,BOLSA,consolidado,padrao,dva,25.173487327621405,0.08124638902600721,422436767.1365045,17.580428125092524,50.69124423963134,206994015.89688718,8.614409781295336,126731030.14095137,52.764976958525345,195225404.50920126,8.124638902600722,-11768611.387685925,54.377880184331794,0.17580428125092523,0.17580428125092523,60.82949308755761,0.7,70.0,1.0,0.7,1.0,0.5645161290322581,0.01803237754601691,56.451612903225815,1.0,0.7,0.9431451612903226,88711721.09866595,215442751.2396173,-11768611.387685925,liquido,0.8466388424907779,2402881000.0,119302000.0,170165000.0,347978000.0,1979543000.0,1524000.0,313425000.0,101005707.18683478,144068298.63244322,1675957994.180722,347978000.0,160353000.0,634890000.0,274732000.0,1878277000.0,165581000.0,0.06890936338503655,30301712.156050432,46101855.562381834,121792299.99999999,167595799.41807222,228600.0,56416500.0,0.012610575453403824,0.019186075199887898,0.05068594741062915,0.06974785660133491,9.513579740320057e-05,0.02347869078826625,0.08537239182506094,2.310943028114672,False,True
24228,146.0,CAMIL ALIMENTOS S.A.,industria,cvm,Alimentos,Categoria A,BOLSA,consolidado,padrao,dva,25.080298841762787,0.08094832565217093,2133348753.9206376,17.39671667551015,83.41013824884793,1045340889.4211123,8.524391170999971,640004626.1761913,84.7926267281106,992664379.6247075,8.094832565217095,-52676509.79640484,84.33179723502305,0.1739671667551015,0.1739671667551015,59.21658986175116,0.7,70.0,1.0,0.7,1.0,0.6036866359447005,0.020816028674854894,60.36866359447005,1.0,0.7,0.9496082949308756,448003238.323334,1088007864.4995253,-52676509.79640484,liquido,0.9281042885595446,12262939000.0,609193000.0,1193881000.0,839459000.0,9872991000.0,4826000.0,2212803000.0,565394635.8604547,1108046076.1297576,9163165288.009787,839459000.0,2530204000.0,2982542000.0,907275000.0,11106595000.0,831364000.0,0.0677948410246516,169618390.7581364,354574744.36152244,293810650.0,916316528.8009787,723900.0,398304540.0,0.013831789488485298,0.02891433647036183,0.02395923603632049,0.07472242411064581,5.903152580307217e-05,0.032480349123485,0.22781095376215663,3.287362707007247,False,True
24600,147.0,BANCO BMG S/A,financeiro,cvm,Bancos,Categoria A,BOLSA,consolidado,financeiro,dva,25.079192313760206,0.08094478642233309,1487187000.0,16.73884173451123,77.18894009216591,780773175.0,8.787891910618397,371796750.0,80.64516129032258,719165853.8528225,8.09447864223331,-61607321.14717746,80.64516129032258,0.1673884173451123,0.1673884173451123,55.52995391705069,0.75,75.0,0.75,1.0,1.0,0.4308755760368664,0.007355279127707615,43.08755760368664,1.25,0.7,0.9210944700460829,334617075.00000006,706413825.0,-61607321.14717746,liquido,1.0,8884647000.0,1345870000.0,,503668000.0,,1524262000.0,,1345870000.0,0.0,0.0,503668000.0,568013000.0,-568013000.0,540866000.0,48534827000.0,-1231778000.0,-0.13864118630712058,504701250.0,0.0,220354750.0,0.0,762131000.0,0.0,0.05680599915787313,0.0,0.024801745077772927,0.0,0.08578067310946626,0.0,0.011703204381464057,,False,True
21091,148.0,DEXCO S.A.,construcao,cvm,"Construção Civil, Mat. Constr. e Decoração",Categoria A,BOLSA,consolidado,padrao,dva,25.045046760294202,0.08083557186890612,1438195322.6104772,17.43530806369833,76.72811059907833,704715708.0791337,8.543300951212181,431458596.7831432,78.11059907834101,666792585.1247832,8.083557186890612,-37923122.95435059,78.3410138248848,0.1743530806369833,0.1743530806369833,59.44700460829493,0.7,70.0,1.0,0.7,1.0,0.5829493087557603,0.019825675623401876,58.294930875576036,0.85,0.7,0.9461866359447004,302021017.74820024,733479614.5313435,-37923122.95435059,liquido,0.8353873019608065,8248752000.0,339944000.0,1189612000.0,1278800000.0,6238982000.0,19759000.0,1761371000.0,283984900.97776437,993786759.0601989,5211966339.962036,1278800000.0,2178462000.0,5403182000.0,1993206000.0,19000785000.0,850649000.0,0.10312456963186674,72416149.74932991,270309998.4643741,380443000.0,443017138.8967731,2519272.5,269489763.0,0.008779043150931184,0.03276980547655865,0.04612127992210215,0.0537071715693202,0.00030541256422789777,0.0326703679538432,0.11465115783374213,2.710799586194302,False,True
9342,149.0,DIMED S.A. DISTRIBUIDORA DE MEDICAMENTOS,varejo,cvm,Comércio (Atacado e Varejo),Categoria A,BOLSA,consolidado,padrao,dre,24.961545973364213,0.08056849460028201,1320686837.5196714,23.95969820529371,74.65437788018433,485352412.7884791,8.805189090445435,627326247.8218441,70.73732718894009,444103049.3191172,8.0568494600282,-41249363.4693619,70.04608294930875,0.23959698205293709,0.23959698205293709,80.87557603686636,0.5249999999999999,52.49999999999999,0.75,0.7,1.0,0.39400921658986177,0.005666399513380725,39.40092165898618,1.1,0.7,0.9150115207373272,208008176.90934822,835334424.7311924,-41249363.4693619,liquido,0.8715792063434599,5512118000.0,183483000.0,1364776000.0,677530000.0,3727600000.0,0.0,1166554000.0,159919967.51751706,1189510382.916602,3248898649.565881,677530000.0,43745000.0,1462520000.0,487233000.0,3830510000.0,473100000.0,0.08582907695372269,52773589.280780636,418707654.7866439,260849050.0,357378851.4522469,0.0,230977692.0,0.009574103689503859,0.0759613010437447,0.04732283488851291,0.0648351235318705,0.0,0.041903618899305134,0.011420150319409164,3.001685025439574,False,True
25143,150.0,PACAEMBU CONSTRUTORA S.A.,construcao,cvm,"Construção Civil, Mat. Constr. e Decoração",Categoria A,,consolidado,padrao,dva,24.916511910991133,0.08042445315090341,298605908.79388577,12.871898640497733,40.32258064516129,209024136.15572003,9.010329048348414,0.0,53.45622119815668,186570898.30415398,8.042445315090342,-22453237.851566046,52.764976958525345,0.1287189864049773,0.1287189864049773,34.56221198156682,1.0,100.0,1.0,1.0,1.0,0.25806451612903225,0.001612775722359925,25.806451612903224,0.85,0.7,0.8925806451612903,89581772.63816574,89581772.63816574,-22453237.851566046,liquido,0.9338821613181558,2319828000.0,149314000.0,146513000.0,125595000.0,1603736000.0,64347000.0,346133000.0,139441681.03505912,136825877.10120696,1497700441.863734,125595000.0,533740000.0,16531000.0,367641000.0,1783633000.0,161099000.0,0.0694443726000376,35557628.66394008,37216638.57152829,37364512.5,127304537.5584174,8204242.5,52958349.0,0.015327700443282898,0.016042843939950847,0.016106587428033458,0.05487671394535172,0.003536573616664684,0.022828567031693725,0.29924317390404864,0.04496506102420568,False,True
24953,151.0,"ALLPARK EMPREENDIMENTOS, PARTICIPAÇÕES E SERVIÇOS S.A.",outros,padrao,Serviços Transporte e Logística,Categoria A,BOLSA,consolidado,padrao,dva,24.774870551023785,0.07997141325828536,305619405.7357267,16.320696583323546,41.013824884792626,149753508.81050608,7.997141325828537,91685821.72071803,46.774193548387096,149753508.81050608,7.997141325828537,0.0,48.15668202764977,0.16320696583323543,0.16320696583323543,53.45622119815668,0.7,70.0,1.0,0.7,1.0,0.9262672811059908,0.10873241084287258,92.62672811059907,1.0,0.7,1.0,64180075.20450261,155865896.92522064,0.0,liquido,0.7658416058479741,1872588000.0,317962000.0,0.0,379460000.0,1302565000.0,0.0,0.0,243508528.67863354,0.0,997558471.3213664,379460000.0,245313000.0,1207489000.0,517503000.0,2530252000.0,545220000.0,0.2911585463540298,73052558.60359006,0.0,132810999.99999999,99755847.13213664,0.0,0.0,0.0390115490452732,0.0,0.07092376967063764,0.05327164711732461,0.0,0.0,0.0969520031996813,2.333298550926275,False,True
8818,152.0,MINASMAQUINAS S.A.,industria,cvm,"Máquinas, Equipamentos, Veículos e Peças",Categoria A,,individual,padrao,dva,24.689037408450147,0.07969687595008954,201499957.65490228,16.091212651201715,30.87557603686636,107903227.32420017,8.616844374718518,47352490.048902035,38.70967741935484,99799297.15223633,7.969687595008954,-8103930.171963841,38.24884792626728,0.1609121265120171,0.1609121265120171,52.53456221198156,0.765,76.5,0.9,1.0,0.85,0.4539170506912442,0.008751396633922657,45.39170506912442,1.0,0.7,0.9248963133640553,46244240.281800084,93596730.33070211,-8103930.171963841,liquido,0.9428073809446808,1252236000.0,62407000.0,62802000.0,72506000.0,1142542000.0,0.0,176692000.0,58837780.22261469,59210189.13808784,1077197030.6392975,72506000.0,46895000.0,36344000.0,66572000.0,593391000.0,-9974000.0,-0.007964952293337678,17651334.066784408,18947260.52418811,25377100.0,107719703.06392975,0.0,31804560.0,0.0140958525923104,0.015130742547082266,0.0202654292002466,0.08602188650057158,0.0,0.025398215671806272,0.07902883596144869,0.5459352280237938,False,True
27618,153.0,PORTO SAÚDE PARTICIPAÇÕES S.A.,saude_educacao,cvm,Emp. Adm. Part. - Serviços médicos,Categoria A,,consolidado,padrao,dva,24.52246237791944,0.0791640857116883,1035351017.675078,12.405968491076699,70.96774193548387,724745712.3725545,8.684177943753687,0.0,79.03225806451613,660670843.7464372,7.916408571168828,-64074868.62611735,78.11059907834101,0.12405968491076699,0.12405968491076699,32.02764976958525,1.0,100.0,1.0,1.0,1.0,0.37327188940092165,0.004680569145558028,37.327188940092164,1.05,0.7,0.9115898617511521,310605305.30252343,310605305.3025235,-64074868.62611735,liquido,0.9659964398571281,8345588000.0,767017000.0,0.0,262581000.0,6955145000.0,0.0,0.0,740935691.3098948,0.0,6718645308.690105,262581000.0,400668000.0,-400668000.0,642721000.0,4449758000.0,302611000.0,0.036259997498079226,233394742.76261687,0.0,96498517.5,705457757.4124612,0.0,0.0,0.027966243093071073,0.0,0.0115628182819473,0.08453062353574861,0.0,0.0,0.09004264951037787,-0.6233933541925657,False,True
20729,154.0,PARANA BCO S.A.,financeiro,cvm,Bancos,Categoria A,,individual,financeiro,dre,24.498496090533898,0.07908742954101823,273953500.0,12.910873460446906,37.327188940092164,191767450.0,9.037611422312834,0.0,51.1520737327189,167814193.16935483,7.908742954101822,-23953256.830645174,50.23041474654379,0.12910873460446906,0.12910873460446906,35.02304147465438,1.0,100.0,1.0,1.0,1.0,0.15207373271889402,0.000515536690107382,15.207373271889402,1.25,0.7,0.8750921658986175,82186050.00000001,82186050.0,-23953256.830645174,liquido,1.0,2121882000.0,298456000.0,,101488000.0,,235263000.0,,298456000.0,0.0,0.0,101488000.0,12207599000.0,-12207599000.0,144929000.0,13245614000.0,384968000.0,0.18142761944349403,111921000.0,0.0,44401000.0,0.0,117631500.0,0.0,0.05274609992450099,0.0,0.020925291792851818,0.0,0.05543734288711625,0.0,0.9216333044281677,,False,True
27324,155.0,VOKE S.A.,tecnologia,cvm,Emp. Adm. Part. - Comunicação e Informática,Categoria A,,consolidado,padrao,dva,24.42959867630641,0.07886706116026787,89332090.94293402,16.76153155175802,17.972350230414747,43772724.56203767,8.21315046036143,26799627.28288021,21.889400921658986,42032910.04891521,7.886706116026787,-1739814.5131224617,22.350230414746544,0.1676153155175802,0.1676153155175802,55.76036866359447,0.7,70.0,1.0,0.7,1.0,0.6682027649769585,0.030623367111745722,66.82027649769586,1.2,0.7,0.9602534562211982,18759739.098016147,45559366.38089635,-1739814.5131224617,liquido,0.7949404329913022,532959000.0,111637000.0,1847000.0,73463000.0,244768000.0,4729000.0,8173000.0,88744765.11785,1468254.9797349353,194575979.90241507,73463000.0,158368000.0,1125257000.0,357973000.0,1624805000.0,139908000.0,0.26251175043483643,31948115.442426,563809.9122182152,30854460.0,23349117.58828981,851220.0,1765368.0,0.0599447902041733,0.0010578860892080163,0.05789274597107845,0.0438103448638447,0.0015971585056261362,0.0033123898836495864,0.09746892704047562,3.1434130507049414,False,True
26409,156.0,VERO S.A.,utilities,cvm,Telecomunicações,Categoria A,,individual,padrao,dva,24.39907528709337,0.07876943209927466,278660317.2929548,16.115497387029706,37.78801843317972,136543555.47354785,7.896593719644556,83598095.18788645,43.31797235023041,136203769.6673003,7.876943209927467,-339785.80624753237,45.622119815668206,0.16115497387029706,0.16115497387029706,52.764976958525345,0.7,70.0,1.0,0.7,1.0,0.8940092165898618,0.09217927101641943,89.40092165898618,0.9,0.7,0.9975115207373272,58518666.63152052,142116761.81940696,-339785.80624753237,liquido,0.8484184313090051,1729145000.0,464422000.0,220975000.0,195514000.0,604430000.0,78074000.0,0.0,394024184.70539075,187479262.8585074,512809552.4361019,195514000.0,680022000.0,2840369000.0,894233000.0,7267187000.0,852573000.0,0.4930604431669987,106386529.8704555,53994027.70325013,61586910.0,46152859.719249174,10539990.0,0.0,0.0615255110881132,0.031225853067990327,0.035616972550017494,0.026691144883308905,0.0060954922808671335,0.0,0.09357430873871829,3.1763186999361466,False,True
19623,157.0,DIAGNOSTICOS DA AMERICA S.A.,saude_educacao,cvm,Serviços Médicos,Categoria A,BOLSA,consolidado,padrao,dva,24.39241782364557,0.07874813820230701,2168504325.491118,19.413017460769115,83.87096774193549,903182051.5670506,8.085521772410335,878244251.8239028,83.17972350230414,879645210.5457987,7.8748138202307025,-23536841.021251917,83.6405529953917,0.19413017460769114,0.19413017460769114,67.51152073732719,0.595,59.5,1.0,0.7,0.85,0.7511520737327189,0.04724451554459902,75.11520737327189,1.05,0.7,0.9739400921658986,387078022.1001646,1265322273.9240675,-23536841.021251917,liquido,0.7479822678792207,11170362000.0,2381003000.0,0.0,2560012000.0,7777060000.0,126509000.0,190372000.0,1780948023.7672281,0.0,5817102976.232773,2560012000.0,2665170000.0,4969352000.0,2026110000.0,18562235000.0,-36349000.0,-0.003254057478173044,560998627.4866768,0.0,940804410.0,610795812.5044413,19925167.5,35980308.0,0.0502220633034701,0.0,0.08422326957711845,0.054680037451287716,0.0017837530690589974,0.0032210512067558776,0.1435802315831041,2.4526565684982553,False,True
27847,158.0,TECNOGERA-LOCAÇÃO E TRANSFORMAÇÃO DE ENERGIA S.A.,industria,cvm,"Máquinas, Equipamentos, Veículos e Peças",Categoria B,,consolidado,padrao,dva,24.319937915345445,0.07851631121419547,98470700.09208196,14.506521051333298,19.35483870967742,62036541.058011636,9.139108262339978,9847070.009208195,27.64976958525346,53297107.60112953,7.8516311214195476,-8739433.456882104,25.57603686635945,0.14506521051333296,0.14506521051333296,44.00921658986175,0.9,90.0,0.9,1.0,1.0,0.055299539170506916,1.7873399537296103e-05,5.529953917050691,1.0,0.7,0.8591244239631336,26587089.024862137,36434159.03407033,-8739433.456882104,liquido,0.775163945591469,678803000.0,43249000.0,49559000.0,115541000.0,421082000.0,2346000.0,14933000.0,33525065.48288544,38416349.97956761,326407584.53754693,115541000.0,65533000.0,384723000.0,234955000.0,1197310000.0,346699000.0,0.5107505417624848,10057519.644865632,12293231.993461635,40439350.0,32640758.453754693,351900.0,2687940.0,0.014816551554524113,0.018110161554179393,0.05957450099660726,0.04808576045443921,0.0005184125585773781,0.00395982339500562,0.05473352765783297,1.6374326998787,False,True
22055,159.0,MARISA LOJAS S.A.,varejo,cvm,Comércio (Atacado e Varejo),Categoria A,BOLSA,consolidado,padrao,dva,24.315065092696944,0.07850072549085921,383610571.382241,25.863275725681607,47.926267281105986,119830352.23552752,8.07904075480979,212424353.90291598,40.78341013824885,116434238.56617962,7.85007254908592,-3396113.669347897,41.013824884792626,0.2586327572568161,0.2586327572568161,87.55760368663594,0.4462499999999999,44.62499999999999,0.75,0.7,0.85,0.7373271889400922,0.0422649992974568,73.73271889400922,1.1,0.7,0.9716589861751153,51355865.24379752,263780219.1467135,-3396113.669347897,liquido,0.8173742569957473,1483225000.0,161649000.0,448450000.0,238850000.0,697767000.0,29461000.0,259732000.0,132127731.26910555,366551485.5497429,570336783.1811516,238850000.0,47990000.0,757593000.0,366788000.0,2056813000.0,-10134000.0,-0.0068324091085303984,43602151.31880484,129026122.9135095,91957250.0,62737046.149926685,4861065.0,51426936.0,0.02939685571562294,0.08699025630872559,0.06199817964233342,0.04229772701372124,0.0032773618297965586,0.03467237674661633,0.02333221347784169,2.065479241414659,False,True
19569,160.0,GOL LINHAS AEREAS INTELIGENTES S.A.,outros,padrao,Emp. Adm. Part. - Serviços Transporte e Logística,Categoria A,BOLSA,consolidado,padrao,dva,24.163425588768657,0.0780157065345871,3744920669.3362217,16.94282703701872,89.86175115207374,1835011127.9747484,8.301985248139172,1123476200.8008666,91.01382488479263,1724403083.9475148,7.80157065345871,-110608044.0272336,91.24423963133641,0.1694282703701872,0.1694282703701872,56.451612903225815,0.7,70.0,1.0,0.7,1.0,0.543778801843318,0.015741460276932105,54.377880184331794,1.0,0.7,0.9397235023041475,786433340.5606066,1909909541.3614733,-110608044.0272336,liquido,0.8457850391827063,22103281000.0,3311229000.0,1299453000.0,3191061000.0,16081610000.0,2145000.0,420523000.0,2800587949.5079136,1099057906.5210853,13601585143.971003,3191061000.0,3007088000.0,12981771000.0,4889510000.0,26682569000.0,3038502000.0,0.137468369514915,840176384.8523741,351698530.0867473,1116871350.0,1360158514.3971004,321750.0,75694140.0,0.03801138775968935,0.015911598377034944,0.05052966344679778,0.061536498332401435,1.4556662424913297e-05,0.003424565791838777,0.1126985936024376,2.655024941149522,False,True
14451,161.0,COMPANHIA ENERGÉTICA DE BRASÍLIA - CEB,utilities,cvm,Energia Elétrica,Categoria A,BOLSA,consolidado,padrao,dva,24.06075090816997,0.07768730156668971,60417382.92195088,11.83879242259988,12.903225806451612,42292168.04536561,8.287154695819916,0.0,21.428571428571427,39646471.357735015,7.768730156668968,-2645696.687630594,21.428571428571427,0.11838792422599882,0.11838792422599882,28.341013824884794,1.0,100.0,1.0,1.0,1.0,0.5299539170506913,0.015240964210724987,52.995391705069125,0.9,0.7,0.937442396313364,18125214.876585267,18125214.876585267,-2645696.687630594,liquido,0.8548834522336732,510334000.0,79990000.0,0.0,53254000.0,286984000.0,1198000.0,18130000.0,68382127.34417152,0.0,245337872.65582848,53254000.0,424671000.0,-424671000.0,236361000.0,1356384000.0,139551000.0,0.2734503286083232,18463174.38292631,0.0,16775010.0,22080408.539024565,161730.0,2937060.0,0.036178609269471196,0.0,0.03287064941783224,0.04326658333370805,0.00031691010201162376,0.005755172102975699,0.3130905407318282,-1.7967050401716018,False,True
27502,162.0,GIGA MAIS FIBRA TELECOMUNICAÇÕES S.A.,utilities,cvm,Telecomunicações,Categoria A,,consolidado,padrao,dva,23.916571096750204,0.07722614243705159,280385250.0620305,16.34161900471918,38.70967741935484,137388772.5303949,8.007393312312397,84115575.01860917,43.54838709677419,132502607.31378974,7.722614243705158,-4886165.216605172,44.47004608294931,0.16341619004719182,0.16341619004719182,53.91705069124424,0.7,70.0,1.0,0.7,1.0,0.6935483870967742,0.03373501116519354,69.35483870967742,0.9,0.7,0.9644354838709678,58880902.51302641,142996477.53163558,-4886165.216605172,liquido,0.7933247001246384,1715774000.0,372484000.0,173529000.0,289190000.0,853235000.0,66203000.0,0.0,295500757.6012258,137664841.88792837,676892400.5108459,289190000.0,406304000.0,2375781000.0,722129000.0,4656883000.0,717744000.0,0.41832082780133045,79785204.55233097,39647474.46372338,91094850.0,60920316.04597614,8937405.0,0.0,0.046500998705150544,0.023107632161184034,0.05309256930108511,0.03550602587868574,0.005208964001086391,0.0,0.08724805841160278,3.2899675819694267,False,True
27219,163.0,GRANJA FARIA S.A.,industria,cvm,Alimentos,Categoria A,,consolidado,padrao,dva,23.785538182516582,0.07680703365831977,332311624.10492814,13.10080025644533,43.54838709677419,209356323.18610474,8.253504161560558,33231162.410492808,53.686635944700456,194826801.40185252,7.680703365831978,-14529521.784252226,53.91705069124424,0.1310080025644533,0.1310080025644533,36.405529953917046,0.9,90.0,0.9,1.0,1.0,0.48847926267281105,0.012073188697590824,48.8479262672811,1.0,0.7,0.9305990783410139,89724138.50833061,122955300.91882339,-14529521.784252226,liquido,0.9143817731253545,2536575000.0,84386000.0,228447000.0,174926000.0,1730260000.0,14475000.0,115067000.0,77161020.30695617,208887772.92516786,1582118206.767876,174926000.0,91722000.0,871754000.0,789966000.0,2545475000.0,839818000.0,0.33108344913909504,23148306.09208685,66844087.336053714,61224099.99999999,158211820.67678759,2171250.0,20712060.0,0.009125811810053655,0.026352103657906318,0.024136522673289768,0.062372222653297296,0.000855977055675468,0.008165364714230803,0.03603335330341095,1.1035335697992066,False,True
28045,164.0,VLI MULTIMODAL S.A,outros,padrao,Emp. Adm. Part. - Serviços Transporte e Logística,Categoria B,,consolidado,padrao,dva,23.458995969507423,0.0757625883836413,1117901090.673985,11.231198918755632,72.81105990783409,782530763.4717895,7.861839243128942,0.0,80.87557603686636,754105423.6419904,7.57625883836413,-28425339.829799056,81.33640552995391,0.11231198918755632,0.11231198918755632,26.036866359447004,1.0,100.0,1.0,1.0,1.0,0.6889400921658986,0.03321434842001807,68.89400921658986,1.0,0.7,0.9636751152073733,335370327.2021955,335370327.2021955,-28425339.829799056,liquido,0.8276896451605118,9953533000.0,361609000.0,15282000.0,1206519000.0,6625120000.0,7869000.0,290262000.0,299300024.8968475,12648753.15734294,5483543221.94581,1206519000.0,2479565000.0,7632143000.0,4640206000.0,22713804000.0,4640860000.0,0.4662525356574394,89790007.46905424,4047601.010349741,422281650.0,548354322.194581,1180350.0,52247160.0,0.009020918247727138,0.00040664968010351114,0.042425302653841604,0.05509142554654524,0.0001185860337229002,0.005249107025615929,0.10916555412734917,1.6447853823731102,False,True
17892,165.0,SANTOS BRASIL PARTICIPACOES S.A.,outros,padrao,Emp. Adm. Part. - Serviços Transporte e Logística,Categoria B,BOLSA,consolidado,padrao,dva,23.442451529676354,0.07570967099251896,427526046.91808945,11.785973338529582,51.382488479262676,299268232.8426626,8.250181336970707,0.0,61.29032258064516,274630320.4936572,7.570967099251896,-24637912.3490054,61.52073732718893,0.11785973338529582,0.11785973338529582,28.110599078341014,1.0,100.0,1.0,1.0,1.0,0.41013824884792627,0.0061784288337966686,41.013824884792626,1.0,0.7,0.9176728110599078,128257814.07542685,128257814.07542688,-24637912.3490054,liquido,0.6858304155511937,3627414000.0,245068000.0,228958000.0,617511000.0,1491508000.0,8154000.0,40061000.0,168075088.27829996,157026360.2837702,1022921551.4379299,617511000.0,735017000.0,1976647000.0,1977726000.0,5906097000.0,1631753000.0,0.4498391967390543,50422526.48348998,50248435.290806465,216128850.0,102292155.14379299,1223100.0,7210980.0,0.013900405766612245,0.01385241257016885,0.05958207417184804,0.028199746470569116,0.0003371823563563464,0.0019879120497412204,0.12445054661310168,0.999454423919188,False,True
25410,166.0,SBF COMÉRCIO DE PRODUTOS ESPORTIVOS S.A.,varejo,cvm,Comércio (Atacado e Varejo),Categoria B,BALCÃO ORGANIZADO,consolidado,padrao,dva,23.353487740775183,0.07542512031198348,2679219103.41326,22.16309415676952,86.17511520737328,984613020.5043727,8.144937102612795,1272629074.1212988,84.10138248847926,911787956.0845792,7.5425120311983465,-72825064.41979349,83.87096774193549,0.22163094156769522,0.22163094156769522,75.80645161290323,0.5249999999999999,52.49999999999999,0.75,0.7,1.0,0.4608294930875576,0.009013957236241028,46.08294930875576,1.1,0.7,0.926036866359447,421977008.7875884,1694606082.9088874,-72825064.41979349,liquido,0.9150514133731174,12088651000.0,643900000.0,2407064000.0,948847000.0,8118698000.0,1571000.0,2660170000.0,589201605.0709503,2202587315.279549,7429026079.649501,948847000.0,42241000.0,2877478000.0,1364143000.0,10283053000.0,642823000.0,0.05317574309987111,194436529.6734136,775310734.9784014,365306095.0,817192868.7614452,259215.0,526713660.0,0.016084220619274524,0.06413542213919497,0.030218929721769615,0.06760000505941029,2.144283923822435e-05,0.043570921188807586,0.004107826732002645,2.109366833242556,False,True
25682,167.0,CM HOSPITALAR S.A,varejo,cvm,Comércio (Atacado e Varejo),Categoria A,BALCÃO ORGANIZADO,consolidado,padrao,dva,23.174333190431685,0.07485209447921568,2003304830.4505281,17.31924999304507,82.48847926267281,883457430.2286828,7.637789246932873,741222787.2666954,82.94930875576037,865808637.7860959,7.485209447921565,-17648792.4425869,83.41013824884793,0.17319249993045072,0.17319249993045072,58.986175115207374,0.63,63.0,0.9,0.7,1.0,0.7880184331797235,0.056709452770210424,78.80184331797236,1.1,0.7,0.9800230414746544,378624612.9551498,1119847400.2218454,-17648792.4425869,liquido,0.951163749331057,11566926000.0,962745000.0,364487000.0,548177000.0,9897565000.0,26779000.0,1656826000.0,915728143.8497285,346686821.50242895,9414205034.647842,548177000.0,573643000.0,2866743000.0,862035000.0,8983758000.0,276580000.0,0.02391127945315808,302190287.4704104,122033761.168855,211048145.0,1035562553.8112628,4418535.0,328051548.0,0.02612537570227478,0.010550232721196193,0.01824582823474448,0.08952789650519617,0.00038199734311432446,0.028361169423924734,0.06385334511459459,3.3255529067845275,False,True
26190,168.0,CARAMURU ALIMENTOS S.A.,industria,cvm,Alimentos,Categoria A,,consolidado,padrao,dva,23.143645976683036,0.07475394142544213,1180976730.2595677,14.476484935511783,73.73271889400922,702681154.5044427,8.61350853662951,177146509.53893518,77.88018433179722,609834954.49279,7.475394142544212,-92846200.01165271,76.49769585253456,0.14476484935511785,0.14476484935511785,43.77880184331797,0.85,85.0,1.0,1.0,0.85,0.10829493087557604,0.0002345336595696821,10.829493087557603,1.0,0.7,0.86786866359447,301149066.2161898,478295575.75512505,-92846200.01165271,liquido,0.9454299965856575,8157897000.0,308812000.0,241700000.0,421141000.0,7166933000.0,4112000.0,1081477000.0,291960128.1056101,228510430.17475343,6775833441.719636,421141000.0,2017378000.0,1273701000.0,646956000.0,7068495000.0,-25658000.0,-0.0031451733210164337,87588038.43168302,73123337.6559211,147399350.0,677583344.1719637,616800.0,194665860.0,0.01073659528082826,0.008963503419560348,0.01806830240685804,0.08305858043708614,7.56077209604387e-05,0.023862260089824623,0.28540417726828693,1.9687598538385918,False,True
25674,169.0,HMOBI PARTICIPAÇÕES S.A.,outros,padrao,Emp. Adm. Part. - Sem Setor Principal,Categoria A,,consolidado,padrao,dva,23.127923018869847,0.07470365154457,191218022.1200455,15.245643172361225,29.953917050691242,93696830.83882229,7.470365154456999,57365406.636013664,35.483870967741936,93696830.83882229,7.470365154456999,0.0,36.405529953917046,0.15245643172361226,0.15245643172361226,48.15668202764977,0.7,70.0,1.0,0.7,1.0,0.9815668202764977,0.15093905400675584,98.15668202764977,1.0,0.7,1.0,40155784.645209566,97521191.28122322,0.0,liquido,0.6611252078047074,1254247000.0,153270000.0,0.0,274983000.0,658189000.0,21196000.0,99338000.0,101330660.6002275,0.0,435145339.3997726,274983000.0,808661000.0,1797882000.0,603704000.0,5582746000.0,720526000.0,0.5744689841793522,30399198.18006825,0.0,96244050.0,43514533.93997726,3179400.0,17880840.0,0.02423701087590263,0.0,0.07673452677183999,0.03469375166133725,0.0025349073986224405,0.014256235015909944,0.14485004332993118,2.978085286829307,False,True
3980,170.0,GERDAU S.A.,commodities,cvm,Metalurgia e Siderurgia,Categoria A,BOLSA,consolidado,padrao,dva,23.068348806600437,0.07451310342546438,8594292808.093327,12.302424001828905,95.16129032258065,5414404469.098795,7.750527121152209,859429280.8093325,95.39170506912443,5205376020.067112,7.451310342546437,-209028449.03168297,96.31336405529954,0.12302424001828906,0.12302424001828906,31.336405529953915,0.9,90.0,0.9,1.0,1.0,0.6751152073732719,0.031062248605749854,67.51152073732719,0.75,0.7,0.9613940092165899,2320459058.1851983,3179888338.9945316,-209028449.03168297,liquido,0.8737443434872424,69858532000.0,1338443000.0,782351000.0,8081856000.0,61891039000.0,10249000.0,14731081000.0,1169457000.330095,683574760.8715875,54076945238.79832,8081856000.0,5929170000.0,8252981000.0,7422653000.0,81688175000.0,7987454000.0,0.11433755865353712,263127825.07427135,164057942.609181,2121487199.9999995,4055770892.9098744,1153012.5,1988695935.0000002,0.0037665810823833425,0.002348431006382742,0.03036833353440636,0.05805691555198833,1.650496320191784e-05,0.028467473879926364,0.07258296564955699,1.1118640464534715,False,True
8656,171.0,METALURGICA GERDAU S.A.,commodities,cvm,Emp. Adm. Part. - Metalurgia e Siderurgia,Categoria A,BOLSA,consolidado,padrao,dva,23.066573007578988,0.07450742353225964,8597037400.927258,12.306352788700538,95.39170506912443,5416133562.584172,7.753002256881339,859703740.0927255,95.6221198156682,5204979231.065913,7.450742353225964,-211154331.51825905,96.08294930875576,0.12306352788700539,0.12306352788700539,31.566820276497698,0.9,90.0,0.9,1.0,1.0,0.6728110599078341,0.03103556251671464,67.2811059907834,0.75,0.7,0.9610138248847926,2321200098.25036,3180903838.3430853,-211154331.51825905,liquido,0.8737574550820791,69858532000.0,1351056000.0,782351000.0,8082609000.0,61891039000.0,10249000.0,14731081000.0,1180495252.2333734,683585018.7409197,54077756729.02571,8082609000.0,5958028000.0,8224123000.0,7411463000.0,81758415000.0,7983723000.0,0.11428415071762459,265611431.752509,164060404.49782073,2121684862.4999995,4055831754.676929,1153012.5,1988695935.0000002,0.003802133027251546,0.002348466247441626,0.030371163002680897,0.058057786766503035,1.650496320191784e-05,0.028467473879926364,0.07287357515431286,1.1096490665877978,False,True
17949,172.0,MRS LOGISTICA S.A.,outros,padrao,Serviços Transporte e Logística,Categoria A,BALCÃO ORGANIZADO,consolidado,padrao,dva,22.98675950262147,0.07425214003509639,891912514.6549942,11.75880942050798,67.97235023041475,624338760.2584959,8.231166594355587,0.0,76.036866359447,563206788.7903281,7.425214003509639,-61131971.46816778,75.11520737327189,0.11758809420507982,0.11758809420507982,27.880184331797235,1.0,100.0,1.0,1.0,1.0,0.315668202764977,0.002604717998231898,31.566820276497698,1.0,0.7,0.9020852534562211,267573754.39649832,267573754.39649832,-61131971.46816778,liquido,0.7929232597265057,7585058000.0,655746000.0,34211000.0,978028000.0,4033065000.0,3527000.0,358973000.0,519956255.8726172,27126697.638503484,3197911046.4888797,978028000.0,4377047000.0,5285273000.0,3971728000.0,24732735000.0,3611239000.0,0.476099062129782,155986876.76178515,8680543.244321115,342309800.0,319791104.648888,529050.0,64615140.0,0.02056502096118252,0.0011444267458892358,0.04512949011068867,0.04216066701782478,6.974897225571643e-05,0.008518740397238888,0.17697383649644893,1.3307238058598172,False,True
7510,173.0,ROMI S.A.,industria,cvm,"Máquinas, Equipamentos, Veículos e Peças",Categoria A,BOLSA,consolidado,padrao,dva,22.976956506303537,0.0742207851511823,388213019.74976236,29.261288037627033,48.15668202764977,108699645.52993345,8.19316065053557,232927811.84985742,38.94009216589861,98469606.30949536,7.422078515118229,-10230039.220438093,37.78801843317972,0.29261288037627037,0.29261288037627037,93.54838709677419,0.4,40.0,1.0,0.4,1.0,0.3387096774193548,0.0033281612838570807,33.87096774193548,1.0,0.7,0.9058870967741935,46585562.36997149,279513374.2198289,-10230039.220438093,liquido,0.6990416924158034,1326712000.0,159458000.0,135088000.0,376454000.0,956305000.0,3829000.0,696508000.0,111467790.18923917,94432144.14506605,668497065.6656948,376454000.0,376534000.0,644932000.0,163509000.0,2759061000.0,178239000.0,0.13434641429338093,33440337.05677175,30218286.12642114,131758899.99999999,66849706.566569485,574350.0,125371440.0,0.025205422922813504,0.022776824304311064,0.09931236018065714,0.050387504271137584,0.0004329123426938175,0.09449785635465723,0.13647179239603618,3.9443211077066094,False,True
27499,174.0,BRASIL TECNOLOGIA E PARTICIPAÇÕES S.A.,utilities,cvm,Telecomunicações,Categoria B,BALCÃO ORGANIZADO,consolidado,padrao,dre,22.79095451583039,0.07362585778102627,264773419.94755608,15.091929791972436,36.175115207373274,129738975.77430245,7.395045598066492,79432025.98426683,42.3963133640553,129169499.39446364,7.362585778102629,-569476.3798388094,44.00921658986175,0.15091929791972433,0.15091929791972433,47.004608294930875,0.7,70.0,1.0,0.7,1.0,0.8824884792626728,0.08943801098286845,88.24884792626729,0.9,0.7,0.995610599078341,55602418.18898678,135034444.17325363,-569476.3798388094,liquido,0.7573352771373772,1754404000.0,593760000.0,0.0,300615000.0,645048000.0,0.0,29017000.0,449675394.1530891,0.0,488517605.8469109,300615000.0,620223000.0,2498251000.0,869704000.0,5209568000.0,311600000.0,0.17761017416740957,121412356.42133407,0.0,94693725.0,43966584.52622198,0.0,4700754.0,0.06920433173963013,0.0,0.05397486838835297,0.02506069555599622,0.0,0.0026794022357450164,0.11905459339430832,2.872530194181009,False,True
25070,175.0,PLANO & PLANO DESENVOLVIMENTO IMOBILIÁRIO S.A.,construcao,cvm,"Construção Civil, Mat. Constr. e Decoração",Categoria A,BOLSA,consolidado,padrao,dva,22.733498289929244,0.07344208404136086,458503649.20586485,13.971498650119123,52.995391705069125,272809671.27748954,8.313041696820878,68775547.38087973,59.907834101382484,241015401.29312223,7.344208404136086,-31794269.98436731,58.06451612903226,0.13971498650119124,0.13971498650119124,41.705069124423964,0.85,85.0,1.0,1.0,0.85,0.20276497695852536,0.0010888986422392434,20.276497695852534,0.85,0.7,0.8834562211981567,116918430.54749554,185693977.9283753,-31794269.98436731,liquido,0.9485911223806968,3281707000.0,184729000.0,0.0,125762000.0,2261580000.0,33298000.0,1240575000.0,175232289.44626373,0.0,2145314710.5537362,125762000.0,1093455000.0,-36000.0,537822000.0,4237860000.0,-76132000.0,-0.02319890227860074,44684233.808797255,0.0,37414195.0,182351750.39706758,4245495.0,189807975.0,0.013616155802086308,0.0,0.011400833468679561,0.055566127749085335,0.0012936849633437722,0.05783818451799627,0.25802055754555364,-6.693664446601292e-05,False,True
26328,176.0,AUSTRAVIAS S.A.,outros,padrao,Emp. Adm. Part. - Serviços Transporte e Logística,Categoria B,,consolidado,padrao,dva,22.700916078979013,0.07333786983900109,77407822.27682143,14.966912212041045,15.898617511520738,37929832.9156425,7.333786983900111,23222346.683046434,19.12442396313364,37929832.9156425,7.333786983900111,0.0,20.737327188940093,0.14966912212041042,0.14966912212041042,46.54377880184332,0.7,70.0,1.0,0.7,1.0,0.9953917050691244,0.1614733353968283,99.53917050691244,1.0,0.7,1.0,16255642.678132504,39477989.361178935,0.0,liquido,0.7673675680729714,517193000.0,107592000.0,0.0,89570000.0,277436000.0,0.0,0.0,82562611.38410713,0.0,212895388.6158929,89570000.0,222904000.0,671117000.0,218874000.0,1867382000.0,23162000.0,0.04478405546865483,24768783.415232137,0.0,31349499.999999996,21289538.86158929,0.0,0.0,0.047890793988379844,0.0,0.0606147028285379,0.041163625303492685,0.0,0.0,0.11936711395954336,3.0662253168489633,False,True
20575,177.0,JBS S.A.,industria,cvm,Alimentos,Categoria A,BOLSA,consolidado,padrao,dva,22.546667447174432,0.07284450558716576,73962523910.34122,15.390165003124054,100.0,36241636716.06719,7.541180851530785,22188757173.102367,100.0,35007834452.288635,7.284450558716574,-1233802263.7785568,100.0,0.15390165003124057,0.15390165003124057,49.30875576036866,0.7,70.0,1.0,0.7,1.0,0.7027649769585254,0.034484334289487946,70.27649769585254,1.0,0.7,0.9659562211981567,15532130021.171656,37720887194.274025,-1233802263.7785568,liquido,0.8717587693377209,480583047000.0,12183499000.0,27839066000.0,58676366000.0,417524245000.0,177579000.0,33604062000.0,10621072094.467354,24268949915.67159,363980421989.8611,58676366000.0,25054137000.0,90994591000.0,36223685000.0,247689021000.0,15826300000.0,0.03293145710984682,3186321628.340206,7766063973.014909,20536728100.0,36398042198.98611,26636850.0,6048731160.0,0.00663011658074615,0.01615967109429665,0.04273294330334545,0.07573725795405786,5.542611244045818e-05,0.012586234986353981,0.10115158475272103,2.5120191664652562,False,True
25100,178.0,CURY CONSTRUTORA E INCORPORADORA S.A.,construcao,cvm,"Construção Civil, Mat. Constr. e Decoração",Categoria A,BOLSA,consolidado,padrao,dva,22.247517604546285,0.07188767480968522,649306962.3856463,12.025485725618998,61.05990783410138,454514873.6699524,8.417840007933298,0.0,69.5852534562212,388152036.67160976,7.1887674809685205,-66362836.99834263,67.97235023041475,0.12025485725618999,0.12025485725618999,29.953917050691242,1.0,100.0,1.0,1.0,1.0,0.024193548387096774,0.0,2.4193548387096775,0.85,0.7,0.853991935483871,194792088.71569392,194792088.71569395,-66362836.99834263,liquido,0.9489042948111983,5399424000.0,239339000.0,494891000.0,203722000.0,3252837000.0,0.0,919547000.0,227109805.0158174,469604195.36340874,3086630999.620774,203722000.0,1355394000.0,119493000.0,1302938000.0,5654395000.0,747046000.0,0.13835660989024015,57913000.27903344,127732341.13884719,60607295.0,262363634.96776578,0.0,140690691.0,0.010725773763837298,0.023656660625068004,0.011224770456996895,0.04859104137177702,0.0,0.026056611038510775,0.23970628157389076,0.09171042674325255,False,True
26182,179.0,LABORATÓRIO TEUTO BRASILEIRO S.A.,saude_educacao,cvm,Farmacêutico e Higiene,Categoria A,,individual,padrao,dva,22.24053200435145,0.0718653313673258,375946817.3286375,27.42343819871365,47.004608294930875,105265108.85201849,7.678562695639822,225568090.3971825,37.78801843317972,98519895.31014144,7.186533136732579,-6745213.541877046,38.0184331797235,0.27423438198713657,0.27423438198713657,91.47465437788019,0.4,40.0,1.0,0.4,1.0,0.5207373271889401,0.014198205581712751,52.07373271889401,1.05,0.7,0.9359216589861751,45113618.0794365,270681708.476619,-6745213.541877046,liquido,0.7676760395760078,1370896000.0,56966000.0,144626000.0,309413000.0,1130225000.0,11987000.0,625220000.0,43731433.27048686,111025914.89971972,867646651.8297935,309413000.0,392580000.0,544676000.0,97239000.0,2362214000.0,100889000.0,0.07359347463264901,13775401.480203362,37304707.40630583,113709277.5,91102898.44212832,1887952.5,118166580.0,0.01004846573350813,0.02721191644465067,0.08294522523955136,0.0664550034737342,0.0013771668310360525,0.08619660426465611,0.16619154742119047,5.601415070085048,False,True
21067,180.0,MOURA DUBEUX ENGENHARIA S/A,construcao,cvm,"Construção Civil, Mat. Constr. e Decoração",Categoria A,BOLSA,consolidado,padrao,dva,22.217600028842806,0.07179198344321415,365372032.01240623,15.501978924027965,45.852534562211986,195656723.1426435,8.301309713816973,85862427.52291545,51.843317972350235,169209253.87268224,7.179198344321414,-26447469.269961268,50.69124423963134,0.15501978924027965,0.15501978924027965,50.0,0.765,76.5,0.9,1.0,0.85,0.08986175115207373,0.00013067336292820402,8.986175115207374,0.85,0.7,0.8648271889400921,83852881.34684724,169715308.86976272,-26447469.269961268,liquido,0.8687776394912196,2356938000.0,125664000.0,210670000.0,245453000.0,1534178000.0,0.0,662970000.0,109174073.28902462,183025385.31161523,1332859541.3993602,245453000.0,309111000.0,566879000.0,462664000.0,5568082000.0,-79066000.0,-0.033546066973335745,27839388.68870128,49782904.804759346,73022267.5,113293061.01894562,0.0,101434410.0,0.011811676288770124,0.021121855901495647,0.030981836391114233,0.048067900394047534,0.0,0.04303652026485211,0.055514807432792836,1.225249857347881,False,True
23531,181.0,CLARO TELECOM PARTICIPAÇÕES S.A.,utilities,cvm,Emp. Adm. Part. - Telecomunicações,Categoria A,,consolidado,padrao,dva,22.127201148709013,0.07150284262334312,7380821321.8340225,14.245367724735278,93.77880184331798,3874931193.9628615,7.478818055486021,1845205330.4585056,94.47004608294931,3704711002.2280645,7.1502842623343135,-170220191.734797,94.47004608294931,0.14245367724735275,0.14245367724735275,42.857142857142854,0.75,75.0,0.75,1.0,1.0,0.6428571428571429,0.02737840588904851,64.28571428571429,0.9,0.7,0.9560714285714286,1660684797.4126554,3505890127.871161,-170220191.734797,liquido,0.9001764265055289,51812080000.0,4197739000.0,9201548000.0,4277567000.0,29451984000.0,902912000.0,738623000.0,3778705692.422892,8283016596.959096,26511981710.61801,4277567000.0,1362468000.0,7697202000.0,23392577000.0,107385361000.0,21731950000.0,0.41943789942422693,1020250536.954181,2385508779.92422,1347433605.0,2386078353.9556212,121893120.00000001,119656926.0,0.019691364194492498,0.0460415559445639,0.0260061669981209,0.04605254901859993,0.0023526003974362734,0.002309440694139282,0.012687651159453662,0.3290446366811147,False,True
19348,182.0,ITAU UNIBANCO HOLDING S.A.,financeiro,cvm,Bancos,Categoria A,BOLSA,consolidado,financeiro,dre,22.113385355922958,0.07145865280984748,59108062500.0,15.268745576284234,99.76958525345621,31031732812.499996,8.01609142754922,14777015625.0,99.76958525345621,27662930758.442535,7.145865280984748,-3368802054.057461,99.76958525345621,0.15268745576284232,0.15268745576284232,48.61751152073733,0.75,75.0,0.75,1.0,1.0,0.2511520737327189,0.0015719290097838704,25.115207373271893,1.25,0.7,0.8914400921658986,13299314062.500002,28076329687.500004,-3368802054.057461,liquido,1.0,387118000000.0,79176000000.0,,34287000000.0,,28833000000.0,,79176000000.0,0.0,0.0,34287000000.0,37144000000.0,-37144000000.0,57669000000.0,3066169000000.0,34466000000.0,0.08903228472972065,29691000000.0,0.0,15000562500.0,0.0,14416500000.0,0.0,0.07669754441798109,0.0,0.03874932837016103,0.0,0.03724058297470022,0.0,0.012114139827256749,,False,True
25062,183.0,LAVVI EMPREENDIMENTOS IMOBILIÁRIOS S.A.,construcao,cvm,"Construção Civil, Mat. Constr. e Decoração",Categoria A,BOLSA,consolidado,padrao,dva,21.959640701083064,0.07096690052834355,381398998.84872735,21.653198132888043,47.69585253456221,142967414.71844542,8.116701320113082,177159834.96523386,45.16129032258064,125000956.65682328,7.096690052834355,-17966458.061622143,42.626728110599075,0.2165319813288804,0.2165319813288804,73.963133640553,0.5355,53.55,0.9,0.7,0.85,0.14746543778801843,0.0004817263603481678,14.746543778801843,0.85,0.7,0.8743317972350231,61271749.165048055,238431584.13028193,-17966458.061622143,liquido,0.9662949881612974,1761398000.0,89997000.0,138220000.0,46321000.0,1146089000.0,0.0,1405098000.0,86963650.04955229,133561293.26365453,1107460056.6867933,46321000.0,189277000.0,1123727000.0,483819000.0,4486572000.0,-217346000.0,-0.12339403133193066,22175730.762635835,36328671.76771404,13780497.5,94134104.81837744,0.0,214979994.0,0.012589846680100599,0.020624908037657607,0.00782361368640137,0.05344283621213231,0.0,0.12205077671258852,0.04218744288512477,2.3226185825691013,False,True
20877,184.0,HELBOR EMPREENDIMENTOS S.A.,construcao,cvm,"Construção Civil, Mat. Constr. e Decoração",Categoria A,BOLSA,consolidado,padrao,dva,21.918764397463995,0.07083615767042073,441112080.11702895,39.08967073034174,52.30414746543779,92633536.82457608,8.208830853371763,308778456.08192027,35.25345622119816,79935912.15707831,7.0836157670420725,-12697624.667497769,33.87096774193548,0.39089670730341736,0.39089670730341736,98.15668202764977,0.30000000000000004,30.000000000000004,0.75,0.4,1.0,0.07834101382488479,9.448775259982153e-05,7.834101382488479,0.85,0.7,0.862926267281106,39700087.21053261,348478543.2924529,-12697624.667497769,liquido,0.9389313743200658,1128462000.0,121714000.0,96271000.0,60850000.0,778435000.0,0.0,2007547000.0,114281093.29399249,90391862.33716705,730897044.3688405,60850000.0,110290000.0,1754521000.0,139593000.0,6568047000.0,30739000.0,0.027239729826968033,29141678.789968085,24586586.55570944,18102875.0,62126248.77135144,0.0,307154691.0,0.025824244671037295,0.021787695603138996,0.016042077624235464,0.05505391299959719,0.0,0.2721887764054084,0.016791901763187747,12.56883224803536,False,True
23590,185.0,WIZ CO PARTICIPAÇÕES E CORRETAGEM DE SEGUROS S.A.,financeiro,cvm,Seguradoras e Corretoras,Categoria A,BOLSA,consolidado,padrao,dva,21.690442852443077,0.07010587120421828,184675289.55602166,13.353499276993958,29.262672811059907,96954527.01691136,7.010587120421826,46168822.389005415,36.175115207373274,96954527.01691136,7.010587120421826,0.0,36.86635944700461,0.1335349927699396,0.1335349927699396,38.0184331797235,0.75,75.0,0.75,1.0,1.0,0.9493087557603687,0.11809786196812654,94.93087557603687,1.25,0.7,1.0,41551940.15010488,87720762.5391103,0.0,liquido,0.6727393229621861,1382973000.0,151566000.0,0.0,224671000.0,534954000.0,6319000.0,0.0,101964408.2240867,0.0,359884591.7759133,224671000.0,19174000.0,369413000.0,728355000.0,2434061000.0,518243000.0,0.37473110465641774,38236653.08403251,0.0,98293562.5,44985573.97198916,3159500.0,0.0,0.027648155881591696,0.0,0.07107410086820205,0.032528165027075125,0.002284570993070725,0.0,0.007877370369929103,0.5071881156853457,False,True
27057,186.0,VITRU EDUCAÇÃO S.A.,saude_educacao,cvm,Educação,Categoria A,,consolidado,padrao,dva,21.528756202565162,0.06958871645143035,427772349.3433046,18.935705156851803,51.61290322580645,157206338.3836644,6.958871645143036,203191865.9380697,47.926267281105986,157206338.3836644,6.958871645143036,0.0,48.8479262672811,0.189357051568518,0.189357051568518,66.58986175115207,0.5249999999999999,52.49999999999999,0.75,0.7,1.0,0.9769585253456221,0.1353745743175296,97.6958525345622,1.05,0.7,1.0,67374145.02157047,270566010.95964015,0.0,liquido,0.5992315881989247,2259078000.0,257623000.0,408815000.0,578195000.0,776278000.0,225415000.0,0.0,154375839.4465716,244974861.72954342,465170298.8238849,578195000.0,69510000.0,2281184000.0,812553000.0,6093744000.0,374968000.0,0.16598275933810164,48628389.42567005,82311553.5411266,212486662.5,48842881.37650792,35502862.5,0.0,0.021525768222996306,0.03643590594973994,0.09405901987447976,0.02162071490072849,0.015715642620573525,0.0,0.011406780462060763,2.8074279462385836,False,True
25909,187.0,EMCCAMP RESIDENCIAL S.A.,construcao,cvm,"Construção Civil, Mat. Constr. e Decoração",Categoria A,BALCÃO ORGANIZADO,consolidado,padrao,dva,21.41287635445542,0.06921807475499128,115033517.05589974,13.311137256378775,21.19815668202765,68444942.64826034,7.920126667545372,17255027.558384962,28.341013824884794,59817568.02251591,6.921807475499127,-8627374.625744432,27.64976958525346,0.13311137256378777,0.13311137256378777,37.327188940092164,0.85,85.0,1.0,1.0,0.85,0.14516129032258066,0.000459489795415291,14.516129032258066,0.85,0.7,0.8739516129032258,29333546.849254437,46588574.4076394,-8627374.625744432,liquido,0.8583488065943904,864190000.0,58505000.0,114643000.0,106956000.0,581918000.0,9304000.0,0.0,50217696.92980481,98403682.2344007,499488620.83579445,106956000.0,239829000.0,64788000.0,123291000.0,1217002000.0,-126012000.0,-0.14581515638921996,12805512.717100227,26765801.56775699,31819410.0,42456532.77104253,1186260.0,0.0,0.014817936700378653,0.030972125999788234,0.03681992385933649,0.049128701756607385,0.0013726842476770155,0.0,0.19706541156053975,0.5254884784777478,False,True
27251,188.0,INSPIRALI EDUCAÇÃO S.A.,saude_educacao,cvm,Educação,Categoria B,,consolidado,padrao,dva,21.14033113175146,0.06834633885485712,628829463.9969696,18.597643225811467,60.13824884792627,231094828.0188863,6.834633885485713,298693995.3985606,55.99078341013824,231094828.0188863,6.834633885485713,0.0,56.68202764976959,0.18597643225811467,0.18597643225811467,65.89861751152074,0.5249999999999999,52.49999999999999,0.75,0.7,1.0,0.9400921658986175,0.11396561583418983,94.00921658986175,1.05,0.7,1.0,99040640.57952271,397734635.97808325,0.0,liquido,0.6055071327508983,3381232000.0,818120000.0,226629000.0,888594000.0,1207748000.0,148146000.0,0.0,495377495.4461649,137225475.98820332,731300028.5656319,888594000.0,110412000.0,2758094000.0,1272169000.0,7851870000.0,784969000.0,0.2321547294004079,156043911.06554195,46107759.93203632,326558295.0,76786502.99939135,23332995.0,0.0,0.04615001604904424,0.013636378672636576,0.09657967717092468,0.022709622705390033,0.006900737660119152,0.0,0.014061873158878076,2.168024845755556,False,True
21733,189.0,CIELO S.A. -  INSTITUIÇÃO DE PAGAMENTO,financeiro,cvm,Intermediação Financeira,Categoria B,BOLSA,consolidado,padrao,dva,20.76846418021131,0.06715692240310331,2141246504.2553773,19.55690760470968,83.6405529953917,786908090.313851,7.187163544730805,1017092089.5213044,81.33640552995391,735287644.850175,6.71569224031033,-51620445.463675976,80.87557603686636,0.19556907604709678,0.19556907604709678,68.4331797235023,0.5249999999999999,52.49999999999999,0.75,0.7,1.0,0.511520737327189,0.013736570906118826,51.1520737327189,1.25,0.7,0.9344009216589861,337246324.4202219,1354338413.9415264,-51620445.463675976,liquido,0.8121165047334717,10948799000.0,2074733000.0,302914000.0,1689870000.0,6616597000.0,0.0,0.0,1684924912.21519,246001458.91483486,5373447628.869975,1689870000.0,2804916000.0,7287189000.0,3210341000.0,118656833000.0,5520284000.0,0.5041908249480148,631846842.0806962,98400583.56593394,739318125.0,671680953.6087469,0.0,0.0,0.0577092375228275,0.008987340398333548,0.0675250431577016,0.061347454968234134,0.0,0.0,0.02363889149139856,2.2699112025794146,False,True
26980,190.0,BORRACHAS VIPAL S.A.,commodities,cvm,Petroquímicos e Borracha,Categoria A,BALCÃO ORGANIZADO,consolidado,padrao,dva,20.271361258081345,0.06556693869697544,412211504.3180297,14.569386421089808,49.53917050691244,201983637.11583453,7.138999346334004,123663451.29540893,52.53456221198156,185508474.08841395,6.556693869697545,-16475163.02742058,52.07373271889401,0.14569386421089806,0.14569386421089806,44.23963133640553,0.7,70.0,1.0,0.7,1.0,0.4147465437788018,0.006401551891367605,41.474654377880185,0.75,0.7,0.9184331797235024,86564415.90678625,210227867.20219517,-16475163.02742058,liquido,0.8296720816924319,2829299000.0,276355000.0,247899000.0,416114000.0,1918763000.0,742000.0,611492000.0,229284028.136112,205674879.37947217,1591944092.4844158,416114000.0,427524000.0,892858000.0,443111000.0,2897110000.0,492520000.0,0.17407845547607376,51588906.3306252,49361971.05107332,109229924.99999999,119395806.9363312,83474.99999999999,82551420.0,0.01823381209643279,0.017446714204145026,0.03860670964786683,0.04219978409363281,2.950377460989453e-05,0.029177340394210723,0.1475691292356866,2.014975931538599,False,True
1023,191.0,BCO BRASIL S.A.,financeiro,cvm,Bancos,Categoria A,BOLSA,consolidado,financeiro,dre,20.149185537327405,0.06517615965176113,49855418750.0,14.076433965266972,99.53917050691244,26174094843.75,7.39012783176516,12463854687.5,99.53917050691244,23083863000.907257,6.517615965176112,-3090231842.842743,99.53917050691244,0.1407643396526697,0.1407643396526697,42.16589861751152,0.75,75.0,0.75,1.0,1.0,0.1935483870967742,0.0009818692237426035,19.35483870967742,1.25,0.7,0.8819354838709678,11217469218.750002,23681323906.25,-3090231842.842743,liquido,1.0,354176483000.0,9455529000.0,,29698178000.0,,66633285000.0,,9455529000.0,0.0,0.0,29698178000.0,59635525000.0,-59635525000.0,11591912000.0,2455143253000.0,159254089000.0,0.4496461415254383,3545823375.0,0.0,12992952875.0,0.0,33316642500.0,0.0,0.010011459103567866,0.0,0.03668496780177243,0.0,0.09406791274732941,0.0,0.024290038850942764,,False,True
20532,192.0,BCO SANTANDER (BRASIL) S.A.,financeiro,cvm,Bancos,Categoria A,BOLSA,consolidado,financeiro,dre,20.062380864671276,0.06489851490457751,21980097375.0,13.52666002415009,97.92626728110599,11539551121.875,7.101496512678797,5495024343.75,98.15668202764977,10545660751.055443,6.489851490457752,-993890370.8195572,97.92626728110599,0.1352666002415009,0.1352666002415009,39.40092165898618,0.75,75.0,0.75,1.0,1.0,0.3870967741935484,0.005232474350506507,38.70967741935484,1.25,0.7,0.9138709677419354,4945521909.375001,10440546253.125,-993890370.8195572,liquido,1.0,162494639000.0,46568217000.0,,10324608000.0,,0.0,,46568217000.0,0.0,0.0,10324608000.0,20232729000.0,-20232729000.0,19354777000.0,1270029465000.0,4992174000.0,0.030722084314424674,17463081375.0,0.0,4517016000.0,0.0,0.0,0.0,0.10746866162766146,0.0,0.02779793861383944,0.0,0.0,0.0,0.015930913067438164,,False,True
8745,193.0,METANOR SA METANOL DO NE,commodities,cvm,Petroquímicos e Borracha,Categoria A,,consolidado,padrao,dva,20.054338568554332,0.06487279162029062,46572262.24813308,10.664491794930452,9.44700460829493,32600583.573693153,7.465144256451316,0.0,17.51152073732719,28330207.591747403,6.487279162029064,-4270375.981945749,16.82027649769585,0.1066449179493045,0.1066449179493045,23.502304147465438,1.0,100.0,1.0,1.0,1.0,0.1152073732718894,0.0002751031636863824,11.52073732718894,0.75,0.7,0.8690092165898617,13971678.674439926,13971678.674439926,-4270375.981945749,liquido,0.9436130358220719,436704000.0,20975000.0,30284000.0,22607000.0,349667000.0,4000.0,33923000.0,19792283.426367957,28576377.176835626,329950339.3967964,22607000.0,52691000.0,-52691000.0,31200000.0,177388000.0,35009000.0,0.08016642851908845,4453263.77093279,6858330.52244055,5934337.499999999,24746275.454759736,449.99999999999994,4579605.0,0.01019744213685423,0.015704757736225337,0.013588924076720155,0.056666015092052595,1.0304462519234996e-06,0.010486748461200264,0.2970381311024421,-1.6888141025641026,False,True
25550,194.0,ORIZON VALORIZAÇÃO DE RESÍDUOS S.A.,utilities,cvm,"Saneamento, Serv. Água e Gás",Categoria A,BOLSA,consolidado,padrao,dva,19.976669139878183,0.06462436595115514,145527017.57546926,13.855229504300443,24.65437788018433,71308238.61197993,6.789062457107216,43658105.27264078,29.723502304147466,67877556.5331363,6.4624365951155145,-3430682.0788436383,30.64516129032258,0.13855229504300443,0.13855229504300443,41.244239631336406,0.7,70.0,1.0,0.7,1.0,0.6175115207373272,0.022869319471954114,61.75115207373272,0.9,0.7,0.951889400921659,30560673.690848548,74218778.96348932,-3430682.0788436383,liquido,0.6975293969231995,1050340000.0,187978000.0,0.0,227777000.0,565077000.0,21486000.0,0.0,131120180.9748292,0.0,394157819.0251708,227777000.0,851334000.0,1271078000.0,491129000.0,4293945000.0,242883000.0,0.23124226440961973,35402448.86320388,0.0,71749755.0,35474203.71226538,2900610.0,0.0,0.03370570373707931,0.0,0.06831098025401298,0.03377401956725001,0.00276159148466211,0.0,0.19826383430621491,2.5880736018439148,False,True
1120,195.0,BCO ESTADO DE SERGIPE S.A. - BANESE,financeiro,cvm,Bancos,Categoria A,BOLSA,individual,financeiro,dre,19.969894888800646,0.06460269850895152,278821750.0,13.946568501421059,38.0184331797235,146381418.75,7.321948463246056,69705437.5,45.852534562211986,129154619.296875,6.460269850895152,-17226799.453125,43.77880184331797,0.13946568501421058,0.13946568501421058,41.474654377880185,0.75,75.0,0.75,1.0,1.0,0.195852534562212,0.0009880592261629652,19.5852534562212,1.25,0.7,0.882315668202765,62734893.75000001,132440331.25,-17226799.453125,liquido,1.0,1999214000.0,209669000.0,,264690000.0,,168788000.0,,209669000.0,0.0,0.0,264690000.0,91307000.0,-91307000.0,268542000.0,12754701000.0,1254772000.0,0.6276326596352366,78625875.0,0.0,115801875.0,0.0,84394000.0,0.0,0.03932839355866856,0.0,0.05792370151469528,0.0,0.04221358994084675,0.0,0.007158693880789522,,False,True
18589,196.0,INVESTCO S.A.,utilities,cvm,Energia Elétrica,Categoria A,,individual,padrao,dva,19.798040758712133,0.06405302307051168,15283477.678756477,9.69032119069768,2.3041474654377883,10698434.375129534,6.783224833488378,0.0,8.294930875576037,10102378.74565803,6.405302307051168,-596055.6294715032,8.986175115207374,0.09690321190697683,0.09690321190697683,19.81566820276498,1.0,100.0,1.0,1.0,1.0,0.5714285714285714,0.018701866257036792,57.14285714285714,0.9,0.7,0.9442857142857143,4585043.303626944,4585043.303626943,-596055.6294715032,liquido,0.7823834196891192,157719000.0,10921000.0,0.0,19404000.0,78245000.0,0.0,8362000.0,8544409.32642487,0.0,61217590.67357513,19404000.0,305814000.0,-192454000.0,120426000.0,1343652000.0,118933000.0,0.7540816261832753,2306990.518134715,0.0,6112260.0,5509583.160621762,0.0,1354644.0,0.014627220044095607,0.0,0.038754113328134214,0.03493290700943933,0.0,0.008588971525307668,0.2275991104839646,-1.598110042681813,False,True
5312,197.0,MUNDIAL S.A. - PRODUTOS DE CONSUMO,industria,cvm,Têxtil e Vestuário,Categoria A,BOLSA,consolidado,padrao,dva,19.67898025617527,0.06367220805082544,227436233.72021317,22.322881697781533,33.17972350230415,71045393.50835156,6.973110170344503,125942814.42256807,29.493087557603687,64872301.82816738,6.3672208050825425,-6173091.6801841855,29.493087557603687,0.2232288169778153,0.2232288169778153,76.26728110599078,0.4462499999999999,44.62499999999999,0.75,0.7,0.85,0.3824884792626728,0.005055142063649853,38.24884792626728,1.0,0.7,0.913110599078341,30448025.789293535,156390840.2118616,-6173091.6801841855,liquido,0.7773986271628763,1018848000.0,62967000.0,219794000.0,203008000.0,629219000.0,3846000.0,208491000.0,48950459.356564835,170867553.85863724,489153986.7847979,203008000.0,2929000.0,539581000.0,159798000.0,1453609000.0,-9654000.0,-0.009475407519080372,14685137.80696945,54677617.23476392,71052800.0,48915398.67847979,576900.0,37528380.0,0.014413472674009716,0.05366611823821013,0.06973837117999937,0.048010496834149735,0.0005662277395646849,0.03683413031188165,0.0020149847723837703,3.3766442633825204,False,True
20745,198.0,SLC AGRICOLA S.A.,commodities,cvm,"Agricultura (Açúcar, Álcool e Cana)",Categoria A,BOLSA,consolidado,padrao,dva,19.53475321827237,0.06321089786728011,1383363587.251606,14.174948794560772,76.036866359447,677848157.7532868,6.9457249093347775,415009076.17548186,77.18894009216591,616888679.4189302,6.321089786728011,-60959478.334356666,77.18894009216591,0.1417494879456077,0.1417494879456077,42.626728110599075,0.7,70.0,1.0,0.7,1.0,0.3640552995391705,0.004437312360295223,36.405529953917046,0.75,0.7,0.9100691244239631,290506353.3228373,705515429.4983191,-60959478.334356666,liquido,0.8929572844521044,9759214000.0,341353000.0,632312000.0,835356000.0,6830285000.0,0.0,3722611000.0,304813647.9195792,564627606.4464791,6099152745.633942,835356000.0,2647586000.0,5080698000.0,2193133000.0,21341432000.0,1808281000.0,0.18528961451198836,68583070.78190531,135510625.54715496,219280949.99999997,457436455.9225457,0.0,502552485.00000006,0.007027519919319867,0.013885403634673343,0.022469119951668233,0.04687226409038123,0.0,0.051495180349565045,0.12405849804268054,2.3166392553483988,False,True
906,199.0,BCO BRADESCO S.A.,financeiro,cvm,Bancos,Categoria A,BOLSA,consolidado,financeiro,dre,19.449742035222158,0.062938989596636,30128511500.0,10.000941489271584,98.61751152073732,21089958050.0,7.000659042490108,0.0,99.07834101382488,18960795580.044353,6.293898959663601,-2129162469.9556465,99.07834101382488,0.10000941489271584,0.10000941489271584,20.737327188940093,1.0,100.0,1.0,1.0,1.0,0.29723502304147464,0.002209102552059796,29.723502304147466,1.25,0.7,0.8990437788018433,9038553450.000002,9038553450.0,-2129162469.9556465,liquido,1.0,301256752000.0,16072374000.0,,21251180000.0,,29607960000.0,,16072374000.0,0.0,0.0,21251180000.0,193516834000.0,-193516834000.0,28087851000.0,2330327216000.0,-62534000000.0,-0.20757709025555715,6027140250.0,0.0,9297391250.0,0.0,14803980000.0,0.0,0.020006656149569056,0.0,0.030862017824583064,0.0,0.04914074091856371,0.0,0.08304277299398798,,False,True
25585,200.0,CSN MINERAÇÃO S.A.,commodities,cvm,Extração Mineral,Categoria A,BOLSA,consolidado,padrao,dva,19.445358810493406,0.0629249698522556,1696802242.098062,9.41354147968306,79.72350230414746,1187761569.4686434,6.589479035778142,0.0,85.9447004608295,1134230195.5082593,6.29249698522556,-53531373.96038413,86.17511520737328,0.09413541479683059,0.09413541479683059,17.28110599078341,1.0,100.0,1.0,1.0,1.0,0.6359447004608295,0.025818435913861217,63.594470046082954,0.75,0.7,0.9549308755760368,509040672.6294187,509040672.6294186,-53531373.96038413,liquido,0.9321170415000956,18025121000.0,183810000.0,2812475000.0,872083000.0,9850577000.0,742000.0,825422000.0,171332433.39813256,2621555876.292981,9181890690.308887,872083000.0,8871892000.0,314525000.0,6287137000.0,33553574000.0,1894347000.0,0.10509482848963954,38549797.514579825,629173410.3103155,228921787.49999997,688641801.7731667,83474.99999999999,111431970.0,0.002138670664933668,0.0349053640366861,0.01270015260923907,0.038204559169015655,4.6310368734834005e-06,0.006182037280082614,0.2644097466338459,0.05002674508285727,False,True
27600,201.0,PORTO SERVIÇO S.A,outros,padrao,Emp. Adm. Part. - Sem Setor Principal,Categoria A,,consolidado,padrao,dva,19.429913447081404,0.06287556785708108,280151585.5220227,12.112353299198844,38.47926267281106,147079582.39906192,6.358985482079392,70037896.38050568,46.08294930875576,145427478.79492497,6.287556785708108,-1652103.6041369438,47.235023041474655,0.12112353299198843,0.12112353299198843,30.64516129032258,0.75,75.0,0.75,1.0,1.0,0.8410138248847926,0.07427775144186677,84.10138248847926,1.0,0.7,0.9887672811059908,63034106.742455125,133072003.1229608,-1652103.6041369438,liquido,0.9288571377565326,2312941000.0,300502000.0,0.0,135494000.0,1604032000.0,0.0,0.0,279123427.61011356,0.0,1489916572.3898864,135494000.0,41361000.0,-41361000.0,431937000.0,1710803000.0,109824000.0,0.04748240443660258,83737028.28303407,0.0,47422900.0,148991657.23898864,0.0,0.0,0.03620370268114667,0.0,0.02050328996718896,0.0644165403436528,0.0,0.0,0.024176366302841413,-0.09575702012098987,False,True
21881,202.0,FLEURY S.A.,saude_educacao,cvm,Serviços Médicos,Categoria A,BOLSA,consolidado,padrao,dva,19.429492763594073,0.06287422230093864,1423131347.4099438,17.16439643237772,76.26728110599078,523000770.17315423,6.307915688898811,675987390.0197234,72.58064516129032,521301620.205541,6.287422230093864,-1699149.9676132202,73.27188940092167,0.1716439643237772,0.1716439643237772,58.06451612903226,0.5249999999999999,52.49999999999999,0.75,0.7,1.0,0.8894009216589862,0.09046020337686655,88.94009216589862,1.05,0.7,0.9967511520737328,224143187.21706617,900130577.2367896,-1699149.9676132202,liquido,0.743971878845687,8291182000.0,793074000.0,167011000.0,1803777000.0,6085145000.0,146862000.0,180702000.0,590024753.8436644,124251487.45789704,4527176758.698439,1803777000.0,21772000.0,5249671000.0,2121459000.0,13220481000.0,2133775000.0,0.25735474145905857,185857797.46075428,41748499.78585341,662888047.5,475353559.6633361,23130765.0,34152678.0,0.022416321033690283,0.005035289273091992,0.07995097050094907,0.05733242373202472,0.002789803070298059,0.0041191567137230855,0.0016468387194081668,2.4745568969280103,False,True
22357,203.0,ALLOS S.A.,varejo,cvm,Emp. Adm. Part. - Comércio (Atacado e Varejo),Categoria A,BOLSA,consolidado,padrao,dva,19.42891924389316,0.06287238789816409,373734628.78653413,13.071730421556044,46.774193548387096,196210680.11293042,6.862658471316922,93433657.19663353,52.07373271889401,179758821.47396836,6.28723878981641,-16451858.63896206,51.382488479262676,0.13071730421556044,0.13071730421556044,35.944700460829495,0.75,75.0,0.75,1.0,1.0,0.4009216589861751,0.006128289997719412,40.09216589861751,1.1,0.7,0.9161520737327189,84090291.4769702,177523948.6736037,-16451858.63896206,liquido,0.7732435393412591,2859106000.0,692505000.0,0.0,326403000.0,746938000.0,47458000.0,0.0,535475017.21151865,0.0,577564982.7884814,326403000.0,60570000.0,-60570000.0,2174185000.0,26006439000.0,1726228000.0,0.6037649531007245,176706755.67980117,0.0,125665155.0,63532148.10673296,7830570.0,0.0,0.061804898342279424,0.0,0.04395260441550611,0.022220983799387976,0.0027388176583869224,0.0,0.0023290385892509157,-0.027858714874769167,False,True
22675,204.0,HIDROVIAS DO BRASIL S.A.,outros,padrao,Serviços Transporte e Logística,Categoria A,BOLSA,consolidado,padrao,dre,19.40184928383356,0.06278580463038551,321310092.3980975,14.337166381230704,43.08755760368664,157441945.27506778,7.025211526803045,96393027.71942927,48.15668202764977,140709203.97135234,6.27858046303855,-16732741.303715438,46.31336405529954,0.14337166381230707,0.14337166381230707,43.54838709677419,0.7,70.0,1.0,0.7,1.0,0.26497695852534564,0.0018808109619583347,26.497695852534562,1.0,0.7,0.893721198156682,67475119.40360048,163868147.12302974,-16732741.303715438,liquido,0.7951314599992905,2241099000.0,301368000.0,537000.0,334949000.0,1333041000.0,537000.0,144324000.0,239627177.83706617,426985.594019619,1059942836.5689142,334949000.0,1083247000.0,2644890000.0,942276000.0,6487308000.0,1055645000.0,0.4710389857833143,71888153.35111985,136635.3900862781,117232150.0,105994283.65689142,80550.0,25978320.0,0.03207718773294703,6.096802956329822e-05,0.05231011659904359,0.04729567219337094,3.5942187292930835e-05,0.011591777070089272,0.16697943122170245,2.8069164448632886,False,True
22560,205.0,INBRANDS S.A.,industria,cvm,Têxtil e Vestuário,Categoria A,BALCÃO ORGANIZADO,consolidado,padrao,dva,19.362031342746977,0.06265844694504348,129394847.21482629,30.083779271782262,23.502304147465438,27172917.91511352,6.3175936470742755,90576393.0503784,15.898617511520738,26950337.90776737,6.265844694504347,-222580.00734614953,16.129032258064516,0.3008377927178226,0.3008377927178226,94.23963133640552,0.30000000000000004,30.000000000000004,0.75,0.4,1.0,0.8594470046082949,0.07927851248582647,85.9447004608295,1.0,0.7,0.9918087557603686,11645536.249334369,102221929.29971276,-222580.00734614953,liquido,0.7771203618917925,430115000.0,50682000.0,216812000.0,85434000.0,115825000.0,2366000.0,135582000.0,39386014.18139982,168489019.9024833,90009965.91611686,85434000.0,1967000.0,668965000.0,52309000.0,1029207000.0,128440000.0,0.2986178115155249,11815804.254419947,53916486.368794665,29901899.999999996,9000996.591611687,354900.0,24404760.0,0.027471267578252204,0.12535365278773042,0.06952070957767108,0.020926953469680636,0.000825128163398161,0.056740081141090165,0.001911180161036604,12.788717046779713,False,True
21431,206.0,HYPERA S.A.,saude_educacao,cvm,Farmacêutico e Higiene,Categoria A,BOLSA,consolidado,padrao,dva,19.273822676083554,0.06237631152300017,1907580233.865736,24.776481813083382,81.10599078341014,480710218.9341655,6.243673416897011,1220851349.6740708,70.50691244239631,480245015.49648726,6.237631152300015,-465203.4376782179,71.6589861751152,0.24776481813083384,0.24776481813083384,83.87096774193549,0.36000000000000004,36.00000000000001,0.9,0.4,1.0,0.9032258064516129,0.09584997283568283,90.32258064516128,1.05,0.7,0.9990322580645161,206018665.25749955,1426870014.9315705,-465203.4376782179,liquido,0.7286132460220952,7699157000.0,331609000.0,2463727000.0,1614476000.0,3153650000.0,4853000.0,2079176000.0,241614709.90014097,1795104126.7822785,2297791163.3175807,1614476000.0,1645541000.0,7665922000.0,2081499000.0,25158004000.0,2574431000.0,0.33437829622126164,76108633.6185444,603154986.5988456,593319930.0,241268072.148346,764347.5,392964264.0,0.009885320382289179,0.07834039318835109,0.07706297325798137,0.031336946648619586,9.927677796413296e-05,0.05103990787562847,0.0654082493984817,3.6828852668197296,False,True
19763,207.0,EDP - ENERGIAS DO BRASIL S.A.,utilities,cvm,Energia Elétrica,Categoria B,BOLSA,consolidado,padrao,dva,19.272154127016517,0.0623709746687767,1854320230.5159495,9.191605689106881,80.4147465437788,1298024161.3611646,6.434123982374816,0.0,86.8663594470046,1258275909.9683309,6.237097466877671,-39748251.39283371,87.32718894009217,0.0919160568910688,0.0919160568910688,15.898617511520738,1.0,100.0,1.0,1.0,1.0,0.7235023041474654,0.03865849885176268,72.35023041474655,0.9,0.7,0.9693778801843318,556296069.1547849,556296069.1547849,-39748251.39283371,liquido,0.9642073531723784,20174062000.0,784492000.0,218478000.0,588738000.0,15445604000.0,218478000.0,210638000.0,756412954.9049054,210658094.1063949,14892764950.9887,588738000.0,5454082000.0,9466051000.0,4860492000.0,41649491000.0,2613697000.0,0.12955729986355746,204231497.8243245,60669531.10264173,185452470.0,1340348845.5889833,29494530.000000004,34123356.0,0.010123469325330935,0.0030073036903843033,0.009192619215703808,0.06643921514611104,0.001462002545644997,0.0016914469678937242,0.13095194848839808,1.947549959962901,False,True
25984,208.0,COMPANHIA BRASILEIRA DE ALUMÍNIO,commodities,cvm,Extração Mineral,Categoria A,BOLSA,consolidado,padrao,dva,18.906200319626866,0.06120047140870358,1179093142.381764,13.41586501977192,73.50230414746544,577755639.7670642,6.57377385968824,353727942.7145292,74.42396313364056,537878519.5153997,6.120047140870357,-39877120.25166452,74.65437788018433,0.13415865019771922,0.13415865019771922,38.47926267281106,0.7,70.0,1.0,0.7,1.0,0.49078341013824883,0.012499269655712839,49.07834101382488,0.75,0.7,0.9309792626728111,247609559.90017045,601337502.6146997,-39877120.25166452,liquido,0.8806261478760503,8788797000.0,460875000.0,51773000.0,1021820000.0,8047183000.0,7903000.0,2046103000.0,405858575.9023747,45592657.55398675,7086559766.543638,1021820000.0,1268235000.0,3226694000.0,1337042000.0,13966016000.0,856126000.0,0.09741105637096863,91318179.5780343,10942237.81295682,268227749.99999994,531491982.49077296,889087.4999999999,276223905.0,0.010390293413084215,0.0012450211118719458,0.030519279259721206,0.06047380346716086,0.00010116145588525937,0.03142909148999573,0.09080864578703046,2.4133078841203193,False,True
26603,209.0,GSH CORP PARTICIPAÇÕES S.A.,saude_educacao,cvm,Serviços Médicos,Categoria A,,consolidado,padrao,dva,18.900002769716544,0.06118064854519453,159490875.8915687,22.158096419153566,25.806451612903224,44657445.249639235,6.204266997362999,95694525.53494121,22.350230414746544,44036974.293751396,6.118064854519454,-620470.9558878392,23.27188940092166,0.22158096419153567,0.22158096419153567,75.57603686635944,0.4,40.0,1.0,0.4,1.0,0.8248847926267281,0.06951111095646607,82.48847926267281,1.05,0.7,0.9861059907834102,19138905.106988247,114833430.64192945,-620470.9558878392,liquido,0.7695900130919151,719786000.0,200003000.0,0.0,149243000.0,447725000.0,83318000.0,36282000.0,153920311.3884223,0.0,344564688.6115777,149243000.0,190977000.0,638714000.0,136335000.0,1149586000.0,30017000.0,0.041702672738841824,48484898.08735303,0.0,54846802.5,36179292.30421566,13122585.0,6857298.0,0.06736015716803749,0.0,0.07619876254886869,0.05026395665408283,0.018231231227059153,0.00952685659348751,0.16612676215611533,4.684886492830161,False,True
24902,210.0,MITRE REALTY EMPREENDIMENTOS E PARTICIPAÇÕES S.A.,construcao,cvm,"Construção Civil, Mat. Constr. e Decoração",Categoria A,BOLSA,consolidado,padrao,dva,18.827144732912696,0.06094761211305645,256713342.3813929,24.33477126137929,35.25345622119816,71879735.86679001,6.813735953186202,154028005.42883572,29.953917050691242,64295098.76075395,6.094761211305643,-7584637.10603606,29.262672811059907,0.24334771261379295,0.24334771261379295,82.25806451612904,0.4,40.0,1.0,0.4,1.0,0.2695852534562212,0.0019474080698228089,26.95852534562212,0.85,0.7,0.8944815668202765,30805601.085767154,184833606.5146029,-7584637.10603606,liquido,0.9681129089678135,1054924000.0,99645000.0,89132000.0,30991000.0,783121000.0,0.0,882227000.0,96467610.81409778,86289839.80211915,758149549.3837831,30991000.0,206924000.0,467923000.0,120017000.0,2384092000.0,35244000.0,0.033409041788792365,24599240.757594932,23470836.42617641,9219822.5,64442711.69762157,0.0,134980731.0,0.023318495699780208,0.022248841078766256,0.008739797843256954,0.061087539668849666,0.0,0.12795303832313987,0.08679363044714718,3.8988060024829814,False,True
27049,211.0,ORIZON MEIO AMBIENTE S.A.,utilities,cvm,"Saneamento, Serv. Água e Gás",Categoria B,,consolidado,padrao,dva,18.75223735887855,0.06070802087574728,125528510.97839114,14.313121750022079,22.811059907834103,55358073.341470495,6.312086691759737,46445549.06200472,24.65437788018433,53241966.34438525,6.070802087574728,-2116106.9970852435,25.34562211981567,0.14313121750022081,0.14313121750022081,43.31797235023041,0.63,63.0,0.9,0.7,1.0,0.6774193548387096,0.03127244623962228,67.74193548387096,0.9,0.7,0.9617741935483871,23724888.57491593,70170437.63692065,-2116106.9970852435,liquido,0.7092500135507067,877017000.0,151034000.0,0.0,193108000.0,513138000.0,22385000.0,0.0,107120866.54661743,0.0,363943133.45338255,193108000.0,202332000.0,1302784000.0,383852000.0,2983796000.0,73304000.0,0.08358332848736114,28922633.967586707,0.0,60829020.0,32754882.010804433,3021975.0,0.0,0.032978418853439224,0.0,0.06935899760209893,0.03734805825976513,0.0034457427849175102,0.0,0.06781026584927388,3.393974761105843,False,True
9415,212.0,SAO PAULO TURISMO S.A.,outros,padrao,Emp. Adm. Part. - Hospedagem e Turismo,Categoria A,BOLSA,individual,padrao,dva,18.70366396396124,0.060552658871156934,67939668.997782,11.916877706311206,14.055299539170507,40424103.05368029,7.0905422352551675,10190950.349667303,20.506912442396313,34521858.00701189,6.055265887115692,-5902245.046668403,19.12442396313364,0.11916877706311206,0.11916877706311206,29.03225806451613,0.85,85.0,1.0,1.0,0.85,0.024193548387096774,0.0,2.4193548387096775,1.0,0.7,0.853991935483871,17324615.594434414,27515565.944101714,-5902245.046668403,liquido,0.9679008788891167,570113000.0,48799000.0,0.0,17381000.0,492680000.0,0.0,0.0,47232594.988910004,0.0,476865405.01109004,17381000.0,69630000.0,-66902000.0,35574000.0,574847000.0,-15321000.0,-0.02687361979116421,14169778.496673001,0.0,6083350.0,47686540.501109004,0.0,0.0,0.0248543332579208,0.0,0.010670428494000312,0.08364401531119095,0.0,0.0,0.12112788272357689,-1.880643166357452,False,True
25860,213.0,BRBI BR PARTNERS S.A,financeiro,cvm,Emp. Adm. Part. - Bancos,Categoria A,,consolidado,padrao,dva,18.686230322805294,0.06049689736957963,125273312.5,39.17190294680492,22.58064516129032,22361286.28125,6.992184676004679,93328617.8125,14.055299539170507,19347149.766381048,6.049689736957964,-3014136.5148689523,13.36405529953917,0.39171902946804915,0.39171902946804915,98.61751152073732,0.255,25.5,0.75,0.4,0.85,0.09216589861751152,0.00014051699339851555,9.216589861751153,1.25,0.7,0.8652073732718893,9583408.406250002,102912026.21875,-3014136.5148689523,liquido,0.6417923937749599,319804000.0,298729000.0,0.0,107007000.0,0.0,13124000.0,0.0,191722000.0,0.0,0.0,107007000.0,137792000.0,15956978000.0,31912000.0,17482583000.0,-424665000.0,-1.3278914585183426,71895750.0,0.0,46815562.5,0.0,6562000.0,0.0,0.22481191604857975,0.0,0.1463882956435817,0.0,0.02051881777588773,0.0,0.00788167286264278,500.03064677864126,False,True
26760,214.0,TECIDOS E ARMARINHOS MIGUEL BARTOLOMEU S.A.,varejo,cvm,Comércio (Atacado e Varejo),Categoria A,,consolidado,padrao,dva,18.64714748228966,0.06037189090342813,1032162052.0366912,18.88744524345683,70.73732718894009,379319554.1234839,6.941136126970385,490276974.7174284,66.12903225806451,329920611.2685085,6.037189090342811,-49398942.8549754,64.51612903225806,0.18887445243456832,0.18887445243456832,66.3594470046083,0.5249999999999999,52.49999999999999,0.75,0.7,1.0,0.11981566820276497,0.0003355714861152755,11.981566820276496,1.1,0.7,0.8697695852534562,162565523.19577885,652842497.9132073,-49398942.8549754,liquido,0.945327162425696,5464805000.0,351506000.0,589621000.0,277240000.0,4129764000.0,2512000.0,958172000.0,332288169.5556067,557384746.8366014,3903978083.6077924,277240000.0,87445000.0,1465733000.0,536490000.0,3301830000.0,103133000.0,0.018872219594294765,109655095.95335023,196199430.8864837,106737400.0,429437589.1968572,414480.0,189718056.0,0.020065692362920586,0.03590236630336923,0.01953178567213286,0.0785824177069186,7.584534123358473e-05,0.03471634504799348,0.026483798378474966,2.732078883110589,False,True
21040,215.0,SYN PROP & TECH S.A.,construcao,cvm,"Emp. Adm. Part. - Const. Civil, Mat. Const. e Decoração",Categoria A,BOLSA,consolidado,padrao,dva,18.49409915495736,0.05988236582547082,34804480.83877465,10.621906032275039,6.682027649769585,21926822.92842803,6.691800800333275,3480448.0838774643,13.594470046082948,19621475.16293455,5.988236582547082,-2305347.7654934824,13.594470046082948,0.1062190603227504,0.1062190603227504,23.27188940092166,0.9,90.0,0.9,1.0,1.0,0.271889400921659,0.0019962555396683705,27.188940092165897,0.85,0.7,0.8948617511520737,9397209.826469159,12877657.91034662,-2305347.7654934824,liquido,0.7929352059370266,327667000.0,43700000.0,11882000.0,43331000.0,153681000.0,394000.0,696000.0,34651268.49944806,9421656.11694375,121859075.38360819,43331000.0,167881000.0,295769000.0,196654000.0,2278566000.0,50085000.0,0.1528533541674932,8836073.467359256,2562690.4638087004,12890972.5,10358021.407606697,50235.0,106488.0,0.026966626078791137,0.007821020926149719,0.039341686834499665,0.0316114268681518,0.00015331113600087896,0.00032498847915719316,0.0736783573528263,1.5040070377414139,False,True
25518,216.0,WESTWING COMÉRCIO VAREJISTA S.A.,varejo,cvm,Comércio (Atacado e Varejo),Categoria A,BOLSA,individual,padrao,dva,18.49290318324956,0.05987854050994009,54005475.539640345,35.7742183725973,10.829493087557603,9450958.219437059,6.260488215204528,40504106.65473026,7.373271889400922,9039384.232461574,5.987854050994008,-411573.98697548546,7.603686635944701,0.3577421837259731,0.3577421837259731,97.46543778801843,0.25,25.0,1.0,0.25,1.0,0.6451612903225806,0.027447001846670947,64.51612903225806,1.1,0.7,0.9564516129032258,4050410.665473026,44554517.32020329,-411573.98697548546,liquido,0.8294169881964387,150962000.0,48375000.0,52897000.0,32849000.0,91297000.0,0.0,21944000.0,40123046.804002725,43873670.42462702,75723282.77137026,32849000.0,121348000.0,-110689000.0,-16290000.0,307039000.0,3287000.0,0.02177369139253587,13240605.4453209,15443531.989468712,12646865.0,8329561.10485073,0.0,4344912.0,0.08770820103947284,0.102300790857757,0.08377515533710471,0.0551765418108579,0.0,0.028781494680780593,0.3952201511860057,6.794904849600982,False,True
25917,217.0,RAÍZEN S.A.,varejo,cvm,Comércio (Atacado e Varejo),Categoria A,,consolidado,padrao,dva,18.419618593104293,0.05964413974693116,33581285429.270912,13.155282175709385,98.84792626728111,16454829860.342743,6.446088266097598,10074385628.781275,98.84792626728111,15225267343.359068,5.964413974693115,-1229562516.983675,98.84792626728111,0.13155282175709385,0.13155282175709385,36.63594470046083,0.7,70.0,1.0,0.7,1.0,0.45622119815668205,0.008780981755149823,45.622119815668206,1.1,0.7,0.9252764976958525,7052069940.146892,17126455568.92817,-1229562516.983675,liquido,0.9802930723131613,255268454000.0,2572721000.0,6819705000.0,4982386000.0,243431661000.0,336036000.0,10971436000.0,2522020573.2945886,6685309566.719428,238634370859.98596,4982386000.0,21721393000.0,46694876000.0,13668549000.0,140999678000.0,6215847000.0,0.024350235615090927,832266789.1872143,2353228967.485239,1918218610.0,26249780794.59846,55445940.0,2172344328.0,0.0032603589520983833,0.009218643865352977,0.007514514934931991,0.10283205928218007,0.00021720639245145426,0.008510038330078969,0.1540527844325999,3.4162277210258383,False,True
27340,218.0,CONSTRUTORA METROCASA S.A.,construcao,cvm,"Construção Civil, Mat. Constr. e Decoração",Categoria A,,consolidado,padrao,dva,18.38665530121647,0.05953870665718507,170932175.6102457,11.717329994299808,27.419354838709676,101704644.48809619,6.971811346608385,25639826.34153686,36.86635944700461,86854946.19408828,5.953870665718508,-14849698.294007912,35.483870967741936,0.11717329994299806,0.11717329994299806,27.419354838709676,0.85,85.0,1.0,1.0,0.85,0.024193548387096774,0.0,2.4193548387096775,0.85,0.7,0.853991935483871,43587704.78061266,69227531.12214951,-14849698.294007912,liquido,0.9085434370548381,1458798000.0,76858000.0,80362000.0,102145000.0,959649000.0,0.0,188028000.0,69828831.48516075,73012367.6886009,871882800.8262383,102145000.0,187744000.0,252056000.0,342623000.0,1502447000.0,-24416000.0,-0.016737067092222502,17806352.028715994,19859364.011299446,30388137.5,74110038.07023026,0.0,28768284.0,0.012206180724621223,0.013613511953882199,0.020830942666496665,0.05080212481113235,0.0,0.019720539786865623,0.12495881718290229,0.7356657317226223,False,True
27693,219.0,BRISANET SERVIÇOS DE TELECOMUNICAÇÕES S.A.,utilities,cvm,Telecomunicações,Categoria A,BOLSA,consolidado,padrao,dva,18.122965253573074,0.05869529403465482,287158210.09794945,17.120642981926473,39.63133640552996,105530642.21099639,6.291836295857978,136400149.796526,38.0184331797235,98447444.95844725,5.869529403465482,-7083197.252549142,37.55760368663594,0.17120642981926476,0.17120642981926476,57.83410138248848,0.5249999999999999,52.49999999999999,0.75,0.7,1.0,0.5023041474654378,0.013416239529300884,50.23041474654379,0.9,0.7,0.9328801843317972,45227418.09042703,181627567.88695306,-7083197.252549142,liquido,0.7803216199458187,1677263000.0,208541000.0,268404000.0,316738000.0,964881000.0,91421000.0,18675000.0,162729050.945121,209441444.07993752,752917504.9749415,316738000.0,82153000.0,2435993000.0,748797000.0,4685456000.0,514646000.0,0.30683679303722794,43936843.75518267,60319135.89502201,99772470.0,67762575.44774474,12341835.0,3025350.0,0.02619556012097248,0.03596283701185921,0.059485286445834666,0.04040068578854046,0.007358318284013897,0.00180374216804401,0.01753361892631155,3.253208813603687,False,True
4170,220.0,VALE S.A.,commodities,cvm,Extração Mineral,Categoria A,BOLSA,consolidado,padrao,dva,17.994907905017683,0.058285702602802844,18751348844.03979,8.778926868156928,97.6958525345622,13125944190.827852,6.14524880770985,0.0,98.61751152073732,12449534647.445675,5.828570260280285,-676409543.3821774,98.61751152073732,0.08778926868156926,0.08778926868156926,13.82488479262673,1.0,100.0,1.0,1.0,1.0,0.5967741935483871,0.02069381256642596,59.67741935483871,0.75,0.7,0.9484677419354839,5625404653.211938,5625404653.211939,-676409543.3821774,liquido,0.8807045130674679,213595000000.0,3566000000.0,0.0,16994000000.0,138887000000.0,0.0,32666000000.0,3140592293.5985904,0.0,122318407706.40141,16994000000.0,40563000000.0,62894000000.0,49275000000.0,476094000000.0,48765000000.0,0.22830590603712633,706633266.0596827,0.0,4460924999.999999,9173880577.980108,0.0,4409910000.0,0.0033082856155794036,0.0,0.020884969217444222,0.04294988449158504,0.0,0.020646129356960603,0.08519956143114595,1.2763876204972096,False,True
20060,221.0,LUPATECH S.A,industria,cvm,"Máquinas, Equipamentos, Veículos e Peças",Categoria A,BOLSA,consolidado,padrao,dva,17.932187268502037,0.05808509064568429,27016254.079607707,51.90043815961829,4.147465437788019,3545883.347948511,6.8119325084499,21950706.43968126,1.6129032258064515,3426516.168885083,6.582618374928119,-119367.1790634282,1.8433179723502304,0.5190043815961829,0.45796998752568274,99.30875576036865,0.1875,18.75,0.75,0.25,1.0,0.7050691244239631,0.03471269587024397,70.50691244239631,1.0,0.7,0.9663364055299539,1519664.2919779336,23470370.731659196,-119367.1790634282,liquido,0.5615374898078712,52054000.0,27441000.0,15701000.0,38180000.0,43935000.0,203000.0,20620000.0,15409150.257817794,8816700.127473386,24671149.614708822,38180000.0,384000.0,177764000.0,-58109000.0,480101000.0,11549000.0,0.22186575479309947,4622745.077345338,2821344.0407914836,13363000.0,2467114.9614708824,30450.0,3711600.0,0.08880672143054018,0.05420033120973381,0.25671418142697966,0.047395300293366166,0.0005849694547969416,0.07130287778076613,0.0007998317020793542,-3.0591474642482233,False,True
27073,222.0,SOLVI ESSENCIS AMBIENTAL S.A.,utilities,cvm,"Saneamento, Serv. Água e Gás",Categoria B,,consolidado,padrao,dva,17.92303936063241,0.05805583106218487,473342688.78645635,13.469513746499363,53.686635944700456,208744125.75482723,5.940055562206218,175136794.85098884,53.2258064516129,204018524.29044664,5.805583106218485,-4725601.464380592,54.83870967741935,0.13469513746499365,0.13469513746499365,39.1705069124424,0.63,63.0,0.9,0.7,1.0,0.771889400921659,0.05410936293931952,77.18894009216591,0.9,0.7,0.9773617511520738,89461768.18064025,264598563.03162912,-4725601.464380592,liquido,0.673347620844577,3514178000.0,326580000.0,36121000.0,825804000.0,2165381000.0,20177000.0,79552000.0,219901866.01542196,24321989.412526965,1458054144.572051,825804000.0,432732000.0,2791068000.0,1303467000.0,7361214000.0,405948000.0,0.11551719918569862,59373503.82416393,7004732.950807767,260128260.0,131224873.01148461,2723895.0,12887424.0,0.016895417313569187,0.0019932777880937638,0.07402250540524698,0.03734155555338535,0.0007751158307860331,0.003667265573912306,0.05878541229748245,2.141264796116818,False,True
27162,223.0,UNIDAS LOCADORA S.A.,outros,padrao,Serviços Transporte e Logística,Categoria B,,consolidado,padrao,dva,17.841757600045533,0.057795851349362486,540282790.5925064,12.858570275467443,57.373271889400925,264738567.3903281,6.3006994349790455,162084837.17775196,58.525345622119815,242842735.877711,5.7795851349362515,-21895831.51261711,58.294930875576036,0.12858570275467437,0.12858570275467437,34.331797235023046,0.7,70.0,1.0,0.7,1.0,0.4078341013824885,0.0061680738790133305,40.78341013824885,1.0,0.7,0.9172926267281106,113459386.02442636,275544223.2021783,-21895831.51261711,liquido,0.9320291774476033,4201733000.0,212665000.0,323436000.0,249273000.0,3131252000.0,35119000.0,0.0,198209985.02189454,301451789.036943,2918418225.9411626,249273000.0,1490101000.0,3266848000.0,1125525000.0,8216244000.0,2000.0,4.759940719698277e-07,59462995.506568365,96464572.49182177,87245550.0,291841822.5941163,5267850.0,0.0,0.01415201668134752,0.022958282330605435,0.020764182302873597,0.06945748875383473,0.0012537326860131283,0.0,0.18136036368929648,2.902510384043002,False,True
25534,224.0,OCEANPACT SERVIÇOS MARITIMOS S.A.,commodities,cvm,Petróleo e Gás,Categoria A,BOLSA,consolidado,padrao,dre,17.835298115473744,0.05777519068783364,282851023.09761673,13.25501521838088,38.94009216589861,138597001.3178322,6.494957457006631,84855306.92928503,44.70046082949309,123287461.5870099,5.777519068783364,-15309539.730822295,41.705069124423964,0.1325501521838088,0.1325501521838088,37.096774193548384,0.7,70.0,1.0,0.7,1.0,0.23963133640552994,0.0015136061512714748,23.963133640552993,0.75,0.7,0.8895391705069124,59398714.850499526,144254021.77978453,-15309539.730822295,liquido,0.6427021360342402,2133917000.0,251315000.0,0.0,647224000.0,1560126000.0,0.0,10447000.0,161520687.31744507,0.0,1002696312.6825551,647224000.0,696563000.0,1387108000.0,652446000.0,3477655000.0,401422000.0,0.18811509538562185,36342154.646425135,0.0,169896299.99999997,75202223.45119165,0.0,1410345.0,0.017030725490459628,0.0,0.07961710788189043,0.03524140041585106,0.0,0.0006609183956077018,0.20029675169043507,2.1260119611431443,False,True
6173,225.0,TAURUS ARMAS S.A.,industria,cvm,"Máquinas, Equipamentos, Veículos e Peças",Categoria A,BOLSA,consolidado,padrao,dva,17.663056576470947,0.057224276121973894,425619738.19805753,29.091681586493333,51.1520737327189,89380145.0215921,6.109253133163601,297933816.73864025,34.56221198156682,83720775.47045535,5.722427612197389,-5659369.551136747,34.56221198156682,0.29091681586493334,0.29091681586493334,93.31797235023042,0.30000000000000004,30.000000000000004,0.75,0.4,1.0,0.5253456221198156,0.014710998470850467,52.53456221198156,1.0,0.7,0.9366820276497696,38305776.43782519,336239593.17646545,-5659369.551136747,liquido,0.8617575179443759,1463029000.0,274336000.0,219922000.0,201150000.0,960794000.0,8550000.0,775378000.0,236411110.4427883,189519436.86136305,827971452.6958487,201150000.0,67547000.0,839748000.0,105880000.0,2586405000.0,12939000.0,0.008843980536270984,70923333.13283649,60646219.79563618,70402500.0,82797145.26958488,1282500.0,139568040.0,0.04847705215196452,0.04145250695347541,0.0481210557001946,0.05659296245637296,0.0008766060002911767,0.09539663260263467,0.02611617283449421,7.931129580657348,False,True
20125,226.0,BRADSAÚDE S.A.,saude_educacao,cvm,Serviços Médicos,Categoria A,BOLSA,consolidado,padrao,dre,17.654917838275974,0.05719824436769855,263728682.45250446,10.897163469528426,35.944700460829495,138457558.28756484,5.721010821502424,65932170.613126114,44.47004608294931,138428845.89068493,5.719824436769854,-28712.396879911423,46.08294930875576,0.10897163469528427,0.10897163469528427,25.34562211981567,0.75,75.0,0.75,1.0,1.0,0.9078341013824884,0.09723430490224703,90.78341013824884,1.05,0.7,0.9997926267281106,59338953.55181351,125271124.16493961,-28712.396879911423,liquido,0.8495198957566523,2420159000.0,121021000.0,1351000.0,251639000.0,1549869000.0,1448000.0,26000.0,102809747.30436581,1147701.3791672373,1316644551.316467,251639000.0,19948000.0,-19948000.0,836199000.0,1948841000.0,590054000.0,0.24380794815547244,32385070.400875233,385627.66340019176,92477332.5,138247677.88822904,228060.0,4914.0,0.013381381306300632,0.0001593398051120574,0.03821126318560062,0.0571233864751155,9.423347804834312e-05,2.030445107118995e-06,0.010235827345586429,-0.023855565481422484,False,True
27189,227.0,VOTORANTIM CIMENTOS S.A.,construcao,cvm,"Construção Civil, Mat. Constr. e Decoração",Categoria A,,consolidado,padrao,dva,17.63478836504386,0.05713386024717305,3547986293.2294674,12.061416552996558,88.70967741935483,1738513283.6824386,5.910094110968312,1064395887.9688404,90.32258064516128,1680649633.0308423,5.7133860247173045,-57863650.65159631,90.78341013824884,0.12061416552996557,0.12061416552996557,30.184331797235025,0.7,70.0,1.0,0.7,1.0,0.7073732718894009,0.0351691518358185,70.73732718894009,0.85,0.7,0.9667165898617511,745077121.5781882,1809473009.5470288,-57863650.65159631,liquido,0.9537988074629736,29416000000.0,1646000000.0,1090000000.0,1201000000.0,23259000000.0,20000000.0,4048000000.0,1569952837.0840547,1039640700.1346413,22184406462.781303,1201000000.0,4613000000.0,10612000000.0,5061000000.0,49896000000.0,3647000000.0,0.12398014685885232,400337973.45643395,282782270.43662244,357297500.0,1885674549.336411,2550000.0,619344000.0,0.013609531325007954,0.009613212892188687,0.012146365923307043,0.06410370374409882,8.668751699755236e-05,0.021054664128365513,0.09245230078563411,2.0968188105117567,False,True
21148,228.0,CONSTRUTORA TENDA S.A.,construcao,cvm,"Construção Civil, Mat. Constr. e Decoração",Categoria A,BOLSA,consolidado,padrao,dva,17.615423749740604,0.0570719225247479,722424427.2782384,17.310258575901706,63.133640552995395,265490977.02475253,6.361520026643874,343151602.95716333,58.986175115207374,238183333.67363513,5.7071922524747905,-27307643.351117402,57.6036866359447,0.17310258575901705,0.17310258575901705,58.75576036866359,0.5249999999999999,52.49999999999999,0.75,0.7,1.0,0.2857142857142857,0.002081402042461785,28.57142857142857,0.85,0.7,0.8971428571428571,113781847.29632254,456933450.2534859,-27307643.351117402,liquido,0.8756896179514438,4173389000.0,292535000.0,342340000.0,441659000.0,2917998000.0,140326000.0,1366521000.0,256169862.38742563,299783583.8094973,2555260553.803077,441659000.0,30163000.0,1282807000.0,586252000.0,6625534000.0,290321000.0,0.06956480692310255,65323314.90879354,81541134.79618327,131393552.5,217197147.0732616,17891565.0,209077713.0,0.015652342714468633,0.019538349958794464,0.03148365812532692,0.05204335063739843,0.004287059030442645,0.050097825292585954,0.004552538708578056,2.1881494647353015,False,True
27430,229.0,ALUBAR METAIS E CABOS S.A.,commodities,cvm,Metalurgia e Siderurgia,Categoria B,,consolidado,padrao,dva,17.614693648575084,0.05706958729615575,235570811.94981366,9.361239268104129,33.87096774193548,164899568.36486956,6.5528674876728905,0.0,49.07834101382488,143612705.8818239,5.706958729615577,-21286862.483045667,46.774193548387096,0.09361239268104127,0.09361239268104127,16.82027649769585,1.0,100.0,1.0,1.0,1.0,0.12672811059907835,0.0003514616378320597,12.672811059907835,0.75,0.7,0.8709101382488479,70671243.58494411,70671243.5849441,-21286862.483045667,liquido,0.9614847562051004,2516449000.0,117463000.0,113811000.0,81894000.0,1895001000.0,0.0,190731000.0,112938883.91811971,109427541.58845869,1822014574.4934216,81894000.0,408082000.0,286548000.0,430810000.0,1920551000.0,340832000.0,0.135441648131951,25411248.881576933,26262609.981230084,21497174.999999996,136651093.08700663,0.0,25748685.0,0.010098058367794035,0.01043637680764843,0.008542662696521961,0.05430314426678492,0.0,0.010232150542291936,0.2124817305033816,0.6651377637473597,False,True
16861,230.0,CIA CATARINENSE DE AGUAS E SANEAM.-CASAN,utilities,cvm,"Saneamento, Serv. Água e Gás",Categoria A,BOLSA,individual,padrao,dva,17.606841642366405,0.05704447265414414,336542209.6623211,15.522305484120855,44.00921658986175,123679262.05090296,5.704447265414412,159857549.58960256,41.013824884792626,123679262.05090296,5.704447265414412,0.0,42.16589861751152,0.15522305484120857,0.15522305484120857,50.23041474654379,0.5249999999999999,52.49999999999999,0.75,0.7,1.0,0.9539170506912442,0.1210143996136214,95.39170506912443,0.9,0.7,1.0,53005398.02181557,212862947.61141813,0.0,liquido,0.6742086620924553,2168120000.0,350518000.0,127117000.0,495858000.0,1044376000.0,53281000.0,131438000.0,236322271.81932327,85703382.49920665,704127345.6814702,495858000.0,4786000.0,2831240000.0,870675000.0,6161832000.0,485364000.0,0.22386399276792798,63807013.391217284,24682574.159771517,156195270.0,63371461.11133232,7192935.000000001,21292956.0,0.02942965029205823,0.011384321052234893,0.07204180119181595,0.029228760913294613,0.003317590816006494,0.009820930575798387,0.0007767170542786626,3.2517759209808483,False,True
26700,231.0,EUROFARMA LABORATÓRIOS S.A.,saude_educacao,cvm,Farmacêutico e Higiene,Categoria A,BOLSA,consolidado,padrao,dva,17.298210545523585,0.05605731608487304,3388361856.43306,27.153823174828144,88.47926267281106,711555989.8509427,5.702302866713912,2371853299.503142,78.57142857142857,699505444.8615316,5.605731608487305,-12050544.989411116,80.18433179723502,0.27153823174828146,0.27153823174828146,90.78341013824884,0.30000000000000004,30.000000000000004,0.75,0.4,1.0,0.8064516129032258,0.0611952193632401,80.64516129032258,1.05,0.7,0.9830645161290322,304952567.0789755,2676805866.5821176,-12050544.989411116,liquido,0.6786406906268351,12478397000.0,2189802000.0,4179493000.0,3429114000.0,4301359000.0,0.0,2119152000.0,1486088741.6160247,2836374015.9900227,2919077242.393953,3429114000.0,264439000.0,9320709000.0,2633170000.0,18612918000.0,2527609000.0,0.20255879020358145,468117953.6090478,953021669.3726476,1260199395.0,306503110.45136505,0.0,400519728.0,0.03751426995062329,0.07637372567747666,0.10099048739994407,0.02456269907515886,0.0,0.03209704964507861,0.014207283350197965,3.539729299665422,False,True
27839,232.0,CPX DISTRIBUIDORA S.A.,varejo,cvm,Comércio (Atacado e Varejo),Categoria B,BALCÃO ORGANIZADO,consolidado,padrao,dva,17.214094019094098,0.055788269373447774,680085177.3164515,22.494684719139475,61.75115207373272,190423849.64860642,6.298511721359051,408051106.38987094,50.92165898617511,168665511.62078524,5.578826937344776,-21758338.027821183,50.46082949308756,0.22494684719139474,0.22494684719139474,77.41935483870968,0.4,40.0,1.0,0.4,1.0,0.21658986175115208,0.0012254459261564626,21.658986175115206,1.1,0.7,0.88573732718894,81610221.27797419,489661327.66784513,-21758338.027821183,liquido,0.9020416181412194,3023315000.0,419234000.0,309703000.0,278749000.0,2116649000.0,2946000.0,702655000.0,378166515.73981595,279364995.2631901,1909305488.996994,278749000.0,244473000.0,908122000.0,221328000.0,2878952000.0,146455000.0,0.0484418593497535,124794950.19413927,98336478.33264293,107318365.0,210023603.78966936,486090.0,139125690.0,0.04127752159273488,0.03252604453477158,0.03549691811802607,0.06946798589947438,0.00016078046779776503,0.04601759657859006,0.08491735881668051,4.103059712282223,False,True
3328,233.0,AXIA ENERGIA NORDESTE S.A.,utilities,cvm,Energia Elétrica,Categoria A,BALCÃO ORGANIZADO,consolidado,padrao,dva,17.196629191008586,0.05573240812047564,788694862.4868594,8.922895952685824,64.28571428571429,496877763.3667214,5.621424450192068,78869486.24868593,71.19815668202764,492618811.1092923,5.573240812047564,-4258952.257429063,72.35023041474655,0.08922895952685822,0.08922895952685822,14.285714285714285,0.9,90.0,0.9,1.0,1.0,0.8571428571428571,0.07915977996136786,85.71428571428571,0.9,0.7,0.9914285714285714,212947612.87145206,291817099.12013805,-4258952.257429063,liquido,0.8346517377598596,8839001000.0,823173000.0,0.0,834577000.0,4224216000.0,0.0,141844000.0,687062774.9269968,0.0,3525749225.073003,834577000.0,3512992000.0,5232803000.0,2875335000.0,69735209000.0,4504296000.0,0.5095933352649241,185506949.23028916,0.0,262891755.0,317317430.2565703,0.0,22978728.0,0.020987320765128225,0.0,0.029742247455340258,0.035899693897146326,0.0,0.0025996974092434206,0.050376159337243834,1.8198933341680186,False,True
12653,234.0,KLABIN S.A.,commodities,cvm,Papel e Celulose,Categoria A,BOLSA,consolidado,padrao,dva,17.099502048088127,0.055421746951950256,2624972916.765778,12.682556004284853,85.9447004608295,1286236729.2152312,6.214452442099579,787491875.0297335,86.63594470046083,1147091995.4902194,5.542174695195027,-139144733.72501183,86.40552995391705,0.12682556004284853,0.12682556004284853,33.87096774193548,0.7,70.0,1.0,0.7,1.0,0.2534562211981567,0.0015857415492948807,25.34562211981567,0.75,0.7,0.8918202764976958,551244312.5208135,1338736187.550547,-139144733.72501183,liquido,0.8406478543232134,20697507000.0,1217691000.0,1819080000.0,2614868000.0,13372597000.0,6919000.0,3683984000.0,1023649326.3786881,1529205698.842271,11241644974.779041,2614868000.0,10106016000.0,26615026000.0,9470786000.0,63796777000.0,6396244000.0,0.30903451319040504,230321098.4352048,367009367.722145,686402849.9999999,843123373.1084282,778387.4999999999,497337840.00000006,0.01112796330665354,0.017732056702391502,0.03316355201619209,0.04073550370623999,3.760779015559699e-05,0.024028876521215818,0.158409507113502,2.810223565393622,False,True
14460,235.0,CYRELA BRAZIL REALTY S.A.EMPREEND E PART,construcao,cvm,"Construção Civil, Mat. Constr. e Decoração",Categoria A,BOLSA,consolidado,padrao,dva,17.08545482944976,0.05537681692286147,1896657319.8120923,20.12690112406388,80.87557603686636,592468330.2763021,6.287140738629452,1050273990.8459463,75.34562211981567,521843102.01168346,5.537681692286147,-70625228.26461864,73.50230414746544,0.2012690112406388,0.2012690112406388,70.73732718894009,0.4462499999999999,44.62499999999999,0.75,0.7,0.85,0.18663594470046083,0.0009395929508046725,18.663594470046082,0.85,0.7,0.880794930875576,253914998.68984383,1304188989.5357902,-70625228.26461864,liquido,0.941797180537073,9423494000.0,524921000.0,938220000.0,454952000.0,6353525000.0,21518000.0,5774781000.0,494369117.80470085,883612950.7234926,5983731931.471807,454952000.0,726554000.0,7990715000.0,2412844000.0,26109817000.0,-358387000.0,-0.03803122281395839,126064125.04019871,240342722.59679002,135348220.0,508617214.1751036,2743545.0,883541493.0,0.013377641566938835,0.025504629450264413,0.014362848854151124,0.05397331543640858,0.00029113882812468496,0.09375943710475117,0.02782685148655006,3.311741248087319,False,True
25496,236.0,JALLES MACHADO S.A.,commodities,cvm,"Agricultura (Açúcar, Álcool e Cana)",Categoria A,BOLSA,consolidado,padrao,dva,16.730808068314296,0.054242479250452884,295488398.8600647,12.638992624615081,39.86175115207373,144789315.44143167,6.193106386061388,88646519.65801942,45.622119815668206,126814088.90690555,5.424247925045289,-17975226.534526125,43.31797235023041,0.1263899262461508,0.1263899262461508,33.6405529953917,0.7,70.0,1.0,0.7,1.0,0.15668202764976957,0.0005811472362021664,15.668202764976957,0.75,0.7,0.875852534562212,62052563.76061359,150699083.418633,-17975226.534526125,liquido,0.8186217654273661,2337911000.0,132331000.0,208542000.0,369996000.0,1699041000.0,28000.0,212591000.0,108329036.84076878,170717020.20575377,1390871942.9534776,369996000.0,1237342000.0,3310358000.0,1533972000.0,7137606000.0,841282000.0,0.3598434670951974,24374033.289172973,40972084.8493809,97123949.99999999,104315395.72151084,3149.9999999999995,28699785.000000004,0.010425560805853164,0.01752508322574337,0.041543048473615965,0.044619061940985284,1.3473566786759632e-06,0.012275824443274361,0.17335532389991826,2.15803026391616,False,True
22780,237.0,UNICASA INDÚSTRIA DE MÓVEIS S.A.,construcao,cvm,"Construção Civil, Mat. Constr. e Decoração",Categoria A,BOLSA,consolidado,padrao,dva,16.6677985516543,0.054040943310186995,51913294.473951936,21.72486147103338,10.599078341013826,14535722.452706544,6.082961211889346,31147976.68437116,10.599078341013826,12913515.731515665,5.404094331018699,-1622206.7211908791,10.368663594470046,0.2172486147103338,0.2172486147103338,74.88479262672811,0.4,40.0,1.0,0.4,1.0,0.23271889400921658,0.0013713580829898112,23.27188940092166,0.85,0.7,0.8883986175115207,6229595.3368742345,37377572.02124539,-1622206.7211908791,liquido,0.7740747237326785,238958000.0,22917000.0,68918000.0,57960000.0,164710000.0,2626000.0,29176000.0,17739470.443781793,53347681.81020874,127497847.74600947,57960000.0,38944000.0,117067000.0,7252000.0,415063000.0,26734000.0,0.11187740104955683,4523564.9631643575,14510569.452376777,17243100.0,10837317.058410805,334815.0,4463928.0,0.01893037673216363,0.060724350941909366,0.07215954268114062,0.04535239271508301,0.0014011458080499502,0.01868080583198721,0.09382672028101759,16.142719249862107,False,True
25925,238.0,BIONEXO S.A.,tecnologia,cvm,Comunicação e Informática,Categoria A,,consolidado,padrao,dva,16.566111900241037,0.05371569855365844,63537997.71775599,30.694684887804826,13.36405529953917,11119149.600607296,5.371569855365844,47653498.288316995,9.216589861751153,11119149.600607296,5.371569855365844,0.0,9.44700460829493,0.30694684887804824,0.30694684887804824,95.39170506912443,0.25,25.0,1.0,0.25,1.0,0.9861751152073732,0.15267314549395233,98.61751152073732,1.2,0.7,1.0,4765349.8288317,52418848.11714869,0.0,liquido,0.30899747857386706,207000000.0,68677000.0,40698000.0,115376000.0,57594000.0,2644000.0,0.0,21221019.836017467,12575579.382999241,17796400.7809833,115376000.0,102062000.0,-92829000.0,-25395000.0,357575000.0,21307000.0,0.10293236714975845,7639567.140966288,4829022.483071709,48457920.0,2135568.093717996,475920.0,0.0,0.03690612145394342,0.023328611029331925,0.23409623188405798,0.010316754075932348,0.0022991304347826087,0.0,0.28542823183947424,3.655404607206143,False,True
14664,239.0,SCHULZ S.A.,commodities,cvm,Metalurgia e Siderurgia,Categoria A,BOLSA,consolidado,padrao,dva,16.535807287320615,0.053618769248641424,306736341.599399,15.820415542265934,41.474654377880185,112725605.5377791,5.814002711782729,145699762.25971454,39.86175115207373,103959501.42049788,5.361876924864141,-8766104.117281213,39.63133640552996,0.15820415542265936,0.15820415542265936,51.61290322580645,0.5249999999999999,52.49999999999999,0.75,0.7,1.0,0.4377880184331797,0.007975358190641078,43.77880184331797,0.75,0.7,0.9222350230414746,48310973.801905334,194010736.06161988,-8766104.117281213,liquido,0.7715123008456797,1938864000.0,139757000.0,193458000.0,414946000.0,1482839000.0,5799000.0,379828000.0,107824244.62928966,149255226.6970035,1144028528.6737068,414946000.0,26052000.0,985259000.0,326457000.0,3093604000.0,269605000.0,0.13905307437757367,24260455.04159017,35821254.40728084,108923324.99999999,85802139.65052801,652387.4999999999,51276780.0,0.012512716230529923,0.018475382702077527,0.05617894034857524,0.04425382061378623,0.00033647924764191814,0.026446816280048524,0.008421245899604475,3.0180360660056302,False,True
27260,240.0,CORREDOR LOGÍSTICA E INFRAESTRUTURA S.A.,outros,padrao,Serviços Transporte e Logística,Categoria B,BALCÃO NÃO ORGANIZADO,consolidado,padrao,dva,16.512376139121738,0.05354382472067034,105150072.98581618,11.00911855768776,20.276497695852534,51523535.76304992,5.394468093267002,31545021.89574486,24.193548387096776,51140670.77955721,5.354382472067034,-382864.9834927097,24.65437788018433,0.11009118557687761,0.11009118557687761,25.57603686635945,0.7,70.0,1.0,0.7,1.0,0.8640552995391705,0.0801966819119136,86.40552995391705,1.0,0.7,0.9925691244239632,22081515.327021398,53626537.22276626,-382864.9834927097,liquido,0.75466685283657,955118000.0,133905000.0,0.0,126508000.0,381753000.0,0.0,9703000.0,101053664.9290809,0.0,288096335.0709191,126508000.0,651631000.0,1180326000.0,556031000.0,3182194000.0,603352000.0,0.6317041454563729,30316099.47872427,0.0,44277800.0,28809633.50709191,0.0,1746540.0,0.03174068489833117,0.0,0.04635846042059724,0.030163428505265225,0.0,0.0018286117526839616,0.20477412753590762,2.122770133319905,False,True
23280,241.0,UNIDAS LOCAÇÕES E SERVIÇOS S.A.,outros,padrao,Serviços Transporte e Logística,Categoria A,BALCÃO ORGANIZADO,consolidado,padrao,dva,16.50330627568534,0.05351481476229211,878971765.6973042,11.970612165955115,67.51152073732719,430696165.191679,5.865599961318005,263691529.70919132,69.12442396313364,392945745.55137604,5.35148147622921,-37750419.640302956,68.20276497695853,0.11970612165955116,0.11970612165955116,29.723502304147466,0.7,70.0,1.0,0.7,1.0,0.3778801843317972,0.00494313542368973,37.78801843317972,1.0,0.7,0.9123502304147465,184584070.7964339,448275600.50562525,-37750419.640302956,liquido,0.914549965347249,7342747000.0,363916000.0,418248000.0,505755000.0,5136558000.0,58349000.0,6626000.0,332819365.1893095,382508693.9065562,4697638940.904135,505755000.0,3687487000.0,8883243000.0,2655202000.0,17312008000.0,102802000.0,0.014000482380776568,99845809.55679284,122402782.05009799,177014250.0,469763894.0904135,8752350.0,1192680.0,0.013597882312544997,0.016669889627151525,0.02410736063764692,0.06397658724867049,0.001191972159738038,0.0001624296737991926,0.2130016922358169,3.345599694486521,False,True
25844,242.0,TEGRA INCORPORADORA S.A.,construcao,cvm,"Emp. Adm. Part. - Const. Civil, Mat. Const. e Decoração",Categoria A,,consolidado,padrao,dva,16.39227759972371,0.053159689540063414,464730093.08084583,38.54451765915034,53.45622119815668,69128601.34577581,5.733497001798612,365974948.30116606,28.57142857142857,64094478.199385844,5.315968954006342,-5034123.146389969,29.03225806451613,0.38544517659150335,0.38544517659150335,97.92626728110599,0.2125,21.25,1.0,0.25,0.85,0.46774193548387094,0.009885818484576642,46.774193548387096,0.85,0.7,0.9271774193548387,29626543.433903925,395601491.73507,-5034123.146389969,liquido,0.8734879069443363,1205697000.0,123047000.0,158795000.0,154334000.0,938073000.0,60000.0,1856367000.0,107480066.48577975,138705512.18322587,819395421.3309944,154334000.0,387511000.0,481330000.0,-59987000.0,4263825000.0,-59377000.0,-0.049247033043957146,27407416.953873836,37727899.31383744,45914365.0,69648610.81313452,7650.0,284024151.0,0.022731595876803075,0.03129136036154809,0.038081180429245486,0.057766263674152406,6.344877693151762e-06,0.23556843137206115,0.09088342040304187,-8.023905179455548,False,True
25887,243.0,ARANDU INVESTIMENTOS S.A.,financeiro,cvm,Emp. Adm. Part. - Intermediação Financeira,Categoria A,BOLSA,consolidado,padrao,dva,16.317484364920205,0.05292046337708569,45390676.749314316,63.981896380635604,8.986175115207374,5957526.323347504,8.397623899958424,36879924.85881788,3.4562211981566824,5245094.027997883,7.393391917451875,-712432.2953496212,3.4562211981566824,0.6398189638063561,0.45796998752568274,99.53917050691244,0.1875,18.75,0.75,0.25,1.0,0.18433179723502305,0.0009390710653097129,18.433179723502306,1.25,0.7,0.8804147465437788,2553225.567148931,39433150.425966814,-712432.2953496212,liquido,0.8535419238832312,70943000.0,90984000.0,22866000.0,17675000.0,6833000.0,0.0,0.0,77658658.40259191,19517089.631513964,5832251.965894119,17675000.0,1434000.0,-1242000.0,-430579000.0,171659000.0,38349000.0,0.5405607318551513,29121996.900971968,7806835.852605586,7732812.5,729031.4957367649,0.0,0.0,0.4104985255905723,0.11004377954985814,0.1090003594434969,0.01027629922242878,0.0,0.0,0.0083537711392936,0.002884488096261081,False,True
8540,244.0,"MERCANTIL FINANCEIRA S.A. - SOC. CRÉDITO, FINANC E INVESTIME",financeiro,cvm,Bancos,Categoria A,BOLSA,individual,financeiro,dre,16.093155149834445,0.05220294637825871,13532375.0,11.643456974953322,1.3824884792626728,7104496.875,6.112814911850494,3383093.75,4.377880184331797,6067183.036920363,5.220294637825871,-1037313.8380796369,4.377880184331797,0.11643456974953321,0.11643456974953321,27.188940092165897,0.75,75.0,0.75,1.0,1.0,0.024193548387096774,0.0,2.4193548387096775,1.25,0.7,0.853991935483871,3044784.3750000005,6427878.125,-1037313.8380796369,liquido,1.0,116223000.0,24389000.0,,8176000.0,,1619000.0,,24389000.0,0.0,0.0,8176000.0,982000.0,-982000.0,3334000.0,644348000.0,-225091000.0,-1.936716484688917,9145875.0,0.0,3577000.0,0.0,809500.0,0.0,0.07869247050927958,0.0,0.030777040689020242,0.0,0.006965058551233405,0.0,0.0015240211811008958,,False,True
20478,245.0,PDG REALTY S.A. EMPREEND E PARTICIPACOES,construcao,cvm,"Emp. Adm. Part. - Const. Civil, Mat. Const. e Decoração",Categoria A,BOLSA,consolidado,padrao,dva,16.031100759515216,0.05200446540961239,56982486.20715118,45.48700923362857,12.442396313364055,7628530.340982364,6.0895733611520235,46084585.72003352,4.6082949308755765,6514703.390792963,5.200446540961239,-1113826.9501894005,4.6082949308755765,0.4548700923362857,0.4548700923362857,98.84792626728111,0.19125,19.125,0.9,0.25,0.85,0.024193548387096774,0.0,2.4193548387096775,0.85,0.7,0.853991935483871,3269370.1461352995,49353955.86616882,-1113826.9501894005,liquido,0.7838126700349786,125272000.0,53710000.0,39316000.0,35600000.0,71646000.0,36456000.0,116685000.0,42098578.5075787,30816378.935095217,56157042.55732607,35600000.0,18821000.0,364416000.0,-125021000.0,427402000.0,-4387000.0,-0.03501979692189795,10735137.519432569,8382055.0703459,10591000.0,4773348.617372717,4648140.0,17852805.0,0.08569462864353222,0.06691084256933633,0.08454403218596335,0.0381038749071837,0.037104380867232896,0.14251233316303724,0.0440358257565477,-2.914838307164396,False,True
14109,246.0,RANDONCORP S.A.,industria,cvm,"Máquinas, Equipamentos, Veículos e Peças",Categoria A,BOLSA,consolidado,padrao,dva,16.013327540265635,0.05194761776749598,2552502033.250962,19.420606972809967,85.71428571428571,714700569.3102692,5.437769952386791,1531501219.950577,78.80184331797236,682761358.3845257,5.194761776749597,-31939210.92574358,79.03225806451613,0.19420606972809967,0.19420606972809967,67.74193548387096,0.4,40.0,1.0,0.4,1.0,0.6382488479262672,0.026987399963045135,63.824884792626726,1.0,0.7,0.955311059907834,306300243.99011546,1837801463.9406924,-31939210.92574358,liquido,0.8616202937073767,13143266000.0,1034179000.0,1142884000.0,1663728000.0,9845856000.0,46594000.0,2957967000.0,891069613.7260011,984732047.7534615,8483389338.520537,1663728000.0,3821860000.0,5785498000.0,1355186000.0,19077325000.0,2581808000.0,0.196435802181893,267320884.11780033,315114255.28110766,582304800.0,848338933.8520538,6989100.0,532434060.0,0.020338999767470303,0.023975338799435978,0.04430442174722781,0.06454551964877328,0.0005317628053788153,0.04051002695981349,0.20033521471170618,4.26915419728362,False,True
21202,247.0,VIX LOGÍSTICA S.A.,outros,padrao,Serviços Transporte e Logística,Categoria A,BOLSA,consolidado,padrao,dva,15.675915717669517,0.05086840604634162,603172168.9783645,14.916671484432218,59.21658986175116,221665772.09954888,5.481876770528839,286506780.2647232,55.06912442396313,205692046.2414535,5.086840604634162,-15973725.858095378,55.06912442396313,0.14916671484432217,0.14916671484432217,46.31336405529954,0.5249999999999999,52.49999999999999,0.75,0.7,1.0,0.47235023041474655,0.010202115566545223,47.235023041474655,1.0,0.7,0.9279377880184332,94999616.6140924,381506396.8788156,-15973725.858095378,liquido,0.7420400182447555,4043611000.0,208927000.0,0.0,875478000.0,3184925000.0,849000.0,76576000.0,155032194.89182204,0.0,2363341805.108178,875478000.0,27969000.0,3288975000.0,1152602000.0,5191139000.0,412156000.0,0.10192770768503696,46509658.46754661,0.0,306417300.0,236334180.51081783,127350.0,13783680.0,0.01150201106573966,0.0,0.07577813493929064,0.05844631951758411,3.14941274024628e-05,0.0034087551943052883,0.005387834924088914,2.8535218575015486,False,True
18309,248.0,EQUATORIAL PARÁ DISTRIBUIDORA DE ENERGIA S.A.,utilities,cvm,Energia Elétrica,Categoria A,BOLSA,individual,padrao,dva,15.450721450230116,0.05014812217754465,1038364775.0825377,8.494654134465984,71.19815668202764,654169808.3019987,5.351632104713571,103836477.50825374,76.95852534562212,612997807.5790285,5.014812217754466,-41172000.72297025,76.72811059907833,0.08494654134465983,0.08494654134465983,11.059907834101383,0.9,90.0,0.9,1.0,1.0,0.5276497695852534,0.015125043601500705,52.764976958525345,0.9,0.7,0.9370622119815668,280358489.2722852,384194966.7805389,-41172000.72297025,liquido,0.9792561398098263,12223744000.0,337413000.0,258344000.0,195870000.0,8846555000.0,224416000.0,28545000.0,330413751.90165293,252984948.18302977,8663043299.915318,195870000.0,807202000.0,7388948000.0,20642111000.0,18809559000.0,1453930000.0,0.11894309959370877,89211713.0134463,72859665.07671258,61699050.0,779673896.9923787,30296160.000000004,4624290.0,0.007298231459481342,0.005960503187625051,0.005047475634306477,0.06378355903006301,0.0024784681354583344,0.0003783038977256068,0.042914456420801786,0.35795505605022665,False,True
24295,249.0,VIBRA ENERGIA S/A,varejo,cvm,Comércio (Atacado e Varejo),Categoria A,BOLSA,consolidado,padrao,dva,15.4382972823462,0.050108383476325645,22973088756.023804,12.15025188735888,98.15668202764977,10131132141.406496,5.358261082325265,8500042839.728807,97.6958525345622,9474242605.786268,5.010838347632563,-656889535.6202278,97.6958525345622,0.12150251887358883,0.12150251887358883,30.87557603686636,0.63,63.0,0.9,0.7,1.0,0.5161290322580645,0.013962567458950512,51.61290322580645,1.1,0.7,0.9351612903225807,4341913774.888499,12841956614.617308,-656889535.6202278,liquido,0.9919032289532729,189075000000.0,1536000000.0,3125000000.0,1494000000.0,179857000000.0,82000000.0,5891000000.0,1523563359.6722271,3099697590.4789777,178400739049.8488,1494000000.0,3647000000.0,19569000000.0,5894000000.0,60963000000.0,6666000000.0,0.035255850852836175,502775908.691835,1091093551.8486001,575190000.0,19624081295.483368,13530000.0,1166418000.0,0.0026591347808638637,0.005770691798749703,0.003042126140420468,0.10378993148477256,7.155890519635065e-05,0.006169075763585879,0.059823171431852104,3.320156090939939,False,True
19445,250.0,CIA SANEAMENTO DE MINAS GERAIS-COPASA MG,utilities,cvm,"Saneamento, Serv. Água e Gás",Categoria A,BOLSA,consolidado,padrao,dre,15.294943021822503,0.04964986487124471,1133413958.271121,13.606099720067864,73.04147465437788,416529629.6646369,5.0002416471249385,538371630.1787826,68.4331797235023,413592807.85179406,4.964986487124472,-2936821.812842846,69.35483870967742,0.1360609972006786,0.1360609972006786,40.09216589861751,0.5249999999999999,52.49999999999999,0.75,0.7,1.0,0.8663594470046083,0.0809593506816475,86.63594470046083,0.9,0.7,0.9929493087557604,178512698.42770156,716884328.6064842,-2936821.812842846,liquido,0.7450976196302342,8330190000.0,753314000.0,570823000.0,1560467000.0,4797685000.0,214107000.0,106140000.0,561292468.2341303,425318858.5301892,3574743673.2356806,1560467000.0,503654000.0,7078382000.0,2953498000.0,17737247000.0,2331554000.0,0.27989205528325284,151548966.42321518,122491831.25669451,491547105.0,321726930.5912113,28904445.000000004,17194680.0,0.018192738271661894,0.014704566313216687,0.05900791038379677,0.03862179981383513,0.0034698422244870764,0.0020641401936810568,0.02839527464436843,2.396609714988803,False,True
16616,251.0,CIA DISTRIB DE GAS DO RIO DE JANEIRO-CEG,utilities,cvm,"Saneamento, Serv. Água e Gás",Categoria A,BOLSA,individual,padrao,dre,15.255011442052266,0.0495221437125708,453447386.526567,9.432789278584917,52.53456221198156,238059877.92644766,4.952214371257082,113361846.63164175,56.68202764976959,238059877.92644766,4.952214371257082,0.0,57.373271889400925,0.09432789278584916,0.09432789278584916,17.972350230414747,0.75,75.0,0.75,1.0,1.0,0.9447004608294931,0.11543633465030845,94.47004608294931,0.9,0.7,1.0,102025661.96847759,215387508.60011932,0.0,liquido,0.9757494001320667,4807140000.0,495326000.0,0.0,89939000.0,3213407000.0,79813000.0,10209000.0,483314047.36981606,0.0,3135479952.630184,89939000.0,73635000.0,690225000.0,1207124000.0,4674348000.0,699032000.0,0.14541536131670807,130494792.78985034,0.0,28330785.0,282193195.7367166,10774755.0,1653858.0,0.027146035436839855,0.0,0.005893480323019509,0.05870292850566379,0.002241406532782486,0.000344041987543529,0.015752999134852605,0.5717929558189548,False,True
25950,252.0,TRÊS TENTOS AGROINDUSTRIAL S/A,commodities,cvm,"Agricultura (Açúcar, Álcool e Cana)",Categoria A,,consolidado,padrao,dva,15.222853322237839,0.049419285965717166,1865302405.0991502,11.357386499645878,80.64516129032258,913998178.4985836,5.56511938482648,559590721.5297451,83.41013824884793,811647230.3994334,4.941928596571717,-102350948.09915018,82.02764976958525,0.11357386499645879,0.11357386499645879,26.497695852534562,0.7,70.0,1.0,0.7,1.0,0.2304147465437788,0.0013257119484324105,23.04147465437788,0.75,0.7,0.8880184331797235,391713505.0708216,951304226.6005666,-102350948.09915018,liquido,0.9753565262366719,16423694000.0,137153000.0,1785330000.0,390890000.0,13939323000.0,31430000.0,2158913000.0,133773073.64293826,1741333266.9861174,13595809659.370945,390890000.0,2560066000.0,2100897000.0,658376000.0,13104355000.0,602294000.0,0.03667226142912794,30098941.569661103,417919984.07666814,102608624.99999999,1019685724.452821,3535874.9999999995,291453255.0,0.001832653577792006,0.025446162360104135,0.00624759722142899,0.06208625930639118,0.00021529109102982555,0.01774590143971265,0.19535993950102848,3.1910291383647036,False,True
2461,253.0,CENTRAIS ELET DE SANTA CATARINA S.A.,utilities,cvm,Energia Elétrica,Categoria A,BOLSA,consolidado,padrao,dva,15.1380896369725,0.049148169316742804,1341833787.194654,11.27565265876736,75.57603686635944,591748700.1528423,4.972562822516405,496478501.26202196,75.11520737327189,584876779.7639706,4.914816931674279,-6871920.38887167,75.57603686635944,0.11275652658767361,0.11275652658767361,26.26728110599078,0.63,63.0,0.9,0.7,1.0,0.8387096774193549,0.07292773763575543,83.87096774193549,0.9,0.7,0.9883870967741936,253606585.77978963,750085087.0418117,-6871920.38887167,liquido,0.9087652339845339,11900276000.0,719526000.0,123555000.0,980899000.0,9908292000.0,74693000.0,21568000.0,653880213.7479558,112282488.48495908,9004311297.767086,980899000.0,418813000.0,4586933000.0,1797328000.0,13831031000.0,176819000.0,0.014858394880925451,176547657.71194807,32337356.68366822,308983185.0,810388016.7990378,10083555.0,3494016.0,0.014835593536817807,0.0027173619068724306,0.02596437133054729,0.06809825392276934,0.0008473379104820763,0.0002936079801846613,0.03028067828059962,2.5520845388265245,False,True
11592,254.0,UNIPAR CARBOCLORO S.A.,commodities,cvm,Petroquímicos e Borracha,Categoria A,BOLSA,consolidado,padrao,dva,14.923363943986747,0.04846136918353999,612275274.4272592,11.90577190605162,59.44700460829493,270013396.0224213,5.250445410568765,226541851.5380859,59.67741935483871,249221120.2273307,4.8461369183539995,-20792275.795090586,58.75576036866359,0.11905771906051621,0.11905771906051621,28.80184331797235,0.63,63.0,0.9,0.7,1.0,0.4423963133640553,0.00824678886097449,44.23963133640553,0.75,0.7,0.9229953917050692,115720026.86675201,342261878.4048379,-20792275.795090586,liquido,0.8484544429350542,5142676000.0,433361000.0,240277000.0,659417000.0,3677641000.0,8551000.0,537304000.0,367687065.84477806,203864088.18510604,3120310845.9701157,659417000.0,520271000.0,3006296000.0,1109679000.0,7234816000.0,1109123000.0,0.21567040194637968,82729589.81507505,48927381.16442545,173096962.49999997,234023313.4477587,961987.4999999999,72536040.0,0.016086875746221432,0.009513992552598188,0.03365892825058393,0.04550613599763211,0.0001870597136588033,0.01410472679982173,0.07191212603057216,2.709158234047864,False,True
27715,255.0,EPR INFRAESTRUTURA PR S.A.,outros,padrao,Serviços Transporte e Logística,Categoria B,BALCÃO ORGANIZADO,consolidado,padrao,dva,14.838028301557427,0.04818842312956549,89437783.59959732,7.027112377625298,18.202764976958523,62606448.51971812,4.9189786643377085,0.0,27.880184331797235,61331960.103423856,4.818842312956549,-1274488.4162942618,28.341013824884794,0.070271123776253,0.070271123776253,5.990783410138248,1.0,100.0,1.0,1.0,1.0,0.7857142857142857,0.05584710792759917,78.57142857142857,1.0,0.7,0.9796428571428571,26831335.0798792,26831335.079879202,-1274488.4162942618,liquido,0.9395275058960944,1272753000.0,65804000.0,0.0,40487000.0,603707000.0,0.0,0.0,61824667.99798659,0.0,567199332.0020134,40487000.0,938053000.0,-13301000.0,639545000.0,2363288000.0,428671000.0,0.336806120276283,18547400.399395976,0.0,14170450.0,56719933.20020135,0.0,0.0,0.014572662880697178,0.0,0.01113369994020835,0.04456476095534746,0.0,0.0,0.3969270778677842,-0.0207975982925361,False,True
20524,256.0,EVEN CONSTRUTORA E INCORPORADORA S.A.,construcao,cvm,"Construção Civil, Mat. Constr. e Decoração",Categoria A,BOLSA,consolidado,padrao,dva,14.747478037007824,0.04789879810663756,512874266.38365185,26.708626313230567,55.52995391705069,107703595.9405669,5.608811525778419,359011986.4685563,38.47926267281106,91978002.35585752,4.789879810663756,-15725593.584709376,36.175115207373274,0.26708626313230566,0.26708626313230566,89.40092165898618,0.30000000000000004,30.000000000000004,0.75,0.4,1.0,0.024193548387096774,0.0,2.4193548387096775,0.85,0.7,0.853991935483871,46158683.97452868,405170670.44308496,-15725593.584709376,liquido,0.9243997161504596,1920257000.0,119364000.0,138239000.0,125286000.0,1399613000.0,0.0,1978650000.0,110340047.71858345,127788092.36092338,1293801859.9204931,125286000.0,11034000.0,1479876000.0,256033000.0,5215835000.0,88842000.0,0.04626568214567112,28136712.16823878,34758361.12217116,37272585.0,109973158.09324193,0.0,302733450.0,0.014652576279236986,0.018100890204889846,0.019410206550477357,0.05727002067600427,0.0,0.1576525694216972,0.0021154810303623487,5.780020544226721,False,True
20516,257.0,SAO MARTINHO S.A.,commodities,cvm,"Agricultura (Açúcar, Álcool e Cana)",Categoria A,BOLSA,consolidado,padrao,dva,14.68177072355724,0.047688633263284354,852084979.1877594,11.897248451874976,66.12903225806451,375769475.8218019,5.246686567276864,315271442.29947096,65.66820276497695,341547612.84517354,4.768863326328436,-34221862.97662836,65.89861751152074,0.11897248451874977,0.11897248451874977,28.57142857142857,0.63,63.0,0.9,0.7,1.0,0.35714285714285715,0.004153668480176953,35.714285714285715,0.75,0.7,0.9089285714285714,161044061.06648657,476315503.3659575,-34221862.97662836,liquido,0.7772979792827395,7162034000.0,340066000.0,262564000.0,1331616000.0,5376732000.0,214000.0,597081000.0,264332614.62276408,204090466.6323932,4179322918.7448425,1331616000.0,898588000.0,10021326000.0,3919585000.0,21769383000.0,2689537000.0,0.3755269801846794,59474838.29012191,48981711.991774365,349549199.99999994,313449218.9058632,24074.999999999996,80605935.0,0.008304182623277397,0.006839078394737357,0.04880585599007209,0.04376539107547705,3.3614752457193023e-06,0.011254614959940153,0.04127760534141,2.5567313886546663,False,True
25879,258.0,KORA SAÚDE PARTICIPAÇÕES S.A.,saude_educacao,cvm,Serviços Médicos,Categoria B,,consolidado,padrao,dva,14.680513571624566,0.04768461226280317,454687381.1068618,19.071433291621165,52.764976958525345,114581220.03892918,4.8060011894885335,290999923.90839154,40.55299539170507,113686219.26489238,4.7684612262803165,-895000.7740367949,40.55299539170507,0.19071433291621165,0.19071433291621165,67.2811059907834,0.36000000000000004,36.00000000000001,0.9,0.4,1.0,0.8617511520737328,0.07975373109234561,86.17511520737328,1.05,0.7,0.992188940092166,49106237.159541085,340106161.06793267,-895000.7740367949,liquido,0.6779827069372593,2384128000.0,203592000.0,0.0,687941000.0,1932756000.0,44508000.0,72961000.0,138031855.2707705,0.0,1310375144.7292295,687941000.0,262201000.0,3050775000.0,384165000.0,4966441000.0,1222000.0,0.000512556372812198,43480034.41029271,0.0,252818317.5,137589390.19656911,7010010.0,13789629.0,0.018237290284033703,0.0,0.10604225842739988,0.05771057183027468,0.0029402825687211425,0.0057839298057822406,0.052794546436774344,7.941314279020733,False,True
13471,259.0,PLASCAR PARTICIPACOES INDUSTRIAIS S.A.,industria,cvm,"Emp. Adm. Part. - Máqs., Equip., Veíc. e Peças",Categoria A,BOLSA,consolidado,padrao,dva,14.65466179388879,0.04760192535121109,242373845.74777335,21.03751537386617,34.56221198156682,61078209.12843889,5.301453874214275,155119261.2785749,26.72811059907834,54842321.002906345,4.760192535121108,-6235888.125532545,26.95852534562212,0.21037515373866172,0.21037515373866172,72.81105990783409,0.36000000000000004,36.00000000000001,0.9,0.4,1.0,0.2903225806451613,0.002159049426281535,29.03225806451613,1.0,0.7,0.8979032258064517,26176375.34075953,181295636.61933446,-6235888.125532545,liquido,0.7171281463949349,1152103000.0,106529000.0,68251000.0,333924000.0,1005698000.0,634000.0,81684000.0,76394944.30730602,48944713.119600706,721214342.5730933,333924000.0,25900000.0,239510000.0,41451000.0,608138000.0,123573000.0,0.10725863920152973,22918483.292191807,15662308.198272226,116873400.0,72121434.25730933,95100.0,14703120.0,0.019892738142502715,0.013594538160452864,0.101443534128459,0.06259981464965314,8.254470303436411e-05,0.012761983954559618,0.042589017624289224,5.7781476924561535,False,True
25127,260.0,COMPASS GÁS E ENERGIA S.A.,utilities,cvm,"Emp. Adm. Part. - Saneamento, Serv. Água e Gás",Categoria A,BOLSA,consolidado,padrao,dva,14.654338835691629,0.047600892369411174,1612995581.5322113,9.714467830492076,78.57142857142857,790367834.9507835,4.760089236941117,483898674.45966345,81.5668202764977,790367834.9507835,4.760089236941117,0.0,81.79723502304147,0.09714467830492077,0.09714467830492077,20.046082949308754,0.7,70.0,1.0,0.7,1.0,0.9285714285714286,0.10992920657622354,92.85714285714286,0.9,0.7,1.0,338729072.1217644,822627746.5814278,0.0,liquido,0.9489472120925119,16604055000.0,848007000.0,231057000.0,696977000.0,12573021000.0,39525000.0,209198000.0,804713878.4849347,219260895.98445952,11931133225.530605,696977000.0,3430108000.0,13820918000.0,4973943000.0,33347589000.0,4358602000.0,0.2625022622485893,217272747.1909324,63147138.04352435,219547755.0,1073801990.2977545,5335875.0,33890076.0,0.013085523216523455,0.0038031154464089854,0.013222538410045016,0.06467106922361764,0.0003213597521810185,0.0020410722561446585,0.1028592501844736,2.778664331296117,False,True
18775,261.0,INVESTIMENTOS E PARTICIP. EM INFRA S.A. - INVEPAR,outros,padrao,Emp. Adm. Part. - Serviços Transporte e Logística,Categoria A,BOLSA,consolidado,padrao,dva,14.579861383932618,0.047362676238507415,287036687.8969991,7.517885117223398,39.40092165898618,180833113.37510943,4.736267623850741,28703668.789699905,50.46082949308756,180833113.37510943,4.736267623850741,0.0,51.61290322580645,0.075178851172234,0.075178851172234,7.603686635944701,0.9,90.0,0.9,1.0,1.0,0.9608294930875576,0.12175636574819036,96.08294930875576,1.0,0.7,1.0,77499905.73218977,106203574.52188969,0.0,liquido,0.930730805105801,3818051000.0,166829000.0,0.0,147487000.0,1962357000.0,29420000.0,9882000.0,155272889.48499566,0.0,1826426110.5150044,147487000.0,976213000.0,1525091000.0,3045719000.0,16313322000.0,2805154000.0,0.7347083629841508,46581866.845498696,0.0,51620450.0,182642611.05150044,4413000.0,1778760.0,0.012200430755246251,0.0,0.01352010489121282,0.047836608534433,0.0011558253150625803,0.0004658816762793373,0.05984145963648606,0.5007326677214805,False,True
16993,262.0,EMAE - EMPRESA METROP. DE AGUAS E ENERGIA S.A.,utilities,cvm,Energia Elétrica,Categoria A,BOLSA,consolidado,padrao,dva,14.424602686933076,0.04686608129312632,167181114.60998166,35.0594031699591,26.95852534562212,24868190.79823477,5.215086221531415,131655127.75536054,14.976958525345621,22348137.73070858,4.686608129312632,-2520053.0675261877,14.746543778801843,0.35059403169959097,0.35059403169959097,97.00460829493088,0.2125,21.25,1.0,0.25,0.85,0.29493087557603687,0.0021752640689901427,29.493087557603687,0.9,0.7,0.8986635944700461,10657796.056386331,142312923.8117469,-2520053.0675261877,liquido,0.7118430969078766,476851000.0,302849000.0,0.0,160204000.0,253112000.0,313290000.0,0.0,215580970.05545354,0.0,180176029.94454646,160204000.0,379911000.0,-379911000.0,-327146000.0,1769992000.0,-89189000.0,-0.1870374603387641,58206861.91497246,0.0,50464260.0,16215842.695009183,42294150.0,0.0,0.12206509353020642,0.0,0.10582815177067889,0.0340060997984888,0.08869468660021684,0.0,0.2146399531749296,1.1612888435132938,False,True
24910,263.0,LWSA S/A,tecnologia,cvm,Comunicação e Informática,Categoria A,BOLSA,consolidado,padrao,dva,14.3519926225991,0.04663383800093796,396662362.93356687,26.647907429107416,48.38709677419355,69415913.5133742,4.663383800093797,297496772.20017517,28.80184331797235,69415913.5133742,4.663383800093797,0.0,31.336405529953915,0.2664790742910741,0.2664790742910741,89.17050691244239,0.25,25.0,1.0,0.25,1.0,0.9170506912442397,0.10161689870643156,91.70506912442397,1.2,0.7,1.0,29749677.22001752,327246449.42019266,0.0,liquido,0.6306440964150435,1488531000.0,276384000.0,285551000.0,491749000.0,769434000.0,0.0,0.0,174299937.94357538,180081052.37541208,485239009.6810126,491749000.0,371931000.0,-296458000.0,-134682000.0,3638385000.0,347654000.0,0.23355509559424695,62747977.65968713,69151124.11215824,206534580.0,58228681.161721505,0.0,0.0,0.04215429686025157,0.04645595161414726,0.13875060714220933,0.039118218674465965,0.0,0.0,0.1022242011222012,2.2011701637932313,False,True
16241,264.0,SOCIEDADE ABASTECIMENTO DE ÁGUA E SANEAMENTO S.A - SANASA,utilities,cvm,"Saneamento, Serv. Água e Gás",Categoria A,,individual,padrao,dva,14.339129503351874,0.04659269531377483,305604023.5348474,19.974106130312816,40.78341013824885,77012213.93078154,5.03347474483883,195586575.0623023,31.566820276497698,71286870.42277078,4.659269531377482,-5725343.50801076,31.566820276497698,0.1997410613031282,0.1997410613031282,70.04608294930875,0.36000000000000004,36.00000000000001,0.9,0.4,1.0,0.45852534562211983,0.008856987596081344,45.852534562211986,0.9,0.7,0.9256566820276497,33005234.541763525,228591809.60406584,-5725343.50801076,liquido,0.6090894079691092,1530001000.0,309113000.0,159527000.0,523192000.0,869753000.0,66075000.0,33219000.0,188277454.16555524,97166205.98508808,529757339.8493566,523192000.0,109003000.0,1633832000.0,383732000.0,2896504000.0,172374000.0,0.11266267146230623,50834912.62469992,27983867.32370537,164805480.0,47678160.5864421,8920125.0,5381478.0,0.03322541137208402,0.018290097407586903,0.10771592959743163,0.031162176094291505,0.0058301432482723865,0.00351730358346171,0.037632608137257884,4.2577423827045955,False,True
24279,265.0,INC EMPREENDIMENTOS IMOBILIÁRIOS S.A.,construcao,cvm,"Construção Civil, Mat. Constr. e Decoração",Categoria A,BOLSA,consolidado,padrao,dva,14.334991541543362,0.0465794600428496,170515969.62971994,30.414249592829677,27.188940092165897,30437100.57890501,5.4289435523200975,127034397.37414135,16.589861751152075,26114541.375723418,4.657946004284961,-4322559.203181591,15.898617511520738,0.3041424959282968,0.3041424959282968,95.16129032258065,0.255,25.5,0.75,0.4,0.85,0.04838709677419355,1.5160866266630366e-06,4.838709677419355,0.85,0.7,0.8579838709677419,13044471.676673578,140078869.05081493,-4322559.203181591,liquido,0.8859915351823082,560645000.0,39665000.0,38574000.0,52177000.0,379420000.0,11113000.0,697681000.0,35142854.24300626,34176237.47812236,336162908.27887136,52177000.0,20937000.0,388297000.0,79833000.0,1583023000.0,-42586000.0,-0.07595894014929233,8961427.831966596,9295936.594049282,15522657.5,28573847.203704067,1416907.5,106745193.0,0.015984139396528277,0.016580789258888035,0.027687141595840504,0.05096602520972107,0.002527281078044039,0.19039711938927484,0.013225960709351664,4.863865819899039,False,True
23612,266.0,MAESTRO LOCADORA DE VEICULOS S.A.,outros,padrao,Serviços Transporte e Logística,Categoria A,BOLSA,individual,padrao,dva,14.157822706815002,0.04601278552151556,15040125.439899053,13.615532295790494,2.0737327188940093,5527246.099162901,5.003708118703005,7144059.583952052,3.225806451612903,5082710.327063175,4.601278552151557,-444535.7720997259,3.225806451612903,0.13615532295790492,0.13615532295790492,40.32258064516129,0.5249999999999999,52.49999999999999,0.75,0.7,1.0,0.4216589861751152,0.006851536887771451,42.16589861751152,1.0,0.7,0.919573732718894,2368819.756784101,9512879.340736153,-444535.7720997259,liquido,0.8869072432091394,110463000.0,14800000.0,0.0,10038000.0,73959000.0,2932000.0,3276000.0,13126227.199495263,0.0,65594772.80050474,10038000.0,3505000.0,132038000.0,46563000.0,202845000.0,56029000.0,0.5072196119967772,3937868.1598485787,0.0,3513300.0,6559477.280050474,439800.0,589680.0,0.03564875261262666,0.0,0.031805219847369705,0.05938166879453277,0.003981423644116129,0.005338258059259662,0.01727920333259385,2.835684985933037,False,True
1210,267.0,BANCO DO ESTADO DO RIO GRANDE DO SUL SA,financeiro,cvm,Bancos,Categoria A,BOLSA,consolidado,financeiro,dre,14.152889214549026,0.04599700574640662,2397205625.0,10.051199803605417,85.25345622119815,1258532953.125,5.2768798968928445,599301406.25,86.17511520737328,1097026057.216482,4.5997005746406625,-161506895.90851808,85.9447004608295,0.10051199803605416,0.10051199803605416,21.19815668202765,0.75,75.0,0.75,1.0,1.0,0.1313364055299539,0.0003651918473186371,13.13364055299539,1.25,0.7,0.8716705069124424,539371265.6250001,1138672671.875,-161506895.90851808,liquido,1.0,23849945000.0,2190363000.0,,2407552000.0,,1045031000.0,,2190363000.0,0.0,0.0,2407552000.0,3992788000.0,-3992788000.0,2420761000.0,163858532000.0,15096357000.0,0.6329724030810134,821386125.0,0.0,1053304000.0,0.0,522515500.0,0.0,0.034439749232126116,0.0,0.04416379157268497,0.0,0.02190845723124309,0.0,0.024367287752828152,,False,True
25437,268.0,URBA DESENVOLVIMENTO URBANO S.A.,construcao,cvm,"Construção Civil, Mat. Constr. e Decoração",Categoria A,,consolidado,padrao,dva,14.102713574760791,0.045836518961565355,111528794.85574092,30.0690451986177,20.967741935483872,19907889.881749753,5.3673245679532595,83088952.16752699,12.442396313364055,17001177.411515243,4.583651896156535,-2906712.4702345096,11.981566820276496,0.300690451986177,0.300690451986177,94.00921658986175,0.255,25.5,0.75,0.4,0.85,0.024193548387096774,0.0,2.4193548387096775,0.85,0.7,0.853991935483871,8531952.80646418,91620904.97399117,-2906712.4702345096,liquido,0.7838106060047075,370909000.0,25538000.0,37081000.0,58599000.0,208435000.0,3438000.0,436344000.0,20016955.256148223,29064481.08126056,163373563.66259122,58599000.0,700000.0,373887000.0,95512000.0,1954205000.0,-138899000.0,-0.3744826898241887,5104323.590317797,7905538.854102872,17433202.5,13886752.911320254,438345.0,66760632.0,0.013761660111557814,0.02131395801693373,0.047001292769924694,0.03743978418242818,0.0011818127896599975,0.17999194411567257,0.00035820192866152734,3.914555239132256,False,True
26522,269.0,CERRADINHO BIOENERGIA S.A.,commodities,cvm,"Agricultura (Açúcar, Álcool e Cana)",Categoria A,BALCÃO ORGANIZADO,consolidado,padrao,dva,14.075996497860055,0.04575106439057727,403278769.7085919,10.863178424333073,48.61751152073733,197606597.15721,5.322957427923205,120983630.91257758,52.30414746543779,169843780.88610196,4.575106439057727,-27762816.27110803,50.92165898617511,0.10863178424333074,0.10863178424333074,24.88479262672811,0.7,70.0,1.0,0.7,1.0,0.0576036866359447,2.1708577772858243e-05,5.76036866359447,0.75,0.7,0.8595046082949308,84688541.6388043,205672172.5513819,-27762816.27110803,liquido,0.9234463788275574,3712346000.0,120871000.0,211088000.0,232135000.0,2700360000.0,0.0,617953000.0,111617887.2552657,194928449.21395144,2493637663.530783,232135000.0,1470898000.0,2342983000.0,1147723000.0,7453275000.0,457408000.0,0.12321265313093122,25114024.632434778,46782827.81134834,60935437.49999999,187022824.76480877,0.0,83423655.0,0.006765001061979347,0.012601957848581017,0.01641426674668794,0.050378608234471885,0.0,0.022471950351610547,0.19734921896750085,2.0414185304293806,False,True
26514,270.0,ASA BRANCA HOLDING S.A.,utilities,cvm,Emp. Adm. Part. - Energia Elétrica,Categoria B,,consolidado,padrao,dva,13.983277840716251,0.045454503763894503,10918672.79306179,10.274657275060967,1.1520737327188941,5350149.668600276,5.034582064779873,3275601.837918537,2.995391705069124,4830359.205981542,4.545450376389452,-519790.46261873376,2.995391705069124,0.10274657275060968,0.10274657275060968,21.889400921658986,0.7,70.0,1.0,0.7,1.0,0.32027649769585254,0.0027620359802844816,32.02764976958525,0.9,0.7,0.9028456221198157,2292921.286542976,5568523.124461513,-519790.46261873376,liquido,0.953734466689679,106268000.0,5260000.0,0.0,4289000.0,87444000.0,0.0,4366000.0,5016643.294787711,0.0,83398356.7052123,4289000.0,135170000.0,134315000.0,44107000.0,558139000.0,104078000.0,0.9793917265780856,1354493.6895926823,0.0,1351035.0,7505852.103469107,0.0,707292.0,0.012746016576887512,0.0,0.012713469718071291,0.07063134813367249,0.0,0.006655738321978395,0.2421798154223231,3.0452082435894527,False,True
27227,271.0,ORIGEM ENERGIA S.A.,commodities,cvm,Petróleo e Gás,Categoria A,,consolidado,padrao,dva,13.952728650743687,0.04535679217917144,179223889.69164008,10.04115595117691,28.57142857142857,87819705.94890364,4.920166416076686,53767166.907492034,34.331797235023046,80957020.86305787,4.535679217917145,-6862685.085845768,34.10138248847927,0.1004115595117691,0.1004115595117691,20.967741935483872,0.7,70.0,1.0,0.7,1.0,0.43548387096774194,0.0077869698570012585,43.54838709677419,0.75,0.7,0.9218548387096774,37637016.835244425,91404183.74273644,-6862685.085845768,liquido,0.812947811347028,1784893000.0,218912000.0,0.0,228092000.0,1000491000.0,0.0,135606000.0,177964031.2776006,0.0,813346968.7223994,228092000.0,1133360000.0,2567879000.0,746693000.0,6137047000.0,955116000.0,0.5351110682825245,40041907.037460126,0.0,59874149.99999999,61001022.65417996,0.0,18306810.0,0.022433785687691155,0.0,0.03354495199432122,0.03417629104611871,0.0,0.010256530783638012,0.18467513773318014,3.439002374469829,False,True
21237,272.0,ENEVA S.A,utilities,cvm,Energia Elétrica,Categoria A,BOLSA,consolidado,padrao,dre,13.921589328917873,0.04525719305770425,1980704387.2139087,10.755312577317905,82.02764976958525,873490634.7613337,4.743092846597196,732860623.2691462,82.7188940092166,833459001.7534928,4.525719305770426,-40031633.00784087,82.7188940092166,0.10755312577317905,0.10755312577317905,24.193548387096776,0.63,63.0,0.9,0.7,1.0,0.631336405529954,0.02521457991231918,63.133640552995395,0.9,0.7,0.9541705069124424,374353129.1834288,1107213752.452575,-40031633.00784087,liquido,0.9497993456168243,18416056000.0,1951304000.0,0.0,751142000.0,13011489000.0,0.0,811380000.0,1853347262.299492,0.0,12358303737.700508,751142000.0,2148312000.0,17457488000.0,6506801000.0,56840479000.0,5135586000.0,0.27886459511200445,500403760.8208628,0.0,236609730.0,1112247336.393046,0.0,131443560.0,0.027172145915545808,0.0,0.012848013168509044,0.06039552314529484,0.0,0.007137443543829364,0.037795459112862154,2.6829601827380305,False,True
20796,273.0,BCO DAYCOVAL S.A.,financeiro,cvm,Bancos,Categoria B,,consolidado,financeiro,dre,13.87435651862008,0.045106118913045556,1494110312.5,9.973980197436848,77.41935483870968,784407914.0625,5.236339603654346,373527578.125,81.10599078341014,675693314.9130545,4.510611891304556,-108714599.14944553,78.57142857142857,0.09973980197436849,0.09973980197436849,20.506912442396313,0.75,75.0,0.75,1.0,1.0,0.06912442396313365,7.079918143625209e-05,6.912442396313365,1.25,0.7,0.8614055299539171,336174820.31250006,709702398.4375,-108714599.14944553,liquido,1.0,14980081000.0,1005877000.0,,1221641000.0,,1164877000.0,,1005877000.0,0.0,0.0,1221641000.0,2491351000.0,-2491351000.0,2804390000.0,99927709000.0,-2028978000.0,-0.13544506201268203,377203875.0,0.0,534467937.5,0.0,582438500.0,0.0,0.025180362843164866,0.0,0.03567857460183293,0.0,0.0388808645293707,0.0,0.02493153325470516,,False,True
16101,274.0,GAFISA S.A.,construcao,cvm,"Construção Civil, Mat. Constr. e Decoração",Categoria A,BOLSA,consolidado,padrao,dva,13.817455317843923,0.04492412042125325,284746491.9611139,45.94968015741916,39.1705069124424,31767030.509411767,5.126261192562074,239365019.8048114,16.82027649769585,27931930.13259004,4.50738917600841,-3835100.3768217266,16.589861751152075,0.4594968015741916,0.45796998752568274,99.07834101382488,0.159375,15.937499999999998,0.75,0.25,0.85,0.1774193548387097,0.0009072544185134556,17.741935483870968,0.85,0.7,0.8792741935483871,13614441.64689076,252979461.45170218,-3835100.3768217266,liquido,0.945860680410149,619692000.0,79653000.0,20221000.0,49732000.0,818719000.0,3407000.0,1171759000.0,75340640.7767096,19126248.818573624,774394110.4047168,49732000.0,17650000.0,1586261000.0,-399073000.0,4727891000.0,-185330000.0,-0.29906792406550353,19211863.398060948,5202339.678652026,14795270.0,65823499.384400934,434392.5,179279127.0,0.031002277579928333,0.008395040889106243,0.023875199292551785,0.10621970169761903,0.0007009812939331152,0.28930360082105305,0.003733165591169509,-3.9748642478944953,False,True
701,275.0,BIOMA EDUCAÇÃO S.A.,saude_educacao,cvm,Emp. Adm. Part. - Educação,Categoria A,BOLSA,consolidado,padrao,dva,13.79974041833615,0.04486745931483215,94989682.23248985,28.547462225348045,18.89400921658986,14960874.95161715,4.496225300492316,73617003.73017964,10.829493087557603,14929333.014795192,4.486745931483214,-31541.93682195805,11.52073732718894,0.2854746222534805,0.2854746222534805,93.08755760368663,0.225,22.5,0.9,0.25,1.0,0.8963133640552995,0.0927283542901684,89.63133640552995,1.05,0.7,0.9978917050691244,6411803.550693066,80028807.2808727,-31541.93682195805,liquido,0.45618607577757764,332743000.0,153089000.0,0.0,176311000.0,171123000.0,0.0,0.0,69837070.15471359,0.0,78063929.84528641,176311000.0,12088000.0,33734000.0,-12602000.0,390008000.0,57270000.0,0.17211481533796352,21998677.09873478,0.0,64794292.5,8196712.633755074,0.0,0.0,0.06611311762752269,0.0,0.19472774032812112,0.024633764297836692,0.0,0.0,0.030994236015671472,-2.6768766862402793,False,True
25305,276.0,PATRIMAR ENGENHARIA S.A.,construcao,cvm,"Construção Civil, Mat. Constr. e Decoração",Categoria A,,consolidado,padrao,dva,13.779494919778216,0.044802704087299736,311639107.8325005,21.29881216152401,42.16589861751152,74170107.66413513,5.069117294442714,205681811.1694503,31.105990783410135,65554241.35563888,4.480270408729973,-8615866.308496252,29.723502304147466,0.21298812161524006,0.21298812161524006,73.04147465437788,0.34,34.0,1.0,0.4,0.85,0.20506912442396313,0.0011097908776726449,20.506912442396313,0.85,0.7,0.8838364055299539,31787188.99891506,237469000.1683654,-8615866.308496252,liquido,0.9492976895708446,1463176000.0,101038000.0,119110000.0,68916000.0,1139080000.0,6675000.0,935681000.0,95915139.958859,113070847.8047833,1081326012.2363577,68916000.0,399855000.0,1121523000.0,156177000.0,3019668000.0,-211760000.0,-0.14472626669655597,24458360.689509045,30755270.60290106,20502510.0,91912711.04009041,851062.5,143159193.0,0.016715938950276007,0.021019529163204605,0.014012333444507016,0.06281726261235177,0.0005816542234153649,0.09784140322148531,0.13241687496771168,7.181102210952957,False,True
24660,277.0,BBM LOGÍSTICA S.A.,outros,padrao,Serviços Transporte e Logística,Categoria A,BOLSA,consolidado,padrao,dva,13.720699320212255,0.0446146463609413,245828038.7430197,18.270657218466248,34.7926267281106,61948665.76324096,4.604205619053495,157329944.79553258,27.188940092165897,60028114.38571929,4.461464636094129,-1920551.3775216714,27.880184331797235,0.1827065721846625,0.1827065721846625,63.36405529953917,0.36000000000000004,36.00000000000001,0.9,0.4,1.0,0.7211981566820277,0.03834476904576643,72.11981566820278,1.0,0.7,0.9689976958525346,26549428.184246134,183879372.97977874,-1920551.3775216714,liquido,0.7583193168083154,1345480000.0,77326000.0,37344000.0,342121000.0,1300921000.0,6000.0,4334000.0,58637799.4915198,28318676.566889733,986513523.9415905,342121000.0,34365000.0,507842000.0,81197000.0,989590000.0,146933000.0,0.10920489342093528,17591339.84745594,9061976.501404716,119742349.99999999,98651352.39415906,900.0,780120.0,0.013074397127758078,0.006735125383807054,0.08899600885929183,0.07332056395796226,6.689062639355472e-07,0.0005798079495793323,0.03472650289513839,6.254442898136631,False,True
17450,278.0,RUMO S.A.,outros,padrao,Emp. Adm. Part. - Serviços Transporte e Logística,Categoria A,BOLSA,consolidado,padrao,dva,13.69812090711569,0.044542429306211585,1321370425.8159294,9.542112941572203,74.88479262672811,647471508.6498053,4.675635341370378,396411127.7447789,76.49769585253456,616813583.5282534,4.454242930621159,-30657925.12155187,76.95852534562212,0.09542112941572202,0.09542112941572202,18.663594470046082,0.7,70.0,1.0,0.7,1.0,0.6221198156682027,0.02387992493997928,62.21198156682027,1.0,0.7,0.9526497695852535,277487789.4213452,673898917.1661241,-30657925.12155187,liquido,0.840026054889403,13847776000.0,637450000.0,58352000.0,1321057000.0,7562149000.0,29000.0,263489000.0,535474608.68924993,49017200.35490644,6352402190.955844,1321057000.0,7018132000.0,16105705000.0,6792995000.0,53783092000.0,7141811000.0,0.5157370396517101,160642382.606775,15685504.11357006,462369950.0,635240219.0955844,4350.0,47428020.0,0.011600590781275996,0.0011327092605751322,0.033389473515458366,0.04587308598114126,3.141298646078619e-07,0.003424955747406659,0.1304895598044084,2.370928434365107,False,True
22187,279.0,PRIO S.A.,commodities,cvm,Petróleo e Gás,Categoria A,BOLSA,consolidado,padrao,dva,13.63616287007925,0.044344256523542146,1609585060.0872655,10.32847273791299,78.3410138248848,709827011.498484,4.554856477419629,595546472.2322882,78.3410138248848,691059119.8926197,4.434425652354214,-18767891.605864286,79.95391705069125,0.10328472737912993,0.10328472737912993,22.119815668202765,0.63,63.0,0.9,0.7,1.0,0.7488479262672811,0.046864233583238796,74.88479262672811,0.75,0.7,0.9735599078341014,304211576.35649323,899758048.5887815,-18767891.605864286,liquido,0.969820978606119,15583960000.0,813717000.0,0.0,400861000.0,12469053000.0,0.0,3109940000.0,789159817.2484354,0.0,12092749182.751564,400861000.0,3398291000.0,25039995000.0,7664205000.0,64179605000.0,8176080000.0,0.5246471371846437,177560958.88089794,0.0,105226012.49999999,906956188.7063675,0.0,419841900.0,0.01139382794109443,0.0,0.006752199858059183,0.058198056765184684,0.0,0.02694064281479162,0.052949702635284215,3.267135338890335,False,True
1155,280.0,BANESTES S.A. - BCO EST ESPIRITO SANTO,financeiro,cvm,Bancos,Categoria A,BOLSA,consolidado,financeiro,dre,13.563976960235443,0.044113369889498856,409331000.0,7.033363591860748,49.30875576036866,286531700.0,4.923354514302524,0.0,60.59907834101382,256733063.41129032,4.411336988949887,-29798636.588709682,60.13824884792627,0.07033363591860747,0.07033363591860747,6.221198156682028,1.0,100.0,1.0,1.0,1.0,0.27880184331797236,0.002040876545940965,27.880184331797235,1.25,0.7,0.8960023041474654,122799300.00000001,122799300.0,-29798636.588709682,liquido,1.0,5819847000.0,419792000.0,,575792000.0,,0.0,,419792000.0,0.0,0.0,575792000.0,5595399000.0,-5595399000.0,527097000.0,39684811000.0,-87486000.0,-0.015032353943325314,157422000.0,0.0,251909000.0,0.0,0.0,0.0,0.027049164694535784,0.0,0.0432844712240717,0.0,0.0,0.0,0.14099598458463114,,False,True
20770,281.0,EZ TEC EMPREEND. E PARTICIPACOES S.A.,construcao,cvm,"Emp. Adm. Part. - Const. Civil, Mat. Const. e Decoração",Categoria A,BOLSA,consolidado,padrao,dva,13.446551777516612,0.0437377854402825,362073477.3860046,24.157203282711663,45.39170506912442,76035430.25106098,5.07301268936945,253451434.1702032,31.336405529953915,65555155.049175106,4.373778544028251,-10480275.201885872,29.953917050691242,0.24157203282711665,0.24157203282711665,81.79723502304147,0.30000000000000004,30.000000000000004,0.75,0.4,1.0,0.07373271889400922,8.61791417296718e-05,7.373271889400922,0.85,0.7,0.8621658986175115,32586612.964740425,286038047.13494366,-10480275.201885872,liquido,0.9076391351045837,1498822000.0,152525000.0,127383000.0,106545000.0,873665000.0,0.0,1282510000.0,138437659.08182663,115617795.94702719,792972544.9711461,106545000.0,66575000.0,1639410000.0,462747000.0,7196637000.0,503785000.0,0.33612063340410003,35301603.06586579,31448040.4975914,31697137.5,67402666.32254742,0.0,196224030.0,0.02355289892052945,0.02098183806855744,0.021148033255449943,0.04497042765755201,0.0,0.1309188349250278,0.009250848695022412,3.542778235191152,False,True
16659,282.0,PORTO SEGURO S.A.,financeiro,cvm,Seguradoras e Corretoras,Categoria A,BOLSA,consolidado,padrao,dva,13.056802509891346,0.042491172400181666,2947402000.0,7.209333549004955,87.32718894009217,1856863260.0,4.541880135873122,294740199.99999994,91.24423963133641,1737172592.4919355,4.249117240018166,-119690667.50806451,91.47465437788019,0.07209333549004955,0.07209333549004955,6.682027649769585,0.9,90.0,0.9,1.0,1.0,0.5184331797235023,0.014004301405712162,51.843317972350235,1.25,0.7,0.9355414746543779,795798540.0000001,1090538740.0,-119690667.50806451,liquido,0.5532116254521027,40883141000.0,7252776000.0,0.0,3240456000.0,0.0,50165000.0,0.0,4012319999.9999995,0.0,0.0,3240456000.0,1897923000.0,-1897923000.0,3496364000.0,55864993000.0,1368371000.0,0.03347030014156691,1504619999.9999998,0.0,1417699500.0,0.0,25082500.0,0.0,0.03680294525315459,0.0,0.034676873286228184,0.0,0.0006135169506667797,0.0,0.03397338651774287,-0.542827634651312,False,True
24180,283.0,IRB - BRASIL RESSEGUROS S.A.,financeiro,cvm,Seguradoras e Corretoras,Categoria A,BOLSA,consolidado,padrao,dva,12.94649039243198,0.04213833909033642,673184675.0,12.91766632785484,61.52073732718893,247395368.06249994,4.747242375486653,319762720.62500006,57.373271889400925,219597591.28008565,4.213833909033643,-27797776.782414287,56.22119815668203,0.1291766632785484,0.1291766632785484,35.483870967741936,0.5249999999999999,52.49999999999999,0.75,0.7,1.0,0.22811059907834103,0.0012977469497001924,22.811059907834103,1.25,0.7,0.8876382488479263,106026586.3125,425789306.93750006,-27797776.782414287,liquido,0.9470524722071241,5211349000.0,0.0,0.0,245288000.0,4632662000.0,0.0,77553000.0,0.0,0.0,4387374000.0,245288000.0,11232000.0,6030215000.0,2108705000.0,15644036000.0,250920000.0,0.048148761481911884,0.0,0.0,107313500.0,548421750.0,0.0,17449425.0,0.0,0.0,0.020592268911562055,0.10523604348893156,0.0,0.003348350878054799,0.0007179732902685726,2.859676910710602,False,True
26069,284.0,"ARMAC LOCAÇÃO, LOGÍSTICA E SERVIÇOS S.A.",outros,padrao,Serviços Transporte e Logística,Categoria A,BOLSA,consolidado,padrao,dva,12.89119653800622,0.04196148169587721,341406261.5367816,18.085286482146888,44.47004608294931,86034377.90726897,4.557492193501016,218500007.38354018,34.10138248847927,79213080.80176407,4.196148169587721,-6821297.1055049,33.41013824884793,0.18085286482146887,0.18085286482146887,62.44239631336406,0.36000000000000004,36.00000000000001,0.9,0.4,1.0,0.42857142857142855,0.007168119472402621,42.857142857142854,1.0,0.7,0.9207142857142857,36871876.245972425,255371883.62951264,-6821297.1055049,liquido,0.5847543456154838,1887757000.0,218711000.0,0.0,608447000.0,1246559000.0,13675000.0,84099000.0,127892207.68390808,0.0,728930792.3160919,608447000.0,239639000.0,2735379000.0,662930000.0,5340815000.0,450644000.0,0.2387192843146655,38367662.30517242,0.0,212956450.0,72893079.2316092,2051250.0,15137820.0,0.02032447094894757,0.0,0.11280924928367368,0.038613592338213654,0.001086607015627541,0.008018945235006411,0.044869369188035906,4.126195827613775,False,True
27480,285.0,AXIA ENERGIA SUL S.A.,utilities,cvm,Energia Elétrica,Categoria B,BALCÃO ORGANIZADO,consolidado,padrao,dva,12.881883522344419,0.04193169401510131,236426346.00000003,7.4315096730877315,34.10138248847927,148948597.98000002,4.681851094045271,23642634.599999998,46.31336405529954,133401659.06641938,4.193169401510131,-15546938.913580641,44.93087557603687,0.07431509673087731,0.07431509673087731,7.373271889400922,0.9,90.0,0.9,1.0,1.0,0.2764976958525346,0.0020352043578657046,27.64976958525346,0.9,0.7,0.8956221198156682,63835113.42000002,87477748.02000001,-15546938.913580641,liquido,0.8340920006195628,3181404000.0,0.0,0.0,297774000.0,1794814000.0,0.0,48728000.0,0.0,0.0,1497040000.0,297774000.0,677666000.0,3041544000.0,1865471000.0,16222253000.0,747695000.0,0.23502045009058894,0.0,0.0,93798810.0,134733600.00000003,0.0,7893936.0,0.0,0.0,0.0294834639046157,0.0423503585209549,0.0,0.002481274305306714,0.041773852250978946,1.630442928354287,False,True
25747,286.0,INFRACOMMERCE CXAAS S.A.,varejo,cvm,Comércio (Atacado e Varejo),Categoria A,,consolidado,padrao,dva,12.85931010005601,0.04185949292347158,192310413.43337053,27.08769054846723,30.184331797235025,30288890.115755856,4.2663112613835885,149040570.41086218,16.359447004608295,29718356.298483267,4.185949292347158,-570533.8172725886,17.972350230414747,0.2708769054846723,0.2708769054846723,90.55299539170507,0.225,22.5,0.9,0.25,1.0,0.7949308755760369,0.05896928635263026,79.49308755760369,1.1,0.7,0.9811635944700461,12980952.906752512,162021523.31761467,-570533.8172725886,liquido,0.7457640805779057,709955000.0,253791000.0,19534000.0,207786000.0,543971000.0,620000.0,0.0,189268211.77394727,14567755.55000881,405674032.6760439,207786000.0,77595000.0,380543000.0,-35659000.0,1309190000.0,29933000.0,0.042161827158059315,62458509.885402605,5127849.953603101,79997610.0,44624143.59436484,102300.0,0.0,0.08797530813277264,0.00722278166025044,0.11267983182032665,0.06285489023158487,0.00014409363973772986,0.0,0.05926947196358053,-10.671723828486497,False,True
23248,287.0,ANIMA HOLDING S.A.,saude_educacao,cvm,Educação,Categoria A,BOLSA,consolidado,padrao,dva,12.754546206328296,0.04152440560734024,795626791.7573243,19.77352647968583,64.51612903225806,167081626.2690381,4.152440560734024,556938754.230127,49.30875576036866,167081626.2690381,4.152440560734024,0.0,50.0,0.19773526479685827,0.19773526479685827,69.12442396313364,0.30000000000000004,30.000000000000004,0.75,0.4,1.0,0.923963133640553,0.10859265526682887,92.3963133640553,1.05,0.7,1.0,71606411.2581592,628545165.4882863,0.0,liquido,0.5963068740162081,4023697000.0,1041817000.0,291874000.0,1139987000.0,1490204000.0,185432000.0,0.0,621242638.5669439,174046472.54660672,888618888.8864493,1139987000.0,220007000.0,5476444000.0,1429485000.0,10173712000.0,631870000.0,0.15703717253063537,195691431.14858732,58479614.77565986,418945222.5,93304983.33307719,29205540.0,0.0,0.04863473346740257,0.014533801818491766,0.10411947582037115,0.023188869175058954,0.007258384515533849,0.0,0.021625046983834415,3.8310608365949976,False,True
27707,288.0,AUTOMOB PARTICIPAÇÕES S.A.,outros,padrao,Serviços Transporte e Logística,Categoria A,BOLSA,consolidado,padrao,dva,12.670695846711693,0.04125621023047116,2185783071.377321,17.055909853592716,84.33179723502305,550817333.9870849,4.298089283105364,1398901165.6814852,73.27188940092167,528714836.5875801,4.125621023047116,-22102497.39950478,74.19354838709677,0.17055909853592713,0.17055909853592713,57.373271889400925,0.36000000000000004,36.00000000000001,0.9,0.4,1.0,0.6658986175115207,0.030472453557313428,66.58986175115207,1.0,0.7,0.959873271889401,236064571.70875072,1634965737.390236,-22102497.39950478,liquido,0.9542286321493045,12815400000.0,792827000.0,786695000.0,574052000.0,10962205000.0,20259000.0,2603332000.0,756538223.7410367,750686893.7686971,10460449882.490267,574052000.0,264820000.0,2675463000.0,425863000.0,8428130000.0,1089712000.0,0.0850314465408805,226961467.122311,240219806.00598308,200918200.0,1046044988.2490268,3038850.0,468599760.0,0.01771005720635415,0.01874462022301162,0.015677871935327808,0.08162406075885471,0.00023712486539632005,0.03656536354698253,0.03142096764050863,6.282449989785447,False,True
25380,289.0,EZ INC INCORPORAÇÕES S.A.,construcao,cvm,"Construção Civil, Mat. Constr. e Decoração",Categoria A,,consolidado,padrao,dva,12.623995694037156,0.04110683979123086,35253912.942247555,26.966345866955976,6.912442396313365,6292823.460191187,4.813492737251641,26264165.141974427,3.686635944700461,5374020.486426982,4.110683979123085,-918802.9737642054,3.686635944700461,0.26966345866955976,0.26966345866955976,90.09216589861751,0.255,25.5,0.75,0.4,0.85,0.024193548387096774,0.0,2.4193548387096775,0.85,0.7,0.853991935483871,2696924.340081938,28961089.48205637,-918802.9737642054,liquido,0.9290931100575003,130733000.0,11036000.0,15250000.0,7029000.0,72844000.0,0.0,136873000.0,10253471.562594574,14168669.92837688,67678858.50902855,7029000.0,7423000.0,443894000.0,31626000.0,1751876000.0,-123798000.0,-0.9469529499055327,2614635.248461616,3853878.2205185117,2091127.5,5752702.973267428,0.0,20941569.0,0.019999810671074758,0.029479000868323314,0.015995406668553463,0.044003449574839,0.0,0.1601857908867692,0.004237172037290311,14.035730095491052,False,True
19330,290.0,TPI - TRIUNFO PARTICIP. E INVEST. S.A.,outros,padrao,Emp. Adm. Part. - Serviços Transporte e Logística,Categoria A,BOLSA,consolidado,padrao,dva,12.56783372427328,0.04092720572984575,279129729.0117638,26.46388969324345,38.24884792626728,43962932.3193528,4.168062626685843,216325539.98411697,22.119815668202765,43168256.733994916,4.092720572984575,-794675.5853578821,23.04147465437788,0.2646388969324345,0.2646388969324345,88.70967741935483,0.225,22.5,0.9,0.25,1.0,0.7995391705069125,0.060425091494483475,79.95391705069125,1.0,0.7,0.9819239631336406,18841256.70829406,235166796.692411,-794675.5853578821,liquido,0.8838697504989798,1054757000.0,596355000.0,0.0,156340000.0,749892000.0,0.0,0.0,527100145.05881906,0.0,662806854.941181,156340000.0,86454000.0,1188179000.0,-223727000.0,2197127000.0,351168000.0,0.3329373495506548,158130043.51764572,0.0,54719000.0,66280685.494118094,0.0,0.0,0.14992082870049284,0.0,0.051878299930694934,0.06283976830124673,0.0,0.0,0.0393486584981205,-5.310843125773823,False,True
9512,291.0,PETROLEO BRASILEIRO S.A. PETROBRAS,commodities,cvm,Petróleo e Gás,Categoria A,BOLSA,consolidado,padrao,dva,12.471299305496753,0.04061844038950629,42781086262.541336,8.59836644482078,99.07834101382488,22460070287.8342,4.514142383530909,10695271565.635334,99.30875576036865,20209664397.358463,4.061844038950628,-2250405890.4757385,99.30875576036865,0.08598366444820778,0.08598366444820778,11.981566820276496,0.75,75.0,0.75,1.0,1.0,0.30184331797235026,0.002269923957138735,30.184331797235025,0.75,0.7,0.8998041474654378,9625744409.071802,20321015974.707134,-2250405890.4757385,liquido,0.8454714675315593,497549000000.0,10802000000.0,28954000000.0,46406000000.0,260551000000.0,440000000.0,45173000000.0,9132782792.275904,24479780870.908768,220288436336.8153,46406000000.0,35608000000.0,348417000000.0,230016000000.0,1223389000000.0,200333000000.0,0.402639740005507,2054876128.262078,5875147409.018104,12181574999.999998,16521632725.26115,49499999.99999999,6098355000.0,0.004129997504290187,0.011808178509087757,0.02448316648209523,0.033206041465787595,9.948768864976112e-05,0.012256792798297255,0.02910603250478793,1.5147511477462436,False,True
20540,292.0,CPFL ENERGIAS RENOVÁVEIS S.A.,utilities,cvm,Emp. Adm. Part. - Energia Elétrica,Categoria B,BOLSA,consolidado,padrao,dre,12.390279510242543,0.040359298572805534,236591862.52364436,6.650339022210376,34.331797235023046,149052873.38989595,4.189713583992537,23659186.25236443,46.54377880184332,143581877.3689258,4.0359298572805535,-5470996.020970136,46.54377880184332,0.06650339022210378,0.06650339022210378,5.299539170506913,0.9,90.0,0.9,1.0,1.0,0.6866359447004609,0.031911803095372136,68.66359447004609,0.9,0.7,0.963294930875576,63879802.881383985,87538989.13374841,-5470996.020970136,liquido,0.9190398045110981,3557591000.0,249539000.0,11679000.0,135176000.0,1408442000.0,11679000.0,67441000.0,229336273.7778949,10733465.876885114,1294414260.34522,135176000.0,414259000.0,1147796000.0,2222647000.0,10400365000.0,2458416000.0,0.6910339046843778,61920793.92003163,3091238.1725429134,42580440.0,116497283.43106982,1576665.0,10925442.0,0.017405259322960855,0.0008689133103110822,0.011968896930535298,0.03274611483755997,0.0004431833226472633,0.0030710224980892973,0.03983119823198513,0.5164094883263064,False,True
14311,293.0,CIA PARANAENSE DE ENERGIA - COPEL,utilities,cvm,Energia Elétrica,Categoria A,BOLSA,consolidado,padrao,dva,12.38650407301887,0.04034722283677197,2427785730.0726614,9.295857549134787,85.48387096774194,1070653506.9620436,4.099473179168441,898280720.1268847,85.02304147465438,1053742608.8278852,4.034722283677198,-16910898.134158492,85.48387096774194,0.09295857549134787,0.09295857549134787,16.359447004608295,0.63,63.0,0.9,0.7,1.0,0.8133640552995391,0.06358282527612266,81.33640552995391,0.9,0.7,0.984205069124424,458851502.98373306,1357132223.1106176,-16910898.134158492,liquido,0.941955147229101,26116856000.0,876873000.0,133601000.0,1245981000.0,20455357000.0,102457000.0,173398000.0,825975035.8162235,125846149.62495512,19268028814.558823,1245981000.0,3130363000.0,16884980000.0,6526897000.0,60414456000.0,3028446000.0,0.11595752566848015,223013259.67038035,36243691.09198708,392484015.0,1734122593.3102942,13831695.0,28090476.0,0.008539054611718208,0.0013877509257617792,0.015027996287148805,0.06639859687974288,0.0005296079665944478,0.001075568820381749,0.051814800749012783,2.5869842897781288,False,True
15636,294.0,CIA GAS DE SAO PAULO - COMGAS,utilities,cvm,"Emp. Adm. Part. - Saneamento, Serv. Água e Gás",Categoria A,BOLSA,individual,padrao,dva,12.351933479743392,0.04023664879350612,951688384.9869373,8.211560978266556,69.81566820276498,466327308.6435992,4.023664879350612,285506515.49608123,70.04608294930875,466327308.6435992,4.023664879350612,0.0,70.73732718894009,0.08211560978266556,0.08211560978266556,9.67741935483871,0.7,70.0,1.0,0.7,1.0,0.9654377880184332,0.12405797101449277,96.54377880184332,0.9,0.7,1.0,199854560.84725684,485361076.3433381,0.0,liquido,0.9623070598354659,11589616000.0,283580000.0,168230000.0,321957000.0,8089763000.0,40306000.0,147474000.0,272891036.02814144,161888916.67612043,7784836047.295738,321957000.0,1260666000.0,8279957000.0,3677745000.0,14946780000.0,3514036000.0,0.3032055591833241,73680579.72759819,46624008.00272269,101416455.0,700635244.2566165,5441310.0,23890788.0,0.006357465141864769,0.004022912234773153,0.008750631168452863,0.060453706512503654,0.0004694987305877952,0.002061395994483338,0.08434365127472272,2.251367889834668,False,True
20435,295.0,TECNISA S.A.,construcao,cvm,"Construção Civil, Mat. Constr. e Decoração",Categoria A,BOLSA,consolidado,padrao,dva,12.310808326347239,0.04010510998956645,55461333.046441644,25.851399067974423,11.52073732718894,9705733.283127287,4.523994836895524,41595999.78483123,7.603686635944701,8604110.192051595,4.0105109989566445,-1101623.0910756923,7.142857142857142,0.25851399067974423,0.25851399067974423,87.32718894009217,0.25,25.0,1.0,0.25,1.0,0.22119815668202766,0.0012705139411729838,22.119815668202765,0.85,0.7,0.8864976958525346,4159599.978483124,45755599.76331436,-1101623.0910756923,liquido,0.9202635086346473,214539000.0,52171000.0,13179000.0,25067000.0,249023000.0,741000.0,84239000.0,48011067.50897819,12128152.780296016,229166779.71072578,25067000.0,199508000.0,511554000.0,-27537000.0,1197783000.0,12389000.0,0.057747076289159545,12242822.214789439,3298857.5562405167,7457432.5,19479176.27541169,94477.5,12888567.0,0.05706571865623238,0.015376493580377073,0.03476026503339719,0.09079550233482814,0.00044037447736775133,0.060075636597541705,0.1665643943852935,-18.576969168754765,False,True
19739,296.0,LOCALIZA RENT A CAR S.A.,outros,padrao,Serviços Transporte e Logística,Categoria A,BOLSA,consolidado,padrao,dva,12.178518282846921,0.03968198028285059,4754713169.802059,11.37992450119909,91.24423963133641,1747357089.9022563,4.182122254190665,2258488755.6559787,90.78341013824884,1657976151.2021868,3.968198028285059,-89380938.70006943,90.55299539170507,0.1137992450119909,0.1137992450119909,26.72811059907834,0.5249999999999999,52.49999999999999,0.75,0.7,1.0,0.5990783410138248,0.020742337522071705,59.907834101382484,1.0,0.7,0.9488479262672811,748867324.2438242,3007356079.899803,-89380938.70006943,liquido,0.9236813308899176,41781588000.0,880454000.0,2437865000.0,2592540000.0,30651613000.0,343566000.0,0.0,813258922.5073515,2251810387.729949,28312322689.7627,2592540000.0,1705451000.0,41889887000.0,13753405000.0,85566576000.0,2146418000.0,0.05137234132891263,243977676.75220543,720579324.0735837,907389000.0,2831232268.97627,51534900.0,0.0,0.0058393586369241265,0.017246336450246546,0.021717436876741016,0.06776267740173662,0.0012334356463425949,0.0,0.01993127550178004,3.0457829897396316,False,True
27472,297.0,AXIA ENERGIA NORTE S.A.,utilities,cvm,Energia Elétrica,Categoria B,BALCÃO ORGANIZADO,consolidado,padrao,dva,12.158005804592996,0.03961637112075534,712462644.0,6.328118784795375,62.44239631336406,448851465.71999997,3.9867148344210865,71246264.39999999,69.35483870967742,446028045.20982575,3.9616371120755343,-2823420.510174215,70.27649769585254,0.06328118784795375,0.06328118784795375,4.147465437788019,0.9,90.0,0.9,1.0,1.0,0.8709677419354839,0.0825240404771185,87.09677419354838,0.9,0.7,0.9937096774193548,192364913.88000003,263611178.28000003,-2823420.510174215,liquido,0.8864630133231622,11258680000.0,0.0,0.0,687622000.0,6056370000.0,0.0,78237000.0,0.0,0.0,5368748000.0,687622000.0,4696970000.0,7400682000.0,5001056000.0,62708614000.0,4863342000.0,0.4319637826103948,0.0,0.0,216600930.0,483187320.00000006,0.0,12674394.0,0.0,0.0,0.01923857237260496,0.04291687124956034,0.0,0.0011257442257884584,0.07490151193582432,1.4798238612005143,False,True
21334,298.0,NUTRIPLANT INDUSTRIA E COMERCIO S.A.,commodities,cvm,"Agricultura (Açúcar, Álcool e Cana)",Categoria A,BOLSA,consolidado,padrao,dva,12.112551038160069,0.039470984049433104,28838387.227277137,13.343692035571506,4.377880184331797,9008391.210120693,4.168235799611648,15969256.927104717,6.682027649769585,8530469.072763484,3.9470984049433113,-477922.1373572089,6.912442396313365,0.13343692035571503,0.13343692035571503,37.78801843317972,0.4462499999999999,44.62499999999999,0.75,0.7,0.85,0.5875576036866359,0.019922917740458956,58.75576036866359,0.75,0.7,0.946947004608295,3860739.0900517264,19829996.017156444,-477922.1373572089,liquido,0.9064310477746849,216120000.0,12444000.0,17948000.0,20269000.0,186229000.0,663000.0,32152000.0,11279627.958508179,16268624.445460044,168803747.59603179,20269000.0,3008000.0,18853000.0,8712000.0,129991000.0,-7203000.0,-0.03332870627429206,2537916.29066434,3904469.8669104106,5320612.499999999,12660281.069702385,74587.49999999999,4340520.0,0.0117430885187134,0.01806621259906723,0.024618788173237083,0.05857986798862848,0.0003451207662409772,0.020083842309827873,0.023140063542860658,2.1640266299357207,False,True
1309,299.0,BCO MERCANTIL DE INVESTIMENTOS S.A.,financeiro,cvm,Bancos,Categoria A,BOLSA,individual,financeiro,dre,12.097800539180351,0.03942380457815879,6510375.0,8.793169815907833,0.4608294930875576,3417946.875,4.616414153351612,1627593.75,0.9216589861751152,2918899.0671622986,3.942380457815879,-499047.8078377014,0.9216589861751152,0.08793169815907834,0.08793169815907834,14.055299539170507,0.75,75.0,0.75,1.0,1.0,0.024193548387096774,0.0,2.4193548387096775,1.25,0.7,0.853991935483871,1464834.3750000002,3092428.125,-499047.8078377014,liquido,1.0,74039000.0,2998000.0,,7334000.0,,4355000.0,,2998000.0,0.0,0.0,7334000.0,9826000.0,-9826000.0,10730000.0,626680000.0,-40782000.0,-0.5508178122340929,1124250.0,0.0,3208625.0,0.0,2177500.0,0.0,0.015184564891476115,0.0,0.043336957549399646,0.0,0.02941017571820257,0.0,0.0156794536286462,,False,True
20567,300.0,BCO PINE S.A,financeiro,cvm,Bancos,Categoria A,BOLSA,consolidado,financeiro,dre,11.995957206994467,0.03909805867817595,423277500.0,8.60369260927301,50.92165898617511,222220687.5,4.51693861986833,105819375.0,55.29953917050692,192351462.1421371,3.909805867817595,-29869225.35786289,53.686635944700456,0.08603692609273009,0.08603692609273009,12.211981566820276,0.75,75.0,0.75,1.0,1.0,0.0944700460829493,0.00016032575645111096,9.44700460829493,1.25,0.7,0.8655875576036867,95237437.50000001,201056812.5,-29869225.35786289,liquido,1.0,4919719000.0,195894000.0,,277508000.0,,456815000.0,,195894000.0,0.0,0.0,277508000.0,657173000.0,-657173000.0,584148000.0,31013108000.0,-1437665000.0,-0.2922250234210531,73460250.0,0.0,121409750.0,0.0,228407500.0,0.0,0.014931797933987693,0.0,0.024678187920895482,0.0,0.046426940237846916,0.0,0.02119016900853665,,False,True
3654,301.0,CIA MELHORAMENTOS DE SAO PAULO,commodities,cvm,Papel e Celulose,Categoria A,BOLSA,consolidado,padrao,dva,11.895086436465245,0.038775423516670925,38289524.76387687,21.621383787926472,7.603686635944701,8040800.2004141435,4.54049059546456,26802667.33471381,5.529953917050691,6866778.525990772,3.8775423516670933,-1174021.6744233714,5.0691244239631335,0.2162138378792647,0.2162138378792647,73.73271889400922,0.30000000000000004,30.000000000000004,0.75,0.4,1.0,0.024193548387096774,0.0,2.4193548387096775,0.75,0.7,0.853991935483871,3446057.2287489194,30248724.563462727,-1174021.6744233714,liquido,0.6859109078172003,177091000.0,59005000.0,19919000.0,60976000.0,115212000.0,2274000.0,27521000.0,40472173.115753904,13662659.372810813,79025167.51143529,60976000.0,28045000.0,178740000.0,12789000.0,1432278000.0,51454000.0,0.2905511855486727,9106238.951044628,3279038.249474595,16006199.999999998,5926887.5633576475,255824.99999999997,3715335.0000000005,0.05142124078041588,0.018516120240297897,0.09038403984392203,0.033468033741735306,0.001444596281008069,0.02097980699188553,0.019580695926349492,13.976073187895848,False,True
15539,302.0,NEOENERGIA S.A.,utilities,cvm,Emp. Adm. Part. - Energia Elétrica,Categoria B,BOLSA,consolidado,padrao,dva,11.885125227235719,0.038743562588756005,4838396787.644317,9.192705693470478,91.47465437788019,2133732983.3511436,4.053983210820481,1790206811.4283972,93.08755760368663,2039189929.733995,3.8743562588756006,-94543053.61714864,92.85714285714286,0.09192705693470478,0.09192705693470478,16.129032258064516,0.63,63.0,0.9,0.7,1.0,0.6405529953917051,0.027155049548114492,64.0552995391705,0.9,0.7,0.9556912442396314,914456992.864776,2704663804.293173,-94543053.61714864,liquido,0.9325587639434695,52633000000.0,2296000000.0,371000000.0,2763000000.0,38302000000.0,560000000.0,0.0,2141154922.014206,345979301.42302716,35718865776.56277,2763000000.0,8453000000.0,49274000000.0,14352000000.0,119278000000.0,1923000000.0,0.036536013527634754,578111828.9438356,99642038.80983183,870345000.0,3214697919.8906493,75600000.0,0.0,0.010983828186571839,0.001893147622401,0.016536108525069825,0.061077611382415006,0.0014363612182471074,0.0,0.0708680561377622,3.4332497212931994,False,True
20915,303.0,MRV ENGENHARIA E PARTICIPACOES S.A.,construcao,cvm,"Construção Civil, Mat. Constr. e Decoração",Categoria A,BOLSA,consolidado,padrao,dva,11.825073530303216,0.03855148723494618,2244059098.260592,20.575926454008442,85.02304147465438,471252410.6347243,4.3209445553417725,1570841368.7824142,70.27649769585254,420451617.93531054,3.8551487234946182,-50800792.69941378,69.5852534562212,0.20575926454008436,0.20575926454008436,71.88940092165899,0.30000000000000004,30.000000000000004,0.75,0.4,1.0,0.2557603686635945,0.0016038325808843384,25.57603686635945,0.85,0.7,0.8922004608294931,201965318.84345332,1772806687.6258676,-50800792.69941378,liquido,0.8181201525997265,10906236000.0,627521000.0,962515000.0,1690842000.0,7706442000.0,221495000.0,5436499000.0,513387576.27953297,787452918.6795257,6304795505.040941,1690842000.0,255863000.0,8346143000.0,452804000.0,28529287000.0,541982000.0,0.04969468843329633,130913831.9512809,214187193.880831,503025495.0,535907617.92848,28240612.5,831784347.0,0.01200357593135532,0.019638965623046397,0.0461227406962402,0.049137724319231676,0.0025894004586000155,0.07626685751161079,0.008968433035147355,18.432131783288135,False,True
25780,304.0,PETRORECÔNCAVO S.A.,commodities,cvm,Emp. Adm. Part. - Petróleo e Gás,Categoria A,,consolidado,padrao,dva,11.75611420613478,0.0383309208352485,257846674.1461508,8.165883557658685,35.483870967741936,135369503.92672914,4.287088867770808,64461668.5365377,43.08755760368664,121034060.60766815,3.8330920835248485,-14335443.319060996,41.244239631336406,0.08165883557658686,0.08165883557658686,9.44700460829493,0.75,75.0,0.75,1.0,1.0,0.2672811059907834,0.0019239468321178494,26.72811059907834,0.75,0.7,0.8941013824884793,58015501.68288393,122477170.21942165,-14335443.319060996,liquido,0.8954762897756852,3157609000.0,239996000.0,0.0,248366000.0,2136173000.0,0.0,6139000.0,214910727.64100534,0.0,1912892272.3589947,248366000.0,229508000.0,2875508000.0,1442656000.0,8668015000.0,1504449000.0,0.47645196096160103,48354913.7192262,0.0,65196074.99999999,143466920.42692462,0.0,828765.0,0.015313774985828262,0.0,0.02064729198580318,0.04543530260615695,0.0,0.000262465998798458,0.026477573008353125,1.9932042011401194,False,True
16373,305.0,CIA ESTADUAL DE ÁGUAS E ESGOTOS - CEDAE,utilities,cvm,"Saneamento, Serv. Água e Gás",Categoria A,BALCÃO ORGANIZADO,individual,padrao,dre,11.734246419216516,0.03826097671836394,712035376.7414293,22.086314012742093,62.21198156682027,124606190.92975013,3.865104952229866,534026532.556072,41.244239631336406,123348644.57889229,3.826097671836395,-1257546.350857839,41.935483870967744,0.22086314012742092,0.22086314012742092,75.34562211981567,0.25,25.0,1.0,0.25,1.0,0.847926267281106,0.07491224446177462,84.7926267281106,0.9,0.7,0.9899078341013825,53402653.25560721,587429185.8116792,-1257546.350857839,liquido,0.48601099666838965,3223876000.0,1028170000.0,120116000.0,1462695000.0,1697485000.0,158613000.0,24023000.0,499701926.4445382,58377696.875820294,824996376.6796414,1462695000.0,2383119000.0,-1623191000.0,-272745000.0,13961512000.0,346398000.0,0.10744768099021178,134919520.14002532,16812776.700236246,460748925.0,74249673.90116774,21412755.0,3891726.0,0.041850096014866986,0.005215081690560135,0.14291769441504573,0.023031181689732397,0.0066419288458985405,0.001207157471317135,0.17069204252376105,5.951313497955966,False,True
25160,306.0,SEQUOIA LOGÍSTICA E TRANSPORTES S.A.,outros,padrao,Serviços Transporte e Logística,Categoria A,BOLSA,consolidado,padrao,dva,11.716856613588288,0.0382053554247229,105756419.14691922,17.836300385024696,20.506912442396313,22653024.981270097,3.8205355424722898,73394954.88796194,14.516129032258066,22653024.981270097,3.8205355424722898,0.0,14.976958525345621,0.17836300385024695,0.17836300385024695,61.75115207373272,0.30600000000000005,30.600000000000005,0.9,0.4,0.85,0.9700460829493087,0.12866229174500382,97.00460829493088,1.0,0.7,1.0,9708439.277687186,83103394.16564912,0.0,liquido,0.9546651938065469,592928000.0,146381000.0,0.0,31683000.0,552486000.0,0.0,0.0,139744845.73459613,0.0,527439154.26540387,31683000.0,56564000.0,304384000.0,83925000.0,752623000.0,-10942000.0,-0.018454179934157267,41923453.72037884,0.0,11089050.0,52743915.42654039,0.0,0.0,0.07070580866543465,0.0,0.018702186437476388,0.08895500874733592,0.0,0.0,0.07515582170621944,3.6268573130771524,False,True
14443,307.0,CIA SANEAMENTO BASICO EST SAO PAULO,utilities,cvm,"Saneamento, Serv. Água e Gás",Categoria A,BOLSA,consolidado,padrao,dre,11.684921510798466,0.03810321099782681,3293158091.255273,8.645263490033415,88.0184331797235,1452282718.243575,3.8125611991047346,1218468493.764451,88.70967741935483,1451429418.4897683,3.81032109978268,-853299.7538068295,89.17050691244239,0.08645263490033415,0.08645263490033415,12.903225806451612,0.63,63.0,0.9,0.7,1.0,0.9055299539170507,0.09691196204031705,90.55299539170507,0.9,0.7,0.9994124423963133,622406879.2472466,1840875373.0116978,-853299.7538068295,liquido,0.887465706884902,38092050000.0,1018282000.0,805343000.0,2905108000.0,23991688000.0,62067000.0,22061000.0,903690354.9381717,714714294.7798077,21291800350.28202,2905108000.0,4663226000.0,35479121000.0,14808383000.0,104202767000.0,8361115000.0,0.21949763795857666,243996395.83330637,205837716.89658463,915109020.0,1916262031.525382,8379045.000000001,3573882.0,0.006405441446005305,0.005403692290033869,0.024023622251887207,0.05030608831830742,0.00021996833985044126,9.382225424990254e-05,0.044751460390682334,2.3958808331740205,False,True
6343,308.0,TUPY S.A.,commodities,cvm,Metalurgia e Siderurgia,Categoria A,BOLSA,consolidado,padrao,dva,11.669962858007404,0.038055365746582845,1457923210.9419339,15.04107120910928,76.95852534562212,408218499.0637415,4.211499938550599,874753926.5651603,67.74193548387096,368868681.3026087,3.805536574658285,-39349817.76113278,67.2811059907834,0.1504107120910928,0.1504107120910928,46.774193548387096,0.4,40.0,1.0,0.4,1.0,0.3248847926267281,0.0029268580432322746,32.48847926267281,0.75,0.7,0.9036059907834101,174950785.3130321,1049704711.8781924,-39349817.76113278,liquido,0.7697406307888981,9692948000.0,470022000.0,466656000.0,2165929000.0,8469797000.0,2884000.0,1721952000.0,361795030.76465946,359204083.801424,6519546885.433917,2165929000.0,1853156000.0,2241560000.0,225013000.0,9391641000.0,915137000.0,0.09441265959540895,81403881.92204838,86208980.11234176,568556362.4999999,488966016.40754384,324449.99999999994,232463520.00000003,0.008398258395902709,0.008893989745157175,0.05865670201676517,0.05044554210004468,3.347278867069131e-05,0.02398274704455239,0.19731972293233951,9.961913311675325,False,True
21520,309.0,MULTINER S/A,utilities,cvm,Energia Elétrica,Categoria B,,consolidado,padrao,dva,11.648699834345187,0.03798735596498455,30642132.03799735,14.741291042304827,5.299539170506913,8579796.970639259,4.127561491845352,18385279.22279841,6.451612903225806,7896279.735017479,3.7987355964984553,-683517.2356217792,5.990783410138248,0.14741291042304827,0.14741291042304827,45.39170506912442,0.4,40.0,1.0,0.4,1.0,0.42626728110599077,0.006978056115927638,42.626728110599075,0.9,0.7,0.9203341013824885,3677055.844559683,22062335.06735809,-683517.2356217792,liquido,0.9542747015064375,207866000.0,16239000.0,0.0,12029000.0,246832000.0,3209000.0,6399000.0,15496466.877763039,0.0,235545533.12223697,12029000.0,239607000.0,600053000.0,5456000.0,1434067000.0,177870000.0,0.8556954961369344,4184046.0569960205,0.0,3789135.0,21199097.98100133,433215.0,1036638.0,0.020128573489632845,0.0,0.018228738706666796,0.1019844418086716,0.0020841070689771295,0.004987049349099901,0.16708215167073784,109.98038856304986,False,True
25771,310.0,HOSPITAL CARE CALEDONIA S.A.,saude_educacao,cvm,Serviços Médicos,Categoria A,,consolidado,padrao,dva,11.458662497025376,0.03737952153786077,368762332.9902934,18.223579559154523,46.08294930875576,78988891.72652085,3.903490741570899,255921059.0952636,32.25806451612903,75639143.91033049,3.7379521537860776,-3349747.816190362,33.17972350230415,0.18223579559154518,0.18223579559154518,63.133640552995395,0.30600000000000005,30.600000000000005,0.9,0.4,0.85,0.652073732718894,0.028492641057728932,65.2073732718894,1.05,0.7,0.9575921658986175,33852382.16850895,289773441.26377255,-3349747.816190362,liquido,0.7233883253515345,2023545000.0,123173000.0,11819000.0,520927000.0,1748251000.0,9235000.0,64220000.0,89101910.19852456,8549726.617329786,1264664363.1841457,520927000.0,96668000.0,1320382000.0,197414000.0,2940640000.0,-27477000.0,-0.013578645397063075,28067101.71253524,2872708.143422808,191440672.5,132789758.13433531,1454512.5,12137580.0,0.013870263182946383,0.00141964134398929,0.09460658028361117,0.06562234006870878,0.0007187942447536379,0.005998176467535934,0.03287311605636868,6.6883908942628185,False,True
20931,311.0,MINERVA S.A.,industria,cvm,Alimentos,Categoria A,BOLSA,consolidado,padrao,dva,11.358454116625069,0.03705900503119599,7554343851.549355,13.777738339554531,94.00921658986175,2115216278.4338193,3.8577667350752693,4532606310.929612,92.62672811059907,2031947914.108838,3.705900503119598,-83268364.32498121,92.62672811059907,0.13777738339554532,0.13777738339554532,40.78341013824885,0.4,40.0,1.0,0.4,1.0,0.6705069124423964,0.030786711793271162,67.05069124423963,1.0,0.7,0.9606336405529954,906521262.1859227,5439127573.115536,-83268364.32498121,liquido,0.9632072686609766,54830072000.0,2273731000.0,3489667000.0,1879397000.0,45317262000.0,0.0,4438521000.0,2190074226.179791,3361272619.606344,43649916154.21387,1879397000.0,10202560000.0,17584309000.0,4822768000.0,45876559000.0,4702753000.0,0.08576959373680924,657022267.8539373,1075607238.2740302,657788950.0,4364991615.421387,0.0,798933780.0,0.011982881726909592,0.01961710424662638,0.011996864603788956,0.07960944525882416,0.0,0.014571087559396238,0.2223915703878314,3.646103026311861,False,True
27731,312.0,CONCESSIONÁRIA DA LINHA 4 DO METRÔ DE SÃO PAULO S.A.,outros,padrao,Emp. Adm. Part. - Serviços Transporte e Logística,Categoria B,BOLSA,consolidado,padrao,dre,11.330792805420922,0.03697053032677003,118246726.09311876,5.360052568187593,21.428571428571427,82772708.26518312,3.7520367977313147,0.0,32.94930875576037,81559725.72009887,3.697053032677003,-1212982.545084253,34.331797235023046,0.05360052568187593,0.05360052568187593,2.7649769585253456,1.0,100.0,1.0,1.0,1.0,0.8202764976958525,0.06831310071372618,82.02764976958525,1.0,0.7,0.9853456221198157,35474017.827935636,35474017.827935636,-1212982.545084253,liquido,0.7772541506167205,2206074000.0,81064000.0,0.0,132769000.0,514992000.0,105000.0,71287000.0,63007330.46559384,0.0,400279669.5344061,132769000.0,397718000.0,1170621000.0,1693101000.0,4593078000.0,1206973000.0,0.5471135601072312,18902199.13967815,0.0,46469150.0,40027966.953440614,15750.0,12831660.0,0.008568252533540648,0.0,0.02106418461030772,0.01814443529702114,7.1393797306889975e-06,0.005816513861275733,0.08659073501473304,0.6914064784085533,False,True
14524,313.0,CIA ELETRICIDADE EST. DA BAHIA - COELBA,utilities,cvm,Energia Elétrica,Categoria A,BOLSA,individual,padrao,dre,11.268755322888616,0.03677210343768052,1659766549.6205072,9.030285906531596,79.26267281105991,731957048.3826437,3.9823560847804336,614113623.3595877,79.49308755760369,675871261.184568,3.6772103437680523,-56085787.19807565,78.80184331797236,0.09030285906531593,0.09030285906531593,14.976958525345621,0.63,63.0,0.9,0.7,1.0,0.4447004608294931,0.008298708903823095,44.47004608294931,0.9,0.7,0.9233755760368664,313695877.87827593,927809501.2378635,-56085787.19807565,liquido,0.932550479736503,18380000000.0,793000000.0,171000000.0,942000000.0,13002000000.0,194000000.0,0.0,739512530.4310468,159466132.034942,12125021337.534012,942000000.0,2355000000.0,17953000000.0,5280000000.0,35861000000.0,1770000000.0,0.09630032644178455,199668383.21638265,45926246.0260633,296730000.0,1091251920.3780613,26190000.0,0.0,0.010863350555842364,0.002498707618392998,0.016144178454842218,0.0593717040466845,0.001424918389553863,0.0,0.06567022670868074,3.400189393939394,False,True
27740,314.0,PRIO FORTE S.A.,commodities,cvm,Petróleo e Gás,Categoria B,,consolidado,padrao,dva,11.220882393584466,0.036618981872367506,873210068.8572855,8.579390118284428,67.2811059907834,385085640.3660629,3.783511042163432,323087725.4771956,66.3594470046083,372707887.64001083,3.6618981872367504,-12377752.726052046,67.51152073732719,0.08579390118284427,0.08579390118284427,11.751152073732719,0.63,63.0,0.9,0.7,1.0,0.7142857142857143,0.038093973821100524,71.42857142857143,0.75,0.7,0.9678571428571429,165036703.014027,488124428.4912226,-12377752.726052046,liquido,0.9497569182885118,10177997000.0,612514000.0,0.0,354167000.0,6436556000.0,0.0,1413797000.0,581739409.0485696,0.0,6113163590.95143,354167000.0,2212322000.0,17725089000.0,5724837000.0,51955278000.0,3566428000.0,0.35040568394744076,130891367.03592815,0.0,92968837.49999999,458487269.32135737,0.0,190862595.0,0.012860228494459976,0.0,0.009134296021112993,0.045046905527812334,0.0,0.018752471139458972,0.04258127538072263,3.0961735679111912,False,True
20788,315.0,MARFRIG GLOBAL FOODS S.A.,industria,cvm,Alimentos,Categoria A,BOLSA,consolidado,padrao,dva,11.154196068694787,0.036405685660907273,24755872322.900146,15.098474675316103,98.38709677419355,6238479825.370836,3.8048156181796577,15843758286.656092,97.00460829493088,5969175863.32401,3.640568566090727,-269303962.04682636,97.00460829493088,0.150984746753161,0.150984746753161,47.235023041474655,0.36000000000000004,36.00000000000001,0.9,0.4,1.0,0.6474654377880185,0.027899910855409518,64.74654377880185,1.0,0.7,0.9568317972350231,2673634210.873216,18517392497.529312,-269303962.04682636,liquido,0.903285592738054,163962737000.0,2548351000.0,11991098000.0,15311600000.0,143778225000.0,90590000.0,12440743000.0,2301888743.539613,10831386064.510094,129872799191.95029,15311600000.0,4711133000.0,69851556000.0,12810024000.0,141988425000.0,13078140000.0,0.07976287929372636,690566623.0618838,3466043540.64323,5359060000.0,12987279919.19503,13588500.0,2239333740.0,0.004211729053180442,0.021139214946401082,0.03268462150640971,0.07920872850027522,8.287553775099522e-05,0.013657577209143562,0.03317969757041815,5.452882523873492,False,True
26174,316.0,AUREN OPERAÇÕES S.A.,utilities,cvm,Emp. Adm. Part. - Energia Elétrica,Categoria A,BOLSA,consolidado,padrao,dva,11.125551999525541,0.03631406760511077,313418457.07715154,8.7662117700622,42.3963133640553,138217539.57102382,3.8658993905974297,115964829.11854607,44.23963133640553,129833722.22262013,3.6314067605110765,-8383817.348403692,44.23963133640553,0.08766211770062202,0.08766211770062202,13.594470046082948,0.63,63.0,0.9,0.7,1.0,0.5414746543778802,0.015617054880033544,54.14746543778802,0.9,0.7,0.9393433179723503,59236088.38758165,175200917.50612772,-8383817.348403692,liquido,0.9448451023406905,3575301000.0,121981000.0,0.0,157614000.0,2735680000.0,150000.0,0.0,115253150.42861977,0.0,2584793849.57138,157614000.0,810873000.0,3267163000.0,1010364000.0,10426998000.0,1012478000.0,0.283186786231425,31118350.61572734,0.0,49648410.0,232631446.46142423,20250.0,0.0,0.008703700923566251,0.0,0.013886497948004938,0.06506625497025964,5.663858791189889e-06,0.0,0.0777666783862431,3.233649457027368,False,True
80187,317.0,AURA MINERALS INC.,commodities,nome,,,,consolidado,padrao,dva,11.111255504484653,0.03626834026544367,310171680.0,6.067026222626206,41.705069124423964,217120176.0,4.2469183558383445,0.0,54.14746543778802,185418879.33483872,3.626834026544367,-31701296.66516128,51.843317972350235,0.06067026222626207,0.06067026222626207,3.9170506912442393,1.0,100.0,1.0,1.0,1.0,0.024193548387096774,0.0,2.4193548387096775,0.75,0.7,0.853991935483871,93051504.00000001,93051504.0,-31701296.66516128,liquido,1.0,5112417000.0,278096000.0,0.0,0.0,2154315000.0,0.0,637233000.0,278096000.0,0.0,2154315000.0,0.0,1573995000.0,688416000.0,2538375000.0,8853341000.0,1692124000.0,0.3309831729297512,62571599.99999999,0.0,0.0,161573625.00000003,0.0,86026455.0,0.012239142464317756,0.0,0.0,0.03160415611637314,0.0,0.016826963645571166,0.17778542586352428,0.2712034273895701,False,True
20494,318.0,IGUATEMI EMPRESA DE SHOPPING CENTERS S.A,varejo,cvm,Comércio (Atacado e Varejo),Categoria B,BOLSA,consolidado,padrao,dva,11.104399383982178,0.03624641096388279,129498342.34655437,10.896782365881979,23.732718894009217,47590640.812358715,4.0045675194616255,61511712.61461334,23.04147465437788,43075561.00717698,3.6246410963882787,-4515079.805181734,22.811059907834103,0.1089678236588198,0.1089678236588198,25.115207373271893,0.5249999999999999,52.49999999999999,0.75,0.7,1.0,0.33410138248847926,0.003221045817726678,33.41013824884793,1.1,0.7,0.905126728110599,20395988.91958231,81907701.53419566,-4515079.805181734,liquido,0.690432555768624,1188409000.0,156324000.0,0.0,153039000.0,338040000.0,6398000.0,41576000.0,107931178.84797437,0.0,233393821.15202564,153039000.0,30947000.0,2807798000.0,979523000.0,7628423000.0,325442000.0,0.27384679853484784,35617289.019831546,0.0,58920015.0,25673320.326722823,1055670.0,8232048.0,0.02997056486431148,0.0,0.04957890339100428,0.021603101564127185,0.0008883052888357459,0.006926948550541102,0.004056801779345482,2.8664952226747102,False,True
11975,319.0,AZEVEDO E TRAVASSOS S.A.,construcao,cvm,"Construção Civil, Mat. Constr. e Decoração",Categoria A,BOLSA,consolidado,padrao,dva,11.103201871838031,0.03624258072126638,119587763.98680764,34.22396208272619,21.658986175115206,13341509.919778226,3.81811076985414,100528464.10141017,10.138248847926267,12664136.253689947,3.6242580721266378,-677373.6660882793,10.138248847926267,0.3422396208272619,0.3422396208272619,96.7741935483871,0.159375,15.937499999999998,0.75,0.25,0.85,0.6013824884792627,0.020809653163931775,60.13824884792627,0.85,0.7,0.9492281105990783,5717789.965619241,106246254.06702942,-677373.6660882793,liquido,0.7487088603217691,349427000.0,286154000.0,0.0,145338000.0,292211000.0,0.0,20396000.0,214246035.2165155,0.0,218780964.78348446,145338000.0,30070000.0,210154000.0,-170240000.0,1174330000.0,-9003000.0,-0.02576503819109571,54632738.98021146,0.0,43238055.0,18596382.00659618,0.0,3120588.0,0.15634950642111645,0.0,0.12373987986045727,0.05321964818573316,0.0,0.008930586359955011,0.025606090281266765,-1.2344572368421052,False,True
25283,320.0,AERIS IND. E COM. DE EQUIP. PARA GER. DE ENG. S.A.,industria,cvm,"Máquinas, Equipamentos, Veículos e Peças",Categoria A,BOLSA,consolidado,padrao,dva,11.090554180438087,0.03620212708007697,265446862.91486216,35.582403213226456,36.405529953917046,29613915.6439393,3.9696618584755754,223141269.137806,16.129032258064516,27007004.0144999,3.6202127080076965,-2606911.6294394024,16.359447004608295,0.35582403213226454,0.35582403213226454,97.23502304147466,0.159375,15.937499999999998,0.75,0.25,0.85,0.37557603686635943,0.00487774947474109,37.55760368663594,1.0,0.7,0.9119700460829493,12691678.133116847,235832947.27092284,-2606911.6294394024,liquido,0.875121271888334,746006000.0,402631000.0,9927000.0,144550000.0,744965000.0,56228000.0,181897000.0,352350952.8216718,8687328.866035491,651934718.3122927,144550000.0,28741000.0,1789447000.0,-414021000.0,1613490000.0,-255062000.0,-0.34190341632641025,105705285.84650153,2779945.237131357,50592500.0,65193471.83122927,8434200.0,32741460.0,0.14169495399031848,0.0037264381749360694,0.06781781915963142,0.08739001004178154,0.01130580719189926,0.043889003573697793,0.0178129396525544,-4.322116510998234,False,True
2437,321.0,AXIA ENERGIA S.A.,utilities,cvm,Emp. Adm. Part. - Energia Elétrica,Categoria A,BOLSA,consolidado,padrao,dva,11.039872330223108,0.036040021181175906,6035981439.979786,14.621482754639104,92.85714285714286,1521067322.874906,3.684613654169054,3863028121.5870624,89.40092165898618,1487789594.2327466,3.6040021181175907,-33277728.642159462,89.40092165898618,0.14621482754639104,0.14621482754639104,44.70046082949309,0.36000000000000004,36.00000000000001,0.9,0.4,1.0,0.7764976958525346,0.05479417382789539,77.64976958525345,0.9,0.7,0.9781221198156682,651885995.517817,4514914117.104879,-33277728.642159462,liquido,0.8962351174007984,41281596000.0,12001962000.0,0.0,3690540000.0,23564406000.0,0.0,422546000.0,10756579822.10992,0.0,21119248177.89008,3690540000.0,16417860000.0,57877905000.0,8521632000.0,279685593000.0,14509829000.0,0.3514842061823385,2904276551.969679,0.0,1162520100.0,1900732336.0101073,0.0,68452452.0,0.07035281659094961,0.0,0.028160735355290043,0.04604309232642331,0.0,0.0016581832737280798,0.058701128734936305,6.791880358128584,False,True
20320,322.0,CEMIG GERACAO E TRANSMISSAO S.A.,utilities,cvm,Energia Elétrica,Categoria B,,consolidado,padrao,dva,10.955473625559826,0.03577007192266434,530769669.88026595,7.3454705193600605,56.91244239631337,278654076.68713963,3.8563720226640315,132692417.47006649,60.36866359447005,258467707.62943533,3.577007192266435,-20186369.0577043,60.59907834101382,0.0734547051936006,0.0734547051936006,7.142857142857142,0.75,75.0,0.75,1.0,1.0,0.4700460829493088,0.0101069346391961,47.004608294930875,0.9,0.7,0.927557603686636,119423175.72305986,252115593.19312632,-20186369.0577043,liquido,0.9581568317655131,7225809000.0,184965000.0,3426000.0,209698000.0,4823132000.0,0.0,0.0,177225478.38750812,3282645.305628648,4621316876.306863,209698000.0,226202000.0,2929166000.0,2486186000.0,19153008000.0,1694416000.0,0.2344949887272138,47850879.164627194,945401.8480210508,66054870.0,415918518.8676177,0.0,0.0,0.006622217548876146,0.0001308368167524288,0.009141518963482151,0.057560131864489876,0.0,0.0,0.01181025977747203,1.1781765322465818,False,True
94,323.0,PANATLANTICA S.A.,commodities,cvm,Metalurgia e Siderurgia,Categoria A,BOLSA,consolidado,padrao,dva,10.915904166316304,0.03564350900650219,213096815.66616356,11.049701879989607,32.25806451612903,78313079.7573151,4.06076544089618,101220987.44142771,32.02764976958525,68739576.42430969,3.56435090065022,-9573503.333005413,31.105990783410135,0.11049701879989605,0.11049701879989605,25.806451612903224,0.5249999999999999,52.49999999999999,0.75,0.7,1.0,0.16820276497695852,0.0006671873477325658,16.82027649769585,0.75,0.7,0.8777534562211982,33562748.467420764,134783735.90884846,-9573503.333005413,liquido,0.9569764654820592,1928530000.0,63324000.0,71822000.0,79698000.0,1717282000.0,3066000.0,284783000.0,60599577.70018592,68731963.70385246,1643398458.5959616,79698000.0,21699000.0,296806000.0,102506000.0,1416094000.0,218404000.0,0.1132489512737681,13634904.98254183,16495671.28892459,20920724.999999996,123254884.39469713,344924.99999999994,38445705.0,0.0070701026079666015,0.008553494780441366,0.010848016364795984,0.06391131296619557,0.00017885384204549578,0.019935238238451048,0.015323135328586944,2.8954988000702397,False,True
24821,324.0,REDE D'OR SÃO LUIZ S.A.,saude_educacao,cvm,Serviços Médicos,Categoria A,BOLSA,consolidado,padrao,dva,10.867089329451503,0.035487374749838076,8182015830.109272,14.682621326470294,94.47004608294931,2061867989.1875367,3.700020574270514,5236490131.269934,92.3963133640553,1977564193.178014,3.5487374749838083,-84303796.00952268,92.3963133640553,0.1468262132647029,0.1468262132647029,44.93087557603687,0.36000000000000004,36.00000000000001,0.9,0.4,1.0,0.6612903225806451,0.029674775810144435,66.12903225806451,1.05,0.7,0.9591129032258064,883657709.6518016,6120147840.921736,-84303796.00952268,liquido,0.7917784810843645,55725852000.0,2246819000.0,103289000.0,9556843000.0,43547372000.0,1495659000.0,1196110000.0,1778982935.091491,81782007.53272294,34479872057.375786,9556843000.0,3705415000.0,42528716000.0,11718032000.0,106548532000.0,538367000.0,0.00966099181399685,560379624.5538197,27478754.530994907,3512139802.5,3620386566.024458,235566292.5,226064790.0,0.010056008198023058,0.0004931060458437658,0.06302532265455538,0.06496781002154005,0.004227235368245244,0.004056730976495434,0.03477678134504941,3.629339465876181,False,True
27022,325.0,V. TAL - REDE NEUTRA DE TELECOMUNICAÇÕES S.A.,utilities,cvm,Telecomunicações,Categoria B,,consolidado,padrao,dva,10.837232670594519,0.0353918782259017,1530832751.5197973,21.71442022716811,77.64976958525345,267895731.5159645,3.8000235397544184,1148124563.639848,59.44700460829493,249507220.3596037,3.5391878225901694,-18388511.156360805,58.986175115207374,0.2171442022716811,0.2171442022716811,74.42396313364056,0.25,25.0,1.0,0.25,1.0,0.4930875576036866,0.01291196234878178,49.30875576036866,0.9,0.7,0.9313594470046083,114812456.36398482,1262937020.0038328,-18388511.156360805,liquido,0.9100375920566031,7049844000.0,1994135000.0,1029272000.0,831323000.0,6217375000.0,0.0,0.0,1814737813.6357942,936676212.4512839,5658044973.912923,831323000.0,1912758000.0,592339000.0,-10735284000.0,22428597000.0,877916000.0,0.12452984775265949,489979209.68166447,269762749.1859698,261866745.0,509224047.6521631,0.0,0.0,0.0695021350375504,0.038265066459054954,0.03714504108176011,0.07223195969331564,0.0,0.0,0.08528210658919058,-0.055176835563921736,False,True
24058,326.0,ALLIANÇA SAÚDE E PARTICIPAÇÕES S.A.,saude_educacao,cvm,Serviços Médicos,Categoria A,BOLSA,consolidado,padrao,dva,10.799763494821825,0.035272033066461976,268562344.252777,23.275829892122026,36.63594470046083,42298569.21981238,3.6659432080092196,208135816.79590216,21.658986175115206,40697753.55291049,3.5272033066461974,-1600815.6669018865,21.889400921658986,0.23275829892122027,0.23275829892122027,79.49308755760369,0.225,22.5,0.9,0.25,1.0,0.6797235023041475,0.03135894657362991,67.97235023041475,1.05,0.7,0.9621543778801843,18127958.23706245,226263775.0329646,-1600815.6669018865,liquido,0.7284414145590834,1153825000.0,292505000.0,0.0,327715000.0,914288000.0,59646000.0,8912000.0,213072755.9656047,0.0,666005244.0343952,327715000.0,116744000.0,351944000.0,-929738000.0,1777362000.0,200696000.0,0.17393972222824086,67117918.12916549,0.0,120435262.5,69930550.62361151,9394245.0,1684368.0,0.05816992882730525,0.0,0.10437914111758716,0.06060758834624966,0.00814182826685156,0.001459812363226659,0.06568386181318156,-0.3785410513499502,False,True
18465,327.0,ULTRAPAR PARTICIPACOES S.A.,commodities,cvm,Emp. Adm. Part. - Petróleo e Gás,Categoria A,BOLSA,consolidado,padrao,dre,10.723420726982862,0.03502785072204011,12116834020.736294,8.510833160475404,97.00460829493088,5343523803.144705,3.753277423769653,4483228587.672429,95.16129032258065,4986898994.48552,3.502785072204012,-356624808.65918446,95.16129032258065,0.085108331604754,0.085108331604754,11.29032258064516,0.63,63.0,0.9,0.7,1.0,0.5046082949308756,0.01344091431732124,50.46082949308756,0.75,0.7,0.9332603686635945,2290081629.91916,6773310217.591589,-356624808.65918446,liquido,0.9817524866777357,142369540000.0,2249413000.0,2517894000.0,2514106000.0,133010699000.0,0.0,4244164000.0,2208366806.3152256,2471948695.690951,130583584497.99382,2514106000.0,3175125000.0,18657769000.0,6565426000.0,49348994000.0,5452502000.0,0.03829823429927497,496882531.42092574,593267686.9658282,659952824.9999999,9793768837.349539,0.0,572962140.0,0.003490090165501172,0.004167097027677607,0.004635491728076103,0.06879118129727424,0.0,0.0040244713862248906,0.06434021735073261,2.841821536028279,False,True
27391,328.0,BRZ EMPREENDIMENTOS E CONSTRUÇÕES S.A.,construcao,cvm,"Construção Civil, Mat. Constr. e Decoração",Categoria A,,consolidado,padrao,dre,10.650625636809508,0.03479501562470089,175884294.26685503,16.240845288843698,28.341013824884794,41860462.03551149,3.8653211787447996,116083634.21612431,21.19815668202765,37682132.04616044,3.479501562470088,-4178329.9893510565,20.506912442396313,0.16240845288843697,0.16240845288843697,53.2258064516129,0.34,34.0,1.0,0.4,0.85,0.30414746543778803,0.002278057882684884,30.414746543778804,0.85,0.7,0.900184331797235,17940198.015219215,134023832.23134354,-4178329.9893510565,liquido,0.8743553655641798,1082975000.0,99727000.0,108207000.0,119625000.0,744156000.0,15352000.0,229171000.0,87196837.54161896,94611371.04160321,650656791.4167778,119625000.0,334670000.0,383667000.0,80220000.0,1151156000.0,-40101000.0,-0.03702855559915972,22235193.573112834,25734292.923316073,35588437.5,55305827.270426124,1957380.0,35063163.0,0.020531585284159683,0.023762591863446595,0.0328617350354348,0.051068424728572794,0.0018074101433551099,0.032376705833467995,0.29072514932815363,4.782685115931189,False,True
22020,329.0,JSL S.A.,outros,padrao,Serviços Transporte e Logística,Categoria A,BOLSA,consolidado,padrao,dre,10.546651552693783,0.0344624545146289,1689722772.0415874,17.527139077136912,79.49308755760369,354841782.1287334,3.6806992061987525,1182805940.429111,64.74654377880185,332239014.6933674,3.446245451462889,-22602767.435365975,64.74654377880185,0.17527139077136916,0.17527139077136916,60.59907834101382,0.30000000000000004,30.000000000000004,0.75,0.4,1.0,0.5230414746543779,0.01428368090437455,52.30414746543779,1.0,0.7,0.9363018433179724,152075049.48374292,1334880989.912854,-22602767.435365975,liquido,0.6560083376444834,9640608000.0,514079000.0,0.0,2969561000.0,8118575000.0,20380000.0,75345000.0,337240110.2079384,0.0,5325852889.792062,2969561000.0,241424000.0,7705200000.0,1959127000.0,12133203000.0,1210204000.0,0.12553191665919824,101172033.0623815,0.0,1039346349.9999999,532585288.9792062,3057000.0,13562100.0,0.010494362291505008,0.0,0.1078092118256442,0.05524395235022586,0.00031709618314529537,0.0014067681208488093,0.019897796154898256,3.932976269532297,False,True
23604,330.0,YOU INC INCORPORADORA E PARTICIPAÇÕES S.A,construcao,cvm,"Construção Civil, Mat. Constr. e Decoração",Categoria A,BOLSA,consolidado,padrao,dva,10.48882578459161,0.0342774987942263,158156466.91635293,25.109940512808155,25.57603686635945,24909643.539325587,3.9548156307672846,122571261.86017352,15.207373271889402,21589888.280536205,3.4277498794226307,-3319755.258789383,14.516129032258066,0.25109940512808154,0.25109940512808154,85.25345622119815,0.225,22.5,0.9,0.25,1.0,0.10138248847926268,0.0001952094452812775,10.138248847926267,0.85,0.7,0.8667281105990783,10675561.516853824,133246823.37702733,-3319755.258789383,liquido,0.9654130245039928,629856000.0,64539000.0,38247000.0,26550000.0,664844000.0,0.0,456007000.0,62306791.18846319,36924151.94820421,641849056.8633326,26550000.0,85180000.0,591398000.0,-256970000.0,1148510000.0,27791000.0,0.04412278362038307,15888231.753058113,10043369.329911547,7898625.0,54557169.83338328,0.0,69769071.0,0.02522518123675588,0.015945500765113845,0.012540366369455875,0.0866184807851053,0.0,0.11076987597165065,0.07416565811355583,-2.301428182278087,False,True
3077,331.0,CIA FIACAO TECIDOS CEDRO CACHOEIRA,industria,cvm,Têxtil e Vestuário,Categoria A,BOLSA,individual,padrao,dva,10.476769945931318,0.034238938194036235,154022494.0162457,18.58303279260331,25.34562211981567,32344723.7434116,3.9024368864466954,107815745.81137198,17.28110599078341,28378396.09911583,3.4238938194036237,-3966327.6442957707,17.050691244239633,0.18583032792603307,0.18583032792603307,65.66820276497695,0.30000000000000004,30.000000000000004,0.75,0.4,1.0,0.16589861751152074,0.000641306421954689,16.589861751152075,1.0,0.7,0.877373271889401,13862024.461462118,121677770.27283409,-3966327.6442957707,liquido,0.826503616617966,828834000.0,48197000.0,47463000.0,126766000.0,634995000.0,5140000.0,177207000.0,39834994.81013611,39228341.15553852,524825664.0343253,126766000.0,3050000.0,403312000.0,60616000.0,922336000.0,18395000.0,0.022193828921110863,11950498.443040833,12553069.169772327,44368100.0,52482566.40343253,771000.0,31897260.0,0.01441844620640663,0.015145456351660678,0.05353074318862402,0.06332096222335538,0.000930222457090322,0.038484497498896035,0.0033068209416091316,6.653556816682064,False,True
80217,332.0,"INTER & CO, INC.",financeiro,nome,,,,consolidado,financeiro,dva,10.262924300032592,0.033554952891458455,825226500.0,5.862299767724842,65.66820276497695,519892694.99999994,3.6932488536666503,82522649.99999999,72.35023041474655,472347669.5056451,3.3554952891458454,-47545025.494354844,71.42857142857143,0.05862299767724842,0.05862299767724842,3.225806451612903,0.9,90.0,0.9,1.0,1.0,0.3548387096774194,0.004104873428680005,35.483870967741936,1.25,0.7,0.9085483870967742,222811155.00000003,305333805.00000006,-47545025.494354844,liquido,1.0,14076839000.0,2200604000.0,,0.0,,0.0,,2200604000.0,0.0,0.0,0.0,3801513000.0,-3801513000.0,1624187000.0,98611518000.0,7729598000.0,0.5491004052827485,825226500.0,0.0,0.0,0.0,0.0,0.0,0.05862299767724842,0.0,0.0,0.0,0.0,0.0,0.03855039529966469,,False,True
13285,333.0,JOSAPAR-JOAQUIM OLIVEIRA S.A. - PARTICIP,industria,cvm,Emp. Adm. Part. - Alimentos,Categoria A,BOLSA,consolidado,padrao,dva,10.256204152230117,0.033533458498581165,332310033.52322245,18.439848042217953,43.31797235023041,69785107.03987673,3.8723680888657714,232617023.4662557,29.03225806451613,60431651.56404809,3.3533458498581172,-9353455.47582864,28.110599078341014,0.18439848042217954,0.18439848042217954,64.51612903225806,0.30000000000000004,30.000000000000004,0.75,0.4,1.0,0.0967741935483871,0.0001661976267619285,9.67741935483871,1.0,0.7,0.8659677419354839,29907903.01709003,262524926.48334572,-9353455.47582864,liquido,0.9178427307630835,1802130000.0,156559000.0,196014000.0,140845000.0,1361761000.0,1133000.0,317644000.0,143696540.08553758,179910025.02779505,1249882434.8866675,140845000.0,12311000.0,1285136000.0,103422000.0,2311104000.0,146520000.0,0.08130379051455777,43108962.025661275,57571208.00889441,49295750.0,124988243.48866676,169950.0,57175920.0,0.023921116692836406,0.03194620144434331,0.027354158689994613,0.0693558419695953,9.430507233107489e-05,0.03172685655307885,0.005326891390435047,12.426137572276692,False,True
16608,334.0,EQUATORIAL MARANHÃO DISTRIBUIDORA DE ENERGIA S.A.,utilities,cvm,Energia Elétrica,Categoria A,BALCÃO ORGANIZADO,individual,padrao,dva,10.19256163251358,0.03332989789802658,659475203.4046996,9.452241073813521,61.29032258064516,242357137.25122705,3.4736985946264682,313250721.6172323,56.91244239631337,232539997.91280177,3.332989789802659,-9817139.338425279,56.91244239631337,0.09452241073813519,0.09452241073813519,18.202764976958523,0.5249999999999999,52.49999999999999,0.75,0.7,1.0,0.663594470046083,0.03044975940160017,66.3594470046083,0.9,0.7,0.9594930875576037,103867344.53624019,417118066.15347254,-9817139.338425279,liquido,0.964997468250693,6976919000.0,370943000.0,206052000.0,191344000.0,4889581000.0,126631000.0,21808000.0,357959055.8653168,198839658.32799178,4718433285.806692,191344000.0,41861000.0,4063603000.0,1659748000.0,11099201000.0,806944000.0,0.1156590753024365,96648945.08363554,57265821.59846164,60273360.0,424658995.72260237,17095185.0,3532896.0,0.013852668360294215,0.008207895433279594,0.008638965136330234,0.060866264281210995,0.0024502484549412144,0.0005063690720789507,0.00377153274366326,2.448325287935277,False,True
19305,335.0,BIOMM S.A.,saude_educacao,cvm,Farmacêutico e Higiene,Categoria A,BOLSA,consolidado,padrao,dva,10.172985584968808,0.03326728390957283,70189611.03108644,26.06382163732002,14.516129032258066,9396634.176786698,3.489294121696218,56765847.92139116,7.142857142857142,8958846.289564054,3.3267283909572836,-437787.88722264394,7.373271889400922,0.26063821637320017,0.26063821637320017,88.0184331797235,0.19125,19.125,0.9,0.25,0.85,0.6267281105990783,0.024185948915552334,62.67281105990783,1.05,0.7,0.9534101382488479,4027128.9329085858,60792976.85429975,-437787.88722264394,liquido,0.8726319696407335,269299000.0,48202000.0,31509000.0,33630000.0,184327000.0,436000.0,97272000.0,42062606.20062264,27495760.731409874,160849633.06796747,33630000.0,22304000.0,74300000.0,-5238000.0,524230000.0,-111915000.0,-0.4155789661305835,13249720.953196133,9238575.605753718,12359025.0,16889211.472136587,68670.0,18384408.0,0.04920078037124583,0.03430601526835866,0.0458933193216462,0.06271546300631116,0.0002549953768859149,0.06826764302875242,0.04254621063273754,-14.184803360061093,False,True
26590,336.0,AURA ALMAS MINERAÇÃO S.A.,commodities,cvm,Emp. Adm. Part. - Extração Mineral,Categoria B,BALCÃO ORGANIZADO,consolidado,padrao,dva,9.987680884160035,0.03267458682042191,58966295.34050569,5.416425498619463,12.672811059907835,41276406.73835398,3.7914978490336244,0.0,20.967741935483872,35571417.66416006,3.267458682042191,-5704989.074193925,19.81566820276498,0.05416425498619463,0.05416425498619463,2.995391705069124,1.0,100.0,1.0,1.0,1.0,0.07142857142857142,7.805299928379347e-05,7.142857142857142,0.75,0.7,0.8617857142857143,17689888.60215171,17689888.602151707,-5704989.074193925,liquido,0.8917723200270473,1088657000.0,95065000.0,0.0,44816000.0,319025000.0,0.0,50297000.0,84776335.60337125,0.0,284497664.3966288,44816000.0,236262000.0,904182000.0,731612000.0,1850025000.0,466266000.0,0.428294678672897,19074675.51075853,0.0,11764199.999999998,21337324.829747163,0.0,6790095.0,0.017521290462247086,0.0,0.010806158413531533,0.019599676325736354,0.0,0.006237129784679656,0.1277074634126566,1.2358763934981931,False,True
3050,337.0,AMPLA ENERGIA E SERVICOS S.A.,utilities,cvm,Energia Elétrica,Categoria A,BOLSA,individual,padrao,dva,9.980131838188981,0.032650441196736255,909341080.7366178,9.314912916071313,68.89400921658986,334182847.170707,3.423230496656207,431937013.3498935,63.133640552995395,318740365.60386705,3.2650441196736253,-15442481.566839933,63.824884792626726,0.09314912916071312,0.09314912916071312,16.589861751152075,0.5249999999999999,52.49999999999999,0.75,0.7,1.0,0.6290322580645161,0.02455112941870765,62.903225806451616,0.9,0.7,0.9537903225806452,143221220.2160173,575158233.5659108,-15442481.566839933,liquido,0.96097669315786,9762207000.0,328960000.0,0.0,326633000.0,8041243000.0,189839000.0,0.0,316122892.98120964,0.0,7727447107.01879,326633000.0,316498000.0,4052367000.0,1555566000.0,21448777000.0,572615000.0,0.058656305894763346,85353181.1049266,0.0,102889395.0,695470239.6316912,25628265.0,0.0,0.008743225902188574,0.0,0.010539562928751663,0.07124108714675803,0.0026252531830148656,0.0,0.0147559928475176,2.6050755802068184,False,True
19909,338.0,BR MALLS PARTICIPACOES S.A.,varejo,cvm,Emp. Adm. Part. - Comércio (Atacado e Varejo),Categoria B,BOLSA,consolidado,padrao,dva,9.91899492521027,0.03245489477938148,162551931.72431692,9.889867051121696,26.26728110599078,59737834.90868646,3.6345261412872225,77212167.56905055,26.26728110599078,53343546.61218178,3.2454894779381487,-6394288.296504676,26.036866359447004,0.09889867051121695,0.09889867051121695,20.276497695852534,0.5249999999999999,52.49999999999999,0.75,0.7,1.0,0.26036866359447003,0.001721647817714683,26.036866359447004,1.1,0.7,0.8929608294930875,25601929.246579915,102814096.81563047,-6394288.296504676,liquido,0.6932548106553448,1643621000.0,0.0,343646000.0,156779000.0,167459000.0,33718000.0,0.0,0.0,238234242.66246662,116091757.33753338,156779000.0,5908000.0,3465695000.0,1614827000.0,20608396000.0,1056776000.0,0.64295600993173,0.0,83858453.41718826,60359915.0,12770093.307128673,5563470.0,0.0,0.0,0.05102055365390699,0.03672374288233114,0.007769487799881282,0.003384886175097544,0.0,0.00028667927382606585,2.146171075910918,False,True
18546,339.0,CAGECE - CIA DE AGUA E ESGOTO DO CEARA,utilities,cvm,"Saneamento, Serv. Água e Gás",Categoria A,BALCÃO ORGANIZADO,individual,padrao,dre,9.843982599484317,0.03221496785408403,497796881.8177508,15.340460882897153,55.29953917050692,104537345.18172769,3.221496785408403,348457817.27242553,37.55760368663594,104537345.18172769,3.221496785408403,0.0,39.86175115207373,0.15340460882897156,0.15340460882897156,49.07834101382488,0.30000000000000004,30.000000000000004,0.75,0.4,1.0,0.9976958525345622,0.16690145267443934,99.76958525345621,0.9,0.7,1.0,44801719.36359759,393259536.6360231,0.0,liquido,0.8259493509659999,3244993000.0,591329000.0,227319000.0,478279000.0,1929282000.0,91484000.0,33527000.0,488407803.75737375,187753980.5122401,1593489215.7303863,478279000.0,8127000.0,2749859000.0,763263000.0,8009847000.0,992318000.0,0.30579973516121606,131870107.01449092,54073146.387525156,150657885.0,143414029.41573477,12350340.0,5431374.0,0.04063802510960453,0.016663563338202937,0.046427799690168824,0.0441954819057344,0.0038059681484675007,0.0016737706367933615,0.0010146261220719947,3.602767329216797,False,True
14869,340.0,CIA ENERGETICA DO CEARA - COELCE,utilities,cvm,Energia Elétrica,Categoria A,BOLSA,individual,padrao,dva,9.803622482181948,0.032085876018105246,827755969.9639119,9.024349924032604,65.89861751152074,304200318.9617375,3.3164485970819806,393184085.73285824,61.75115207373272,294306799.37154186,3.2085876018105246,-9893519.590195656,62.21198156682027,0.09024349924032606,0.09024349924032606,14.746543778801843,0.5249999999999999,52.49999999999999,0.75,0.7,1.0,0.7119815668202765,0.03678096745814746,71.19815668202764,0.9,0.7,0.9674769585253457,130371565.2693161,523555651.0021744,-9893519.590195656,liquido,0.9566328451464586,9172472000.0,302936000.0,0.0,334048000.0,7399852000.0,53189000.0,0.0,289798527.5772876,0.0,7078941472.422712,334048000.0,184198000.0,5688832000.0,1982504000.0,16214965000.0,1899127000.0,0.20704636656290692,78245602.44586766,0.0,105225120.0,637104732.5180442,7180515.000000001,0.0,0.00853048147171969,0.0,0.011471838780211048,0.06945834585464467,0.00078283313375064,0.0,0.011359753166288055,2.86951854826018,False,True
8672,341.0,IGUATEMI S.A.,varejo,cvm,Emp. Adm. Part. - Comércio (Atacado e Varejo),Categoria A,BOLSA,consolidado,padrao,dva,9.72720151987764,0.031841443568684444,143533075.36661977,9.653611089249416,24.42396313364055,52748405.19723275,3.54770207529916,68178210.7991444,24.42396313364055,47342909.06555781,3.184144356868445,-5405496.131674945,23.502304147465438,0.09653611089249414,0.09653611089249414,19.5852534562212,0.5249999999999999,52.49999999999999,0.75,0.7,1.0,0.2880184331797235,0.0021346724647868863,28.80184331797235,1.1,0.7,0.8975230414746543,22606459.37024261,90784670.16938701,-5405496.131674945,liquido,0.7128107232668791,1486833000.0,185116000.0,0.0,159770000.0,371207000.0,6904000.0,41576000.0,131952669.8482716,0.0,264600330.1517284,159770000.0,36013000.0,3928037000.0,1250129000.0,9497101000.0,328860000.0,0.22118153148336095,43544381.04992963,0.0,61511450.0,29106036.31669013,1139160.0,8232048.0,0.029286665718294948,0.0,0.041370786093663514,0.019575861120038448,0.0007661653998801481,0.0055366325606170975,0.0037919992637753352,3.142105334729456,False,True
18660,342.0,CPFL ENERGIA S.A.,utilities,cvm,Emp. Adm. Part. - Energia Elétrica,Categoria A,BOLSA,consolidado,padrao,dre,9.608849484686267,0.03146289458181658,4030702653.5121126,9.084751712869368,90.78341013824884,1481283225.165701,3.3386462544794915,1914583760.418254,89.17050691244239,1395938784.9692302,3.1462894581816587,-85344440.19647074,88.70967741935483,0.09084751712869366,0.09084751712869366,15.43778801843318,0.5249999999999999,52.49999999999999,0.75,0.7,1.0,0.5599078341013825,0.01699838211944203,55.99078341013824,0.9,0.7,0.9423847926267281,634835667.9281577,2549419428.3464117,-85344440.19647074,liquido,0.9315871615377085,44367780000.0,1722798000.0,985664000.0,2254343000.0,30243584000.0,361253000.0,236566000.0,1604936498.722841,918231927.9899039,28174534573.287254,2254343000.0,2229320000.0,26826407000.0,13125725000.0,81099930000.0,7162797000.0,0.16144141086166583,433332854.6551671,264450795.26109236,710118045.0,2535708111.5958533,48769155.0,38323692.0,0.009766836534421309,0.005960424327317985,0.016005264293142456,0.05715201688242803,0.001099202056086647,0.000863773035297236,0.027488556401959904,2.043803827979026,False,True
17485,343.0,ELEKTRO REDES S.A.,utilities,cvm,Energia Elétrica,Categoria A,BOLSA,individual,padrao,dre,9.607900190466022,0.031459858264234614,907396415.0348272,9.094882379821863,68.66359447004609,333468182.5252989,3.3423692745845335,431013297.14154303,62.903225806451616,313875005.90226865,3.145985826423461,-19593176.623030245,63.594470046082954,0.09094882379821863,0.09094882379821863,15.668202764976957,0.5249999999999999,52.49999999999999,0.75,0.7,1.0,0.5529953917050692,0.016360856269113152,55.29953917050692,0.9,0.7,0.9412442396313364,142914935.36798528,573928232.5095284,-19593176.623030245,liquido,0.9168090419240373,9977000000.0,347000000.0,54000000.0,633000000.0,7208000000.0,97000000.0,0.0,318132737.547641,49507688.263898015,6608359574.188461,633000000.0,381000000.0,7866000000.0,2722000000.0,13080000000.0,620000000.0,0.06214292873609301,85895839.13786307,14258214.22000263,199395000.0,594752361.6769615,13095000.0,0.0,0.008609385500437312,0.0014291083712541475,0.01998546657311817,0.059612344560184584,0.0013125187932244162,0.0,0.02912844036697248,2.8897869213813374,False,True
13986,344.0,SUZANO S.A.,commodities,cvm,Papel e Celulose,Categoria A,BOLSA,consolidado,padrao,dva,9.581001667712732,0.031373823338683604,5985305545.7990885,11.942980051809911,92.16589861751152,1675885552.8237448,3.3440344145067744,3591183327.479453,89.86175115207374,1572320459.444176,3.137382333868361,-103565093.37956882,90.32258064516128,0.11942980051809911,0.11942980051809911,29.262672811059907,0.4,40.0,1.0,0.4,1.0,0.5345622119815668,0.015447228885510518,53.45622119815668,0.75,0.7,0.9382027649769585,718236665.4958907,4309419992.975344,-103565093.37956882,liquido,0.8612866375254618,50115679000.0,2790154000.0,3312740000.0,5547480000.0,33889504000.0,119417000.0,8155847000.0,2403122356.8382173,2853218695.596098,29188576947.565685,5547480000.0,15179753000.0,79621504000.0,21946267000.0,167935519000.0,18152175000.0,0.3622055085794607,540702530.2885988,684772486.9430635,1456213499.9999998,2189143271.0674267,13434412.499999998,1101039345.0,0.01078908918481577,0.013663837358026487,0.029057044203671268,0.043681804073081136,0.00026806805311367724,0.02196995764539078,0.09039036584035566,3.6280203826919633,False,True
9067,345.0,SUZANO HOLDING S.A.,commodities,cvm,Emp. Adm. Part. - Papel e Celulose,Categoria A,BOLSA,consolidado,padrao,dva,9.577264849575228,0.03136187112579791,5985519750.053978,11.943269964248682,92.3963133640553,1675945530.0151138,3.344115589989631,3591311850.032387,90.09216589861751,1571739561.9794965,3.1361871125797913,-104205968.03561735,90.09216589861751,0.1194326996424868,0.1194326996424868,29.493087557603687,0.4,40.0,1.0,0.4,1.0,0.532258064516129,0.015443141318831892,53.2258064516129,0.75,0.7,0.9378225806451612,718262370.0064775,4309574220.038864,-104205968.03561735,liquido,0.8613316029196705,50116256000.0,2792004000.0,3312740000.0,5546051000.0,33890317000.0,119417000.0,8155847000.0,2404841280.6781316,2853367654.256109,29190801065.065758,5546051000.0,15206854000.0,79594403000.0,21945247000.0,167979969000.0,18088228000.0,0.3609253652148317,541089288.1525795,684808237.0214661,1455838387.4999998,2189310079.879932,13434412.499999998,1101039345.0,0.010796682181378026,0.013664393386079483,0.029049224816394898,0.04368462959164252,0.00026806496678443017,0.021969704700207454,0.09052778191666412,3.626954073472037,False,True
24740,346.0,COPEL GERAÇÃO E TRANSMISSÃO S.A.,utilities,cvm,Energia Elétrica,Categoria B,BALCÃO NÃO ORGANIZADO,consolidado,padrao,dva,9.48568640286682,0.031068957462214986,369413914.40446544,7.247768695497184,46.31336405529954,162911536.25236925,3.1962659947142575,136683148.32965222,48.8479262672811,158356394.56475982,3.1068957462214986,-4555141.687609434,49.07834101382488,0.07247768695497184,0.07247768695497184,6.912442396313365,0.63,63.0,0.9,0.7,1.0,0.7396313364055299,0.0437869251802564,73.963133640553,0.9,0.7,0.9720391705069125,69819229.82244398,206502378.15209618,-4555141.687609434,liquido,0.8709851934972209,5096933000.0,236191000.0,1226000.0,353659000.0,2503811000.0,1226000.0,35332000.0,205718863.83730212,1067827.847227593,2180782308.31547,353659000.0,2312909000.0,8645911000.0,3760576000.0,32660978000.0,1937676000.0,0.38016509143832183,55544093.23607158,307534.4200015468,111402585.0,196270407.74839234,165510.0,5723784.0,0.010897552162461539,6.0337151773732717e-05,0.021856788190074306,0.038507551060292994,3.2472469228063235e-05,0.0011229859211412039,0.07081566877758529,2.299092213533246,False,True
25275,347.0,ALPHAVILLE S.A.,construcao,cvm,"Construção Civil, Mat. Constr. e Decoração",Categoria A,BOLSA,consolidado,padrao,dva,9.470853207713391,0.031021513487227446,77080095.37103374,13.177255990452782,15.668202764976957,18345062.69830603,3.1361869257277624,50872862.944882266,11.981566820276496,18145972.27132672,3.1021513487227446,-199090.4269793108,12.211981566820276,0.13177255990452783,0.13177255990452783,36.86635944700461,0.34,34.0,1.0,0.4,0.85,0.8433179723502304,0.07490378004038502,84.33179723502305,0.85,0.7,0.9891474654377881,7862169.727845443,58735032.67272771,-199090.4269793108,liquido,0.9527079525193233,584948000.0,37053000.0,29270000.0,21060000.0,378995000.0,0.0,153837000.0,35300687.76469848,27885761.770240594,361071550.46506095,21060000.0,163813000.0,587834000.0,133958000.0,1333663000.0,-43593000.0,-0.07452457312444867,9001675.379998114,7584927.201505442,6265350.0,30691081.789530184,0.0,23537061.0,0.015388847179575131,0.012966840131952656,0.010710952084629745,0.05246805150121067,0.0,0.040237869007159616,0.12282938043568728,4.3881963003329405,False,True
2453,348.0,CIA ENERGETICA DE MINAS GERAIS - CEMIG,utilities,cvm,Energia Elétrica,Categoria A,BOLSA,consolidado,padrao,dre,9.45941039451867,0.030984913649000956,3682235326.2131767,8.613157472287268,89.63133640552995,1353221482.383342,3.1653353710655705,1749061779.9512594,87.55760368663594,1324644812.1390026,3.0984913649000956,-28576670.244339466,87.78801843317973,0.08613157472287268,0.08613157472287268,12.442396313364055,0.5249999999999999,52.49999999999999,0.75,0.7,1.0,0.7811059907834101,0.055341036493424034,78.11059907834101,0.9,0.7,0.9788824884792626,579952063.8785753,2329013843.829835,-28576670.244339466,liquido,0.9757920428694623,42751283000.0,826866000.0,161421000.0,883645000.0,35513967000.0,161421000.0,0.0,806849263.3193008,157513327.35203147,34654246409.32867,883645000.0,1901636000.0,17563695000.0,8283724000.0,67028076000.0,4076534000.0,0.0953546587128157,217849301.09621122,45363838.27738507,278348175.0,3118882176.8395805,21791835.0,0.0,0.005095737152408062,0.0010611105701175112,0.006510873018711508,0.07295411875333847,0.000509735228297125,0.0,0.02837073825601081,2.120265595522014,False,True
4030,349.0,CIA SIDERURGICA NACIONAL,commodities,cvm,Metalurgia e Siderurgia,Categoria A,BOLSA,consolidado,padrao,dva,9.25269690754679,0.030323740556889793,6003411451.29673,13.401086405382806,92.62672811059907,1428811925.4086218,3.1894585644811078,3962251557.855841,88.47926267281106,1358441291.9855587,3.032374055688979,-70370633.42306304,88.24884792626729,0.13401086405382806,0.13401086405382806,38.24884792626728,0.34,34.0,1.0,0.4,0.85,0.6105990783410138,0.021886322882891936,61.05990783410138,0.75,0.7,0.9507488479262672,612347968.0322666,4574599525.888108,-70370633.42306304,liquido,0.8826882946464742,44797946000.0,979164000.0,5033148000.0,4506709000.0,32404221000.0,26497000.0,10455500000.0,864296601.3392203,4442700824.823313,28602826573.837467,4506709000.0,14421022000.0,38503525000.0,8967149000.0,100575369000.0,-973179000.0,-0.02172374153047106,194466735.30132455,1066248197.957595,1183011112.4999998,2145211993.0378103,2980912.4999999995,1411492500.0,0.004340974367470432,0.023801274236046336,0.02640770879316654,0.047886391778717056,6.65412762451207e-05,0.03150797360218257,0.1433852258598226,4.293842446467656,False,True
28010,350.0,FGR INCORPORAÇÕES S.A.,construcao,cvm,"Construção Civil, Mat. Constr. e Decoração",Categoria A,,consolidado,padrao,dva,9.246607465191612,0.03030426347539799,103575218.29430987,6.62659591665061,20.046082949308754,55464529.39660293,3.5485421133664015,24340176.299162816,24.88479262672811,47366260.81010699,3.030426347539799,-8098268.586495936,23.732718894009217,0.0662659591665061,0.0662659591665061,4.838709677419355,0.765,76.5,0.9,1.0,0.85,0.024193548387096774,0.0,2.4193548387096775,0.85,0.7,0.853991935483871,23770512.598544117,48110688.89770694,-8098268.586495936,liquido,0.9244030407526912,1563023000.0,88446000.0,33707000.0,62720000.0,707510000.0,0.0,0.0,81759751.34241253,31158853.29465096,654024395.3629365,62720000.0,272910000.0,1494582000.0,756316000.0,4500413000.0,-344807000.0,-0.2206026398843779,20848736.592315197,8475208.096145062,18659200.0,55592073.60584961,0.0,0.0,0.013338726680487233,0.005422318223177178,0.011937892148739974,0.03556702211410172,0.0,0.0,0.060641101161160095,1.9761343142284442,False,True
27880,351.0,HIGHLINE BRASIL II INFRAESTRUTURA DE TELECOMUNICAÇÕES S.A.,utilities,cvm,Telecomunicações,Categoria B,,consolidado,padrao,dva,9.115432397605593,0.029884700019165752,91207188.76457408,14.271750383691128,18.433179723502306,19153509.64056056,2.9970675805751372,63845032.13520185,12.211981566820276,19098564.664748352,2.988470001916575,-54944.97581220791,13.13364055299539,0.14271750383691129,0.14271750383691129,43.08755760368664,0.30000000000000004,30.000000000000004,0.75,0.4,1.0,0.8917050691244239,0.09140408152759129,89.17050691244239,0.9,0.7,0.99713133640553,8208646.98881167,72053679.12401351,-54944.97581220791,liquido,0.8562931178756717,639075000.0,228687000.0,0.0,61825000.0,201529000.0,24659000.0,0.0,195823104.24763376,0.0,172567895.75236624,61825000.0,81120000.0,3525556000.0,545684000.0,5594376000.0,192817000.0,0.30171263153776945,52872238.14686112,0.0,19474875.0,15531110.617712963,3328965.0,0.0,0.08273244634332608,0.0,0.03047353596995658,0.024302485025565018,0.005209036498063608,0.0,0.014500276706463778,6.460801489506747,False,True
25348,352.0,ELFA MEDICAMENTOS S.A.,saude_educacao,cvm,Serviços Médicos,Categoria A,,consolidado,padrao,dva,9.052684534256569,0.02968400097702011,772325050.4028738,16.94238482607524,63.824884792626726,137860021.49691296,3.0242156914544305,575382162.550141,43.77880184331797,135315646.4457833,2.968400097702011,-2544375.051129669,45.16129032258064,0.1694238482607524,0.1694238482607524,56.22119815668203,0.255,25.5,0.75,0.4,0.85,0.7972350230414746,0.05925285567545551,79.72350230414746,1.05,0.7,0.9815437788018433,59082866.35581985,634465028.9059608,-2544375.051129669,liquido,0.946338662771993,4558538000.0,435232000.0,252544000.0,237682000.0,3741521000.0,6786000.0,540144000.0,411876868.8755801,238992151.2510902,3540745979.87333,237682000.0,180485000.0,1682306000.0,288348000.0,6078772000.0,-221492000.0,-0.04858838513576063,129741213.69580773,80301362.82036631,87348135.0,371778327.8866997,1068795.0,102087216.0,0.0284611455900571,0.01761559579417048,0.019161436188532378,0.08155648321604421,0.00023446003960041578,0.022394727432347827,0.02969102970139364,5.8342905100781,False,True
25291,353.0,BRAVA ENERGIA S.A.,commodities,cvm,Petróleo e Gás,Categoria A,BOLSA,consolidado,padrao,dva,8.877709031762134,0.029124341828879047,939532799.7652059,8.0833995291333,69.35483870967742,345278303.9137131,2.9706493269564875,446278079.88847286,64.28571428571429,338511962.9579847,2.9124341828879046,-6766340.955728412,65.66820276497695,0.080833995291333,0.080833995291333,9.216589861751153,0.5249999999999999,52.49999999999999,0.75,0.7,1.0,0.7903225806451613,0.05770743960040531,79.03225806451613,0.75,0.7,0.9804032258064517,147976415.96301994,594254495.8514928,-6766340.955728412,liquido,0.9605221470591653,11622991000.0,601341000.0,0.0,360109000.0,8520457000.0,0.0,749906000.0,577601348.4347055,0.0,8184087651.565294,360109000.0,889391000.0,15558666000.0,4651942000.0,42708275000.0,4871974000.0,0.41916697689949173,129960303.39780873,0.0,94528612.49999999,613806573.8673972,0.0,101237310.0,0.011181313260744048,0.0,0.008132899053264343,0.052809691917286794,0.0,0.008710091060037816,0.02082479332166893,3.3445528770565067,False,True
26352,354.0,RODOVIAS DO BRASIL HOLDING S.A.,outros,padrao,Emp. Adm. Part. - Serviços Transporte e Logística,Categoria B,,consolidado,padrao,dre,8.860469884800864,0.029069202416987204,81347730.64292015,5.932490289181064,16.82027649769585,39860388.01503087,2.9069202416987205,24404319.19287605,20.276497695852534,39860388.01503087,2.9069202416987205,0.0,21.658986175115206,0.05932490289181063,0.05932490289181063,3.4562211981566824,0.7,70.0,1.0,0.7,1.0,0.9930875576036866,0.16123879518907247,99.30875576036865,1.0,0.7,1.0,17083023.435013235,41487342.62788928,0.0,liquido,0.9078888665629076,1371224000.0,50109000.0,0.0,54093000.0,537149000.0,0.0,0.0,45493403.214600734,0.0,487671596.78539926,54093000.0,406457000.0,3226577000.0,1007963000.0,4502084000.0,350988000.0,0.25596693173398366,13648020.96438022,0.0,18932550.0,48767159.67853993,0.0,0.0,0.009953166633883464,0.0,0.013807043925718918,0.03556469233220825,0.0,0.0,0.09028196719563651,3.2010867462396932,False,True
24813,355.0,LOCALIZA FLEET S.A.,outros,padrao,Serviços Transporte e Logística,Categoria B,BALCÃO ORGANIZADO,consolidado,padrao,dva,8.704239099843184,0.028569498248253042,1100310610.4270701,10.343503959805117,72.35023041474655,343709526.93215597,3.2310520494441226,609297000.5239902,63.824884792626726,303913665.80694664,2.8569498248253042,-39795861.12520933,62.44239631336406,0.10343503959805117,0.10343503959805117,22.350230414746544,0.4462499999999999,44.62499999999999,0.75,0.7,0.85,0.2073732718894009,0.0011676448933844992,20.737327188940093,1.0,0.7,0.8842165898617511,147304082.97092402,756601083.4949142,-39795861.12520933,liquido,0.918069297803562,10637697000.0,266460000.0,521384000.0,633251000.0,6941261000.0,99033000.0,0.0,244628745.0927371,478666642.7660124,6372558612.141251,633251000.0,408701000.0,11593859000.0,4433191000.0,21614962000.0,-380070000.0,-0.035728598022673516,73388623.52782112,153173325.68512395,221637850.0,637255861.214125,14854950.0,0.0,0.00689892027643024,0.014399105904701361,0.020835134710078695,0.059905434532881045,0.0013964441739598337,0.0,0.01890824513131228,2.615240128386077,False,True
7544,356.0,TEXTIL RENAUXVIEW S.A.,industria,cvm,Têxtil e Vestuário,Categoria A,BOLSA,consolidado,padrao,dva,8.5452372909323,0.02806093095935051,32864894.95958124,28.36090037157191,5.990783410138248,3666489.8439282817,3.16401294770349,27627052.32539798,1.8433179723502304,3251728.740500496,2.8060930959350503,-414761.1034277859,1.6129032258064515,0.28360900371571907,0.28360900371571907,92.62672811059907,0.159375,15.937499999999998,0.75,0.25,0.85,0.22350230414746544,0.0012885406554800536,22.350230414746544,1.0,0.7,0.8868778801843318,1571352.7902549782,29198405.11565296,-414761.1034277859,liquido,0.7052483331840864,115881000.0,16565000.0,14953000.0,36207000.0,91321000.0,337000.0,37901000.0,11682438.639194392,10545578.326101644,64403983.034703955,36207000.0,100000.0,351946000.0,-5243000.0,173064000.0,-3497000.0,-0.030177509686661316,3504731.5917583173,3374585.0643525263,12672450.0,6440398.3034703955,50550.0,6822180.0,0.03024422978536876,0.029121124812113514,0.10935744427473011,0.05557769007404489,0.000436223367074844,0.05887229140238693,0.0005778209217399343,-67.1268357810414,False,True
25704,357.0,BOA SAFRA SEMENTES S.A.,industria,cvm,Alimentos,Categoria A,BOLSA,consolidado,padrao,dva,8.54307140927583,0.02805400338683005,352623794.9975643,13.44652393051157,44.93087557603687,83924463.20942031,3.200272695461754,232731704.69839242,33.17972350230415,73569267.34567732,2.8054003386830053,-10355195.863742992,32.48847926267281,0.1344652393051157,0.1344652393051157,38.70967741935484,0.34,34.0,1.0,0.4,0.85,0.16129032258064516,0.0006038278830023892,16.129032258064516,1.0,0.7,0.8766129032258064,35967627.08975157,268699331.788144,-10355195.863742992,liquido,0.9486823861280407,2622416000.0,75602000.0,82405000.0,128836000.0,2352554000.0,0.0,210086000.0,71722285.75605214,78176172.02888119,2231826542.2150664,128836000.0,526878000.0,791330000.0,131715000.0,3608313000.0,-88511000.0,-0.03375170072177717,21516685.72681564,25016375.049241982,45092600.0,223182654.22150666,0.0,37815480.0,0.008204909414378054,0.009539438078947802,0.017195059822697846,0.08510573998233181,0.0,0.014420092006760178,0.14601782051612486,6.00789583570588,False,True
11991,358.0,WETZEL S.A.,commodities,cvm,Metalurgia e Siderurgia,Categoria A,BOLSA,consolidado,padrao,dva,8.50754178285814,0.027940361876040126,35788845.86069326,18.115339495494183,7.142857142857142,6388308.986133747,3.2335880999457114,26662690.166216478,3.9170506912442393,5519925.8325923635,2.7940361876040125,-868383.1535413833,3.9170506912442393,0.18115339495494182,0.18115339495494182,62.903225806451616,0.255,25.5,0.75,0.4,0.85,0.08525345622119816,0.00011685229140040168,8.525345622119817,0.75,0.7,0.8640668202764977,2737846.7083430346,29400536.874559514,-868383.1535413833,liquido,0.6994695152968534,197561000.0,16957000.0,20014000.0,62034000.0,169444000.0,46000.0,33942000.0,11860904.570888743,13999182.879151225,118520912.54996003,62034000.0,35000.0,111791000.0,3136000.0,328620000.0,-34560000.0,-0.17493331173662818,2668703.528449967,3359803.890996294,16283924.999999998,8889068.441247003,5174.999999999999,4582170.0,0.013508250760271344,0.017006412657337704,0.08242479537965487,0.04499404457988674,2.6194441210562812e-05,0.0231936971365806,0.00010650599476599111,35.64764030612245,False,True
2577,359.0,CESP - CIA ENERGETICA DE SAO PAULO,utilities,cvm,Energia Elétrica,Categoria B,BOLSA,consolidado,padrao,dva,8.477073642373838,0.027842909528106856,232047903.96691072,13.568822941014746,33.41013824884793,49704661.02971228,2.906441873965359,161041245.35303602,23.502304147465438,47615690.94403958,2.784290952810686,-2088970.085672699,23.963133640552993,0.13568822941014747,0.13568822941014747,39.63133640552996,0.30600000000000005,30.600000000000005,0.9,0.4,0.85,0.6543778801843319,0.028997148013202925,65.43778801843318,0.9,0.7,0.9579723502304147,21301997.58416241,182343242.93719843,-2088970.085672699,liquido,0.9351522404003606,1710155000.0,406016000.0,0.0,101499000.0,1159173000.0,0.0,0.0,379686772.0383928,0.0,1084003227.9616072,101499000.0,807182000.0,5577507000.0,1471443000.0,13477622000.0,-165615000.0,-0.09684209910797559,102515428.45036606,0.0,31972185.0,97560290.51654465,0.0,0.0,0.05994510933240908,0.0,0.018695489590124872,0.0570476304876135,0.0,0.0,0.05989053558558031,3.790501568868111,False,True
25003,360.0,SIMPAR S.A.,outros,padrao,Serviços Transporte e Logística,Categoria A,BOLSA,consolidado,padrao,dre,8.470896194287658,0.027823150960282726,6088141202.141307,13.9866034561164,93.08755760368663,1304079845.498668,2.9959304603001327,4225169994.2860665,87.09677419354838,1211096548.6807964,2.782315096028272,-92983296.81787157,86.8663594470046,0.13986603456116403,0.13986603456116403,41.935483870967744,0.30600000000000005,30.600000000000005,0.9,0.4,0.85,0.4769585253456221,0.0102998030665376,47.69585253456221,1.0,0.7,0.9286981566820276,558891362.3565722,4784061356.642639,-92983296.81787157,liquido,0.8614414396477084,43528375000.0,3925451000.0,0.0,4996628000.0,32136038000.0,311877000.0,2831914000.0,3381546160.7065363,0.0,27683314839.29346,4996628000.0,3029953000.0,56043474000.0,12819307000.0,88642122000.0,-781548000.0,-0.017954908723332767,1014463848.2119608,0.0,1748819800.0,2768331483.929346,46781550.0,509744520.0,0.02330580565463243,0.0,0.040176546907620604,0.06359831911780181,0.001074736881402074,0.011710625999707087,0.034181864463939615,4.371802157480119,False,True
17329,361.0,ENGIE BRASIL ENERGIA S.A.,utilities,cvm,Energia Elétrica,Categoria A,BOLSA,consolidado,padrao,dva,8.41996405640699,0.027660244516278062,853508676.7657914,6.636887240282746,66.3594470046083,376397326.45371395,2.926867272964691,315798210.40334284,65.89861751152074,355712818.9976746,2.766024451627806,-20684507.45603937,66.58986175115207,0.06636887240282746,0.06636887240282746,5.0691244239631335,0.63,63.0,0.9,0.7,1.0,0.576036866359447,0.019415192934437785,57.6036866359447,0.9,0.7,0.9450460829493087,161313139.9087346,477111350.31207746,-20684507.45603937,liquido,0.9391225563364187,12860075000.0,450687000.0,68694000.0,448843000.0,6853514000.0,0.0,0.0,423250327.54759157,64512084.88497395,6436289587.567434,448843000.0,3358552000.0,25300804000.0,7660496000.0,55312909000.0,3345511000.0,0.26014708312354323,114277588.43784973,18579480.4468725,141385545.0,579266062.8810692,0.0,0.0,0.008886230324306018,0.0014447412201618187,0.010994146223875055,0.04504375463448457,0.0,0.0,0.06071913520223642,3.302763163116331,False,True
20036,362.0,BRASILAGRO - CIA BRAS DE PROP AGRICOLAS,commodities,cvm,"Agricultura (Açúcar, Álcool e Cana)",Categoria A,BOLSA,consolidado,padrao,dva,8.353924985266103,0.02744901854594595,146983333.00553122,12.539838380311691,24.88479262672811,37039799.91739387,3.160039271838546,94069333.12353997,18.89400921658986,32173845.557278175,2.7449018545945956,-4865954.360115696,18.89400921658986,0.1253983838031169,0.1253983838031169,33.17972350230415,0.36000000000000004,36.00000000000001,0.9,0.4,1.0,0.11290322580645161,0.0002655719230795293,11.29032258064516,0.75,0.7,0.8686290322580645,15874199.964597376,109943533.08813736,-4865954.360115696,liquido,0.9042147547637136,1172131000.0,67488000.0,59512000.0,92041000.0,833910000.0,0.0,293518000.0,61023645.36949351,53811628.48549812,754033726.1450084,92041000.0,142908000.0,1168395000.0,279997000.0,3837002000.0,139307000.0,0.11884934363138591,13730320.208136037,12914790.836519549,24160762.499999996,56552529.460875645,0.0,39624930.0,0.01171398095275702,0.011018214548134593,0.02061268109110671,0.048247618620167576,0.0,0.033805888590951017,0.0372447030259562,4.172883995185662,False,True
8397,363.0,MANGELS INDUSTRIAL S.A.,commodities,cvm,Emp. Adm. Part. - Metalurgia e Siderurgia,Categoria A,BOLSA,consolidado,padrao,dva,8.345394030694539,0.027421732287582424,132603717.71718584,12.467348658263743,23.963133640552993,33416136.864730835,3.1417718618824635,84866379.33899893,17.741935483870968,29165973.83493097,2.7421732287582428,-4250163.029799864,17.51152073732719,0.12467348658263744,0.12467348658263744,32.71889400921659,0.36000000000000004,36.00000000000001,0.9,0.4,1.0,0.1382488479262673,0.00042551481054888636,13.82488479262673,0.75,0.7,0.8728110599078341,14321201.513456076,99187580.852455,-4250163.029799864,liquido,0.8255175567864221,1063608000.0,44356000.0,11225000.0,171682000.0,928369000.0,4987000.0,140997000.0,36616656.74881854,9266434.574927589,766384908.6762539,171682000.0,30105000.0,504130000.0,95799000.0,721479000.0,139848000.0,0.1314845318952095,8238747.768484171,2223944.2979826215,45066524.99999999,57478868.150719054,561037.5,19034595.0,0.007746037796334901,0.0020909435600170562,0.04237136708260938,0.05404140261329273,0.0005274852201186904,0.017896250310264684,0.041726786226626136,5.262372258583075,False,True
20451,364.0,RNI NEGÓCIOS IMOBILIÁRIOS S.A.,construcao,cvm,"Construção Civil, Mat. Constr. e Decoração",Categoria B,BOLSA,consolidado,padrao,dva,8.332637999188352,0.027380932120561093,97927247.62173423,28.03416056090916,19.12442396313364,10925008.562799724,3.1275610375764282,82320092.53202033,8.986175115207374,9564542.922761679,2.7380932120561097,-1360465.6400380451,8.525345622119817,0.2803416056090916,0.2803416056090916,91.93548387096774,0.159375,15.937499999999998,0.75,0.25,0.85,0.1543778801843318,0.0005668393268162715,15.43778801843318,0.85,0.7,0.8754723502304147,4682146.526914168,87002239.05893451,-1360465.6400380451,liquido,0.9482232254292886,349314000.0,84250000.0,34147000.0,22319000.0,312665000.0,12286000.0,230993000.0,79887806.74241756,32378978.47873392,296476214.7788485,22319000.0,20894000.0,471143000.0,-125917000.0,1047916000.0,-35229000.0,-0.10085195554715815,20371390.71931648,8807082.146215627,6639902.5,25200478.256202128,1566465.0,35341929.0,0.05831827730728364,0.025212508362721296,0.019008406476694318,0.07214276626817741,0.004484403716999605,0.10117524347721533,0.019938621034510398,-3.7416949260226975,False,True
19771,365.0,ARTERIS S.A.,outros,padrao,Serviços Transporte e Logística,Categoria B,,consolidado,padrao,dre,8.177564076372608,0.02688492817541048,612906056.1784557,10.668622291829555,59.67741935483871,154452326.15697086,2.688492817541048,392259875.9542116,47.235023041474655,154452326.15697086,2.688492817541048,0.0,48.61751152073733,0.10668622291829555,0.10668622291829555,23.732718894009217,0.36000000000000004,36.00000000000001,0.9,0.4,1.0,0.988479262672811,0.15338416486617767,98.84792626728111,1.0,0.7,1.0,66193854.06727324,458453730.02148485,0.0,liquido,0.9229522659229242,5744941000.0,280368000.0,0.0,362526000.0,4424845000.0,0.0,0.0,258766280.89227843,0.0,4083920719.107722,362526000.0,627558000.0,13597975000.0,3675841000.0,20677716000.0,1435217000.0,0.2498227571005516,77629884.26768352,0.0,126884099.99999999,408392071.9107722,0.0,0.0,0.013512738297518378,0.0,0.022086232043114107,0.07108725257766306,0.0,0.0,0.03034948347293289,3.6992826947629127,False,True
24112,366.0,AZUL S.A.,outros,padrao,Emp. Adm. Part. - Serviços Transporte e Logística,Categoria A,BOLSA,consolidado,padrao,dva,8.123743979984134,0.026712784596062276,2834033147.9743958,13.096033644002656,87.09677419354838,607049900.2961156,2.8051704065453693,1966819004.6942306,75.57603686635944,578075156.783134,2.671278459606228,-28974743.512981653,75.34562211981567,0.13096033644002655,0.13096033644002655,36.175115207373274,0.30600000000000005,30.600000000000005,0.9,0.4,0.85,0.619815668202765,0.02374228115052792,61.9815668202765,1.0,0.7,0.9522695852534562,260164242.9840496,2226983247.67828,-28974743.512981653,liquido,0.8576599179952255,21640393000.0,741317000.0,962078000.0,2466610000.0,15625596000.0,4909000.0,972532000.0,635797877.4284666,825135738.5850105,13401447383.986523,2466610000.0,991644000.0,34868019000.0,7334845000.0,23637914000.0,-1232522000.0,-0.0569546957857928,190739363.22853997,264043436.34720337,863313500.0,1340144738.3986523,736350.0,175055760.0,0.008814043406168268,0.012201415951512681,0.03989361468620279,0.06192792979307965,3.4026646373751156e-05,0.008089305956689418,0.04195141754048179,4.753749942909495,False,True
27103,367.0,CHINA THREE GORGES BRASIL ENERGIA S.A.,utilities,cvm,Energia Elétrica,Categoria A,,consolidado,padrao,dre,8.100425995346926,0.026638202021745383,333350494.9171883,5.201585844173738,43.77880184331797,175009009.83152384,2.7308325681912122,83337623.72929707,50.0,170714433.89902216,2.6638202021745383,-4294575.932501674,51.1520737327189,0.052015858441737374,0.052015858441737374,2.5345622119815667,0.75,75.0,0.75,1.0,1.0,0.7603686635944701,0.04958712639516655,76.036866359447,0.9,0.7,0.9754608294930875,75003861.35636738,158341485.08566445,-4294575.932501674,liquido,0.8889791587030814,6408632000.0,192935000.0,0.0,291891000.0,2436220000.0,1321000.0,0.0,171515193.98437902,0.0,2165748806.015621,291891000.0,878956000.0,3716178000.0,4593895000.0,33011919000.0,2745117000.0,0.4283467985055157,46309102.37578234,0.0,91945665.0,194917392.54140592,178335.0,0.0,0.007226051109781672,0.0,0.014347159424975565,0.030414820595316742,2.7827311663394e-05,0.0,0.026625413687704734,0.8089383845299033,False,True
24830,368.0,BRK AMBIENTAL PARTICIPAÇÕES S.A.,utilities,cvm,"Emp. Adm. Part. - Saneamento, Serv. Água e Gás",Categoria A,BALCÃO NÃO ORGANIZADO,consolidado,padrao,dva,8.03462512568944,0.02642773793886257,601848188.7131813,12.584637113744076,58.986175115207374,126388119.62976807,2.6427737938862563,421293732.09922683,41.705069124423964,126388119.62976807,2.6427737938862563,0.0,43.08755760368664,0.1258463711374408,0.1258463711374408,33.41013824884793,0.30000000000000004,30.000000000000004,0.75,0.4,1.0,0.9331797235023042,0.11056402623472027,93.31797235023042,0.9,0.7,1.0,54166336.98418633,475460069.0834132,0.0,liquido,0.8399255949571187,4782404000.0,904530000.0,0.0,559534000.0,2590932000.0,125603000.0,47236000.0,759737898.4065626,0.0,2176190101.5934377,559534000.0,82699000.0,13962110000.0,2024358000.0,19752450000.0,1863940000.0,0.3897495903733771,205129232.56977192,0.0,176253210.0,195857109.1434094,16956405.0,7652232.0,0.04289249351785669,0.0,0.036854521282601804,0.04095369382080841,0.0035455818872684114,0.0016000806289054627,0.0041867717675528856,6.897055757924241,False,True
18821,369.0,MOTIVA INFRAESTRUTURA DE MOBILIDADE S.A.,outros,padrao,Emp. Adm. Part. - Serviços Transporte e Logística,Categoria A,BOLSA,consolidado,padrao,dre,7.99747580732998,0.02630891584336531,1968016003.5641074,10.44004596958941,81.79723502304147,495940032.8981551,2.6308915843365313,1259530242.2810285,70.96774193548387,495940032.8981551,2.6308915843365313,0.0,72.58064516129032,0.10440045969589408,0.10440045969589408,22.811059907834103,0.36000000000000004,36.00000000000001,0.9,0.4,1.0,0.9101382488479263,0.09983978341132516,91.01382488479263,1.0,0.7,1.0,212545728.38492367,1472075970.6659522,0.0,liquido,0.8553210711727639,18850645000.0,1754246000.0,0.0,1687238000.0,9907701000.0,1133000.0,443073000.0,1500443567.8205364,0.0,8474265432.179464,1687238000.0,3651544000.0,33589147000.0,8800280000.0,71013870000.0,5747434000.0,0.3048932277914098,450133070.3461609,0.0,590533300.0,847426543.2179465,169950.0,79753140.0,0.02387892140275099,0.0,0.031326954594922345,0.04495477704969493,9.015606627783824e-06,0.004230791041898036,0.051420152147742405,3.816827078229329,False,True
24392,370.0,HAPVIDA PARTICIPAÇÕES E INVESTIMENTOS S.A.,saude_educacao,cvm,Serviços Médicos,Categoria A,BOLSA,consolidado,padrao,dva,7.9909466068347905,0.026288032195454104,3952873817.921815,12.51811056926386,90.55299539170507,830103501.7635813,2.6288032195454107,2767011672.5452704,81.79723502304147,830103501.7635813,2.6288032195454107,0.0,82.25806451612904,0.12518110569263857,0.12518110569263857,32.94930875576037,0.30000000000000004,30.000000000000004,0.75,0.4,1.0,0.9746543778801844,0.13501460454517086,97.46543778801843,1.05,0.7,1.0,355758643.61296344,3122770316.1582336,0.0,liquido,0.9786475748264758,31577240000.0,1914529000.0,574506000.0,647891000.0,27853701000.0,31129000.0,362798000.0,1873649162.784958,562238903.6232593,27258956933.591785,647891000.0,875444000.0,11992776000.0,2326337000.0,72289824000.0,2063160000.0,0.06533693255015321,590199486.2772617,188912271.61741513,238099942.5,2862190478.0271378,4902817.5,68568822.0,0.018690660940514806,0.005982545390838944,0.007540239188098769,0.09064093245727423,0.00015526428212218676,0.0021714634337896537,0.012110196865329206,5.155218697892868,False,True
27774,371.0,BTG PACTUAL COMMODITIES SERTRADING S.A.,varejo,cvm,Comércio (Atacado e Varejo),Categoria B,,consolidado,padrao,dva,7.8658790640930265,0.025888003657555333,2175229237.9362345,16.718473649206945,84.10138248847926,388278418.9716178,2.9842475463834397,1620545782.2624946,67.05069124423963,336827055.20420367,2.588800365755533,-51451363.76741415,65.43778801843318,0.1671847364920695,0.1671847364920695,55.06912442396313,0.255,25.5,0.75,0.4,0.85,0.10599078341013825,0.00022397211615260106,10.599078341013826,1.1,0.7,0.8674884792626728,166405036.70212197,1786950818.9646168,-51451363.76741415,liquido,0.9887611066307826,13010932000.0,259258000.0,0.0,143500000.0,12508903000.0,0.0,3408451000.0,256344226.98288345,0.0,12368316773.017117,143500000.0,827145000.0,13817290000.0,256796000.0,35973228000.0,-2626873000.0,-0.20189737368545158,84593594.90435155,0.0,55247500.0,1360514845.031883,0.0,674873298.0,0.006501732151420939,0.0,0.004246236933680077,0.1045670552295472,0.0,0.05186971217742127,0.0229933493874945,53.80648452468107,False,True
19836,372.0,COSAN S.A.,commodities,cvm,"Agricultura (Açúcar, Álcool e Cana)",Categoria A,BOLSA,consolidado,padrao,dva,7.828711039258275,0.02576912172939648,3832825267.2824655,9.482826338852703,90.32258064516128,1073191074.8390903,2.655191374878757,2299695160.369479,85.25345622119815,1041551720.4552974,2.576912172939647,-31639354.383792996,85.25345622119815,0.09482826338852705,0.09482826338852705,18.433179723502306,0.4,40.0,1.0,0.4,1.0,0.7304147465437788,0.039530960004756754,73.04147465437788,0.75,0.7,0.9705184331797235,459939032.07389593,2759634192.443375,-31639354.383792996,liquido,0.9035232987521725,40418596000.0,2527748000.0,1850143000.0,3050678000.0,27242987000.0,44478000.0,1969258000.0,2283879211.3742065,1671647306.5232408,24614673482.10255,3050678000.0,27243683000.0,43396248000.0,3690968000.0,135117518000.0,13026784000.0,0.32229679625685165,513872822.5591964,401195353.5655778,800802974.9999999,1846100511.1576915,5003774.999999999,265849830.00000003,0.01271377220918798,0.009926009146027185,0.019812736073266866,0.04567453335483725,0.00012379883259675816,0.006577413772611004,0.201629539997915,11.757416482613776,False,True
80233,373.0,JBS N.V.,commodities,nome,,,,consolidado,padrao,dva,7.736404431275523,0.02547387904196336,45281313735.0,9.422162104482226,99.30875576036865,12678767845.8,2.6382053892550226,27168788241.0,98.38709677419355,12242314408.896193,2.547387904196336,-436453436.9038067,98.38709677419355,0.09422162104482226,0.09422162104482226,17.741935483870968,0.4,40.0,1.0,0.4,1.0,0.7004608294930875,0.034376080504427,70.04608294930875,0.75,0.7,0.9655760368663594,5433757648.200001,32602545889.2,-436453436.9038067,liquido,1.0,480583047000.0,12218094000.0,27839066000.0,0.0,417524245000.0,0.0,33604062000.0,12218094000.0,27839066000.0,417524245000.0,0.0,25119203000.0,90929525000.0,23295180000.0,248469019000.0,15764290000.0,0.03280242634110229,2749071149.9999995,6681375840.0,0.0,31314318375.000004,0.0,4536548370.0,0.005720283241701616,0.013902645716922261,0.0,0.0651590158464329,0.0,0.009439676239765488,0.10109591570448467,3.90336219767351,False,True
4820,374.0,BRASKEM S.A.,commodities,cvm,Petroquímicos e Borracha,Categoria A,BOLSA,consolidado,padrao,dva,7.72914266342326,0.025450652277346268,8206583535.826281,11.604824208926114,94.70046082949308,1953166881.5266547,2.7619481617244155,5416345133.645345,92.16589861751152,1799793777.0970962,2.5450652277346273,-153373104.42955852,91.93548387096774,0.11604824208926114,0.11604824208926114,26.95852534562212,0.34,34.0,1.0,0.4,0.85,0.43317972350230416,0.007481771882900378,43.31797235023041,0.75,0.7,0.9214746543778802,837071520.6542808,6253416654.299625,-153373104.42955852,liquido,0.9687226626112001,70717000000.0,3075000000.0,2067000000.0,2324000000.0,69161000000.0,125000000.0,10421000000.0,2978822187.5294404,2002349743.6173506,66997828068.85321,2324000000.0,10501000000.0,41320000000.0,2866000000.0,81879000000.0,-4200000000.0,-0.05939165971407158,670234992.194124,480563938.46816415,610049999.9999999,5024837105.163992,14062499.999999998,1406835000.0,0.009477706805918293,0.006795592834370295,0.008626638573468896,0.07105557511155722,0.00019885600350693608,0.0198938727604395,0.1282502228898741,14.417306350314027,False,True
25402,375.0,HBR REALTY EMPREENDIMENTOS IMOBILIÁRIOS S.A.,construcao,cvm,"Construção Civil, Mat. Constr. e Decoração",Categoria A,BOLSA,consolidado,padrao,dva,7.701969274488358,0.02536373819230801,72378231.06058508,13.58939990773422,14.976958525345621,15199428.522722868,2.8537739806241866,50664761.74240956,11.059907834101383,13508929.871128783,2.5363738192308007,-1690498.6515940856,10.599078341013826,0.13589399907734223,0.13589399907734223,39.86175115207373,0.30000000000000004,30.000000000000004,0.75,0.4,1.0,0.2350230414746544,0.0013783102701268846,23.502304147465438,0.85,0.7,0.8887788018433179,6514040.795452659,57178802.53786221,-1690498.6515940856,liquido,0.8837650194527438,532608000.0,138622000.0,3122000.0,54076000.0,323486000.0,0.0,0.0,122509274.52657825,2759114.390731466,285885611.0826903,54076000.0,19580000.0,1663855000.0,344704000.0,5089275000.0,119770000.0,0.2248745794280221,31239865.004277453,750479.1142789588,16087610.0,24300276.94202868,0.0,0.0,0.05865451702617582,0.0014090646672204675,0.030205348023311703,0.04562506936063423,0.0,0.0,0.003847306345206341,4.826909464352024,False,True
11398,376.0,TRONOX PIGMENTOS DO BRASIL S.A.,commodities,cvm,Petroquímicos e Borracha,Categoria A,BOLSA,individual,padrao,dva,7.692582005883692,0.025333713013492902,140526943.86982402,17.718781064313024,24.193548387096776,22132993.659497283,2.790708017629301,108908381.49911362,13.82488479262673,20092066.45614917,2.5333713013492907,-2040927.203348115,14.055299539170507,0.17718781064313022,0.17718781064313022,61.52073732718893,0.225,22.5,0.9,0.25,1.0,0.35023041474654376,0.003776389935520317,35.02304147465438,0.75,0.7,0.9077880184331797,9485568.711213123,118393950.21032673,-2040927.203348115,liquido,0.8386870948979344,793096000.0,38154000.0,16263000.0,138948000.0,806940000.0,0.0,317200000.0,31999267.418735787,13639568.224325107,676770164.3569392,138948000.0,45016000.0,-38914000.0,-44872000.0,927579000.0,54451000.0,0.06865625346742386,7199835.169215552,3273496.3738380256,36473849.99999999,50757762.32677045,0.0,42822000.0,0.009078138295005334,0.004127490712143329,0.04598919928987158,0.06399951875532148,0.0,0.05399346359078851,0.048530637282646547,0.8672223212693885,False,True
22454,377.0,T4F ENTRETENIMENTO S.A.,industria,cvm,Brinquedos e Lazer,Categoria A,BOLSA,consolidado,padrao,dva,7.645697229578545,0.02518375205556648,31607924.88440357,17.48564428091919,5.76036866359447,4701678.826555031,2.600989586786729,24891240.84646781,2.3041474654377883,4552340.940324476,2.5183752055566484,-149337.88623055536,2.7649769585253456,0.17485644280919188,0.17485644280919188,60.13824884792627,0.2125,21.25,1.0,0.25,0.85,0.716589861751152,0.038222114282498665,71.6589861751152,1.0,0.7,0.9682373271889401,2015005.211380728,26906246.05784854,-149337.88623055536,liquido,0.9338379316893193,180765000.0,50455000.0,2411000.0,12194000.0,131439000.0,0.0,1168000.0,47116792.8433846,2251483.2533029485,122742723.90331243,12194000.0,71440000.0,-21480000.0,-15490000.0,337637000.0,-11613000.0,-0.0642436312339225,14135037.85301538,720474.6410569436,4267900.0,12274272.390331244,0.0,210240.0,0.07819565653204648,0.003985697679622402,0.023610212153901473,0.06790181943590431,0.0,0.0011630570077172018,0.21158818494418563,1.3867010974822467,False,True
26280,378.0,COMERC ENERGIA S.A.,utilities,cvm,Energia Elétrica,Categoria A,,consolidado,padrao,dva,7.572798057216353,0.024950584051344232,620476753.5407927,10.718228607579855,59.907834101382484,156360141.89227977,2.7009936091101236,397105122.26610726,47.465437788018434,144438581.76505503,2.4950584051344227,-11921560.127224743,47.004608294930875,0.10718228607579855,0.10718228607579855,23.963133640552993,0.36000000000000004,36.00000000000001,0.9,0.4,1.0,0.4470046082949309,0.008356636410608038,44.70046082949309,0.9,0.7,0.9237557603686636,67011489.38240563,464116611.64851296,-11921560.127224743,liquido,0.962339126721188,5788986000.0,376848000.0,0.0,211822000.0,5247610000.0,5156000.0,3960000.0,362655575.2266263,0.0,5049980424.773374,211822000.0,972913000.0,4655032000.0,686002000.0,17658612000.0,76667000.0,0.013243597410669158,97917005.3111891,0.0,66723930.0,454498238.22960365,696060.0,641520.0,0.016914362085378873,0.0,0.011526013363998461,0.0785108546176487,0.0001202386739232052,0.00011081733484931557,0.05509566663563365,6.785741149442713,False,True
23230,379.0,RAIZEN ENERGIA S.A.,commodities,cvm,"Agricultura (Açúcar, Álcool e Cana)",Categoria B,BALCÃO ORGANIZADO,consolidado,padrao,dva,7.453137308393232,0.024567849143899693,8423742225.761101,9.605167338801255,94.93087557603687,2358647823.213108,2.6894468548643515,5054245335.45666,93.77880184331798,2154603047.8155594,2.456784914389969,-204044775.39754868,93.31797235023042,0.09605167338801257,0.09605167338801257,19.35483870967742,0.4,40.0,1.0,0.4,1.0,0.3847926267281106,0.005192937298614024,38.47926267281106,0.75,0.7,0.9134907834101382,1010849067.0913323,6065094402.547993,-204044775.39754868,liquido,0.9612027938198812,87700109000.0,1343435000.0,2553727000.0,3463989000.0,85387334000.0,0.0,3549577000.0,1291313475.315412,2454649527.0532637,82074543997.63133,3463989000.0,14250829000.0,33182092000.0,6734069000.0,105915394000.0,5741976000.0,0.0654728490702332,290545531.9459677,589115886.4927833,909297112.4999999,6155590799.8223505,0.0,479192895.00000006,0.003312943795155006,0.0067173905849168694,0.010368255215053381,0.07018908950070234,0.0,0.005463994292184974,0.1345491761093765,4.927495099916559,False,True
13781,380.0,SAO CARLOS EMPREEND E PARTICIPACOES S.A.,outros,padrao,Emp. Adm. Part. - Sem Setor Principal,Categoria A,BOLSA,consolidado,padrao,dva,7.363296778107565,0.024280494206028798,47076113.12442498,15.700987270886065,9.90783410138249,8403086.192709858,2.802626227853162,35071704.27769661,5.76036866359447,7279996.297299407,2.4280494206028793,-1123089.8954104502,5.529953917050691,0.15700987270886066,0.15700987270886066,50.92165898617511,0.255,25.5,0.75,0.4,0.85,0.09907834101382489,0.00017372930785742864,9.90783410138249,1.0,0.7,0.8663479262672811,3601322.6540185115,38673026.93171512,-1123089.8954104502,liquido,0.8398601219886189,299829000.0,49372000.0,31965000.0,37597000.0,153439000.0,0.0,0.0,41465573.94282209,26846128.799366202,128867297.2578117,37597000.0,1039000.0,1024870000.0,131452000.0,3034606000.0,-61429000.0,-0.2048801149988827,12439672.182846626,8590761.215797184,13158950.0,12886729.72578117,0.0,0.0,0.04148922279981799,0.02865220247473455,0.0438881829309373,0.04298026450337082,0.0,0.0,0.00034238382182069107,7.796534096095914,False,True
26123,381.0,ONCOCLÍNICAS DO BRASIL SERVIÇOS MÉDICOS S.A.,saude_educacao,cvm,Serviços Médicos,Categoria A,,consolidado,padrao,dva,7.212218621288159,0.023797270718495397,1029825022.1357582,17.94318122775139,70.50691244239631,137867824.83842462,2.4021433868652173,832870986.6522944,44.00921658986175,136581270.25179878,2.3797270718495396,-1286554.5866258442,45.852534562211986,0.17943181227751392,0.17943181227751392,62.21198156682027,0.19125,19.125,0.9,0.25,0.85,0.8525345622119815,0.07523690438024525,85.25345622119815,1.05,0.7,0.9906682027649769,59086210.64503914,891957197.2973335,-1286554.5866258442,liquido,0.8639693526905587,5739367000.0,1361332000.0,0.0,722921000.0,3953066000.0,0.0,185477000.0,1176149126.8369436,0.0,3415327873.1630564,722921000.0,509549000.0,3289267000.0,-1693021000.0,7130514000.0,-118627000.0,-0.020669004090520783,370486974.95363724,0.0,265673467.5,358609426.682121,0.0,35055153.0,0.06455188785690778,0.0,0.04628968098746778,0.062482400355670056,0.0,0.0061078430774683,0.07146034633688399,-1.9428388661451925,False,True
26956,382.0,OCEÂNICA ENGENHARIA E CONSULTORIA S.A.,commodities,cvm,Emp. Adm. Part. - Petróleo e Gás,Categoria A,,consolidado,padrao,dva,7.198104582947139,0.023752126966586372,224023744.97804067,12.884243031918519,32.71889400921659,47985886.17429631,2.7598048574369467,155472479.0147602,23.27188940092166,41298820.74613631,2.3752126966586364,-6687065.428160004,22.119815668202765,0.1288424303191852,0.1288424303191852,34.7926267281106,0.30600000000000005,30.600000000000005,0.9,0.4,0.85,0.06451612903225806,4.193321420671111e-05,6.451612903225806,0.75,0.7,0.8606451612903225,20565379.78898414,176037858.80374435,-6687065.428160004,liquido,0.5784387392251411,1738742000.0,137989000.0,0.0,566083000.0,1204836000.0,0.0,38508000.0,79818183.186938,0.0,696923816.8130621,566083000.0,429026000.0,5078831000.0,506622000.0,5804468000.0,-245376000.0,-0.14112271975945828,17959091.21706105,0.0,148596787.49999997,52269286.26097966,0.0,5198580.0,0.010328784383802227,0.0,0.08546224080398356,0.030061553848115284,0.0,0.002989851283284122,0.07391306145541676,10.024892326034006,False,True
23825,383.0,MOVIDA PARTICIPACOES SA,outros,padrao,Serviços Transporte e Logística,Categoria A,BOLSA,consolidado,padrao,dre,7.165451851332189,0.023647687203879116,1537937301.8794427,10.482085888447813,77.88018433179722,387560200.07361954,2.6414856438888483,984279873.2028432,66.82027649769586,346960143.6304234,2.3647687203879117,-40600056.44319612,66.12903225806451,0.1048208588844781,0.1048208588844781,23.04147465437788,0.36000000000000004,36.00000000000001,0.9,0.4,1.0,0.27419354838709675,0.0020047094853409826,27.419354838709676,1.0,0.7,0.895241935483871,166097228.60297984,1150377101.805823,-40600056.44319612,liquido,0.9450432736512949,14672054000.0,589802000.0,662255000.0,613420000.0,9909816000.0,128188000.0,0.0,557388412.8860811,625859633.1919383,9365204953.92198,613420000.0,1322044000.0,20587878000.0,5686159000.0,34925260000.0,1390409000.0,0.09476580443338063,167216523.8658243,200275082.62142026,214697000.0,936520495.3921981,19228200.0,0.0,0.011396940323817259,0.013650105337767995,0.01463305683035245,0.06383022413850153,0.0013105322540388686,0.0,0.03785351920071604,3.620700370847878,False,True
27154,384.0,COMPANHIA ESTADUAL DE GERAÇÃO DE ENERGIA ELÉTRICA - CEEE-G,utilities,cvm,Energia Elétrica,Categoria B,,consolidado,padrao,dva,7.044283084289548,0.023260128900130034,30239579.792280838,8.307188892903582,5.0691244239631335,8467082.341838636,2.3260128900130037,18143747.875368502,6.221198156682028,8467082.341838636,2.3260128900130037,0.0,6.682027649769585,0.08307188892903584,0.08307188892903584,10.599078341013826,0.4,40.0,1.0,0.4,1.0,0.9377880184331797,0.11270291296701843,93.77880184331798,0.9,0.7,1.0,3628749.5750737013,21772497.450442202,0.0,liquido,0.8181111524181517,364017000.0,17791000.0,0.0,37673000.0,189330000.0,0.0,3101000.0,14555015.512671337,0.0,154892984.48732865,37673000.0,709888000.0,669035000.0,126339000.0,3291867000.0,116224000.0,0.31928179178444965,3929854.188421261,0.0,11866995.0,13940368.60385958,0.0,502362.0,0.01079579851606178,0.0,0.032600112082677456,0.03829592739860935,0.0,0.0013800509316872563,0.2156490526500615,5.295554025281188,False,True
26441,385.0,SERENA ENERGIA S.A.,utilities,cvm,Emp. Adm. Part. - Energia Elétrica,Categoria B,,consolidado,padrao,dva,7.038669955981734,0.023242175309128015,560193128.4182535,8.762312528371949,58.294930875576036,156854075.957111,2.4534475079441456,336115877.05095214,47.69585253456221,148592130.85024565,2.3242175309128017,-8261945.106865346,47.926267281105986,0.08762312528371947,0.08762312528371947,13.36405529953917,0.4,40.0,1.0,0.4,1.0,0.5898617511520737,0.02018160822623171,58.986175115207374,0.9,0.7,0.9473271889400922,67223175.41019043,403339052.46114254,-8261945.106865346,liquido,0.9819125246610396,6393211000.0,226798000.0,0.0,100005000.0,5302166000.0,0.0,0.0,222695796.76807445,0.0,5206263203.231926,100005000.0,1912778000.0,10384281000.0,2005757000.0,21670384000.0,198820000.0,0.031098613826448088,60127865.1273801,0.0,31501575.0,468563688.2908734,0.0,0.0,0.009404955526632877,0.0,0.004927347932048544,0.07329082182503806,0.0,0.0,0.08826691765129774,5.177237820932446,False,True
26620,386.0,AUREN ENERGIA S.A.,utilities,cvm,Energia Elétrica,Categoria A,BOLSA,consolidado,padrao,dva,6.996372456897121,0.02310688675748094,1260254654.8230245,9.564083217598611,74.42396313364056,317584173.0154022,2.4101489708348502,806562979.0867356,62.67281105990783,304478337.672762,2.310688675748094,-13105835.342640221,62.67281105990783,0.09564083217598612,0.09564083217598612,18.89400921658986,0.36000000000000004,36.00000000000001,0.9,0.4,1.0,0.6589861751152074,0.029558887909198008,65.89861751152074,0.9,0.7,0.9587327188940092,136107502.72088668,942670481.8076223,-13105835.342640221,liquido,0.9631165397978052,13176952000.0,648963000.0,0.0,430621000.0,11026216000.0,696000.0,0.0,625026999.016803,0.0,10619531000.983196,430621000.0,3826127000.0,20859196000.0,3866362000.0,48727388000.0,1394795000.0,0.10585111033264749,168757289.73453683,0.0,135645615.0,955757790.0884877,93960.0,0.0,0.012807004968564569,0.0,0.010294157176864573,0.07253253939822257,7.130632334397212e-06,0.0,0.07852107730461563,5.395044747491311,False,True
23620,387.0,CBO HOLDING S.A.,commodities,cvm,Emp. Adm. Part. - Petróleo e Gás,Categoria A,,consolidado,padrao,dva,6.910876503027379,0.02283342794736111,270458273.1367549,12.452095688136449,37.096774193548384,56796237.35871853,2.6149400945086545,189320791.1957284,25.57603686635945,49593977.167388864,2.2833427947361113,-7202260.1913296655,24.193548387096776,0.12452095688136448,0.12452095688136448,32.48847926267281,0.30000000000000004,30.000000000000004,0.75,0.4,1.0,0.14055299539170507,0.00043190296007206445,14.055299539170507,0.75,0.7,0.8731912442396313,24341244.582307946,213662035.77803636,-7202260.1913296655,liquido,0.6295296794513425,2171990000.0,181548000.0,0.0,644116000.0,1557096000.0,0.0,15887000.0,114289854.24503234,0.0,980238145.7549677,644116000.0,47441000.0,4025974000.0,1097706000.0,6864968000.0,774772000.0,0.3567106662553695,25715217.205132276,0.0,169080449.99999997,73517860.9316226,0.0,2144745.0,0.011839473112275966,0.0,0.07784586945612088,0.0338481581092098,0.0,0.0009874562037578442,0.006910593028255922,3.667625028923956,False,True
27944,388.0,TUPI ENERGIAS RENOVÁVEIS S.A.,utilities,cvm,Emp. Adm. Part. - Energia Elétrica,Categoria B,,consolidado,padrao,dva,6.875760472422678,0.022721109322787095,30019737.970075324,8.531630962552384,4.838709677419355,8405526.63162109,2.388856669514668,18011842.782045193,5.990783410138248,7994740.410753157,2.272110932278709,-410786.2208679337,6.221198156682028,0.08531630962552386,0.08531630962552386,11.52073732718894,0.4,40.0,1.0,0.4,1.0,0.6129032258064516,0.02211229849225507,61.29032258064516,0.9,0.7,0.9511290322580646,3602368.55640904,21614211.33845423,-410786.2208679337,liquido,0.945699428563376,351864000.0,3227000.0,0.0,15413000.0,280619000.0,0.0,2817000.0,3051772.055974014,0.0,265381227.944026,15413000.0,113313000.0,712594000.0,140502000.0,1236615000.0,164997000.0,0.46892265193370164,823978.4551129838,0.0,4855095.0,23884310.51496234,0.0,456354.0,0.002341752651913762,0.0,0.013798214651115203,0.06787938099652804,0.0,0.0012969613259668509,0.09163159107725526,5.0717712203385,False,True
26395,389.0,ALMEIDA JUNIOR SHOPPING CENTERS S.A.,varejo,cvm,Emp. Adm. Part. - Comércio (Atacado e Varejo),Categoria A,,consolidado,padrao,dva,6.6794095202176935,0.02209308079832995,15016538.049305128,4.927688062960684,1.8433179723502304,7883682.475885192,2.587036233054359,3754134.512326282,4.838709677419355,6732601.256321471,2.2093080798329945,-1151081.2195637207,4.838709677419355,0.04927688062960684,0.04927688062960684,2.0737327188940093,0.75,75.0,0.75,1.0,1.0,0.024193548387096774,0.0,2.4193548387096775,1.1,0.7,0.853991935483871,3378721.0610936545,7132855.573419936,-1151081.2195637207,liquido,0.8128903074879562,304738000.0,37768000.0,0.0,9438000.0,12673000.0,717000.0,0.0,30701241.13320513,0.0,10301758.86679487,9438000.0,110757000.0,1122833000.0,646379000.0,5163887000.0,92302000.0,0.3028896954104838,10131409.573957693,0.0,3633630.0,1133193.4753474358,118305.0,0.0,0.033246295420845756,0.0,0.011923783709284697,0.0037185827673195857,0.00038821873215680357,0.0,0.021448377937007528,1.737112437130538,False,True
23396,390.0,AEGEA SANEAMENTO E PARTICIPAÇÕES S.A.,utilities,cvm,"Saneamento, Serv. Água e Gás",Categoria A,BALCÃO ORGANIZADO,consolidado,padrao,dva,6.579759063022956,0.021774348809049063,1947297226.0975542,10.3687375281186,81.5668202764977,408932417.4804864,2.1774348809049062,1363108058.268288,67.97235023041475,408932417.4804864,2.1774348809049062,0.0,68.89400921658986,0.103687375281186,0.103687375281186,22.58064516129032,0.30000000000000004,30.000000000000004,0.75,0.4,1.0,0.9193548387096774,0.10264862326627214,91.93548387096774,0.9,0.7,1.0,175256750.34877992,1538364808.6170678,0.0,liquido,0.8439283118826832,18780466000.0,2354745000.0,0.0,1914579000.0,9912560000.0,215824000.0,158153000.0,1987235972.764189,0.0,8365490027.23581,1914579000.0,186551000.0,39288768000.0,7851855000.0,55373598000.0,960674000.0,0.051152830819000975,536553712.6463311,0.0,603092385.0,752894102.451223,29136240.000000004,25620786.0,0.028569776311531944,0.0,0.032112748693243286,0.04008921303929429,0.0015514119830679388,0.0013642252540485417,0.0033689521132435713,5.0037561824562475,False,True
26158,391.0,ESSENTIA PCHS S.A.,utilities,cvm,Energia Elétrica,Categoria B,,consolidado,padrao,dva,6.5703357847196076,0.021744208453212018,16200714.228763334,4.7588134711849905,2.5345622119815667,7938349.972094033,2.331818600880645,4860214.268629001,5.0691244239631335,7402511.348977686,2.174420845321202,-535838.623116347,5.76036866359447,0.04758813471184991,0.04758813471184991,1.3824884792626728,0.7,70.0,1.0,0.7,1.0,0.5,0.013409649668736787,50.0,0.9,0.7,0.9325,3402149.9880403006,8262364.256669302,-535838.623116347,liquido,0.9121888581588304,340436000.0,9986000.0,0.0,11557000.0,121626000.0,0.0,714000.0,9109117.937574081,0.0,110945882.06242591,11557000.0,129535000.0,602592000.0,246378000.0,906228000.0,156319000.0,0.45917294293200484,2459461.843145002,0.0,3640455.0,9985129.385618333,0.0,115668.0,0.00722444701249281,0.0,0.010693507737137082,0.02933041565997231,0.0,0.0003397643022477059,0.14293864237255965,2.4458027908335973,False,True
19453,392.0,ECORODOVIAS INFRAESTRUTURA E LOGÍSTICA S.A.,outros,padrao,Serviços Transporte e Logística,Categoria A,BOLSA,consolidado,padrao,dva,6.56175794765625,0.021716772241197575,992859199.6635349,8.617766762379988,70.27649769585254,250200518.3152108,2.171677224119757,635429887.7846622,57.6036866359447,250200518.3152108,2.171677224119757,0.0,59.21658986175116,0.08617766762379989,0.08617766762379989,12.672811059907835,0.36000000000000004,36.00000000000001,0.9,0.4,1.0,0.9792626728110599,0.14768319157505194,97.92626728110599,1.0,0.7,1.0,107228793.56366178,742658681.3483241,0.0,liquido,0.9050925117985634,11521073000.0,393283000.0,0.0,706986000.0,7055929000.0,0.0,0.0,355957498.3176744,0.0,6386268501.682325,706986000.0,1186197000.0,25177430000.0,5639929000.0,37100478000.0,4808677000.0,0.41738100262015526,106787249.49530232,0.0,247445099.99999997,638626850.1682326,0.0,0.0,0.009268863194886649,0.0,0.021477608899796052,0.055431195529117176,0.0,0.0,0.03197255302209314,4.46413953083452,False,True
25640,393.0,AUREN PARTICIPAÇÕES S.A.,utilities,cvm,Energia Elétrica,Categoria B,,consolidado,padrao,dva,6.548267310683088,0.0216736224385758,336547325.8786199,8.217135430323728,44.23963133640553,94233251.24601357,2.3007979204906435,201928395.52717194,35.714285714285715,88768156.92835882,2.16736224385758,-5465094.317654744,35.714285714285715,0.08217135430323727,0.08217135430323727,9.90783410138249,0.4,40.0,1.0,0.4,1.0,0.5576036866359447,0.016803000120353736,55.76036866359447,0.9,0.7,0.9420046082949309,40385679.105434395,242314074.63260633,-5465094.317654744,liquido,0.9487862798972289,4095677000.0,136880000.0,0.0,157970000.0,2947645000.0,150000.0,0.0,129869865.99233268,0.0,2796685134.007667,157970000.0,1738932000.0,10420498000.0,1651327000.0,20015997000.0,1237675000.0,0.3021905780167723,35064863.81792983,0.0,49760550.0,251701662.06069008,20250.0,0.0,0.00856143290057537,0.0,0.012149529857945342,0.06145544730717048,4.944237546076022e-06,0.0,0.08687711134249271,6.310378259424088,False,True
21636,394.0,RENOVA ENERGIA S.A.,utilities,cvm,Energia Elétrica,Categoria A,BOLSA,consolidado,padrao,dva,6.538895263817869,0.02164364594649461,62148287.50109864,12.068612877380028,13.13364055299539,13051140.375230717,2.534408704249806,43503801.25076905,9.90783410138249,11145568.629314974,2.1643645946494616,-1905571.7459157426,9.67741935483871,0.12068612877380026,0.12068612877380026,30.414746543778804,0.30000000000000004,30.000000000000004,0.75,0.4,1.0,0.024193548387096774,0.0,2.4193548387096775,0.9,0.7,0.853991935483871,5593345.875098879,49097147.125867926,-1905571.7459157426,liquido,0.9237729542032577,514958000.0,15962000.0,0.0,42324000.0,539274000.0,0.0,0.0,14745263.894992398,0.0,498166736.1050076,42324000.0,35730000.0,701712000.0,104393000.0,3024583000.0,30496000.0,0.05922036360246855,3981221.251647948,0.0,13332060.0,44835006.24945069,0.0,0.0,0.007731157204369964,0.0,0.025889606531018065,0.08706536503841224,0.0,0.0,0.011813198712020797,6.721830007759141,False,True
27642,395.0,EQUIPAV SANEAMENTO S.A.,utilities,cvm,"Saneamento, Serv. Água e Gás",Categoria B,,consolidado,padrao,dva,6.508946453817753,0.021547854677125142,1927041676.8413796,10.2608831795834,81.33640552995391,404678752.1366897,2.1547854677125144,1348929173.7889657,67.51152073732719,404678752.1366897,2.1547854677125144,0.0,68.4331797235023,0.10260883179583401,0.10260883179583401,21.658986175115206,0.30000000000000004,30.000000000000004,0.75,0.4,1.0,0.9124423963133641,0.09990073065199878,91.24423963133641,0.9,0.7,1.0,173433750.91572422,1522362924.70469,0.0,liquido,0.8430766982935569,18780466000.0,2379617000.0,0.0,1928929000.0,9912560000.0,0.0,158153000.0,2006199643.563219,0.0,8357048356.436781,1928929000.0,186660000.0,41480757000.0,7827014000.0,56896717000.0,519671000.0,0.02767082563340015,541673903.7620692,0.0,607612635.0,752134352.0793104,0.0,25620786.0,0.028842410180986412,0.0,0.03235343760905613,0.04004875875174292,0.0,0.0013642252540485417,0.0032806813792085753,5.299691172137932,False,True
20648,396.0,CIA ESTADUAL DE DISTRIB ENER ELET-CEEE-D,utilities,cvm,Energia Elétrica,Categoria A,BOLSA,individual,padrao,dva,6.443233565972239,0.02133767200406964,631044842.2732352,10.117523962049239,60.36866359447005,135169805.214927,2.1671736326709468,437945120.5376252,42.857142857142854,133086196.92716694,2.133767200406964,-2083608.287760049,44.70046082949309,0.10117523962049238,0.10117523962049238,21.428571428571427,0.30600000000000005,30.600000000000005,0.9,0.4,0.85,0.815668202764977,0.06671103759966455,81.5668202764977,0.9,0.7,0.9845852534562212,57929916.52068301,495875037.05830824,-2083608.287760049,liquido,0.9811361902030653,6237147000.0,283592000.0,184280000.0,107086000.0,5208924000.0,31531000.0,36416000.0,278242374.4520677,180803777.13062087,5110663848.417312,107086000.0,466065000.0,7592083000.0,632931000.0,9997536000.0,-672526000.0,-0.10782590181055537,75125441.10205828,52071487.81361882,33732090.0,459959746.35755813,4256685.0,5899392.0,0.012044840550023637,0.008348606793076837,0.005408256371061962,0.073745214976905,0.0006824730922647807,0.0009458478371601632,0.04661798667191596,11.995119531196924,False,True
20958,397.0,BCO ABC BRASIL S.A.,financeiro,cvm,Bancos,Categoria A,BOLSA,individual,financeiro,dre,6.4068306159167445,0.021221237167607165,414057250.0,4.733230192141432,49.76958525345622,217380056.25,2.4849458508742517,103514312.5,54.377880184331794,185640814.97253025,2.122123716760717,-31739241.277469754,52.53456221198156,0.04733230192141432,0.04733230192141432,1.1520737327188941,0.75,75.0,0.75,1.0,1.0,0.024193548387096774,0.0,2.4193548387096775,1.25,0.7,0.853991935483871,93162881.25000001,196677193.75,-31739241.277469754,liquido,1.0,8747879000.0,359936000.0,,637900000.0,,0.0,,359936000.0,0.0,0.0,637900000.0,662886000.0,-662886000.0,1259609000.0,63848627000.0,150472000.0,0.017200969515010437,134976000.0,0.0,279081250.0,0.0,0.0,0.0,0.01542956869888118,0.0,0.03190273322253314,0.0,0.0,0.0,0.01038214964277932,,False,True
23175,398.0,IGUA SANEAMENTO S.A.,utilities,cvm,"Saneamento, Serv. Água e Gás",Categoria A,BOLSA,consolidado,padrao,dva,6.3153333768708295,0.0209285832467343,405436604.6963196,11.724696496769914,48.8479262672811,72370433.93829304,2.0928583246734296,302050270.4987581,30.64516129032258,72370433.93829304,2.0928583246734296,0.0,32.25806451612903,0.11724696496769915,0.11724696496769915,27.64976958525346,0.255,25.5,0.75,0.4,0.85,0.9907834101382489,0.1599161785079348,99.07834101382488,0.9,0.7,1.0,31015900.25926845,333066170.75802654,0.0,liquido,0.8857889402070744,3457971000.0,474417000.0,0.0,324287000.0,2364949000.0,9534000.0,0.0,420233331.6462196,0.0,2094845668.3537805,324287000.0,241703000.0,12656225000.0,1114139000.0,18000634000.0,-2311144000.0,-0.6683526264390303,113462999.5444793,0.0,102150405.0,188536110.15184027,1287090.0,0.0,0.03281201593202467,0.0,0.029540561502684668,0.05452217793377685,0.00037220959921294887,0.0,0.013427471499059422,11.359646327792134,False,True
20982,399.0,MULTIPLAN - EMPREEND IMOBILIARIOS S.A.,construcao,cvm,"Emp. Adm. Part. - Const. Civil, Mat. Const. e Decoração",Categoria A,BOLSA,consolidado,padrao,dva,6.156805916403728,0.020421533161338462,165793798.78377807,6.052896509990504,26.72811059907834,60929221.053038426,2.2244394674215093,78752054.4222946,26.497695852534562,55936253.89462526,2.0421533161338457,-4992967.158413164,27.188940092165897,0.06052896509990504,0.06052896509990504,3.686635944700461,0.5249999999999999,52.49999999999999,0.75,0.7,1.0,0.41244239631336405,0.006219386479488186,41.244239631336406,0.85,0.7,0.918052995391705,26112523.308445044,104864577.73073965,-4992967.158413164,liquido,0.7730221423683287,2739082000.0,287273000.0,0.0,177114000.0,493041000.0,7125000.0,151440000.0,222068389.90457687,0.0,381131610.09542316,177114000.0,191102000.0,5248897000.0,2003352000.0,13154931000.0,1463917000.0,0.5344553394166367,56627439.4256671,0.0,52691415.0,32396186.85811097,908437.5,23170320.0,0.020673875198211338,0.0,0.01923688849037743,0.011827388467417542,0.00033165765026384756,0.008459155293634875,0.014527024125022017,2.6200572839920295,False,True
12696,400.0,SANSUY S.A. INDUSTRIA DE PLASTICOS,commodities,cvm,Petroquímicos e Borracha,Categoria A,BOLSA,consolidado,padrao,dre,6.076032954030872,0.020163180839613534,171621961.00003794,17.585766881102018,27.64976958525346,22525382.38125498,2.30813190314464,139442843.31253082,14.285714285714285,19677530.4659106,2.016318083961353,-2847851.91534438,13.82488479262673,0.1758576688110202,0.1758576688110202,61.05990783410138,0.1875,18.75,0.75,0.25,1.0,0.14285714285714285,0.00044691169635261823,14.285714285714285,0.75,0.7,0.8735714285714286,9653735.306252137,149096578.61878297,-2847851.91534438,liquido,0.751227223316701,975914000.0,83789000.0,145305000.0,252427000.0,785595000.0,0.0,153612000.0,62944577.81448306,109157071.68403324,590160350.5014837,252427000.0,10674000.0,255336000.0,-3543000.0,570135000.0,26016000.0,0.02665808667567019,14162530.008258687,26197697.204167977,66262087.499999985,44262026.28761128,0.0,20737620.0,0.014512067670162214,0.026844268249218657,0.06789746586277068,0.045354433164819116,0.0,0.0212494338640495,0.018721881659606934,-72.06773920406435,False,True
21903,401.0,ECORODOVIAS CONCESSÕES E SERVIÇOS S.A.,outros,padrao,Emp. Adm. Part. - Serviços Transporte e Logística,Categoria B,BALCÃO ORGANIZADO,consolidado,padrao,dva,6.075670714504934,0.020162022216482757,887787443.5682638,8.000802466858236,67.74193548387096,223722435.7792025,2.016202221648276,568183963.8836887,55.76036866359447,223722435.7792025,2.016202221648276,0.0,56.451612903225815,0.08000802466858237,0.08000802466858237,8.986175115207374,0.36000000000000004,36.00000000000001,0.9,0.4,1.0,0.9838709677419355,0.1515452087486438,98.38709677419355,1.0,0.7,1.0,95881043.90537252,664065007.7890613,0.0,liquido,0.921942452391403,11096230000.0,260587000.0,0.0,548452000.0,6765665000.0,0.0,0.0,240246217.84131855,0.0,6237553782.158682,548452000.0,1112590000.0,23984520000.0,5613773000.0,36138127000.0,4705875000.0,0.42409674276758863,72073865.35239556,0.0,191958200.0,623755378.2158682,0.0,0.0,0.0064953471000867465,0.0,0.01729940709592357,0.056213270472572054,0.0,0.0,0.030787151752496748,4.272442081288289,False,True
21008,402.0,GENERAL SHOPPING E OUTLETS DO BRASIL BRASIL S.A.,varejo,cvm,Comércio (Atacado e Varejo),Categoria A,BOLSA,consolidado,padrao,dva,6.058248427782369,0.020106297032060842,31074992.877358492,16.339006397509053,5.529953917050691,4160164.671456368,2.1873844814665246,25131900.48956368,2.0737327188940093,3823996.5262306198,2.0106297032060843,-336168.1452257484,2.0737327188940093,0.16339006397509054,0.16339006397509054,53.686635944700456,0.19125,19.125,0.9,0.25,0.85,0.41935483870967744,0.006614106856494332,41.935483870967744,1.1,0.7,0.9191935483870968,1782927.716338444,26914828.205902126,-336168.1452257484,liquido,0.8492710120068611,190189000.0,64243000.0,0.0,18981000.0,61685000.0,0.0,0.0,54559717.62435678,0.0,52387282.37564322,18981000.0,79359000.0,2148495000.0,-8757000.0,1058223000.0,-39839000.0,-0.20947057926588813,18004706.816037737,0.0,7307685.0,5762601.061320756,0.0,0.0,0.09466744562533973,0.0,0.038423278948835106,0.030299339400915695,0.0,0.0,0.07499270002636495,-245.34600890715998,False,True
14320,403.0,USINAS SID DE MINAS GERAIS S.A.-USIMINAS,commodities,cvm,Metalurgia e Siderurgia,Categoria A,BOLSA,consolidado,padrao,dva,6.017976185626809,0.01997748626474084,3224385391.813841,12.277082378034269,87.78801843317973,564267443.5674222,2.148489416155997,2418289043.8603806,73.73271889400922,524677711.63970786,1.9977486264740842,-39589731.92771429,73.73271889400922,0.12277082378034268,0.12277082378034268,31.105990783410135,0.25,25.0,1.0,0.25,1.0,0.4838709677419355,0.011285566507567964,48.38709677419355,0.75,0.7,0.9298387096774193,241828904.3860381,2660117948.246419,-39589731.92771429,liquido,0.9287841209374322,26263450000.0,742065000.0,524545000.0,1805047000.0,24079521000.0,7276000.0,5928828000.0,689218188.7034357,487189066.7171254,22364676744.579437,1805047000.0,5141617000.0,1248522000.0,-89095000.0,35684766000.0,2179444000.0,0.08298391871593412,155074092.458273,116925376.0121101,473824837.49999994,1677350755.843458,818549.9999999999,800391780.0,0.005904559090990445,0.0044520189088680315,0.01804122601943004,0.06386635251055967,3.1166887823191544e-05,0.03047550036267132,0.14408436922355047,-14.01337897749593,False,True
27197,404.0,TURBI COMPARTILHAMENTO DE VEÍCULOS S.A.,outros,padrao,Serviços Transporte e Logística,Categoria B,,consolidado,padrao,dva,6.004842866710284,0.01993547934393019,44696614.749316566,12.4172094859432,8.755760368663594,7978345.732753006,2.2164718932408607,33298977.98824084,5.299539170506913,7175915.338203078,1.9935479343930185,-802430.3945499277,5.299539170506913,0.124172094859432,0.124172094859432,32.25806451612903,0.255,25.5,0.75,0.4,0.85,0.2995391705069124,0.0022271235103271895,29.953917050691242,1.0,0.7,0.8994239631336406,3419291.0283227176,36718269.01656356,-802430.3945499277,liquido,0.9733560472413375,359957000.0,52960000.0,8411000.0,7914000.0,235657000.0,207000.0,4852000.0,51548936.26190124,8186897.71334689,229378166.02475187,7914000.0,11935000.0,798221000.0,90802000.0,937622000.0,-374773000.0,-1.04116047194526,15464680.87857037,2619807.268271005,2769900.0,22937816.60247519,31050.0,873360.0,0.04296257852624166,0.0072781117418775155,0.007695085801915229,0.06372376867924555,8.626030331400696e-05,0.002426289806838039,0.012729010198139549,8.790786546551837,False,True
15253,405.0,ENERGISA S.A.,utilities,cvm,Emp. Adm. Part. - Energia Elétrica,Categoria A,BOLSA,consolidado,padrao,dva,5.815525987812058,0.019329949303081902,3339145501.0340204,9.421608427404056,88.24884792626729,701220555.2171444,1.9785377697548523,2337401850.723814,77.64976958525345,685079556.7226299,1.932994930308191,-16140998.494514465,79.26267281105991,0.09421608427404055,0.09421608427404055,17.51152073732719,0.30000000000000004,30.000000000000004,0.75,0.4,1.0,0.7695852534562212,0.05295591927160608,76.95852534562212,0.9,0.7,0.9769815668202765,300523095.0930619,2637924945.816876,-16140998.494514465,liquido,0.9390927854955504,35441353000.0,1877859000.0,0.0,1724988000.0,26443712000.0,440400000.0,155560000.0,1763483839.0778887,0.0,24833099160.92211,1724988000.0,1386005000.0,43176712000.0,8874778000.0,83471647000.0,6065954000.0,0.17115469604109076,476140636.55103,0.0,543371220.0,2234978924.4829903,59454000.00000001,25200720.0,0.013434606645830648,0.0,0.015331559717824543,0.06306133189901046,0.0016775318933224702,0.0007110541180524345,0.01660450044791856,4.865103329908647,False,True
20010,406.0,EQUATORIAL S.A.,utilities,cvm,Energia Elétrica,Categoria A,BOLSA,consolidado,padrao,dre,5.8121129925004,0.019319032837510998,4884411880.053478,9.379786965541212,91.70506912442397,1025726494.8112305,1.9697552627636548,3419088316.0374346,84.56221198156682,1006015529.4501115,1.9319032837510999,-19710965.361119032,84.56221198156682,0.09379786965541212,0.09379786965541212,17.050691244239633,0.30000000000000004,30.000000000000004,0.75,0.4,1.0,0.7926267281105991,0.057899359898946706,79.26267281105991,0.9,0.7,0.9807834101382489,439597069.2048132,3858685385.2422476,-19710965.361119032,liquido,0.9717279007593592,52073804000.0,2542113000.0,1180990000.0,1192790000.0,38466548000.0,739884000.0,291436000.0,2470242128.983077,1147600933.5177956,37379017937.49913,1192790000.0,2659827000.0,51811936000.0,10891708000.0,109603944000.0,3973867000.0,0.07631220872590756,666965374.8254309,330509068.85312515,375728850.0,3364111614.3749223,99884340.0,47212632.0,0.012808078603695455,0.00634693537758688,0.0072153140569488645,0.06460276292423196,0.0019181302752531773,0.0009066484176957765,0.02426762124545445,4.757007440889895,False,True
3190,407.0,REDE ENERGIA PARTICIPAÇÕES S.A.,utilities,cvm,Energia Elétrica,Categoria A,BOLSA,consolidado,padrao,dva,5.578620050867615,0.01857220565914464,1758844128.4680874,9.06992411409484,79.95391705069125,369357266.9782984,1.9046840639599167,1231190889.9276612,65.2073732718894,360153122.1802102,1.857220565914464,-9204144.798088253,66.82027649769586,0.0906992411409484,0.0906992411409484,15.207373271889402,0.30000000000000004,30.000000000000004,0.75,0.4,1.0,0.7580645161290323,0.0492919365244716,75.80645161290323,0.9,0.7,0.9750806451612903,158295971.56212792,1389486861.489789,-9204144.798088253,liquido,0.9547391305706086,19392049000.0,1006560000.0,0.0,695430000.0,14358368000.0,258269000.0,72112000.0,961002219.2671517,0.0,13708495780.732847,695430000.0,352971000.0,18696672000.0,4726727000.0,32899734000.0,3591520000.0,0.18520580264622888,259470599.20213097,0.0,219060450.0,1233764620.2659564,34866315.0,11682144.0,0.013380256991003425,0.0,0.011296405552605606,0.0636221897059953,0.001797969621467025,0.0006024192698770511,0.010728688566296616,3.955521865341493,False,True
14605,408.0,ENERGISA MATO GROSSO-DISTRIBUIDORA DE ENERGIA S/A,utilities,cvm,Energia Elétrica,Categoria A,BOLSA,individual,padrao,dva,5.413326268231524,0.01804351349215932,806256030.2649109,8.976224125314955,64.97695852534562,169313766.35563132,1.8850070663161407,564379221.1854376,49.53917050691244,162069165.79981548,1.8043513492159318,-7244600.555815846,49.53917050691244,0.08976224125314956,0.08976224125314956,14.516129032258066,0.30000000000000004,30.000000000000004,0.75,0.4,1.0,0.6497695852534562,0.028454407249607985,64.97695852534562,0.9,0.7,0.9572119815668203,72563042.72384201,636942263.9092796,-7244600.555815846,liquido,0.9615150229599033,8982129000.0,441134000.0,0.0,273511000.0,6665821000.0,172171000.0,33943000.0,424156968.138394,0.0,6409287031.861606,273511000.0,152720000.0,8495719000.0,2099124000.0,15390846000.0,1429260000.0,0.1591226311712958,114522381.39736639,0.0,86155965.0,576835832.8675445,23243085.0,5498766.0,0.012750026346467122,0.0,0.009591931378407057,0.06422039060756582,0.0025877033162182376,0.0006121896044913183,0.009922781372771841,4.04726876544692,False,True
23426,409.0,SERENA GERAÇÃO S.A.,utilities,cvm,Emp. Adm. Part. - Energia Elétrica,Categoria B,BOLSA,consolidado,padrao,dva,5.314123978461239,0.017726214966394288,496284820.4993446,8.697281880453398,54.83870967741935,106304208.55095963,1.862957778793118,344421665.42654514,38.24884792626728,101149434.19852889,1.7726214966394287,-5154774.352430746,38.70967741935484,0.08697281880453397,0.08697281880453397,13.13364055299539,0.30600000000000005,30.600000000000005,0.9,0.4,0.85,0.6152073732718893,0.022133069690171276,61.52073732718893,0.9,0.7,0.9515092165898618,45558946.52183985,389980611.94838494,-5154774.352430746,liquido,0.9866723913377723,5706206000.0,168568000.0,0.0,66832000.0,4845985000.0,0.0,0.0,166321391.6630256,0.0,4781399608.336974,66832000.0,898446000.0,5773712000.0,1285895000.0,15205401000.0,-463573000.0,-0.08124014450231905,44906775.74901691,0.0,21052080.0,430325964.7503277,0.0,0.0,0.007869813278563184,0.0,0.00368933052890134,0.07541367499706945,0.0,0.0,0.059087294047687394,4.490033789695115,False,True
26565,410.0,HOLDING DO ARAGUAIA S.A.,outros,padrao,Serviços Transporte e Logística,Categoria B,,consolidado,padrao,dva,5.211571639942028,0.01739820130964048,67653402.88400298,8.284857766495465,13.82488479262673,14207214.60564063,1.7398201309640478,47357382.018802084,10.368663594470046,14207214.60564063,1.7398201309640478,0.0,11.059907834101383,0.08284857766495465,0.08284857766495465,10.368663594470046,0.30000000000000004,30.000000000000004,0.75,0.4,1.0,0.956221198156682,0.12112072459347088,95.6221198156682,1.0,0.7,1.0,6088806.259560271,53446188.278362356,0.0,liquido,0.9386701121044727,816591000.0,23728000.0,0.0,33607000.0,524243000.0,0.0,0.0,22272764.42001493,0.0,492091235.5799851,33607000.0,85660000.0,3395749000.0,387764000.0,6205521000.0,388638000.0,0.47592736143307973,6681829.326004478,0.0,11762450.0,49209123.55799851,0.0,0.0,0.00818258996977003,0.0,0.01440433460569612,0.06026165308948851,0.0,0.0,0.013803836938107212,8.757256991365882,False,True
26891,411.0,ELETRORIVER S.A.,utilities,cvm,Emp. Adm. Part. - Energia Elétrica,Categoria B,,consolidado,padrao,dva,5.056099166392988,0.016900922599961638,23451366.085138015,3.2192233523736467,3.4562211981566824,12311967.194697456,1.690092259996164,5862841.521284504,9.67741935483871,12311967.194697456,1.690092259996164,0.0,9.90783410138249,0.03219223352373646,0.03219223352373646,0.6912442396313364,0.75,75.0,0.75,1.0,1.0,0.9423963133640553,0.1145487575786246,94.23963133640552,0.9,0.7,1.0,5276557.369156053,11139398.890440559,0.0,liquido,0.8288641608236442,728479000.0,1913000.0,0.0,30851000.0,178359000.0,0.0,0.0,1585617.1396556315,0.0,147835382.86034435,30851000.0,52694000.0,1220532000.0,616192000.0,3361098000.0,419204000.0,0.5754510425146092,428116.62770702055,0.0,9718065.0,13305184.457430992,0.0,0.0,0.0005876856130472128,0.0,0.013340212964272133,0.018264334946417115,0.0,0.0,0.015677614874662984,1.980765735355214,False,True
23272,412.0,LOG COMMERCIAL PROPERTIES E PARTICIPAÇÕES,construcao,cvm,"Construção Civil, Mat. Constr. e Decoração",Categoria A,BOLSA,consolidado,padrao,dva,5.047106662100048,0.016872160074805284,26951332.5,10.834314537363472,3.9170506912442393,4810812.85125,1.93392514491938,20078742.7125,2.5345622119815667,4197101.668048488,1.6872160074805285,-613711.1832015123,2.3041474654377883,0.10834314537363472,0.10834314537363472,24.65437788018433,0.255,25.5,0.75,0.4,0.85,0.1359447004608295,0.0004142198025766535,13.594470046082948,0.85,0.7,0.8724308755760368,2061776.9362500005,22140519.64875,-613711.1832015123,liquido,0.0,248759000.0,50518000.0,11728000.0,90258000.0,7014000.0,781000.0,0.0,0.0,0.0,0.0,90258000.0,6050000.0,2232707000.0,602054000.0,6689685000.0,-15033000.0,-0.06043198437041474,0.0,0.0,26851755.0,0.0,99577.5,0.0,0.0,0.0,0.10794284829895602,0.0,0.0004002970746787051,0.0,0.0009043774108945339,3.7084829600002656,True,True
25119,413.0,MELNICK DESENVOLVIMENTO IMOBILIÁRIO S.A.,construcao,cvm,"Emp. Adm. Part. - Const. Civil, Mat. Const. e Decoração",Categoria A,BOLSA,consolidado,padrao,dva,4.990361336651149,0.016690660150250256,120960141.14973268,10.826275988244042,22.119815668202765,21591385.19522728,1.9324902639015613,90115305.15655084,13.36405529953917,18648190.844652057,1.6690660150250256,-2943194.3505752236,12.903225806451612,0.10826275988244041,0.10826275988244041,24.42396313364055,0.255,25.5,0.75,0.4,0.85,0.08294930875576037,9.705280548282676e-05,8.294930875576037,0.85,0.7,0.8636866359447004,9253450.797954552,99368755.9545054,-2943194.3505752236,liquido,0.9497428887978998,1117283000.0,80389000.0,71172000.0,50079000.0,844895000.0,0.0,0.0,76348881.08757436,67595100.88152413,802433018.0309016,50079000.0,5571000.0,598906000.0,105019000.0,2740776000.0,-137586000.0,-0.12314337549215373,19468964.677331463,18385867.439774565,14898502.5,68206806.53262664,0.0,0.0,0.017425276028840912,0.01645587325661857,0.013334582643788548,0.061047027953192376,0.0,0.0,0.002032636012574541,5.702834725144974,False,True
27316,414.0,"BRAZIL TOWER, CESSÃO DE INFRA-ESTRUTURAS S.A",utilities,cvm,Telecomunicações,Categoria B,BALCÃO ORGANIZADO,consolidado,padrao,dre,4.974395555355399,0.016639593598464415,13996679.451483829,7.5784307039779035,1.6129032258064515,3527163.221773925,1.9097645374024315,8957874.848949648,1.3824884792626728,3073183.1812939905,1.663959359846441,-453980.0404799343,1.1520737327188941,0.07578430703977904,0.07578430703977904,8.064516129032258,0.36000000000000004,36.00000000000001,0.9,0.4,1.0,0.12903225806451613,0.00035238141752969986,12.903225806451612,0.9,0.7,0.8712903225806451,1511641.3807602539,10469516.229709905,-453980.0404799343,liquido,0.8367974510021859,184691000.0,24368000.0,0.0,13215000.0,56605000.0,484000.0,0.0,20391080.286021266,0.0,47366919.71397874,13215000.0,93100000.0,1067558000.0,162482000.0,1371809000.0,51403000.0,0.2783189218749154,5505591.6772257425,0.0,4162725.0,4263022.774258086,65340.00000000001,0.0,0.02980974534344252,0.0,0.022538862207687433,0.02308191939108071,0.000353780097568371,0.0,0.0678665907571681,6.570315481099445,True,True
25097,415.0,NORTE ENERGIA S.A.,utilities,cvm,Energia Elétrica,Categoria A,BALCÃO ORGANIZADO,individual,padrao,dva,4.775022911238338,0.016001900192367562,528087286.65233433,8.41512347156237,56.22119815668203,110898330.19699022,1.767175929028098,369661100.65663403,39.40092165898618,100419204.57169399,1.6001900192367562,-10479125.625296235,38.47926267281106,0.0841512347156237,0.0841512347156237,10.829493087557603,0.30000000000000004,30.000000000000004,0.75,0.4,1.0,0.33640552995391704,0.0032681843951205304,33.6405529953917,0.9,0.7,0.9055069124423963,47527855.79871011,417188956.4553441,-10479125.625296235,liquido,0.9736064432265575,6275455000.0,170905000.0,0.0,136873000.0,5014944000.0,0.0,3787000.0,166394209.1796348,0.0,4882581790.820365,136873000.0,847695000.0,27109540000.0,2980288000.0,41061759000.0,3313015000.0,0.5279322375827729,44926436.4785014,0.0,43114995.0,439432361.1738329,0.0,613494.0,0.007159072366625432,0.0,0.006870417364159252,0.070023984105349,0.0,9.776087949001308e-05,0.020644390806540947,9.096281970064638,False,True
25798,416.0,KALLAS INCORPORAÇÕES E CONSTRUÇÕES S.A.,construcao,cvm,"Construção Civil, Mat. Constr. e Decoração",Categoria A,,consolidado,padrao,dva,4.758039952149914,0.015947580197392012,124313819.72019883,13.466351914782399,22.350230414746544,16642512.615041617,1.8028078625914934,100538801.6987108,11.52073732718894,14721912.973741248,1.5947580197392008,-1920599.641300369,11.29032258064516,0.13466351914782398,0.13466351914782398,38.94009216589861,0.19125,19.125,0.9,0.25,0.85,0.20967741935483872,0.0011924294091685452,20.967741935483872,0.85,0.7,0.8845967741935483,7132505.4064464085,107671307.10515721,-1920599.641300369,liquido,0.9365640993902189,923144000.0,135667000.0,50435000.0,60473000.0,767191000.0,0.0,0.0,127060841.67197283,47235610.35274569,718523547.9752815,60473000.0,134696000.0,487297000.0,-112718000.0,2021084000.0,-73674000.0,-0.07980770064042013,32400514.62635307,12848086.015946828,17990717.5,61074501.57789893,0.0,0.0,0.035098007056703046,0.013917748494218484,0.01948852779198045,0.06615923580492201,0.0,0.0,0.06664542394081592,-4.323151581823666,False,True
24880,417.0,LM TRANSPORTES INTERESTADUAIS SERVIÇOS E COMÉRCIO S.A.,outros,padrao,Emp. Adm. Part. - Serviços Transporte e Logística,Categoria B,,consolidado,padrao,dva,4.75095623455807,0.015924922926536342,418845756.34740955,7.953310666229855,50.23041474654379,89716761.00961514,1.7035991447064354,290678954.9051022,34.7926267281106,83865533.08247884,1.5924922926536345,-5851227.927136302,34.7926267281106,0.07953310666229856,0.07953310666229856,8.755760368663594,0.30600000000000005,30.600000000000005,0.9,0.4,0.85,0.5138248847926268,0.013864376652437536,51.382488479262676,1.0,0.7,0.9347811059907835,38450040.43269221,329128995.3377944,-5851227.927136302,liquido,0.9666306171541774,5266307000.0,169256000.0,0.0,118854000.0,3392512000.0,1559000.0,0.0,163608031.73704746,0.0,3279305968.262953,118854000.0,1087685000.0,11681786000.0,2573916000.0,19231438000.0,-432515000.0,-0.08212870992898819,49082409.52111424,0.0,41598900.0,327930596.8262953,233850.0,0.0,0.009320081324752667,0.0,0.007899064752586584,0.06226955565376179,4.440493119751659e-05,0.0,0.056557653151054016,4.53852650980063,False,True
20621,418.0,FERTILIZANTES HERINGER S.A.,commodities,cvm,Petroquímicos e Borracha,Categoria A,BOLSA,individual,padrao,dva,4.6283164354391895,0.015532659526662716,530008076.93471193,12.943537168991467,56.451612903225815,70954831.29963455,1.7328160384987326,428644032.2209483,29.262672811059907,63602668.24999268,1.5532659526662713,-7352163.0496418625,28.57142857142857,0.12943537168991467,0.12943537168991467,35.714285714285715,0.19125,19.125,0.9,0.25,0.85,0.28110599078341014,0.00205503104699727,28.110599078341014,0.75,0.7,0.8963824884792626,30409213.4141291,459053245.63507736,-7352163.0496418625,liquido,0.9589886348296938,4094770000.0,126156000.0,163470000.0,179556000.0,4088575000.0,11399000.0,908742000.0,120982170.21557485,156765872.13561004,3920896957.648815,179556000.0,100542000.0,-32596000.0,-176073000.0,2148678000.0,-30416000.0,-0.007428011829724258,27220988.298504338,37623809.31254641,47133449.99999999,294067271.8236612,1282387.4999999998,122680170.00000001,0.0066477453675064385,0.009188259490165848,0.011510646507618252,0.07181533317467433,0.0003131769305724131,0.029960210219377403,0.046792492872361514,0.18512775950884008,False,True
27804,419.0,TERP GLBL BRASIL I PARTICIPAÇÕES S.A.,utilities,cvm,Emp. Adm. Part. - Energia Elétrica,Categoria B,,consolidado,padrao,dva,4.536068268811036,0.01523760376390342,18807617.72706102,4.85518254470148,2.995391705069124,6911799.514694924,1.7842795851777937,8933618.420353984,4.147465437788019,5902621.0452307975,1.5237603763903425,-1009178.469464126,4.147465437788019,0.04855182544701479,0.04855182544701479,1.8433179723502304,0.5249999999999999,52.49999999999999,0.75,0.7,1.0,0.024193548387096774,0.0,2.4193548387096775,0.9,0.7,0.853991935483871,2962199.792012111,11895818.212366095,-1009178.469464126,liquido,0.9889596163466681,387372000.0,10347000.0,0.0,1920000.0,163560000.0,0.0,5445000.0,10232765.150338974,0.0,161754234.84966102,1920000.0,1176000.0,1002170000.0,301482000.0,1178442000.0,178903000.0,0.4618377167167477,2762846.5905915233,0.0,604800.0,14557881.136469495,0.0,882090.0,0.0071322826394048175,0.0,0.001561289922864843,0.037581139412423956,0.0,0.00227711347232118,0.0009979277724317362,3.324145388447735,False,True
3204,420.0,CPFL TRANSMISSÃO S.A.,utilities,cvm,Energia Elétrica,Categoria B,BOLSA,consolidado,padrao,dva,4.430286332387206,0.014899260238188699,202110161.0915062,9.592514754288112,31.105990783410135,36076663.754833855,1.7122638836404283,150572070.01317212,18.433179723502306,31392100.653673343,1.4899260238188696,-4684563.101160511,18.433179723502306,0.09592514754288113,0.09592514754288113,19.12442396313364,0.255,25.5,0.75,0.4,0.85,0.12211981566820276,0.00033719707884654113,12.211981566820276,0.9,0.7,0.8701497695852535,15461427.323500227,166033497.33667237,-4684563.101160511,liquido,0.8793512902684711,2106957000.0,230665000.0,15484000.0,150326000.0,999832000.0,14944000.0,92128000.0,202835565.3697769,13615875.378517007,879203559.251706,150326000.0,92641000.0,3324234000.0,881927000.0,8625223000.0,-358624000.0,-0.17020945372876617,54765602.64983977,3921372.1090128985,47352690.0,79128320.33265355,2017440.0000000002,14924736.0,0.025992748143336464,0.001861154313549303,0.022474445373113924,0.03755573575191784,0.0009575136084884505,0.007083550352475157,0.010740707805467754,3.769284759396186,False,True
20257,421.0,TRANSMISSORA ALIANÇA DE ENERGIA ELÉTRICA S.A.,utilities,cvm,Emp. Adm. Part. - Energia Elétrica,Categoria A,BOLSA,consolidado,padrao,dva,4.415998945361819,0.014853562030509344,305880371.05932575,6.614898274746437,41.244239631336406,77081853.5069501,1.6669543652361025,195763437.47796845,31.797235023041477,68684549.28158465,1.4853562030509342,-8397304.225365445,30.87557603686636,0.06614898274746438,0.06614898274746438,4.6082949308755765,0.36000000000000004,36.00000000000001,0.9,0.4,1.0,0.2488479262672811,0.0015561722463717825,24.88479262672811,0.9,0.7,0.8910599078341014,33035080.07440719,228798517.55237567,-8397304.225365445,liquido,0.9064993049099794,4624113000.0,267197000.0,0.0,219261000.0,2077823000.0,14047000.0,0.0,242213894.7740318,0.0,1883545105.2259681,219261000.0,741596000.0,10232846000.0,2799541000.0,22506506000.0,1531430000.0,0.3311835156277539,65397751.58898859,0.0,69067215.0,169519059.47033715,1896345.0000000002,0.0,0.01414276675093982,0.0,0.014936316435173623,0.036659800370435834,0.0004100991909151009,0.0,0.03295029446152148,3.6551870467337326,False,True
21466,422.0,BANCO RCI BRASIL S.A.,financeiro,cvm,Bancos,Categoria B,,consolidado,financeiro,dre,4.222467549602741,0.014234551857399422,68226125.0,3.157334961684538,14.285714285714285,35818715.625,1.6576008548843824,17056531.25,18.202764976958523,30759115.713961694,1.4234551857399425,-5059599.911038306,18.202764976958523,0.03157334961684538,0.03157334961684538,0.4608294930875576,0.75,75.0,0.75,1.0,1.0,0.052995391705069124,1.064924846270338e-05,5.299539170506913,1.25,0.7,0.8587442396313364,15350878.125000002,32407409.375,-5059599.911038306,liquido,1.0,2160877000.0,120985000.0,,52244000.0,,0.0,,120985000.0,0.0,0.0,52244000.0,350232000.0,-350232000.0,550547000.0,13916475000.0,-1120831000.0,-0.5186926419227008,45369375.0,0.0,22856750.0,0.0,0.0,0.0,0.020995815587837717,0.0,0.010577534029007667,0.0,0.0,0.0,0.025166717864976585,,False,True
27545,423.0,ASSURUÁ 4 E 5 HOLDING ENERGIA S.A.,utilities,cvm,Emp. Adm. Part. - Energia Elétrica,Categoria B,BALCÃO ORGANIZADO,consolidado,padrao,dva,4.192109671861563,0.014137452184852184,42365414.71648,6.535804987076619,8.064516129032258,10676084.508552961,1.6470228567433083,27113865.4185472,8.064516129032258,9163967.193482108,1.4137452184852182,-1512117.3150708526,7.834101382488479,0.06535804987076621,0.06535804987076621,4.377880184331797,0.36000000000000004,36.00000000000001,0.9,0.4,1.0,0.05069124423963134,1.0325285709804579e-05,5.0691244239631335,0.9,0.7,0.8583640552995392,4575464.789379842,31689330.20792704,-1512117.3150708526,liquido,0.9683010417349781,648205000.0,13623000.0,0.0,13051000.0,398094000.0,0.0,0.0,13191165.091555607,0.0,385474834.90844434,13051000.0,115630000.0,1911885000.0,362531000.0,3060448000.0,93268000.0,0.1438865790914911,3561614.574720014,0.0,4111065.0,34692735.14175999,0.0,0.0,0.005494580533504083,0.0,0.006342229695852392,0.05352123964140973,0.0,0.0,0.03778205020964251,5.273714523723489,False,True
23000,424.0,LIGHT ENERGIA S.A.,utilities,cvm,Energia Elétrica,Categoria B,,consolidado,padrao,dva,4.147811173738976,0.013995763437743121,48383930.710984096,7.194005390008027,10.138248847926267,10160625.449306661,1.5107411319016861,33868751.49768887,7.834101382488479,9412976.661925076,1.399576343774312,-747648.7873815857,8.294930875576037,0.07194005390008028,0.07194005390008028,6.451612903225806,0.30000000000000004,30.000000000000004,0.75,0.4,1.0,0.4631336405529954,0.009568110069506695,46.31336405529954,0.9,0.7,0.9264170506912442,4354553.763988569,38223305.26167744,-747648.7873815857,liquido,0.9025555314303604,672559000.0,15893000.0,0.0,38596000.0,380189000.0,0.0,9077000.0,14344315.061022718,0.0,343141684.9389773,38596000.0,4859000.0,1581750000.0,348012000.0,3112506000.0,150742000.0,0.2241320092363644,3872965.066476134,0.0,12157740.0,30882751.64450796,0.0,1470474.0,0.005758550649795979,0.0,0.01807683786849927,0.04591827875994219,0.0,0.002186386621842842,0.0015611214886011465,4.545101893038171,False,True
27332,425.0,HÉLIO VALGAS SOLAR PARTICIPAÇÕES S.A.,utilities,cvm,Energia Elétrica,Categoria B,,consolidado,padrao,dva,4.0715051840651615,0.013751698728283204,25094981.22299473,7.612105736306004,3.686635944700461,5269946.056828894,1.598542204624261,17566486.85609631,2.7649769585253456,4533550.02315058,1.3751698728283202,-736396.0336783137,2.5345622119815667,0.07612105736306006,0.07612105736306006,8.294930875576037,0.30000000000000004,30.000000000000004,0.75,0.4,1.0,0.06221198156682028,3.967949677634518e-05,6.221198156682028,0.9,0.7,0.8602649769585253,2258548.3100695265,19825035.166165836,-736396.0336783137,liquido,0.9803636307949112,329672000.0,2454000.0,0.0,5129000.0,258745000.0,0.0,0.0,2405812.349970712,0.0,253664187.6500293,5129000.0,25160000.0,1461568000.0,170173000.0,2464749000.0,39379000.0,0.11944902812492417,649569.3344920923,0.0,1615635.0,22829776.88850264,0.0,0.0,0.0019703503315176667,0.0,0.004900734669611008,0.06924997236193138,0.0,0.0,0.010207935980499435,8.58871853936876,False,True
26000,426.0,TERRA SANTA PROPRIEDADES AGRÍCOLAS S.A.,commodities,cvm,"Agricultura (Açúcar, Álcool e Cana)",Categoria A,,consolidado,padrao,dva,3.999368799237404,0.013520970500004718,7281066.8891855795,7.5393655530324715,0.6912442396313364,1529024.0467289719,1.5832667661368194,5096746.822429906,0.4608294930875576,1305774.2050674555,1.3520970500004716,-223249.84166151634,0.4608294930875576,0.07539365553032472,0.07539365553032472,7.834101382488479,0.30000000000000004,30.000000000000004,0.75,0.4,1.0,0.024193548387096774,0.0,2.4193548387096775,0.75,0.7,0.853991935483871,655296.0200267024,5752042.842456607,-223249.84166151634,liquido,0.6341789052069426,96574000.0,27925000.0,0.0,11782000.0,4282000.0,0.0,0.0,17709445.927903872,0.0,2715554.0720961285,11782000.0,11639000.0,57165000.0,2014000.0,913959000.0,36017000.0,0.372947170045768,3984625.3337783706,0.0,3092774.9999999995,203666.55540720967,0.0,0.0,0.041259814585482335,0.0,0.03202492389255907,0.002108917052283323,0.0,0.0,0.012734706917925203,28.383813306852037,False,True
26697,427.0,FOZ DO RIO CLARO ENERGIA S.A.,utilities,cvm,Emp. Adm. Part. - Energia Elétrica,Categoria B,,consolidado,padrao,dva,3.9573766054916857,0.013386658467490051,16581544.670656215,6.9695832807186715,2.7649769585253456,3482124.3808378056,1.4636124889509212,11607081.26945935,1.1520737327188941,3184860.0759759606,1.3386658467490051,-297264.304861845,1.3824884792626728,0.06969583280718672,0.06969583280718672,5.76036866359447,0.30000000000000004,30.000000000000004,0.75,0.4,1.0,0.391705069124424,0.0054082928188771565,39.1705069124424,0.9,0.7,0.91463133640553,1492339.0203590598,13099420.28981841,-297264.304861845,liquido,0.9280919565501178,237913000.0,6749000.0,0.0,10466000.0,138798000.0,0.0,0.0,6263692.614756745,0.0,128817307.38524325,10466000.0,3238000.0,865175000.0,133110000.0,1291720000.0,124738000.0,0.5243008999087901,1691197.0059843212,0.0,3296790.0,11593557.664671894,0.0,0.0,0.007108468246730197,0.0,0.013857124242895513,0.04873024031756101,0.0,0.0,0.002506735205772149,6.4996994966569,False,True
24716,428.0,"VAMOS LOCAÇÃO DE CAMINHÕES, MÁQUINAS E EQUIPAMENTOS S.A.",industria,nome,Serviços Transporte e Logística,Categoria A,BOLSA,consolidado,padrao,dre,3.8622037628889996,0.013082248128569169,473813104.35774827,8.232050254733876,53.91705069124424,84575639.12785806,1.4694209704699968,352990762.7465225,33.6405529953917,75297652.54058312,1.308224812856917,-9277986.587274939,32.94930875576037,0.08232050254733875,0.08232050254733875,10.138248847926267,0.255,25.5,0.75,0.4,0.85,0.24423963133640553,0.001541172937270764,24.42396313364055,1.0,0.7,0.8902995391705069,36246702.48336775,389237465.2298902,-9277986.587274939,liquido,0.9134193762161705,5755712000.0,340200000.0,0.0,266522000.0,2738110000.0,91315000.0,130585000.0,310745271.78874123,0.0,2501042728.211259,266522000.0,325423000.0,16364791000.0,3649781000.0,22964587000.0,-874643000.0,-0.15196086948061335,93223581.53662236,0.0,93282700.0,250104272.8211259,13697250.0,23505300.0,0.016196707120964767,0.0,0.016206978389467712,0.04345322921319307,0.002379766395538901,0.004083821428174307,0.014170644566784501,4.483773409966242,False,True
24597,429.0,CELEO REDES TRANSMISSÃO DE ENERGIA S.A.,utilities,cvm,Emp. Adm. Part. - Energia Elétrica,Categoria B,BALCÃO ORGANIZADO,consolidado,padrao,dre,3.660393898696903,0.012436759274014782,9131818.685950413,6.9348035676752255,0.9216589861751152,1917681.924049587,1.4563087492117974,6392273.080165289,0.6912442396313364,1637684.8979615404,1.2436759274014781,-279997.0260880466,0.6912442396313364,0.06934803567675227,0.06934803567675227,5.529953917050691,0.30000000000000004,30.000000000000004,0.75,0.4,1.0,0.024193548387096774,0.0,2.4193548387096775,0.9,0.7,0.853991935483871,821863.6817355375,7214136.761900826,-279997.0260880466,liquido,0.6208989018453527,131681000.0,11899000.0,0.0,16743000.0,32266000.0,444000.0,0.0,7388076.033057852,0.0,20033923.96694215,16743000.0,263000.0,435693000.0,87516000.0,789399000.0,32080000.0,0.24361904906554477,1994780.52892562,0.0,5274045.0,1803053.1570247938,59940.00000000001,0.0,0.015148582779031295,0.0,0.04005167791860633,0.013692584025218474,0.0004551909538961582,0.0,0.0003331648507282122,4.978438228438228,False,True
18376,430.0,ISA ENERGIA BRASIL,utilities,cvm,Energia Elétrica,Categoria A,BOLSA,consolidado,padrao,dva,3.57572881188366,0.01216595799219137,718015224.3846419,7.629407622898511,62.903225806451616,128165717.55265857,1.361849260687384,534921342.1665582,41.935483870967744,114495692.05608584,1.2165957992191376,-13670025.496572733,40.78341013824885,0.07629407622898508,0.07629407622898508,8.525345622119817,0.255,25.5,0.75,0.4,0.85,0.2626728110599078,0.0018483911865951694,26.26728110599078,0.9,0.7,0.8933410138248847,54928164.665425114,589849506.8319833,-13670025.496572733,liquido,0.9434513117904328,9411153000.0,270484000.0,159463000.0,347095000.0,5708038000.0,0.0,72704000.0,255188484.61832345,150445576.5320378,5385255938.849639,347095000.0,1356062000.0,14651287000.0,4166598000.0,47201372000.0,-1215500000.0,-0.12915526928528312,68900890.84694734,43328326.041226886,109334925.0,484673034.4964676,0.0,11778048.0,0.007321195484437171,0.0046039338688072425,0.01161759085204544,0.05149985708408604,0.0,0.0012514989396092064,0.028729292021426836,3.516366829725354,False,True
21490,431.0,ALUPAR INVESTIMENTO S/A,utilities,cvm,Emp. Adm. Part. - Energia Elétrica,Categoria A,BOLSA,consolidado,padrao,dva,2.8195449510735147,0.009747303898642,226002136.98330146,5.138884708467721,32.94930875576037,47460448.76649331,1.0791657887782216,158201495.888311,22.811059907834103,42867502.11167138,0.9747303898642001,-4592946.654821932,22.58064516129032,0.05138884708467721,0.05138884708467721,2.3041474654377883,0.30000000000000004,30.000000000000004,0.75,0.4,1.0,0.3225806451612903,0.0027837802928762367,32.25806451612903,0.9,0.7,0.9032258064516129,20340192.328497138,178541688.21680814,-4592946.654821932,liquido,0.8526745392113282,4397883000.0,214122000.0,0.0,228683000.0,1338108000.0,2130000.0,10472000.0,182576377.68500802,0.0,1140970622.314992,228683000.0,685881000.0,11925554000.0,3301696000.0,32114316000.0,2018073000.0,0.45887373538586634,49295621.97495217,0.0,72035145.0,102687356.00834928,287550.0,1696464.0,0.011208943479158533,0.0,0.016379504638936507,0.023349269639130758,6.538373121795192e-05,0.00038574559623346055,0.021357484306998784,3.611947920099246,False,True
24589,432.0,ENERGISA TRANSMISSÃO DE ENERGIA S/A,utilities,cvm,Emp. Adm. Part. - Energia Elétrica,Categoria B,BOLSA,consolidado,padrao,dva,2.4754702242088102,0.008646780878054634,56551875.26119539,4.763177710010461,12.211981566820276,11875893.804851033,1.0002673191021967,39586312.68283677,9.44700460829493,10266080.826649683,0.8646780878054636,-1609812.9782013502,9.216589861751153,0.04763177710010459,0.04763177710010459,1.6129032258064515,0.30000000000000004,30.000000000000004,0.75,0.4,1.0,0.08755760368663594,0.0001259862708432543,8.755760368663594,0.9,0.7,0.8644470046082949,5089668.773507587,44675981.45634436,-1609812.9782013502,liquido,0.8672302067117982,1187272000.0,55219000.0,0.0,51345000.0,331503000.0,11663000.0,0.0,47887584.784418784,0.0,287489415.21558124,51345000.0,35683000.0,3398662000.0,800613000.0,10577343000.0,537595000.0,0.45279851626249085,12929647.891793072,0.0,16173675.0,25874047.369402315,1574505.0,0.0,0.010890215461825994,0.0,0.013622552372160718,0.021792855697264243,0.001326153568853641,0.0,0.0033735315192104484,4.245074711502311,False,True
24120,433.0,ARGO ENERGIA EMPREENDIMENTOS E PARTICIPAÇÕES S/A,utilities,cvm,Emp. Adm. Part. - Energia Elétrica,Categoria B,BALCÃO ORGANIZADO,consolidado,padrao,dva,2.1577466872953206,0.007630542139040163,43530516.80554836,4.033090480384048,8.525345622119817,9141408.529165156,0.8469490008806502,30471361.76388385,6.912442396313365,8235903.569098773,0.7630542139040161,-905504.9600663828,6.451612903225806,0.04033090480384048,0.04033090480384048,0.9216589861751152,0.30000000000000004,30.000000000000004,0.75,0.4,1.0,0.3087557603686636,0.0025192509640139375,30.87557603686636,0.9,0.7,0.9009447004608295,3917746.512499354,34389108.276383206,-905504.9600663828,liquido,0.5318714571437454,1079334000.0,45133000.0,0.0,45173000.0,51364000.0,150822000.0,0.0,24004954.475268662,0.0,27319045.524731338,45173000.0,139254000.0,4811930000.0,988498000.0,11342419000.0,725616000.0,0.6722812400980605,6481337.708322539,0.0,14229495.0,2458714.0972258206,20360970.0,0.0,0.006004941666177975,0.0,0.013183588212731185,0.002277991888725659,0.018864383036205662,0.0,0.012277275244372474,4.8679208253329795,False,True
80195,434.0,"G2D INVESTMENTS, LTD.",outros,padrao,,,,individual,padrao,dva,0.0,0.0007289893176427899,594900.0,0.765154535749656,0.2304147465437788,66368.53125,0.085362552894571,500087.8125,0.2304147465437788,56678.19045740928,0.072898931764279,-9690.340792590723,0.2304147465437788,0.007651545357496559,0.007651545357496559,0.2304147465437788,0.159375,15.937499999999998,0.75,0.25,0.85,0.024193548387096774,0.0,2.4193548387096775,1.0,0.7,0.853991935483871,28443.656250000004,528531.46875,-9690.340792590723,liquido,1.0,77749000.0,1983000.0,0.0,0.0,0.0,0.0,0.0,1983000.0,0.0,0.0,0.0,589000.0,57791000.0,-91200000.0,695498000.0,-27967000.0,-0.3597088065441356,594900.0,0.0,0.0,0.0,0.0,0.0,0.007651545357496559,0.0,0.0,0.0,0.0,0.0,0.0008468751887136987,-0.633673245614035,False,True
1520,,BARDELLA S.A. INDUSTRIAS MECANICAS EM RECUPERAÇÃO JUDICIAL,industria,cvm,"Máquinas, Equipamentos, Veículos e Peças",Categoria A,BOLSA,consolidado,padrao,dva,,0.0535218716879586,21056402.038199358,43.80180154393276,,2763652.7675136654,5.748986452641174,17108326.656036977,,2572903.415783546,5.352187168795861,-190749.35173011944,,0.4380180154393276,0.4380180154393276,,0.1875,18.75,0.75,0.25,1.0,0.49078341013824883,0.012661463255993578,49.07834101382488,1.0,0.7,0.9309792626728111,1184422.614648714,18292749.27068569,-190749.35173011944,liquido,0.591343174487153,48072000.0,18060000.0,1890000.0,25718000.0,42983000.0,18675000.0,17503000.0,10679657.731237983,1117638.5997807193,25417703.6689813,25718000.0,7809000.0,172802000.0,-26269000.0,393588000.0,913000.0,0.01899234481610917,3203897.319371395,357644.35192983015,9001300.0,2541770.36689813,2801250.0,3150540.0,0.06664788898675726,0.0074397643520101135,0.18724621401231487,0.052874237953447534,0.05827196704942586,0.06553794308537195,0.01984054391902192,-6.578171989797861,False,False
1694,,BICICLETAS MONARK S.A.,industria,cvm,Brinquedos e Lazer,Categoria A,BOLSA,individual,padrao,dva,,0.06873243119236254,10686936.9909695,73.73352415461225,,1870213.9734196623,12.903366727057145,8015202.743227124,,1603902.398402761,11.065974875139789,-266311.57501690136,,0.7373352415461225,0.45796998752568274,,0.25,25.0,1.0,0.25,1.0,0.04608294930875576,0.0,4.6082949308755765,1.0,0.7,0.8576036866359447,801520.2743227126,8816723.017549837,-266311.57501690136,liquido,0.8319986369057761,14494000.0,22724000.0,2181000.0,5916000.0,10309000.0,0.0,8367000.0,18906337.025046855,1814589.0270914978,8577073.947861645,5916000.0,161881000.0,-159176000.0,-24364000.0,230132000.0,59374000.0,4.096453704981371,5671901.107514056,580668.4886692793,2070599.9999999998,857707.3947861646,0.0,1506060.0,0.39132752225155626,0.04006268032767209,0.142859114116186,0.05917672104223573,0.0,0.10390920380847248,0.7034267290077,6.533245772451157,False,False
3271,,ENERGISA MINAS RIO - DISTRIBUIDORA DE ENERGIA S/A,utilities,cvm,Energia Elétrica,Categoria B,BOLSA,individual,padrao,dva,,0.020979824130807116,149488096.11539984,10.015315347793596,,31392500.184233967,2.1032162230366556,104641667.28077988,,31314380.59852205,2.0979824130807114,-78119.58571191877,,0.10015315347793596,0.10015315347793596,,0.30000000000000004,30.000000000000004,0.75,0.4,1.0,0.8940092165898618,0.09261484401162684,89.40092165898618,0.9,0.7,0.9975115207373272,13453928.650385989,118095595.93116587,-78119.58571191877,liquido,0.940807817558763,1492595000.0,101165000.0,0.0,75087000.0,1167364000.0,4511000.0,4229000.0,95176822.86333226,0.0,1098265177.1366677,75087000.0,31278000.0,1388346000.0,288534000.0,2350079000.0,205934000.0,0.13797044744220635,25697742.17309971,0.0,23652405.0,98843865.94230011,608985.0,685098.0,0.017216821825813237,0.0,0.01584649888281818,0.06622283066893571,0.00040800418063841835,0.0004589979197304024,0.013309339813682859,4.811724094907359,False,False
3450,,COMPANHIA ITAUNENSE ENERGIA E PARTICIPAÇÕES,utilities,cvm,Emp. Adm. Part. - Energia Elétrica,Categoria A,,individual,padrao,dva,,0.04172513206166728,1891565.4777434992,6.950451874861287,,1324095.8344204493,4.8653163124029,0.0,,1135549.4690582748,4.172513206166728,-188546.36536217458,,0.06950451874861288,0.06950451874861288,,1.0,100.0,1.0,1.0,1.0,0.04608294930875576,0.0,4.6082949308755765,0.9,0.7,0.8576036866359447,567469.6433230499,567469.6433230499,-188546.36536217458,liquido,0.6193624210371675,27215000.0,3659000.0,0.0,2591000.0,3148000.0,0.0,1778000.0,2266247.098574996,0.0,1949752.9014250035,2591000.0,12496000.0,-12496000.0,22158000.0,46081000.0,7966000.0,0.2927062281829873,611886.7166152489,0.0,816165.0,175477.76112825033,0.0,288036.0,0.022483436215882748,0.0,0.02998952783391512,0.006447832486799572,0.0,0.010583722212015432,0.27117467068857015,-0.5639498149652495,False,False
3549,,CIA INDUSTRIAL SCHLOSSER S.A.,industria,cvm,Têxtil e Vestuário,Categoria A,,consolidado,padrao,dre,,0.0,237000.0,,,31106.249999999996,,192562.5,,26901.53074596774,,-4204.719254032258,,0.0,0.0,,0.1875,18.75,0.75,0.25,1.0,0.08986175115207373,0.0001367697472424022,8.986175115207374,1.0,0.7,0.8648271889400921,13331.250000000002,205893.75,-4204.719254032258,liquido,1.0,0.0,463000.0,0.0,0.0,0.0,0.0,545000.0,463000.0,0.0,0.0,0.0,121000.0,27035000.0,-278000.0,56299000.0,-6728000.0,,138900.0,0.0,0.0,0.0,0.0,98100.0,,,,,,,0.0021492388852377485,-97.24820143884892,False,False
3824,,CIA PAULISTA DE FORCA E LUZ,utilities,cvm,Energia Elétrica,Categoria B,BALCÃO ORGANIZADO,individual,padrao,dre,,0.030810733837230597,1487017801.8036175,9.072121045681625,,546479042.1628293,3.334004484287996,706333455.8567184,,505020925.8881492,3.08107338372306,-41458116.27468008,,0.09072121045681625,0.09072121045681625,,0.5249999999999999,52.49999999999999,0.75,0.7,1.0,0.44930875576036866,0.008489708725818347,44.93087557603687,0.9,0.7,0.9241359447004608,234205303.78406975,940538759.6407882,-41458116.27468008,liquido,0.9522170406212438,16391071000.0,537345000.0,425321000.0,613517000.0,11876995000.0,134036000.0,18655000.0,511669065.69262224,404997903.934068,11309477030.37331,613517000.0,284418000.0,9161326000.0,3496866000.0,22954592000.0,1342030000.0,0.08187567487200806,138150647.737008,116639396.3330116,193257855.0,1017852932.733598,18094860.0,3022110.0,0.00842840884143617,0.007116032645640521,0.011790434865421544,0.062098012554127675,0.001103946166788003,0.00018437538340234145,0.012390462004290906,2.6198676186047734,False,False
4448,,COBRASMA S.A.,industria,cvm,"Máquinas, Equipamentos, Veículos e Peças",Categoria A,,consolidado,padrao,dva,,0.059866339763332804,132300.0,33.24120603015076,,27783.000000000004,6.980653266331658,92610.0,,23826.803225806452,5.986633976333279,-3956.1967741935514,,0.33241206030150755,0.33241206030150755,,0.30000000000000004,30.000000000000004,0.75,0.4,1.0,0.04608294930875576,0.0,4.6082949308755765,1.0,0.7,0.8576036866359447,11907.000000000004,104517.0,-3956.1967741935514,liquido,1.0,398000.0,441000.0,0.0,0.0,0.0,0.0,0.0,441000.0,0.0,0.0,0.0,0.0,27897025000.0,38149000.0,135419000.0,0.0,0.0,132300.0,0.0,0.0,0.0,0.0,0.0,0.33241206030150755,0.0,0.0,0.0,0.0,0.0,0.0,731.264908647671,False,False
4782,,MENDES JUNIOR ENGENHARIA S.A.,construcao,cvm,"Construção Civil, Mat. Constr. e Decoração",Categoria A,,individual,padrao,dva,,0.043816924885131114,2175025.0337930378,84.79629761376366,,242651.23033253572,9.460086952535505,1828380.4190322722,,208098.5896999304,8.113005446391048,-34552.640632605326,,0.8479629761376366,0.45796998752568274,,0.159375,15.937499999999998,0.75,0.25,0.85,0.04608294930875576,0.0,4.6082949308755765,0.85,0.7,0.8576036866359447,103993.38442822962,1932373.803460502,-34552.640632605326,liquido,0.997622081690823,2565000.0,251493000.0,0.0,599000.0,408000.0,0.0,0.0,250894970.19067016,0.0,407029.8093298558,599000.0,7000.0,13864964000.0,-243780000.0,941287000.0,-13476000.0,-5.253801169590643,1962225.0,0.0,178202.5,34597.53379303774,0.0,0.0,0.765,0.0,0.0694746588693957,0.013488317268240837,0.0,0.0,7.43662666115648e-06,-56.874903601608004,False,False
5576,,ENERGISA MATO GROSSO DO SUL - DIST DE ENERGIA S.A.,utilities,cvm,Energia Elétrica,Categoria B,BOLSA,individual,padrao,dva,,0.017272794786837936,411087780.07978684,8.651223078129473,,86328433.81675524,1.816756846407189,287761446.05585074,,82076658.99455905,1.7272794786837933,-4251774.822196186,,0.08651223078129472,0.08651223078129472,,0.30000000000000004,30.000000000000004,0.75,0.4,1.0,0.6105990783410138,0.022088223081084327,61.05990783410138,0.9,0.7,0.9507488479262672,36997900.20718083,324759346.2630316,-4251774.822196186,liquido,0.9631500813634652,4751788000.0,251873000.0,0.0,133222000.0,3363386000.0,68934000.0,17080000.0,242591500.44326007,0.0,3239445499.55674,133222000.0,104130000.0,5306690000.0,1311654000.0,8113319000.0,919233000.0,0.1934499182202573,65499705.119680226,0.0,41964930.0,291550094.9601066,9306090.0,2766960.0,0.013784222932437269,0.0,0.008831397781214145,0.06135587171820515,0.001958439644192881,0.0005822987052452676,0.01283445159742887,4.045800188159378,False,False
5983,,FIACAO E TECELAGEM SAO JOSE SA EM RECUPERACAO JUDICIAL,industria,cvm,Têxtil e Vestuário,Categoria A,,consolidado,padrao,dva,,0.0014732531301034294,16900.0,0.9199782253674469,,3016.6499999999996,0.16421611322808924,12590.5,,2706.3659999999995,0.14732531301034293,-310.2840000000001,,0.00919978225367447,0.00919978225367447,,0.255,25.5,0.75,0.4,0.85,0.2857142857142857,0.0021080368906455866,28.57142857142857,1.0,0.7,0.8971428571428571,1292.8500000000001,13883.35,-310.2840000000001,liquido,1.0,1837000.0,0.0,0.0,0.0,169000.0,0.0,0.0,0.0,0.0,169000.0,0.0,52000.0,22819000.0,1668000.0,3036000.0,-9650000.0,-5.253130103429505,0.0,0.0,0.0,16900.0,0.0,0.0,0.0,0.0,0.0,0.00919978225367447,0.0,0.0,0.017127799736495388,13.680455635491606,False,False
6629,,HERCULES S.A. FABRICA DE TALHERES,commodities,cvm,Metalurgia e Siderurgia,Categoria A,BOLSA,individual,padrao,dva,,0.003503682048510062,103049.99999999999,2.1823379923761115,,18394.424999999996,0.3895473316391359,76772.24999999999,,16544.386633064514,0.3503682048510062,-1850.0383669354815,,0.021823379923761113,0.021823379923761113,,0.255,25.5,0.75,0.4,0.85,0.2995391705069124,0.002255579382098324,29.953917050691242,0.75,0.7,0.8994239631336406,7883.325,84655.57499999998,-1850.0383669354815,liquido,1.0,4722000.0,458000.0,0.0,0.0,0.0,0.0,0.0,458000.0,0.0,0.0,0.0,12000.0,324570000.0,4138000.0,12591000.0,-2000.0,-0.00042354934349851756,103049.99999999999,0.0,0.0,0.0,0.0,0.0,0.021823379923761113,0.0,0.0,0.0,0.0,0.0,0.0009530617107457708,78.43644272595456,False,False
6700,,HOTEIS OTHON S.A. - EM RECUPERAÇÃO JUDICIAL,outros,padrao,Hospedagem e Turismo,Categoria A,BOLSA,consolidado,padrao,dva,,0.1052371378718633,33848516.002121046,17.53009819466826,,23693961.201484732,12.27106873626778,0.0,,20320028.477402344,10.523713787186331,-3373932.724082388,,0.17530098194668256,0.17530098194668256,,1.0,100.0,1.0,1.0,1.0,0.04608294930875576,0.0,4.6082949308755765,1.0,0.7,0.8576036866359447,10154554.800636316,10154554.800636314,-3373932.724082388,liquido,0.7993966493257091,193088000.0,61467000.0,11909000.0,27995000.0,66178000.0,350000.0,5112000.0,49136513.84410336,9520014.69681987,52902471.45907678,27995000.0,45094000.0,-45089000.0,87879000.0,528929000.0,80978000.0,0.41938390785548557,14740954.153231008,3046404.702982358,9798250.0,5290247.145907678,52500.0,920160.0,0.07634319146312048,0.015777286537653083,0.05074499709976797,0.02739811456904457,0.0002718967517401392,0.004765495525356314,0.08525529891535537,-0.5130804856677932,False,False
7595,,INEPAR S.A. INDUSTRIA E CONSTRUCOES EM RECUPERACAO JUDICIAL,industria,cvm,"Máquinas, Equipamentos, Veículos e Peças",Categoria A,BOLSA,consolidado,padrao,dre,,0.05518284434872844,15720748.480670083,241.74609381316446,,2063348.2380879484,31.729174812977835,12773108.140544442,,1894263.030512838,29.12906397836134,-169085.2075751105,,2.4174609381316445,0.45796998752568274,,0.1875,18.75,0.75,0.25,1.0,0.41244239631336405,0.006312079894007141,41.244239631336406,1.0,0.7,0.918052995391705,884292.1020376924,13657400.242582135,-169085.2075751105,liquido,0.9720521310533558,6503000.0,378821000.0,8520000.0,11091000.0,9505000.0,6568000.0,7927000.0,368233760.33776325,8281884.156574591,9239355.505662147,11091000.0,85000.0,828667000.0,-388865000.0,370591000.0,46912000.0,7.213901276334,5852700.0,2650202.930103869,3881849.9999999995,923935.5505662147,985200.0,1426860.0,0.8999999999999999,0.407535434430858,0.5969321851453175,0.14207835623038823,0.1514993080116869,0.2194156543133938,0.0002293633682415385,-2.1309889036040786,True,False
7811,,JOAO FORTES ENGENHARIA S.A. - EM RECUPERAÇÃO JUDICIAL,construcao,cvm,"Construção Civil, Mat. Constr. e Decoração",Categoria A,BOLSA,consolidado,padrao,dva,,0.045176638701421454,89427102.90802729,51.108502876426506,,9976711.168176794,5.701792352151333,75174658.38206044,,8821573.527160933,5.041619389719065,-1155137.6410158612,,0.5110850287642651,0.45796998752568274,,0.159375,15.937499999999998,0.75,0.25,0.85,0.2073732718894009,0.0011749400004848446,20.737327188940093,0.85,0.7,0.8842165898617511,4275733.357790056,79450391.73985049,-1155137.6410158612,liquido,0.9321039552394274,174975000.0,33575000.0,1325000.0,18251000.0,233908000.0,3370000.0,370714000.0,31295390.297163773,1235037.7406922414,218026571.962144,18251000.0,3335000.0,345095000.0,-191061000.0,742506000.0,-77416000.0,-0.4424403486212316,7980324.5257767625,335930.26546828967,5429672.5,18532258.61678224,429675.0,56719242.0,0.04560836991442642,0.0019198757849309312,0.031031133019002715,0.10591375120321325,0.002455636519502786,0.324156262323189,0.004491546196259693,-1.8062032544580002,False,False
8036,,LIGHT SERVICOS DE ELETRICIDADE S.A.,utilities,cvm,Energia Elétrica,Categoria B,BOLSA,individual,padrao,dva,,0.03678950556654983,1467073358.749743,10.85935593508327,,539149459.3405304,3.9908133061431004,696859845.406128,,497017537.88077444,3.678950556654983,-42131921.45975596,,0.10859355935083272,0.10859355935083272,,0.5249999999999999,52.49999999999999,0.75,0.7,1.0,0.43548387096774194,0.0077994018417904334,43.54838709677419,0.9,0.7,0.9218548387096774,231064054.0030845,927923899.4092126,-42131921.45975596,liquido,0.943506683301701,13509764000.0,844584000.0,0.0,696008000.0,11475599000.0,335780000.0,79556000.0,796870648.6096838,0.0,10827304351.390316,696008000.0,71721000.0,6311927000.0,1862398000.0,21100772000.0,244589000.0,0.018104609377336274,215155075.12461463,0.0,219242520.0,974457391.6251285,45330300.0,12888072.0,0.015925894421591275,0.0,0.016228449290453927,0.07212986041985105,0.003355373195268252,0.0009539820236682151,0.003398975165458401,3.38913970053662,False,False
9083,,NORDON INDUSTRIAS METALURGICAS S.A.,commodities,cvm,Metalurgia e Siderurgia,Categoria A,BOLSA,individual,padrao,dva,,0.043816924885131114,1737621.554702495,63.34748650027324,,193853.40469649708,7.067203962686733,1460688.1194217848,,166249.39453464563,6.060860172608298,-27604.010161851445,,0.6334748650027323,0.45796998752568274,,0.159375,15.937499999999998,0.75,0.25,0.85,0.04608294930875576,0.0,4.6082949308755765,0.75,0.7,0.8576036866359447,83080.03058421305,1543768.1500059979,-27604.010161851445,liquido,0.9480486244401791,2743000.0,7562000.0,0.0,406000.0,253000.0,0.0,0.0,7169143.698016634,0.0,239856.30198336532,406000.0,11000.0,29870000.0,-5069000.0,18915000.0,-14891000.0,-5.428727670433831,1613057.3320537426,0.0,106574.99999999999,17989.222648752402,0.0,0.0,0.5880631906867453,0.0,0.038853445133065975,0.0065582291829210364,0.0,0.0,0.0005815490351572826,-5.892681002170053,False,False
9393,,PARANAPANEMA S.A. - EM RECUPERAÇÃO JUDICIAL,commodities,cvm,Metalurgia e Siderurgia,Categoria A,BOLSA,consolidado,padrao,dva,,0.024908450847180155,122239164.35392803,21.73391847127722,,16043890.321453054,2.852576799355135,99319321.03756653,,14009384.55223377,2.4908450847180155,-2034505.769219283,,0.21733918471277222,0.21733918471277222,,0.1875,18.75,0.75,0.25,1.0,0.14055299539170507,0.0004455077280431293,14.055299539170507,0.75,0.7,0.8731912442396313,6875952.994908453,106195274.03247498,-2034505.769219283,liquido,0.805836296044133,562435000.0,82884000.0,8632000.0,172250000.0,795622000.0,919000.0,89905000.0,66790935.56132192,6955978.907452956,641141085.5312252,172250000.0,2166000.0,5696806000.0,-519594000.0,1207162000.0,60706000.0,0.1079342501800208,15027960.501297431,1669434.9377887093,45215624.99999999,48085581.4148419,103387.49999999999,12137175.0,0.026719461806781995,0.0029682273290046125,0.08039262314756371,0.08549535753436735,0.000183821241565692,0.021579693653488847,0.001794291072780621,-10.963956473708318,False,False
9520,,PETROLEO LUB DO NORDESTE SA,commodities,cvm,Petróleo e Gás,Categoria A,,individual,padrao,dva,,0.033072524212706324,2191089.383268159,22.03650189347439,,383440.6420719278,3.8563878313580187,1643317.0374511192,,328840.10824693897,3.3072524212706322,-54600.533824988815,,0.22036501893474392,0.22036501893474392,,0.25,25.0,1.0,0.25,1.0,0.04608294930875576,0.0,4.6082949308755765,0.75,0.7,0.8576036866359447,164331.70374511194,1807648.741196231,-54600.533824988815,liquido,0.6468092187369998,9943000.0,3591000.0,289000.0,4245000.0,8139000.0,0.0,848000.0,2322691.9044845663,186927.86421499294,5264380.231300442,4245000.0,13384000.0,-13384000.0,-2225000.0,17750000.0,9000.0,0.0009051594086291864,522605.67850902735,44862.6874115983,1114312.4999999998,394828.5173475332,0.0,114480.00000000001,0.05256016076727621,0.004511987067444263,0.11207004928090111,0.03970919414135906,0.0,0.011513627677763252,0.7540281690140845,6.015280898876404,False,False
9717,,PORTUENSE FERRAGENS S/A,construcao,cvm,"Construção Civil, Mat. Constr. e Decoração",Categoria A,,individual,padrao,dva,,0.09508493786141585,378479.0142857143,20.704541262894654,,202675.51215,11.087281846280089,88942.56835714285,,173815.26641066818,9.508493786141585,-28860.24573933182,,0.20704541262894655,0.20704541262894655,,0.765,76.5,0.9,1.0,0.85,0.04608294930875576,0.0,4.6082949308755765,0.85,0.7,0.8576036866359447,86860.93377857145,175803.5021357143,-28860.24573933182,liquido,0.6714285714285715,1828000.0,1231000.0,169000.0,460000.0,0.0,0.0,0.0,826528.5714285715,113471.42857142858,0.0,460000.0,70000.0,-70000.0,74000.0,2136000.0,-9000.0,-0.004923413566739606,210764.78571428574,30864.228571428575,136850.0,0.0,0.0,0.0,0.11529802281963114,0.0168841512972804,0.074863238512035,0.0,0.0,0.0,0.03277153558052434,-0.9459459459459459,False,False
9954,,ALFA HOLDINGS S.A.,financeiro,cvm,Emp. Adm. Part. - Intermediação Financeira,Categoria A,BOLSA,individual,padrao,dva,,0.0,735750.0,,,386268.75,,183937.5,,331265.50403225806,,-55003.24596774194,,0.0,0.0,,0.75,75.0,0.75,1.0,1.0,0.04608294930875576,0.0,4.6082949308755765,1.25,0.7,0.8576036866359447,165543.75000000003,349481.25,-55003.24596774194,liquido,0.5672131147540984,0.0,1830000.0,0.0,792000.0,0.0,0.0,0.0,1038000.0000000001,0.0,0.0,792000.0,207000.0,-207000.0,70316000.0,1033059000.0,13324000.0,,389250.00000000006,0.0,346500.0,0.0,0.0,0.0,,,,,,,0.00020037577718213576,-0.002943853461516582,False,False
10561,,SEIVA S.A. - FLORESTAS E INDÚSTRIAS,commodities,cvm,Reflorestamento,Categoria A,,individual,padrao,dva,,0.0,48824.99999999999,,,25633.124999999993,,12206.249999999998,,21983.062499999993,,-3650.0625,,0.0,0.0,,0.75,75.0,0.75,1.0,1.0,0.04608294930875576,0.0,4.6082949308755765,0.75,0.7,0.8576036866359447,10985.625,23191.875,-3650.0625,liquido,1.0,0.0,217000.0,0.0,0.0,0.0,0.0,0.0,217000.0,0.0,0.0,0.0,2151000.0,-2151000.0,71820000.0,571784000.0,45020000.0,,48824.99999999999,0.0,0.0,0.0,0.0,0.0,,,,,,,0.003761910091922824,-0.029949874686716792,False,False
11215,,TECBLU TECELAGEM BLUMENAU S.A.,industria,cvm,Têxtil e Vestuário,Categoria A,,individual,padrao,dre,,0.1246082126040628,360762.64176117413,32.55980521310236,,160990.32888592393,14.529813076346926,130776.45763842564,,138065.89956530157,12.460821260406279,-22924.429320622352,,0.3255980521310236,0.3255980521310236,,0.6375,63.74999999999999,0.75,1.0,0.85,0.04608294930875576,0.0,4.6082949308755765,1.0,0.7,0.8576036866359447,68995.85523682456,199772.3128752502,-22924.429320622352,liquido,0.9746497665110073,1108000.0,1033000.0,0.0,38000.0,466000.0,0.0,0.0,1006813.2088058706,0.0,454186.7911941294,38000.0,2000.0,-2000.0,1075000.0,9701000.0,-20988000.0,-18.942238267148014,302043.9626417612,0.0,13300.0,45418.67911941294,0.0,0.0,0.27260285436982057,0.0,0.01200361010830325,0.040991587652899765,0.0,0.0,0.00020616431295742706,-0.0018604651162790699,False,False
12190,,BOMBRIL S.A. - EM RECUPERAÇÃO JUDICIAL,saude_educacao,cvm,Farmacêutico e Higiene,Categoria A,BOLSA,consolidado,padrao,dre,,0.11004553016538052,345725724.0807397,19.99555376858009,,217807206.17086598,12.597198874205457,34572572.40807396,,190270152.24783507,11.004553016538052,-27537053.923030913,,0.1999555376858009,0.1999555376858009,,0.9,90.0,0.9,1.0,1.0,0.14285714285714285,0.00045144344258059413,14.285714285714285,1.05,0.7,0.8735714285714286,93345945.50179973,127918517.9098737,-27537053.923030913,liquido,0.8642746399158905,1729013000.0,139302000.0,367803000.0,208874000.0,1031841000.0,0.0,161868000.0,120395185.88956338,317882805.38498425,891794008.7254523,208874000.0,33224000.0,131917000.0,215481000.0,909527000.0,142464000.0,0.08239614161374148,37924483.55521247,106808622.60935472,76761195.0,93638370.9161725,0.0,30593052.0,0.021934180688758537,0.06177433171951554,0.04439596174233508,0.054157123697839454,0.0,0.017693939837352294,0.03652887709765625,0.6121978271866197,False,False
12572,,RECRUSUL S.A.,industria,cvm,"Máquinas, Equipamentos, Veículos e Peças",Categoria A,BOLSA,consolidado,padrao,dva,,0.04486584697198367,2060338.4751934456,130.81514128212353,,229856.51113876875,14.594064199286905,1731972.0307094902,,201844.73493109713,12.815538725783945,-28011.776207671617,,1.3081514128212353,0.45796998752568274,,0.159375,15.937499999999998,0.75,0.25,0.85,0.17050691244239632,0.0007529613418628141,17.050691244239633,1.0,0.7,0.8781336405529954,98509.93334518663,1830481.9640546767,-28011.776207671617,liquido,0.7262175694128357,1575000.0,1355000.0,1708000.0,1203000.0,1331000.0,0.0,9143000.0,984024.8065543923,1240379.6085571232,966595.5848884842,1203000.0,248000.0,-248000.0,-10315000.0,32671000.0,-18827000.0,-11.953650793650795,295207.4419663177,396921.4747382794,421050.0,96659.55848884843,0.0,850500.0,0.1874332964865509,0.25201363475446314,0.2673333333333333,0.061371148246887886,0.0,0.54,0.007590829787885281,0.024042656325739216,True,False
12823,,ALIPERTI S.A.,commodities,cvm,"Emp. Adm. Part. - Agricultura (Açúcar, Álcool e Cana)",Categoria A,BOLSA,consolidado,padrao,dva,,0.050783985250914036,7285732.5,16.08471498587072,,2677506.6937499996,5.911132757307488,3460722.9375000005,,2300311.3959254026,5.078398525091404,-377195.297824597,,0.16084714985870716,0.16084714985870716,,0.5249999999999999,52.49999999999999,0.75,0.7,1.0,0.055299539170506916,1.8235298781406338e-05,5.529953917050691,0.75,0.7,0.8591244239631336,1147502.8687500001,4608225.80625,-377195.297824597,liquido,0.6907537173132798,45296000.0,29255000.0,0.0,9047000.0,0.0,0.0,2697000.0,20208000.0,0.0,0.0,9047000.0,90000.0,64664000.0,21250000.0,504516000.0,18921000.0,0.41771900388555283,4546800.0,0.0,2374837.4999999995,0.0,0.0,364095.0,0.10037972447898269,0.0,0.05242929839279406,0.0,0.0,0.008038126986930414,0.00017838879242680113,3.0430117647058825,False,False
13030,,CONSTRUTORA SULTEPA S.A. - EM RECUPERAÇÃO JUDICIAL,construcao,cvm,"Construção Civil, Mat. Constr. e Decoração",Categoria A,,consolidado,padrao,dva,,0.040093648021304946,25312150.10183706,12.653987143039929,,9302215.162425118,4.6503402750671725,12023271.298372606,,8020052.694645692,4.009364802130494,-1282162.467779426,,0.1265398714303993,0.1265398714303993,,0.5249999999999999,52.49999999999999,0.75,0.7,1.0,0.07373271889400922,8.708143363163483e-05,7.373271889400922,0.85,0.7,0.8621658986175115,3986663.641039337,16009934.939411944,-1282162.467779426,liquido,0.8695187699680511,200033000.0,16228000.0,0.0,26138000.0,184092000.0,169000.0,2028000.0,14110550.599041533,0.0,160071449.40095848,26138000.0,1684000.0,2176000.0,1052000.0,2241580000.0,10249000.0,0.05123654596991496,3598190.402755591,0.0,7776055.0,13606073.199081471,21547.5,310284.0,0.017987983996418547,0.0,0.03887386081296586,0.06801914283683928,0.00010771972624516956,0.0015511640579304415,0.000751255810633571,2.068441064638783,False,False
13366,,HAGA S.A. INDUSTRIA E COMERCIO,commodities,cvm,Metalurgia e Siderurgia,Categoria A,BOLSA,consolidado,padrao,dva,,0.035483749988050865,5610005.501362894,19.702601641224735,,1178101.1552862078,4.137546344657195,3927003.8509540255,,1010343.8940035173,3.5483749988050874,-167757.26128269045,,0.19702601641224732,0.19702601641224732,,0.30000000000000004,30.000000000000004,0.75,0.4,1.0,0.04608294930875576,0.0,4.6082949308755765,0.75,0.7,0.8576036866359447,504900.4951226606,4431904.346076686,-167757.26128269045,liquido,0.6917885507623699,28473425.0,4716060.0,3906864.0,9405490.0,21893431.0,0.0,4610538.0,3262516.312708382,2702723.7845856757,15145624.902705943,9405490.0,17413.0,20736673.0,6577.0,70200033.0,4392035.0,0.15425032288879895,734066.1703593859,648653.7083005621,2468941.1249999995,1135921.8677029458,0.0,622422.63,0.02578074714788916,0.022781021542036553,0.08671036677182319,0.03989410714386997,0.0,0.021859773806628464,0.0002480483164445236,3152.9075566367646,False,False
13447,,POLPAR S.A.,outros,padrao,Emp. Adm. Part. - Sem Setor Principal,Categoria A,BOLSA,individual,padrao,dva,,0.0,36900.0,,,19372.5,,9225.0,,16613.927419354837,,-2758.572580645163,,0.0,0.0,,0.75,75.0,0.75,1.0,1.0,0.04608294930875576,0.0,4.6082949308755765,1.0,0.7,0.8576036866359447,8302.500000000002,17527.5,-2758.572580645163,liquido,1.0,0.0,123000.0,0.0,0.0,0.0,0.0,0.0,123000.0,0.0,0.0,0.0,34000.0,-34000.0,3464000.0,69154000.0,-577000.0,,36900.0,0.0,0.0,0.0,0.0,0.0,,,,,,,0.0004916563033230182,-0.009815242494226328,False,False
13854,,CEMEPE INVESTIMENTOS S.A.,outros,padrao,Emp. Adm. Part. - Sem Setor Principal,Categoria A,BOLSA,individual,padrao,dva,,0.0,25200.0,,,3307.5,,20475.0,,2894.3673387096774,,-413.13266129032263,,0.0,0.0,,0.1875,18.75,0.75,0.25,1.0,0.15207373271889402,0.000517464424320828,15.207373271889402,1.0,0.7,0.8750921658986175,1417.5000000000002,21892.5,-413.13266129032263,liquido,1.0,0.0,84000.0,0.0,0.0,0.0,0.0,0.0,84000.0,0.0,0.0,0.0,0.0,0.0,-102000.0,773000.0,-103000.0,,25200.0,0.0,0.0,0.0,0.0,0.0,,,,,,,0.0,-0.0,False,False
14168,,CARBOMIL SA MINER. E INDUSTRIA,commodities,cvm,Extração Mineral,Categoria B,,individual,padrao,dva,,0.04478814903962422,8774.999999999998,146.24999999999997,,978.9609374999997,16.316015624999995,7376.484374999998,,858.1697895665319,14.302829826108866,-120.79114793346776,,1.4625,0.45796998752568274,,0.159375,15.937499999999998,0.75,0.25,0.85,0.16129032258064516,0.0006167215642301493,16.129032258064516,0.75,0.7,0.8766129032258064,419.55468749999994,7796.039062499998,-120.79114793346776,liquido,0.7528809218950064,6000.0,781000.0,0.0,193000.0,0.0,0.0,0.0,588000.0,0.0,0.0,193000.0,0.0,36875000.0,-176000.0,28538000.0,-4098000.0,-683.0,4049.9999999999995,0.0,4724.999999999999,0.0,0.0,0.0,0.6749999999999999,0.0,0.7874999999999999,0.0,0.0,0.0,0.0,-209.51704545454547,True,False
14176,,ELETROPAULO METROP. ELET. SAO PAULO S.A.,utilities,cvm,Energia Elétrica,Categoria B,BOLSA,individual,padrao,dre,,0.029068016540369078,2188021648.071009,9.779713454866418,,683483262.3161813,3.0549379904638965,1211616987.6193216,,650340623.4787526,2.906801654036908,-33142638.83742869,,0.09779713454866415,0.09779713454866415,,0.4462499999999999,44.62499999999999,0.75,0.7,0.85,0.6152073732718893,0.022233508554441873,61.52073732718893,0.9,0.7,0.9515092165898618,292921398.13550633,1504538385.754828,-33142638.83742869,liquido,0.9622954153188439,22373065000.0,766407000.0,654740000.0,736497000.0,18112207000.0,0.0,42010000.0,737509942.3682692,630053300.2258599,17429293757.405872,736497000.0,565540000.0,10464702000.0,4095704000.0,31217700000.0,-384046000.0,-0.017165551523673668,199127684.4394327,181455350.46504766,231996555.0,1568636438.1665287,0.0,6805620.0,0.008900331020333276,0.008110437727912902,0.010369457872669659,0.0701127198337165,0.0,0.00030418809403181906,0.018116004702460463,2.555043528536242,False,False
14303,,SNB PARTICIPACOES SA,varejo,cvm,Emp. Adm. Part. - Comércio (Atacado e Varejo),Categoria B,,individual,padrao,dva,,0.013771372271474338,33110.0,7.646651270207852,,6953.100000000001,1.605796766743649,23177.0,,5963.004193548388,1.3771372271474336,-990.0958064516135,,0.07646651270207853,0.07646651270207853,,0.30000000000000004,30.000000000000004,0.75,0.4,1.0,0.04608294930875576,0.0,4.6082949308755765,1.1,0.7,0.8576036866359447,2979.900000000001,26156.899999999998,-990.0958064516135,liquido,1.0,433000.0,91000.0,0.0,0.0,4000.0,16000.0,0.0,91000.0,0.0,4000.0,0.0,112000.0,7034000.0,823000.0,6571000.0,66000.0,0.15242494226327943,30030.0,0.0,0.0,440.00000000000006,2640.0,0.0,0.06935334872979215,0.0,0.0,0.0010161662817551964,0.006096997690531178,0.0,0.017044589864556384,8.54678007290401,False,False
14362,,CIA ENERGETICA DE PERNAMBUCO - CELPE,utilities,cvm,Energia Elétrica,Categoria B,BOLSA,individual,padrao,dre,,0.024563255417627723,846165159.8429614,9.7473235784237,,213233620.2804263,2.4563255417627725,541545702.2994952,,213233620.2804263,2.4563255417627725,0.0,,0.097473235784237,0.097473235784237,,0.36000000000000004,36.00000000000001,0.9,0.4,1.0,0.9331797235023042,0.11108060404000784,93.31797235023042,0.9,0.7,1.0,91385837.26303986,632931539.5625352,0.0,liquido,0.929472798653954,8681000000.0,329000000.0,50000000.0,503000000.0,6753000000.0,199000000.0,0.0,305796550.7571509,46473639.932697706,6276729809.310152,503000000.0,820000000.0,7784000000.0,1816000000.0,15297000000.0,615000000.0,0.07084437276811427,82565068.70443074,13384408.30061694,158445000.0,564905682.8379138,26865000.0,0.0,0.009511008951092127,0.0015418048958204054,0.01825192950120954,0.06507380288421999,0.0030946895518949432,0.0,0.05360528208145388,4.286343612334802,False,False
14850,,HAUSCENTER SA,outros,padrao,Emp. Adm. Part. - Sem Setor Principal,Categoria B,,individual,padrao,dva,,0.020239889531701243,191300.0,11.193680514921006,,40173.0,2.3506729081334115,133910.0,,34589.97120967742,2.023988953170124,-5583.0287903225835,,0.11193680514921006,0.11193680514921006,,0.30000000000000004,30.000000000000004,0.75,0.4,1.0,0.06682027649769585,5.675368898978434e-05,6.682027649769585,1.0,0.7,0.8610253456221197,17217.000000000004,151127.0,-5583.0287903225835,liquido,1.0,1709000.0,585000.0,0.0,0.0,158000.0,0.0,0.0,585000.0,0.0,158000.0,0.0,0.0,1028140000.0,966000.0,3524000.0,89000.0,0.052077238150965474,175500.0,0.0,0.0,15800.0,0.0,0.0,0.1026916325336454,0.0,0.0,0.009245172615564658,0.0,0.0,0.0,1064.327122153209,False,False
15091,,LITEL PARTICIPACOES S.A.,commodities,cvm,Emp. Adm. Part. - Extração Mineral,Categoria A,BALCÃO ORGANIZADO,individual,padrao,dva,,0.0,6296849.999999999,,,3305846.249999999,,1574212.4999999998,,2940679.731048386,,-365166.518951613,,0.0,0.0,,0.75,75.0,0.75,1.0,1.0,0.23963133640552994,0.0015207511813340462,23.963133640552993,0.75,0.7,0.8895391705069124,1416791.25,2991003.75,-365166.518951613,liquido,1.0,0.0,27986000.0,0.0,0.0,0.0,0.0,0.0,27986000.0,0.0,0.0,0.0,22266000.0,-22266000.0,214134000.0,3595723000.0,2322000.0,,6296849.999999999,0.0,0.0,0.0,0.0,0.0,,,,,,,0.006192356863974227,-0.10398161898624227,False,False
15199,,SANTA CATARINA PART INVEST SA,financeiro,cvm,Emp. Adm. Part. - Intermediação Financeira,Categoria B,,individual,padrao,dva,,0.0,43875.0,,,5758.59375,,35648.4375,,4938.591229838709,,-820.0025201612907,,0.0,0.0,,0.1875,18.75,0.75,0.25,1.0,0.04608294930875576,0.0,4.6082949308755765,1.25,0.7,0.8576036866359447,2467.9687500000005,38116.40625,-820.0025201612907,liquido,1.0,0.0,117000.0,0.0,0.0,0.0,0.0,0.0,117000.0,0.0,0.0,0.0,0.0,14408624000.0,-392000.0,59000.0,-115000.0,,43875.0,0.0,0.0,0.0,0.0,0.0,,,,,,,0.0,-36756.69387755102,False,False
15300,,RUMO MALHA NORTE S.A.,outros,padrao,Serviços Transporte e Logística,Categoria B,,individual,padrao,dva,,0.05076713187352026,624085832.9870441,8.20211641995637,,436860083.0909308,5.7414814939694585,0.0,,386278932.9173841,5.076713187352027,-50581150.17354673,,0.08202116419956369,0.08202116419956369,,1.0,100.0,1.0,1.0,1.0,0.2073732718894009,0.001175095580608116,20.737327188940093,1.0,0.7,0.8842165898617511,187225749.89611325,187225749.89611328,-50581150.17354673,liquido,0.963691339431354,7608839000.0,243573000.0,28679000.0,188648000.0,4923423000.0,32000.0,24030000.0,234729190.61931318,27637703.9235518,4744660105.457135,188648000.0,773637000.0,1557537000.0,3079085000.0,8550113000.0,2782115000.0,0.3656425112950872,70418757.18579395,8844065.255536577,66026799.99999999,474466010.54571354,4800.0,4325400.0,0.009254862297098671,0.0011623409636524805,0.00867764451317737,0.06235721514750325,6.308452577324871e-07,0.0005684704328741875,0.09048266379637322,0.5058441062848217,False,False
15342,,EDP ESPIRITO SANTO DISTRIBUIÇÃO DE ENERGIA S.A.,utilities,cvm,Energia Elétrica,Categoria B,BALCÃO ORGANIZADO,individual,padrao,dva,,0.04211877865566987,557288746.0752684,9.550743459335571,,245764337.01919335,4.211877865566986,206196836.0478493,,245764337.01919335,4.211877865566986,0.0,,0.09550743459335571,0.09550743459335571,,0.63,63.0,0.9,0.7,1.0,0.9493087557603687,0.11810694559077349,94.93087557603687,0.9,0.7,1.0,105327573.00822574,311524409.05607504,0.0,liquido,0.9607578285434035,5835030000.0,205007000.0,81459000.0,192355000.0,4615276000.0,81459000.0,67321000.0,196962080.15619752,78262371.95531711,4434162547.888485,192355000.0,470193000.0,3768270000.0,1102914000.0,9156039000.0,847630000.0,0.14526574841945972,53179761.642173335,22539563.12313133,60591825.0,399074629.3099637,10996965.0,10906002.0,0.009113879730211041,0.003862801583390545,0.010384149695888452,0.06839290103220784,0.0018846458372964664,0.0018690567143613659,0.05135331992360452,3.4166489862310208,False,False
15423,,FASA S.A. - EM RECUPERAÇÃO JUDICIAL,industria,cvm,Emp. Adm. Part. - Alimentos,Categoria A,BOLSA,consolidado,padrao,dva,,0.016134615055210244,12879340.0,16.708188469721343,,1436851.3687499997,1.8640072761532869,10826695.1875,,1243720.6669158263,1.613461505521024,-193130.7018341734,,0.1670818846972134,0.1670818846972134,,0.159375,15.937499999999998,0.75,0.25,0.85,0.0944700460829493,0.00016378614906984137,9.44700460829493,1.0,0.7,0.8655875576036867,615793.44375,11442488.63125,-193130.7018341734,liquido,1.0,77084000.0,7989000.0,0.0,0.0,79846000.0,0.0,13878000.0,7989000.0,0.0,79846000.0,0.0,661000.0,12589000.0,-22988000.0,81814000.0,-10564000.0,-0.1370453012298272,2396700.0,0.0,0.0,7984600.0,0.0,2498040.0,0.03109205542006123,0.0,0.0,0.10358310414612631,0.0,0.03240672513102589,0.008079301830982473,-0.5476335479380546,False,False
15458,,EMBPAR PARTICIPAÇÕES S/A,outros,padrao,Emp. Adm. Part. - Sem Setor Principal,Categoria A,BOLSA,consolidado,padrao,dva,,0.052790094279527855,2246950.2786796535,93.97533578752211,,300810.46855823864,12.580948078554524,1817221.0378821697,,259005.4376571092,10.832515167591351,-41805.030901129445,,0.9397533578752213,0.45796998752568274,,0.19125,19.125,0.9,0.25,0.85,0.06682027649769585,5.092483131149628e-05,6.682027649769585,1.0,0.7,0.8610253456221197,128918.77223924515,1946139.810121415,-41805.030901129445,liquido,0.9636093073593074,2391000.0,7241000.0,121000.0,269000.0,30000.0,129000.0,0.0,6977494.994588745,116596.7261904762,28908.279220779223,269000.0,3931000.0,-3931000.0,-2236000.0,54983000.0,-3824000.0,-1.5993308239230448,2093248.4983766233,37310.95238095238,94150.0,2890.8279220779223,19350.0,0.0,0.875469886397584,0.015604747963593636,0.03937682977833542,0.0012090455550304987,0.00809284818067754,0.0,0.07149482567338995,1.7580500894454383,True,False
15709,,RUMO MALHA SUL S.A.,outros,padrao,Serviços Transporte e Logística,Categoria B,,individual,padrao,dre,,0.03573743178187455,477626055.5816626,23.812152288836348,,83584559.72679095,4.1671266505463604,358219541.68624693,,71682426.56753823,3.5737431781874553,-11902133.159252718,,0.2381215228883635,0.2381215228883635,,0.25,25.0,1.0,0.25,1.0,0.04608294930875576,0.0,4.6082949308755765,1.0,0.7,0.8576036866359447,35821954.1686247,394041495.85487163,-11902133.159252718,liquido,0.6957415680112327,2005808000.0,97241000.0,9952000.0,443795000.0,1351419000.0,1227872000.0,119895000.0,67654605.81498027,6924020.084847787,940238374.100172,443795000.0,429536000.0,-424400000.0,-328900000.0,1387103000.0,729827000.0,0.3638568596794908,20296381.74449408,2215686.427151292,155328250.0,94023837.4100172,184180800.0,21581100.0,0.010118805860029513,0.0011046353525119513,0.07743924144284996,0.046875791406763366,0.0918237438478658,0.010759304978342892,0.3096640984843952,1.2903618121009426,False,False
15717,,CAIXA ADM DIV PUB ESTADUAL SA,financeiro,cvm,Intermediação Financeira,Categoria B,,individual,padrao,dva,,0.0,74250.0,,,51975.0,,0.0,,44573.95161290323,,-7401.048387096773,,0.0,0.0,,1.0,100.0,1.0,1.0,1.0,0.04608294930875576,0.0,4.6082949308755765,1.25,0.7,0.8576036866359447,22275.000000000004,22275.0,-7401.048387096773,liquido,1.0,0.0,198000.0,0.0,0.0,0.0,0.0,0.0,198000.0,0.0,0.0,0.0,1272138000.0,-1272138000.0,45000.0,1326802000.0,-396007000.0,,74250.0,0.0,0.0,0.0,0.0,0.0,,,,,,,0.9588001826949312,-28269.733333333334,False,False
15741,,WTC AMAZONAS SUITE HOTEL S.A.,outros,padrao,Hospedagem e Turismo,Categoria B,,individual,padrao,dva,,0.0,15900.0,,,2086.875,,12918.75,,1789.711693548387,,-297.1633064516129,,0.0,0.0,,0.1875,18.75,0.75,0.25,1.0,0.04608294930875576,0.0,4.6082949308755765,1.0,0.7,0.8576036866359447,894.3750000000001,13813.125,-297.1633064516129,liquido,1.0,0.0,53000.0,0.0,0.0,0.0,0.0,0.0,53000.0,0.0,0.0,0.0,0.0,1264122000.0,-53000.0,196235000.0,-50000.0,,15900.0,0.0,0.0,0.0,0.0,0.0,,,,,,,0.0,-23851.35849056604,False,False
16268,,MARINA DE IRACEMA PARK SA,outros,padrao,Hospedagem e Turismo,Categoria A,,individual,padrao,dva,,0.036064284696220215,5053976.379937242,32.039916190802856,,663334.3998667629,4.205239000042874,4106355.808699009,,568878.0267981777,3.6064284696220223,-94456.37306858518,,0.3203991619080285,0.3203991619080285,,0.1875,18.75,0.75,0.25,1.0,0.04608294930875576,0.0,4.6082949308755765,1.0,0.7,0.8576036866359447,284286.17137146986,4390641.980070479,-94456.37306858518,liquido,0.5771280569806245,15774000.0,7133000.0,173000.0,8490000.0,12771000.0,0.0,436000.0,4116654.4304427947,99843.15385764804,7370502.415699556,8490000.0,85000.0,22525000.0,-3623000.0,77784000.0,201000.0,0.012742487637885127,1234996.3291328384,31949.809234447373,2971500.0,737050.2415699556,0.0,78480.0,0.07829316147666023,0.0020254728816056404,0.18837961201977937,0.04672563975972839,0.0,0.00497527577025485,0.0010927697212794404,-6.2172232956113715,False,False
16284,,524 PARTICIPACOES S.A.,outros,padrao,Emp. Adm. Part. - Sem Setor Principal,Categoria A,BOLSA,individual,padrao,dre,,0.0,37200.0,,,6510.0,,27900.0,,5583.0,,-927.0,,0.0,0.0,,0.25,25.0,1.0,0.25,1.0,0.04608294930875576,0.0,4.6082949308755765,1.0,0.7,0.8576036866359447,2790.0000000000005,30690.0,-927.0,liquido,1.0,0.0,124000.0,0.0,0.0,0.0,0.0,0.0,124000.0,0.0,0.0,0.0,68000.0,-68000.0,-143000.0,74000.0,-136000.0,,37200.0,0.0,0.0,0.0,0.0,0.0,,,,,,,0.918918918918919,0.4755244755244755,False,False
16306,,ROSSI RESIDENCIAL S.A. - EM RECUPERAÇÃO JUDICIAL,construcao,cvm,"Construção Civil, Mat. Constr. e Decoração",Categoria A,BOLSA,consolidado,padrao,dva,,0.043816924885131114,26490405.006195407,102.46946080069397,,2955335.808503675,11.431749220577421,22268496.70833301,,2534506.8846199717,9.803910276264784,-420828.9238837031,,1.0246946080069397,0.45796998752568274,,0.159375,15.937499999999998,0.75,0.25,0.85,0.04608294930875576,0.0,4.6082949308755765,0.85,0.7,0.8576036866359447,1266572.489358718,23535069.19769173,-420828.9238837031,liquido,0.8915408545266007,25852000.0,17571000.0,15307000.0,6171000.0,24019000.0,25582000.0,88438000.0,15665264.3548869,13646815.860238677,21413919.78487442,6171000.0,6430000.0,448014000.0,-79074000.0,436124000.0,-5010000.0,-0.19379545102893392,3994642.41049616,3711933.9139849204,1835872.5,1820183.181714326,3261705.0,11866068.0,0.15451966619589044,0.14358401338329416,0.07101471839702925,0.07040782847417322,0.1261683815565527,0.45899999999999996,0.014743513312727573,-5.665756127172016,False,False
16438,,SUL 116 PARTICIPAÇÕES S.A. - EM LIQUIDAÇÃO,utilities,cvm,Emp. Adm. Part. - Telecomunicações,Categoria A,BALCÃO ORGANIZADO,consolidado,padrao,dva,,0.0,153045.0,,,20087.15625,,124349.0625,,17226.819254032256,,-2860.336995967744,,0.0,0.0,,0.1875,18.75,0.75,0.25,1.0,0.04608294930875576,0.0,4.6082949308755765,0.9,0.7,0.8576036866359447,8608.781250000002,132957.84375,-2860.336995967744,liquido,0.3313725490196079,0.0,510000.0,0.0,341000.0,0.0,0.0,0.0,169000.00000000003,0.0,0.0,341000.0,15000.0,2664000.0,-92000.0,12772000.0,-833000.0,,45630.00000000001,0.0,107415.0,0.0,0.0,0.0,,,,,,,0.0011744440964610084,-28.956521739130434,False,False
16527,,RGE SUL DISTRIBUIDORA DE ENERGIA S.A.,utilities,cvm,Energia Elétrica,Categoria B,,individual,padrao,dre,,0.03132223115276392,1133596793.6309097,9.177423293743384,,416596821.6593592,3.372703060450693,538458476.9746822,,386892700.3546383,3.1322231152763913,-29704121.30472094,,0.09177423293743384,0.09177423293743384,,0.5249999999999999,52.49999999999999,0.75,0.7,1.0,0.4769585253456221,0.010456594393872873,47.69585253456221,0.9,0.7,0.9286981566820276,178541494.99686825,716999971.9715505,-29704121.30472094,liquido,0.9482519197055533,12352016000.0,474624000.0,298236000.0,499796000.0,8885392000.0,80416000.0,24923000.0,450063119.13832855,282802859.5253054,8425590021.336366,499796000.0,327373000.0,8590130000.0,2533244000.0,21679066000.0,1799460000.0,0.1456814822778727,121517042.16734871,81447223.54328796,157435740.0,758303101.920273,10856160.0,4037526.0,0.0098378306964101,0.006593840515045315,0.012745752596175395,0.06139103948054091,0.0008788978252618844,0.000326871824000228,0.015100881191099284,3.3909603654444656,False,False
16551,,WTC RIO EMPREEND. E PARTICIPAÇÕES S.A.,outros,padrao,Hospedagem e Turismo,Categoria B,,individual,padrao,dva,,0.0,15000.0,,,2625.0,,11250.0,,2251.2096774193546,,-373.79032258064535,,0.0,0.0,,0.25,25.0,1.0,0.25,1.0,0.04608294930875576,0.0,4.6082949308755765,1.0,0.7,0.8576036866359447,1125.0000000000002,12375.0,-373.79032258064535,liquido,1.0,0.0,50000.0,0.0,0.0,0.0,0.0,0.0,50000.0,0.0,0.0,0.0,0.0,5608000.0,-50000.0,0.0,-52000.0,,15000.0,0.0,0.0,0.0,0.0,0.0,,,,,,,,-112.16,False,False
16586,,SUDESTE S.A.,outros,padrao,Emp. Adm. Part. - Sem Setor Principal,Categoria A,BALCÃO ORGANIZADO,individual,padrao,dva,,0.0,72300.0,,,37957.5,,18075.0,,32552.49193548387,,-5405.008064516129,,0.0,0.0,,0.75,75.0,0.75,1.0,1.0,0.04608294930875576,0.0,4.6082949308755765,1.0,0.7,0.8576036866359447,16267.500000000002,34342.5,-5405.008064516129,liquido,1.0,0.0,241000.0,0.0,0.0,0.0,0.0,0.0,241000.0,0.0,0.0,0.0,250000.0,-250000.0,4600000.0,134722000.0,-211000.0,,72300.0,0.0,0.0,0.0,0.0,0.0,,,,,,,0.0018556731639969716,-0.05434782608695652,False,False
16705,,YBYRÁ CAPITAL S.A.,outros,padrao,Emp. Adm. Part. - Sem Setor Principal,Categoria A,,consolidado,padrao,dva,,0.0,86845.5,,,11398.471875,,70561.96875,,9775.371502016127,,-1623.1003729838721,,0.0,0.0,,0.1875,18.75,0.75,0.25,1.0,0.04608294930875576,0.0,4.6082949308755765,1.0,0.7,0.8576036866359447,4885.059375000001,75447.028125,-1623.1003729838721,liquido,1.0,0.0,289485.0,0.0,0.0,0.0,0.0,0.0,289485.0,0.0,0.0,0.0,675.0,-675.0,-289485.0,200675.0,-289469.0,,86845.5,0.0,0.0,0.0,0.0,0.0,,,,,,,0.003363647689049458,0.00233172703248873,False,False
16748,,CIA RIOGRANDENSE DE SANEAMENTO,utilities,cvm,"Saneamento, Serv. Água e Gás",Categoria B,BALCÃO ORGANIZADO,individual,padrao,dva,,0.05337051344066229,731124900.1022913,10.165812083935677,,383840572.55370295,5.33705134406623,182781225.02557284,,383840572.55370295,5.33705134406623,0.0,,0.10165812083935676,0.10165812083935676,,0.75,75.0,0.75,1.0,1.0,0.9723502304147466,0.13383307779585005,97.23502304147466,0.9,0.7,1.0,164503102.5230156,347284327.5485884,0.0,liquido,0.8550747258170488,7191997000.0,865505000.0,0.0,682465000.0,3843577000.0,60142000.0,76672000.0,740071450.5682849,0.0,3286545549.431715,682465000.0,54447000.0,6186249000.0,3681676000.0,16080485000.0,2359424000.0,0.32806242827965587,199819291.65343693,0.0,214976475.0,295789099.4488544,8119170.000000001,12420864.0,0.02778356159679112,0.0,0.029891068502948485,0.04112753376410674,0.0011289173229632882,0.00172703965254713,0.0033859053380541695,1.68028066565336,False,False
16772,,BNDES PARTICIPACOES S.A. - BNDESPAR,outros,padrao,Emp. Adm. Part. - Sem Setor Principal,Categoria B,,individual,padrao,dre,,0.0654611653081755,723246700.0,10.904331674118433,,506272689.99999994,7.633032171882903,0.0,,434181325.3870967,6.546116530817549,-72091364.61290324,,0.10904331674118435,0.10904331674118435,,1.0,100.0,1.0,1.0,1.0,0.04608294930875576,0.0,4.6082949308755765,1.0,0.7,0.8576036866359447,216974010.00000003,216974010.00000006,-72091364.61290324,liquido,0.25950759667621337,6632655000.0,1946575000.0,0.0,1441424000.0,0.0,448020000.0,0.0,505151000.00000006,0.0,0.0,1441424000.0,17570130000.0,-17536228000.0,5932883000.0,98290468000.0,5389134000.0,0.8125153501878207,151545300.0,0.0,504498399.99999994,0.0,67203000.0,0.0,0.02284836162894045,0.0,0.07606281345856222,0.0,0.01013214165368167,0.0,0.17875721173695094,-2.9557683844431115,False,False
16985,,EDP SÃO PAULO DISTRIBUIÇÃO DE ENERGIA S.A.,utilities,cvm,Energia Elétrica,Categoria B,BALCÃO ORGANIZADO,individual,padrao,dva,,0.03888491843304665,603558392.6538066,9.35651964095844,,266169251.16032866,4.126225161662671,223316605.28190842,,250833854.55833784,3.8884918433046636,-15335396.601990819,,0.09356519640958441,0.09356519640958441,,0.63,63.0,0.9,0.7,1.0,0.5599078341013825,0.01742285523792039,55.99078341013824,0.9,0.7,0.9423847926267281,114072536.21156946,337389141.49347794,-15335396.601990819,liquido,0.9572002144424688,6450672000.0,229683000.0,119533000.0,221940000.0,4836324000.0,119533000.0,52829000.0,219852616.85378957,114417013.23295163,4629330369.913259,221940000.0,501221000.0,4440242000.0,1440059000.0,9107164000.0,652610000.0,0.10116930453137285,59360206.550523184,32952099.81109007,69911100.0,416639733.2921933,16136955.000000002,8558298.0,0.009202174060396062,0.00510832046817604,0.010837801084910224,0.0645885782585432,0.002501592857302309,0.0013267296802565685,0.055035903602921835,3.0833750561608935,False,False
17434,,LONGDIS S.A.,outros,padrao,Emp. Adm. Part. - Sem Setor Principal,Categoria A,BALCÃO ORGANIZADO,individual,padrao,dva,,0.0,61822.5,,,8114.203124999999,,50230.78125,,6958.770514112902,,-1155.4326108870973,,0.0,0.0,,0.1875,18.75,0.75,0.25,1.0,0.04608294930875576,0.0,4.6082949308755765,1.0,0.7,0.8576036866359447,3477.5156250000005,53708.296875,-1155.4326108870973,liquido,1.0,0.0,206075.0,0.0,0.0,0.0,0.0,0.0,206075.0,0.0,0.0,0.0,1.0,-1.0,-206075.0,74434.0,-203893.0,,61822.5,0.0,0.0,0.0,0.0,0.0,,,,,,,1.343472069215681e-05,4.852602207934005e-06,False,False
17493,,CAPITALPART PARTICIPACOES S.A.,utilities,cvm,Emp. Adm. Part. - Telecomunicações,Categoria A,BALCÃO ORGANIZADO,individual,padrao,dva,,0.0,347995.44,,,60899.202,,260996.58000000002,,60099.37377096774,,-799.8282290322604,,0.0,0.0,,0.25,25.0,1.0,0.25,1.0,0.8294930875576036,0.07176820810289852,82.94930875576037,0.9,0.7,0.9868663594470046,26099.658000000003,287096.238,-799.8282290322604,liquido,1.0,0.0,1288872.0,0.0,0.0,0.0,0.0,0.0,1288872.0,0.0,0.0,0.0,454864.0,-454864.0,-2030198.0,888176.0,-1208659.0,,347995.44,0.0,0.0,0.0,0.0,0.0,,,,,,,0.5121327304498208,0.22404908289733316,False,False
17850,,RUMO MALHA OESTE S.A.,outros,padrao,Serviços Transporte e Logística,Categoria B,,individual,padrao,dva,,0.027532425857457448,13406542.072635768,23.98050669451538,,1794800.8199741133,3.2103903337282462,10842540.901244177,,1539227.799987016,2.753242585745745,-255573.01998709724,,0.23980506694515377,0.23980506694515377,,0.19125,19.125,0.9,0.25,0.85,0.04608294930875576,0.0,4.6082949308755765,1.0,0.7,0.8576036866359447,769200.3514174772,11611741.252661655,-255573.01998709724,liquido,0.5674159213792634,55906000.0,10135000.0,0.0,25442000.0,48679000.0,45000.0,43000.0,5750760.363178835,0.0,27621239.636821166,25442000.0,4418000.0,-4418000.0,-57656000.0,79372000.0,-65070000.0,-1.1639180052230529,1725228.1089536506,0.0,8904700.0,2762123.963682117,6750.0,7740.0,0.03085944458472526,0.0,0.15927986262655172,0.049406574673239306,0.00012073838228454906,0.0001384466783529496,0.05566194627828453,0.07662689052310254,False,False
17868,,INEPAR EQUIPAMENTOS E MONTAGENS S/A - EM RECUPERACAO JUDICIA,industria,cvm,"Máquinas, Equipamentos, Veículos e Peças",Categoria A,,consolidado,padrao,dva,,0.037075011487462076,1401835.204186938,32.93785724123445,,183990.8705495356,4.323093762912021,1138991.1034018872,,157791.24889063858,3.7075011487462075,-26199.621658897027,,0.3293785724123444,0.3293785724123444,,0.1875,18.75,0.75,0.25,1.0,0.04608294930875576,0.0,4.6082949308755765,1.0,0.7,0.8576036866359447,78853.23023551528,1217844.3336374024,-26199.621658897027,liquido,0.9892378003833112,4256000.0,3482000.0,0.0,73000.0,3301000.0,0.0,91000.0,3444526.02093469,0.0,3265473.97906531,73000.0,0.0,0.0,-5877000.0,289683000.0,4481000.0,1.0528665413533835,1033357.8062804069,0.0,25550.0,326547.39790653106,0.0,16380.0,0.24280023643806553,0.0,0.00600328947368421,0.07672636229006839,0.0,0.003848684210526316,0.0,-0.0,False,False
17884,,BETAPART PARTICIPACOES S.A.,financeiro,cvm,Emp. Adm. Part. - Crédito Imobiliário,Categoria A,BOLSA,individual,padrao,dva,,0.0,55500.0,,,9712.5,,41625.0,,8329.475806451612,,-1383.0241935483882,,0.0,0.0,,0.25,25.0,1.0,0.25,1.0,0.04608294930875576,0.0,4.6082949308755765,1.25,0.7,0.8576036866359447,4162.500000000001,45787.5,-1383.0241935483882,liquido,1.0,0.0,148000.0,0.0,0.0,0.0,0.0,0.0,148000.0,0.0,0.0,0.0,334000.0,-334000.0,-148000.0,358000.0,-106000.0,,55500.0,0.0,0.0,0.0,0.0,0.0,,,,,,,0.9329608938547486,2.2567567567567566,False,False
17930,,RUMO MALHA PAULISTA S.A.,outros,padrao,Serviços Transporte e Logística,Categoria B,,individual,padrao,dva,,0.06045889200239393,623752712.1675985,10.053240637634568,,436626898.5173189,7.037268446344197,0.0,,375116832.67550117,6.045889200239394,-61510065.84181774,,0.10053240637634567,0.10053240637634567,,1.0,100.0,1.0,1.0,1.0,0.055299539170506916,1.881904025257315e-05,5.529953917050691,1.0,0.7,0.8591244239631336,187125813.65027958,187125813.65027958,-61510065.84181774,liquido,0.9125451594003495,6204494000.0,154761000.0,542000.0,413920000.0,4577654000.0,26000.0,103439000.0,141226401.4139575,494599.47639498947,4177315999.1096478,413920000.0,4270048000.0,4380441000.0,2321095000.0,22009624000.0,1939654000.0,0.3126208196832812,42367920.42418725,158271.83244639664,144872000.0,417731599.9109648,3900.0,18619020.0,0.006828585928874659,2.5509224837093346e-05,0.023349526971901333,0.06732726309526044,6.285766413828429e-07,0.0030008925788307635,0.19400822113090166,1.8872303804885193,False,False
17965,,GAMA PARTICIPACOES S.A.,outros,padrao,Emp. Adm. Part. - Sem Setor Principal,Categoria A,,individual,padrao,dva,,0.0,44400.0,,,7769.999999999999,,33300.0,,6663.580645161289,,-1106.4193548387102,,0.0,0.0,,0.25,25.0,1.0,0.25,1.0,0.04608294930875576,0.0,4.6082949308755765,1.0,0.7,0.8576036866359447,3330.0000000000005,36630.0,-1106.4193548387102,liquido,1.0,0.0,148000.0,0.0,0.0,0.0,0.0,0.0,148000.0,0.0,0.0,0.0,933000.0,-933000.0,-148000.0,985000.0,-42000.0,,44400.0,0.0,0.0,0.0,0.0,0.0,,,,,,,0.9472081218274112,6.304054054054054,False,False
18139,,CIA ENERGETICA DO RIO GDE NORTE - COSERN,utilities,cvm,Energia Elétrica,Categoria B,BOLSA,individual,padrao,dre,,0.03904502202078164,356788285.71428573,8.576641483516484,,174826260.0,4.202554326923077,107036485.71428573,,162427291.60645163,3.904502202078164,-12398968.39354837,,0.08576641483516484,0.08576641483516484,,0.7,70.0,1.0,0.7,1.0,0.4792626728110599,0.011236605849985521,47.926267281105986,0.9,0.7,0.9290783410138249,74925540.00000001,181962025.71428573,-12398968.39354837,liquido,0.9357142857142857,4160000000.0,148000000.0,40000000.0,198000000.0,2892000000.0,20000000.0,0.0,138485714.2857143,37428571.428571425,2706085714.285714,198000000.0,680000000.0,2962000000.0,1259000000.0,6906000000.0,769000000.0,0.18485576923076924,37391142.857142866,10779428.57142857,62370000.0,243547714.2857143,2700000.0,0.0,0.008988255494505496,0.0025912087912087914,0.01499278846153846,0.05854512362637363,0.0006490384615384616,0.0,0.09846510280915147,2.352660841938046,False,False
18333,,PROMPT PARTICIPACOES S.A.,outros,padrao,Emp. Adm. Part. - Sem Setor Principal,Categoria A,,individual,padrao,dva,,0.0,42900.0,,,7507.499999999999,,32175.0,,6438.459677419354,,-1069.040322580645,,0.0,0.0,,0.25,25.0,1.0,0.25,1.0,0.04608294930875576,0.0,4.6082949308755765,1.0,0.7,0.8576036866359447,3217.5000000000005,35392.5,-1069.040322580645,liquido,1.0,0.0,143000.0,0.0,0.0,0.0,0.0,0.0,143000.0,0.0,0.0,0.0,78000.0,-78000.0,-143000.0,85000.0,-136000.0,,42900.0,0.0,0.0,0.0,0.0,0.0,,,,,,,0.9176470588235294,0.5454545454545454,False,False
18368,,RIO PARANAPANEMA ENERGIA S.A.,utilities,cvm,Energia Elétrica,Categoria A,BOLSA,consolidado,padrao,dva,,0.0,0.0,,,0.0,,0.0,,0.0,,0.0,,0.0,0.0,,0.25,25.0,1.0,0.25,1.0,0.04608294930875576,0.0,4.6082949308755765,0.9,0.7,0.8576036866359447,0.0,0.0,0.0,liquido,1.0,0.0,0.0,0.0,0.0,0.0,0.0,0.0,0.0,0.0,0.0,0.0,0.0,0.0,0.0,0.0,0.0,,0.0,0.0,0.0,0.0,0.0,0.0,,,,,,,,,False,False
18414,,PADTEC HOLDING S.A.,utilities,cvm,Emp. Adm. Part. - Telecomunicações,Categoria A,BOLSA,consolidado,padrao,dva,,0.06363455981023904,69708.80911777102,23.884822245976075,,19518.466552975882,6.6877502288733,41825.28547066261,,18572.0008188575,6.363455981023902,-946.4657341183811,,0.23884822245976078,0.23884822245976078,,0.4,40.0,1.0,0.4,1.0,0.6152073732718893,0.022766373800693938,61.52073732718893,0.9,0.7,0.9515092165898618,8365.057094132522,50190.34256479514,-946.4657341183811,liquido,0.6649825860454226,291854.0,50967.0,35118.0,91575.0,187259.0,2516.0,82959.0,33892.16746297706,23352.85845674315,124523.97408027979,91575.0,80358.0,214668.0,42718.0,653086.0,28858.0,0.09887820622640087,9150.885215003806,6725.623235542028,28846.125,11207.157667225183,339.66,13439.358,0.03135432515916796,0.02304447852536552,0.09883751807410555,0.038399876880992494,0.0011638010786215027,0.046048222741507744,0.12304351953647759,5.0252352638232125,False,False
18597,,DTCOM - DIRECT TO COMPANY S.A.,utilities,cvm,Telecomunicações,Categoria A,BOLSA,individual,padrao,dva,,0.12246430793728717,1753743.6621373487,22.05412049971515,,1043477.4789717224,13.122201697330512,263061.5493206023,,973836.1767173079,12.246430793728722,-69641.30225441454,,0.22054120499715146,0.22054120499715146,,0.85,85.0,1.0,1.0,0.85,0.5046082949308756,0.013503075382634816,50.46082949308756,0.9,0.7,0.9332603686635945,447204.633845024,710266.1831656263,-69641.30225441454,liquido,0.6011751744399559,7952000.0,2031000.0,552000.0,3258000.0,5586000.0,0.0,0.0,1220986.7792875506,331848.6962908557,3358164.524421594,3258000.0,4433000.0,-4433000.0,643000.0,6991000.0,-971000.0,-0.12210764587525151,329666.43040763866,95572.42453176646,1026270.0,302234.8071979435,0.0,0.0,0.04145704607741935,0.012018665056811676,0.1290580985915493,0.03800739527137116,0.0,0.0,0.6341009869832642,-6.894245723172628,False,False
18724,,BRADESPAR S.A.,commodities,cvm,Emp. Adm. Part. - Extração Mineral,Categoria A,BOLSA,individual,padrao,dva,,0.0,8606774.999999998,,,4518556.874999998,,2151693.7499999995,,3902617.1866935464,,-615939.6883064518,,0.0,0.0,,0.75,75.0,0.75,1.0,1.0,0.08294930875576037,0.00010168059243258379,8.294930875576037,0.75,0.7,0.8636866359447004,1936524.3749999998,4088218.125,-615939.6883064518,liquido,0.35531686980689614,0.0,34541000.0,0.0,22268000.0,0.0,0.0,0.0,12273000.0,0.0,0.0,22268000.0,18402000.0,-18402000.0,471908000.0,7999560000.0,670015000.0,,2761424.9999999995,0.0,5845349.999999999,0.0,0.0,0.0,,,,,,,0.0023003765207086388,-0.03899488883426431,False,False
18996,,ENERGISA SERGIPE - DISTRIBUIDORA DE ENERGIA S/A,utilities,cvm,Energia Elétrica,Categoria B,BOLSA,individual,padrao,dva,,0.029909744365479718,188719823.81558374,8.570592730956333,,69354535.25222701,3.149692828626452,89641916.3124023,,65859641.9665906,2.9909744365479716,-3494893.28563641,,0.08570592730956333,0.08570592730956333,,0.5249999999999999,52.49999999999999,0.75,0.7,1.0,0.6036866359447005,0.020841513987796018,60.36866359447005,0.9,0.7,0.9496082949308756,29723372.250954438,119365288.56335673,-3494893.28563641,liquido,0.9496072430347244,2201946000.0,118354000.0,0.0,82821000.0,1525156000.0,8266000.0,5081000.0,112389815.64213178,0.0,1448299184.3578682,82821000.0,45695000.0,1645426000.0,628555000.0,3227635000.0,331145000.0,0.1503874300278027,30345250.22337558,0.0,26088615.0,130346926.59220815,1115910.0,823122.0,0.013781105541814187,0.0,0.011847981285644607,0.05919624123035177,0.0005067835451005611,0.00037381570665220675,0.014157424863716003,2.6177916013713993,False,False
19097,,CAIANDA PARTICIPACOES S.A.,outros,padrao,Emp. Adm. Part. - Sem Setor Principal,Categoria A,,individual,padrao,dva,,0.0,13200.0,,,2310.0,,9900.0,,1981.0645161290322,,-328.9354838709678,,0.0,0.0,,0.25,25.0,1.0,0.25,1.0,0.04608294930875576,0.0,4.6082949308755765,1.0,0.7,0.8576036866359447,990.0000000000001,10890.0,-328.9354838709678,liquido,1.0,0.0,44000.0,0.0,0.0,0.0,0.0,0.0,44000.0,0.0,0.0,0.0,47000.0,-47000.0,-44000.0,47000.0,-39000.0,,13200.0,0.0,0.0,0.0,0.0,0.0,,,,,,,1.0,1.0681818181818181,False,False
19100,,CONTAX PARTICIPAÇÕES S.A. - EM RECUPERAÇÃO JUDICIAL,tecnologia,cvm,Emp. Adm. Part. - Comunicação e Informática,Categoria A,BOLSA,consolidado,padrao,dva,,0.07902068297737808,168234657.76987135,37.628896655894316,,35329278.131672986,7.902068297737808,117764260.43890993,,35329278.131672986,7.902068297737808,0.0,,0.37628896655894317,0.37628896655894317,,0.30000000000000004,30.000000000000004,0.75,0.4,1.0,0.9262672811059908,0.1091818935640933,92.62672811059907,1.2,0.7,1.0,15141119.199288426,132905379.63819838,0.0,liquido,0.18375379415394533,447089000.0,94081000.0,0.0,367070000.0,355624000.0,0.0,0.0,17287740.70779733,0.0,65347259.29220265,367070000.0,24803000.0,222982000.0,58791000.0,1175825000.0,42323000.0,0.09466347863624469,6223586.654807039,0.0,154169400.0,7841671.115064318,0.0,0.0,0.01392024105895479,0.0,0.34482932928343124,0.017539396216557146,0.0,0.0,0.02109412540131397,3.7927914136517495,False,False
19119,,CABINDA PARTICIPACOES S.A.,outros,padrao,Emp. Adm. Part. - Sem Setor Principal,Categoria A,,individual,padrao,dva,,0.0,13200.0,,,2310.0,,9900.0,,1981.0645161290322,,-328.9354838709678,,0.0,0.0,,0.25,25.0,1.0,0.25,1.0,0.04608294930875576,0.0,4.6082949308755765,1.0,0.7,0.8576036866359447,990.0000000000001,10890.0,-328.9354838709678,liquido,1.0,0.0,44000.0,0.0,0.0,0.0,0.0,0.0,44000.0,0.0,0.0,0.0,51000.0,-51000.0,-44000.0,51000.0,-39000.0,,13200.0,0.0,0.0,0.0,0.0,0.0,,,,,,,1.0,1.1590909090909092,False,False
19135,,CACONDE PARTICIPACOES S.A.,outros,padrao,Emp. Adm. Part. - Sem Setor Principal,Categoria A,,individual,padrao,dva,,0.0,13800.0,,,2415.0,,10350.0,,2071.1129032258063,,-343.88709677419365,,0.0,0.0,,0.25,25.0,1.0,0.25,1.0,0.04608294930875576,0.0,4.6082949308755765,1.0,0.7,0.8576036866359447,1035.0000000000002,11385.0,-343.88709677419365,liquido,1.0,0.0,46000.0,0.0,0.0,0.0,0.0,0.0,46000.0,0.0,0.0,0.0,47000.0,-47000.0,-46000.0,47000.0,-41000.0,,13800.0,0.0,0.0,0.0,0.0,0.0,,,,,,,1.0,1.0217391304347827,False,False
19186,,SANEAMENTO DE GOIAS SA,utilities,cvm,"Saneamento, Serv. Água e Gás",Categoria B,,individual,padrao,dva,,0.10774258016013506,719623832.1697894,17.197095999197753,,453363014.26696736,10.834170479494585,71962383.21697892,,450855937.6903758,10.774258016013508,-2507076.5765915513,,0.1719709599919775,0.1719709599919775,,0.9,90.0,0.9,1.0,1.0,0.8755760368663594,0.08355717524363197,87.55760368663594,0.9,0.7,0.9944700460829493,194298434.6858432,266260817.90282208,-2507076.5765915513,liquido,0.6536530742288028,4184566000.0,755595000.0,367165000.0,1151208000.0,2201098000.0,54074000.0,109467000.0,493896994.62191224,239998530.99921837,1438754474.3788693,1151208000.0,515164000.0,1005963000.0,1084137000.0,9428976000.0,846652000.0,0.20232731423043632,133352188.54791631,69119576.9277749,362630520.0,129487902.69409825,7299990.000000001,17733654.0,0.03186762702462246,0.016517740890638337,0.08665905138071665,0.03094416546282177,0.0017445034921184182,0.004237871741059885,0.0546362616682872,0.9278928770072417,False,False
19208,,CONC RIO-TERESOPOLIS S.A.,outros,padrao,Serviços Transporte e Logística,Categoria A,BOLSA,individual,padrao,dva,,0.0,2688850.0,,,470548.74999999994,,2016637.5,,403902.133266129,,-66646.61673387093,,0.0,0.0,,0.25,25.0,1.0,0.25,1.0,0.05069124423963134,1.0410973165716667e-05,5.0691244239631335,1.0,0.7,0.8583640552995392,201663.75000000003,2218301.25,-66646.61673387093,liquido,0.8201562859112848,0.0,8702000.0,0.0,1565000.0,0.0,0.0,0.0,7137000.0,0.0,0.0,1565000.0,36426000.0,-28758000.0,-8702000.0,38421000.0,-2887000.0,,2141100.0,0.0,547750.0,0.0,0.0,0.0,,,,,,,0.9480752713359881,3.304757527005286,False,False
19232,,PRODUTORES ENERGET.DE MANSO S.A.- PROMAN,utilities,cvm,Energia Elétrica,Categoria A,BALCÃO ORGANIZADO,consolidado,padrao,dva,,0.04043351465744311,793507.9062087185,8.980397308835656,,416591.65075957717,4.714708587138718,198376.97655217964,,357270.5355131673,4.043351465744311,-59321.11524640984,,0.08980397308835657,0.08980397308835657,,0.75,75.0,0.75,1.0,1.0,0.04608294930875576,0.0,4.6082949308755765,0.9,0.7,0.8576036866359447,178539.27889696168,376916.2554491414,-59321.11524640984,liquido,0.979964773227653,8836000.0,2065000.0,0.0,91000.0,2477000.0,0.0,0.0,2023627.2567151033,0.0,2427372.7432848965,91000.0,0.0,10601000.0,5698000.0,14711000.0,5558000.0,0.6290176550475328,546379.3593130779,0.0,28665.0,218463.5468956407,0.0,0.0,0.061835599741181295,0.0,0.0032441149841557267,0.024724258363019547,0.0,0.0,0.0,1.8604773604773606,False,False
19275,,CIA PIRATININGA DE FORCA E LUZ,utilities,cvm,Energia Elétrica,Categoria B,BALCÃO ORGANIZADO,individual,padrao,dre,,0.03811541970734337,558704101.1640061,9.295109167469223,,246388508.6133267,4.099143142853927,206720517.43068227,,229101572.92835942,3.811541970734337,-17286935.68496728,,0.09295109167469222,0.09295109167469222,,0.63,63.0,0.9,0.7,1.0,0.4838709677419355,0.011343618801115788,48.38709677419355,0.9,0.7,0.9298387096774193,105595075.11999717,312315592.55067945,-17286935.68496728,liquido,0.9541016580323285,6010732000.0,186018000.0,164406000.0,222395000.0,4494958000.0,60948000.0,8322000.0,177480082.22385767,156860037.190463,4288646880.585679,222395000.0,358107000.0,3070234000.0,1313011000.0,8226299000.0,763857000.0,0.12708219231867265,47919622.20044158,45175690.71085335,70054425.0,385978219.2527112,8227980.000000001,1348164.0,0.007972343834401796,0.007515838455424955,0.011654890785348605,0.06421484425735687,0.0013688815272416073,0.00022429281491838268,0.04353196984451939,2.33831552058589,False,False
19364,,ITAPEBI GERACAO DE ENERGIA S.A.,utilities,cvm,Energia Elétrica,Categoria B,BOLSA,individual,padrao,dva,,0.0691293011705029,21670735.68158636,11.240183032716462,,13652563.479399407,7.081315310611372,2167073.5681586354,,13327921.87776945,6.912930117050291,-324641.60162995756,,0.11240183032716461,0.11240183032716461,,0.9,90.0,0.9,1.0,1.0,0.7649769585253456,0.051874971513073596,76.49769585253456,0.9,0.7,0.9762211981566821,5851098.634028318,8018172.202186951,-324641.60162995756,liquido,0.8232214016619746,192797000.0,17457000.0,0.0,25996000.0,129597000.0,0.0,0.0,14370976.00881309,0.0,106687023.99118692,25996000.0,51386000.0,104827000.0,89572000.0,987295000.0,47015000.0,0.24385752890345805,3880163.522379535,0.0,8188740.0,9601832.159206824,0.0,0.0,0.020125642631262597,0.0,0.04247337873514629,0.049802808960755736,0.0,0.0,0.052047260443940264,1.1703099182780332,False,False
19720,,SECME - COMPANHIA SECURITIZADORA DE CRÉDITOS IMOBILIÁRIOS,financeiro,cvm,Securitização de Recebíveis,Categoria B,BOLSA,individual,padrao,dva,,0.07381517304944628,26758.5,12.295918132900777,,18730.949999999997,8.607142693030543,0.0,,16063.731774193546,7.3815173049446265,-2667.2182258064513,,0.12295918132900777,0.12295918132900777,,1.0,100.0,1.0,1.0,1.0,0.04608294930875576,0.0,4.6082949308755765,1.25,0.7,0.8576036866359447,8027.550000000001,8027.550000000003,-2667.2182258064513,liquido,1.0,217621.0,61019.0,0.0,0.0,31011.0,0.0,0.0,61019.0,0.0,31011.0,0.0,2169889.0,-2169889.0,119920.0,2191374.0,547730.0,2.5168986448918074,22882.125,0.0,0.0,3876.375,0.0,0.0,0.10514667702105954,0.0,0.0,0.017812504307948222,0.0,0.0,0.9901956489398889,-18.09447131420947,False,False
19879,,LIGHT S.A. - EM RECUPERAÇÃO JUDICIAL,utilities,cvm,Emp. Adm. Part. - Energia Elétrica,Categoria A,BOLSA,consolidado,padrao,dva,,0.020524063267875207,1590556356.9226213,10.606220599188697,,334016834.9537505,2.2273063258296264,1113389449.8458347,,307788047.5454007,2.052406326787521,-26228787.408349812,,0.10606220599188695,0.10606220599188695,,0.30000000000000004,30.000000000000004,0.75,0.4,1.0,0.43317972350230416,0.007557691041006412,43.31797235023041,0.9,0.7,0.9214746543778802,143150072.12303597,1256539521.9688706,-26228787.408349812,liquido,0.9414734526209477,14996448000.0,894189000.0,0.0,782198000.0,12470652000.0,335780000.0,91740000.0,841855205.1256726,0.0,11740787794.874327,782198000.0,110772000.0,9601586000.0,2184367000.0,25733415000.0,375542000.0,0.025042063293921335,227300905.3839316,0.0,246392370.0,1056670901.5386895,45330300.0,14861880.0,0.01515698286580473,0.0,0.016430048635516892,0.07046141203161506,0.0030227357838336117,0.0009910266751166678,0.004304597737999407,4.395591949521303,False,False
20001,,XX DE NOVEMBRO INVESTIMENTOS E PARTICIPAÇÕES S.A.,outros,padrao,Emp. Adm. Part. - Sem Setor Principal,Categoria B,,individual,padrao,dva,,0.025853933841687698,740700.0,4.785192841914852,,466640.99999999994,3.0146714904063563,74069.99999999999,,400193.0419354838,2.5853933841687695,-66447.95806451613,,0.04785192841914853,0.04785192841914853,,0.9,90.0,0.9,1.0,1.0,0.04608294930875576,0.0,4.6082949308755765,1.0,0.7,0.8576036866359447,199989.00000000003,274059.00000000006,-66447.95806451613,liquido,1.0,15479000.0,874000.0,0.0,0.0,4152000.0,422000.0,0.0,874000.0,0.0,4152000.0,0.0,3216000.0,-3216000.0,11300000.0,52823000.0,9682000.0,0.6254926028813231,262200.0,0.0,0.0,415200.0,63300.0,0.0,0.016939078751857354,0.0,0.0,0.026823438206602497,0.004089411460688675,0.0,0.060882570092573314,-0.28460176991150443,False,False
20052,,DINAMICA ENERGIA S.A.,utilities,cvm,Emp. Adm. Part. - Energia Elétrica,Categoria B,,individual,padrao,dva,,0.0,106290.0,,,18600.75,,79717.5,,15952.071774193548,,-2648.6782258064522,,0.0,0.0,,0.25,25.0,1.0,0.25,1.0,0.04608294930875576,0.0,4.6082949308755765,0.9,0.7,0.8576036866359447,7971.750000000001,87689.25,-2648.6782258064522,liquido,0.8489583333333334,0.0,384000.0,0.0,58000.0,0.0,0.0,0.0,326000.0,0.0,0.0,58000.0,11466000.0,-11466000.0,-384000.0,14198000.0,1266000.0,,88020.0,0.0,18270.0,0.0,0.0,0.0,,,,,,,0.8075785321876321,29.859375,False,False
20192,,CONC SIST ANHANG-BANDEIRANT S.A. AUTOBAN,outros,padrao,Serviços Transporte e Logística,Categoria B,BOLSA,individual,padrao,dre,,0.03487112350105377,209979293.06206924,5.535098968421235,,132286954.62910362,3.487112350105378,20997929.30620692,,132286954.62910362,3.487112350105378,0.0,,0.05535098968421234,0.05535098968421234,,0.9,90.0,0.9,1.0,1.0,0.9838709677419355,0.1517127021886536,98.38709677419355,1.0,0.7,1.0,56694409.12675871,77692338.43296562,0.0,liquido,0.881516980944198,3793596000.0,216084000.0,0.0,157065000.0,1109549000.0,356000.0,0.0,190481715.31034607,0.0,978086284.6896539,157065000.0,386218000.0,4321057000.0,2902248000.0,7456959000.0,1909478000.0,0.5033424750553301,57144514.59310382,0.0,54972750.0,97808628.4689654,53400.0,0.0,0.015063415976056442,0.0,0.014490934195417752,0.02578256315879851,1.4076353939639328e-05,0.0,0.051792962788182156,1.488865527687503,False,False
20303,,CEMIG DISTRIBUICAO S.A.,utilities,cvm,Energia Elétrica,Categoria B,,individual,padrao,dre,,0.03252051705837811,2589323421.686236,8.915369287886751,,951576357.4696915,3.2763982132983807,1229928625.3009622,,944505311.9562359,3.2520517058378116,-7071045.513455629,,0.08915369287886751,0.08915369287886751,,0.5249999999999999,52.49999999999999,0.75,0.7,1.0,0.8640552995391705,0.08044753595911673,86.40552995391705,0.9,0.7,0.9925691244239632,407818438.9155822,1637747064.2165444,-7071045.513455629,liquido,0.9783944047106927,29043367000.0,556179000.0,158305000.0,555583000.0,25000290000.0,158305000.0,0.0,544162421.6175884,154884726.2377262,24460143852.144684,555583000.0,918869000.0,13973219000.0,4487639000.0,38255250000.0,1692697000.0,0.058281706800730096,146923853.83674887,44606801.15646516,175008645.0,2201412946.693022,21371175.0,0.0,0.005058774825823359,0.001535868797734958,0.006025769842732077,0.07579744272394526,0.0007358366886318656,0.0,0.024019422170813157,3.1137128008736887,False,False
20397,,CONC ECOVIAS IMIGRANTES S.A.,outros,padrao,Serviços Transporte e Logística,Categoria B,BALCÃO ORGANIZADO,individual,padrao,dva,,0.023602523252780633,125058691.98108022,6.422455306879084,,45959069.30304697,2.360252325278063,59402878.69101311,,45959069.30304697,2.360252325278063,0.0,,0.06422455306879085,0.06422455306879085,,0.5249999999999999,52.49999999999999,0.75,0.7,1.0,0.9654377880184332,0.12480918496944726,96.54377880184332,1.0,0.7,1.0,19696743.987020135,79099622.67803325,0.0,liquido,0.9392848087490548,1947210000.0,119213000.0,0.0,54118000.0,772129000.0,0.0,0.0,111974959.90540108,0.0,725249040.094599,54118000.0,27779000.0,3212602000.0,1298571000.0,4162801000.0,1101585000.0,0.5657248062612661,33592487.97162032,0.0,18941300.0,72524904.0094599,0.0,0.0,0.017251599966937474,0.0,0.009727404851043286,0.037245548250810084,0.0,0.0,0.006673151082648438,2.4739517515792357,False,False
20443,,TRANSNORDESTINA LOGISTICA SA,outros,padrao,Serviços Transporte e Logística,Categoria B,,individual,padrao,dva,,0.0,19384430.0,,,2544206.4375,,15749849.375,,2181920.820362903,,-362285.6171370968,,0.0,0.0,,0.1875,18.75,0.75,0.25,1.0,0.04608294930875576,0.0,4.6082949308755765,1.0,0.7,0.8576036866359447,1090374.1875000002,16840223.5625,-362285.6171370968,liquido,0.3186319104268719,0.0,57160000.0,0.0,38947000.0,0.0,0.0,1606000.0,18212999.999999996,0.0,0.0,38947000.0,2637000.0,6177790000.0,-62470000.0,17123536000.0,-84278000.0,,5463899.999999999,0.0,13631450.0,0.0,0.0,289080.0,,,,,,,0.000153998566651187,-98.89210821194173,False,False
20630,,FICA EMPREENDIMENTOS IMOBILIÁRIOS S.A.,construcao,cvm,"Construção Civil, Mat. Constr. e Decoração",Categoria A,BOLSA,consolidado,padrao,dva,,0.044341385928557395,77023.1199819576,265.59696545502624,,8592.891822987143,29.630661458576355,64747.5602348331,,7457.501542827701,25.71552256147483,-1135.3902801594422,,2.6559696545502622,0.45796998752568274,,0.159375,15.937499999999998,0.75,0.25,0.85,0.10829493087557604,0.0002521519079192026,10.829493087557603,0.85,0.7,0.86786866359447,3682.6679241373477,68430.22815897045,-1135.3902801594422,liquido,0.8637798827244023,29000.0,4372000.0,0.0,604000.0,62000.0,195000.0,110000.0,3776445.647271087,0.0,53554.35272891294,604000.0,80000.0,23014000.0,-5252000.0,110251000.0,-8131000.0,-280.37931034482756,22185.0,0.0,25882.5,4552.1199819576,11092.5,13311.0,0.765,0.0,0.8925,0.15696965455026207,0.3825,0.45899999999999996,0.0007256170012063382,-4.381949733434882,True,False
20702,,VIVER INCORPORADORA E CONSTRUTORA S.A.,construcao,cvm,"Construção Civil, Mat. Constr. e Decoração",Categoria A,BOLSA,consolidado,padrao,dva,,0.0530231880766062,13860264.019709338,48.1610341558405,,1855542.8456385876,6.447558447613147,11209488.525939927,,1604723.9031515191,5.576023847776223,-250818.94248706847,,0.481610341558405,0.45796998752568274,,0.19125,19.125,0.9,0.25,0.85,0.08986175115207373,0.00013620874583542946,8.986175115207374,0.85,0.7,0.8648271889400921,795232.6481308234,12004721.17407075,-250818.94248706847,liquido,0.7546784789966156,28779000.0,16876000.0,1304000.0,9858000.0,22004000.0,0.0,39220000.0,12735954.011546884,984100.7366115866,16605945.251841528,9858000.0,7702000.0,14632000.0,-8928000.0,210706000.0,-64596000.0,-2.244553320129261,3247668.2729444555,267675.4003583516,2932755.0,1411505.3464065301,0.0,6000660.0,0.11284854487454239,0.009301066762512652,0.1019060773480663,0.049046365280465964,0.0,0.20850828729281767,0.03655330175695044,-1.6388888888888888,False,False
20990,,AMERICANAS S.A. - EM RECUPERAÇÃO JUDICIAL,varejo,cvm,Comércio (Atacado e Varejo),Categoria A,BOLSA,consolidado,padrao,dva,,0.14332208063165,3120272827.6228824,25.35776373525301,,1965771881.4024158,15.975391153209392,312027282.76228815,,1763578202.172453,14.332208063164998,-202193679.22996283,,0.2535776373525301,0.2535776373525301,,0.9,90.0,0.9,1.0,1.0,0.2857142857142857,0.00211705335712967,28.57142857142857,1.1,0.7,0.8971428571428571,842473663.4581784,1154500946.2204666,-202193679.22996283,liquido,0.8777634277900175,12305000000.0,1462000000.0,2720000000.0,1609000000.0,8981000000.0,21000000.0,1850000000.0,1283290131.4290056,2387516523.5888476,7883193344.982147,1609000000.0,879000000.0,1116000000.0,1139000000.0,16249000000.0,561000000.0,0.04559122308004876,423485743.3715719,840405816.3032744,619465000.0,867151267.9480363,3465000.0,366300000.0,0.03441574509317935,0.0682979127430536,0.05034254368143031,0.07047145615181116,0.0002815928484355953,0.029768386834620075,0.05409563665456336,0.9798068481123793,False,False
21180,,NEXPE PARTICIPAÇÕES S.A,construcao,cvm,"Emp. Adm. Part. - Const. Civil, Mat. Const. e Decoração",Categoria A,BOLSA,consolidado,padrao,dva,,0.23959782036166938,1103647.0486354094,167.47299675802876,,591002.9945442617,89.68178976392439,259357.0564293212,,577399.0316053281,87.61745547880547,-13603.962938933633,,1.6747299675802874,0.45796998752568274,,0.765,76.5,0.9,1.0,0.85,0.7695852534562212,0.05394145177571809,76.95852534562212,0.85,0.7,0.9769815668202765,253286.99766182652,512644.05409114773,-13603.962938933633,liquido,0.8425472358292512,659000.0,15710000.0,0.0,2475000.0,9000.0,84000.0,0.0,13236417.074877536,0.0,7582.925122463261,2475000.0,565000.0,-148000.0,118730000.0,10897000.0,-13169000.0,-19.98330804248862,504135.0,0.0,588157.5,644.5486354093772,10710.0,0.0,0.765,0.0,0.8925,0.0009780707669338046,0.016251896813353567,0.0,0.051849132788840964,-0.0012465257306493724,True,False
21342,,OSX BRASIL S.A. - EM RECUPERAÇÃO JUDICIAL,outros,padrao,Emp. Adm. Part. - Sem Setor Principal,Categoria A,BOLSA,consolidado,padrao,dva,,0.03586653888592773,26140700.0,31.625895276809914,,3430966.875,4.150898755081301,21239318.75,,2964584.638155242,3.5866538885927723,-466382.23684475804,,0.3162589527680991,0.3162589527680991,,0.1875,18.75,0.75,0.25,1.0,0.08525345622119816,0.00012070460226096799,8.525345622119817,1.0,0.7,0.8640668202764977,1470414.3750000002,22709733.125,-466382.23684475804,liquido,0.9734645887126522,82656000.0,86752000.0,0.0,2302000.0,0.0,0.0,0.0,84450000.0,0.0,0.0,2302000.0,9315000.0,7666211000.0,-242934000.0,690943000.0,7028000.0,0.08502710027100271,25335000.0,0.0,805700.0,0.0,0.0,0.0,0.30651132404181186,0.0,0.009747628726287262,0.0,0.0,0.0,0.013481575180586531,-31.5567643886817,False,False
21393,,CIA CELG DE PARTICIPACOES - CELGPAR,utilities,cvm,Emp. Adm. Part. - Energia Elétrica,Categoria A,BOLSA,individual,padrao,dva,,0.0,12327525.0,,,6471950.625,,3081881.25,,5592197.797530242,,-879752.8274697578,,0.0,0.0,,0.75,75.0,0.75,1.0,1.0,0.08525345622119816,0.00012402811303895551,8.525345622119817,0.9,0.7,0.8640668202764977,2773693.1250000005,5855574.375,-879752.8274697578,liquido,1.0,0.0,0.0,0.0,39135000.0,0.0,0.0,0.0,0.0,0.0,0.0,39135000.0,105000.0,32000.0,1448000.0,749830000.0,0.0,,0.0,0.0,12327525.0,0.0,0.0,0.0,,,,,,,0.00014003174052785297,0.022099447513812154,False,False
21628,,HABITASEC SECURITIZADORA SA,financeiro,cvm,Securitização de Recebíveis,Categoria B,,individual,padrao,dva,,0.0515493233942719,4987585.5625,68.40452876842828,,654620.6050781249,8.97809440085621,4052413.26953125,,561405.0442628528,7.699646857139819,-93215.56081527215,,0.6840452876842827,0.45796998752568274,,0.1875,18.75,0.75,0.25,1.0,0.04608294930875576,0.0,4.6082949308755765,1.25,0.7,0.8576036866359447,280551.68789062503,4332964.957421875,-93215.56081527215,liquido,0.5151285473690198,7291309.0,12305775.0,0.0,5966719.0,0.0,0.0,0.0,6339056.0,0.0,0.0,5966719.0,19488.0,-19488.0,-5256524.0,18539583.0,360996.0,0.049510451415514,2377146.0,0.0,2610439.5625,0.0,0.0,0.0,0.3260245862574196,0.0,0.35802070142686315,0.0,0.0,0.0,0.0010511563285970347,0.0037073929463653167,False,False
21644,,PDG COMPANHIA SECURITIZADORA,financeiro,cvm,Securitização de Recebíveis,Categoria B,BALCÃO ORGANIZADO,individual,padrao,dva,,0.029284028324154204,32000.0,26.01626016260163,,4200.0,3.414634146341464,26000.0,,3601.935483870968,2.928402832415421,-598.0645161290322,,0.2601626016260163,0.2601626016260163,,0.1875,18.75,0.75,0.25,1.0,0.04608294930875576,0.0,4.6082949308755765,1.25,0.7,0.8576036866359447,1800.0000000000002,27800.0,-598.0645161290322,liquido,1.0,123000.0,74000.0,0.0,0.0,34000.0,0.0,0.0,74000.0,0.0,34000.0,0.0,0.0,0.0,-131000.0,3371000.0,25000.0,0.2032520325203252,27750.0,0.0,0.0,4250.0,0.0,0.0,0.225609756097561,0.0,0.0,0.034552845528455285,0.0,0.0,0.0,-0.0,False,False
21750,,INFRASEC SECURITIZADORA S.A.,financeiro,cvm,Securitização de Recebíveis,Categoria B,BALCÃO ORGANIZADO,individual,padrao,dva,,0.15509012051425863,108539.625,25.834463922310686,,75977.73749999999,18.084124745617476,0.0,,65158.78778225805,15.509012051425863,-10818.94971774194,,0.25834463922310685,0.25834463922310685,,1.0,100.0,1.0,1.0,1.0,0.04608294930875576,0.0,4.6082949308755765,1.25,0.7,0.8576036866359447,32561.887500000004,32561.88750000001,-10818.94971774194,liquido,1.0,420135.0,276950.0,0.0,0.0,37467.0,0.0,0.0,276950.0,0.0,37467.0,0.0,1332912.0,-1332912.0,105718.0,1868845.0,1483806.0,3.5317362276411153,103856.25,0.0,0.0,4683.375,0.0,0.0,0.24719732942982614,0.0,0.0,0.01114730979328073,0.0,0.0,0.7132276887596349,-12.608184036777086,False,False
21814,,FERROVIA NORTE SUL S/A,outros,padrao,Serviços Transporte e Logística,Categoria B,,individual,padrao,dva,,0.04067877357557777,145819998.21149528,6.517770701207691,,91866598.87324202,4.106195541760846,14581999.821149524,,91009318.39988573,4.067877357557777,-857280.4733562917,,0.0651777070120769,0.0651777070120769,,0.9,90.0,0.9,1.0,1.0,0.8525345622119815,0.0754090275957883,85.25345622119815,1.0,0.7,0.9906682027649769,39371399.51710373,53953399.33825326,-857280.4733562917,liquido,0.8973114822956468,2237268000.0,67866000.0,0.0,103658000.0,941575000.0,313000.0,37417000.0,60896941.05747637,0.0,844886058.9425237,103658000.0,288350000.0,650087000.0,1559222000.0,4456912000.0,1354145000.0,0.6052672277080797,18269082.31724291,0.0,36280300.0,84488605.89425237,46950.0,6735060.0,0.008165799679449628,0.0,0.01621634064403549,0.0377641864516242,2.0985416141472545e-05,0.0030103948208261145,0.0646972612427618,0.41693036655460225,False,False
21849,,CONCESSIONARIA DE RODOVIAS DO INTERIOR PAULISTA S/A,outros,padrao,Serviços Transporte e Logística,Categoria B,BALCÃO ORGANIZADO,individual,padrao,dre,,0.015909083206850288,73764678.95528567,7.661816943972951,,15490582.58060999,1.6089815582343199,51635275.26869997,,15316581.220977562,1.5909083206850287,-174001.35963242874,,0.07661816943972952,0.07661816943972952,,0.30000000000000004,30.000000000000004,0.75,0.4,1.0,0.8410138248847926,0.07466357764283009,84.10138248847926,1.0,0.7,0.9887672811059908,6638821.105975712,58274096.374675676,-174001.35963242874,liquido,0.908429491207191,962757000.0,39984000.0,0.0,49551000.0,501140000.0,0.0,0.0,36322644.77642833,0.0,455250355.22357166,49551000.0,70053000.0,2522564000.0,527347000.0,3889902000.0,364059000.0,0.3781421480186589,10896793.432928497,0.0,17342850.0,45525035.522357166,0.0,0.0,0.011318321687537455,0.0,0.018013735553208128,0.04728611219898393,0.0,0.0,0.01800893698607317,4.783499289841414,False,False
21938,,ENERGISA PARAÍBA - DISTRIBUIDORA DE ENERGIA S/A,utilities,cvm,Energia Elétrica,Categoria B,BOLSA,individual,padrao,dva,,0.03208808140546334,330171070.316538,9.060575068077938,,121337868.34132767,3.3297613375186415,156831258.40035558,,116930284.25284603,3.208808140546334,-4407584.088481635,,0.09060575068077938,0.09060575068077938,,0.5249999999999999,52.49999999999999,0.75,0.7,1.0,0.6889400921658986,0.033488311187934404,68.89400921658986,0.9,0.7,0.9636751152073733,52001943.574854724,208833201.9752103,-4407584.088481635,liquido,0.9474465914912037,3644041000.0,189502000.0,0.0,150912000.0,2682091000.0,26008000.0,11998000.0,179543023.9807661,0.0,2541137976.019234,150912000.0,113406000.0,2388774000.0,899554000.0,5299897000.0,503614000.0,0.13820206743008653,48476616.474806845,0.0,47537280.0,228702417.8417311,3511080.0,1943676.0,0.013302983274558889,0.0,0.013045209974311486,0.0627606598942578,0.0009635127595984789,0.0005333847780527168,0.021397774334104985,2.655509285712698,False,False
21962,,AUTOPISTA REGIS BITTENCOURT SA,outros,padrao,Serviços Transporte e Logística,Categoria B,,individual,padrao,dre,,0.037249783154218515,88681547.01480111,10.135995416113884,,32590468.527939405,3.7249783154218523,42123734.832030535,,32590468.527939405,3.7249783154218523,0.0,,0.10135995416113884,0.10135995416113884,,0.5249999999999999,52.49999999999999,0.75,0.7,1.0,0.9976958525345622,0.17673535139619853,99.76958525345621,1.0,0.7,1.0,13967343.654831177,56091078.486861706,0.0,liquido,0.9171333052879433,874917000.0,40149000.0,0.0,55746000.0,632570000.0,725000.0,0.0,36821985.07400564,0.0,580151014.9259943,55746000.0,10058000.0,1642350000.0,600325000.0,2478086000.0,365213000.0,0.4174258815407633,11046595.522201693,0.0,19511100.0,58015101.49259943,108750.0,0.0,0.012625878251538937,0.0,0.02230051536317159,0.06630926304163644,0.00012429750479188312,0.0,0.0040587776211156515,2.735768125598634,False,False
21970,,AUTOPISTA PLANALTO SUL SA,outros,padrao,Serviços Transporte e Logística,Categoria B,,individual,padrao,dre,,0.05121171155220736,44604007.246012,11.612633005035681,,19670367.19549129,5.121171155220735,16503482.681024441,,19670367.19549129,5.121171155220735,0.0,,0.11612633005035683,0.11612633005035683,,0.63,63.0,0.9,0.7,1.0,0.9792626728110599,0.15007059174295836,97.92626728110599,1.0,0.7,1.0,8430157.36949627,24933640.05052071,0.0,liquido,0.9142221571783989,384099000.0,16962000.0,0.0,29306000.0,324688000.0,74000.0,0.0,15507036.230060004,0.0,296836963.76994,29306000.0,78726000.0,520656000.0,191087000.0,1368432000.0,134343000.0,0.349761389641733,4652110.869018001,0.0,10257100.0,29683696.376994003,11100.0,0.0,0.012111749494317875,0.0,0.02670431321091698,0.07728136854559373,2.889879952824662e-05,0.0,0.057530078220912696,2.7247065472795113,False,False
21989,,AUTOPISTA FERNÃO DIAS SA,outros,padrao,Serviços Transporte e Logística,Categoria B,,individual,padrao,dre,,0.05537124852673437,86637923.5366571,11.300254801374361,,42452582.53296197,5.537124852673437,25991377.060997132,,42452582.53296197,5.537124852673437,0.0,,0.11300254801374363,0.11300254801374363,,0.7,70.0,1.0,0.7,1.0,0.9654377880184332,0.1244183986166549,96.54377880184332,1.0,0.7,1.0,18193963.94269799,44185341.00369512,0.0,liquido,0.9019674530134278,766690000.0,37494000.0,0.0,62837000.0,603487000.0,446000.0,0.0,33818367.68328547,0.0,544325632.3167145,62837000.0,267916000.0,896359000.0,348079000.0,2528364000.0,372904000.0,0.4863817188172534,10145510.30498564,0.0,21992950.0,54432563.23167145,66900.0,0.0,0.013232871571281274,0.0,0.02868558348224184,0.07099683474634005,8.725821388044712e-05,0.0,0.10596417288017074,2.575159662030746,False,False
21997,,AUTOPISTA LITORAL SUL,outros,padrao,Serviços Transporte e Logística,Categoria B,,individual,padrao,dre,,0.02899802256081776,149569038.65226364,13.808582171817982,,31409498.116975367,2.899802256081776,104698327.05658454,,31409498.116975367,2.899802256081776,0.0,,0.1380858217181798,0.1380858217181798,,0.30000000000000004,30.000000000000004,0.75,0.4,1.0,0.9976958525345622,0.17871084212700838,99.76958525345621,1.0,0.7,1.0,13461213.478703732,118159540.53528827,0.0,liquido,0.9478480398106567,1083160000.0,51979000.0,0.0,64452000.0,1183871000.0,116000.0,0.0,49268193.261318125,0.0,1122129806.738682,64452000.0,41419000.0,2277295000.0,644211000.0,5934758000.0,437878000.0,0.4042597584844344,14780457.978395438,0.0,22558200.0,112212980.67386821,17400.0,0.0,0.013645682981642081,0.0,0.020826286051922153,0.10359778857589663,1.606410871893349e-05,0.0,0.00697905457981606,3.5350141490909035,False,False
22004,,AUTOPISTA FLUMINENSE SA,outros,padrao,Serviços Transporte e Logística,Categoria B,,individual,padrao,dre,,0.06338087673939323,53823885.60544926,12.072547950360615,,28257539.94286086,6.338087673939323,13455971.401362315,,28257539.94286086,6.338087673939323,0.0,,0.12072547950360615,0.12072547950360615,,0.75,75.0,0.75,1.0,1.0,0.9976958525345622,0.17283526647559194,99.76958525345621,1.0,0.7,1.0,12110374.261226086,25566345.6625884,0.0,liquido,0.8989839352977422,445837000.0,29006000.0,0.0,39181000.0,358863000.0,177000.0,0.0,26075928.02724631,0.0,322612071.97275364,39181000.0,3666000.0,106673000.0,1421731000.0,2388943000.0,171347000.0,0.3843265588096098,7822778.408173893,0.0,13713350.0,32261207.197275367,26550.0,0.0,0.01754627455364605,0.0,0.030758662919407764,0.0723609911184477,5.955091210464811e-05,0.0,0.0015345698913703677,0.07503036791066664,False,False
22071,,CONC ROTA DAS BANDEIRAS S.A.,outros,padrao,Serviços Transporte e Logística,Categoria B,BALCÃO ORGANIZADO,individual,padrao,dva,,0.02586758313274196,80431407.74061441,5.865665109465296,,35470250.81361095,2.586758313274195,29759620.864027333,,35470250.81361095,2.586758313274195,0.0,,0.05865665109465296,0.05865665109465296,,0.63,63.0,0.9,0.7,1.0,0.9976958525345622,0.18070212166932567,99.76958525345621,1.0,0.7,1.0,15201536.062976126,44961156.927003466,0.0,liquido,0.9085937259436916,1371224000.0,47417000.0,0.0,53433000.0,537149000.0,0.0,0.0,43082788.70307203,0.0,488050211.296928,53433000.0,140987000.0,2637853000.0,1010655000.0,4017167000.0,519071000.0,0.37854573723913815,12924836.610921608,0.0,18701550.0,48805021.1296928,0.0,0.0,0.009425766038897807,0.0,0.013638581296710093,0.03559230375904506,0.0,0.0,0.035096126200379524,2.610042991921081,False,False
22144,,CONCESSÃO METROVIÁRIA DO RIO DE JANEIRO S.A.,outros,padrao,Serviços Transporte e Logística,Categoria B,BALCÃO ORGANIZADO,individual,padrao,dva,,0.045701411014980146,195654595.76678228,16.321932505350052,,54783286.81469903,4.570141101498015,117392757.46006937,,54783286.81469903,4.570141101498015,0.0,,0.16321932505350054,0.16321932505350054,,0.4,40.0,1.0,0.4,1.0,0.9723502304147466,0.1346748625094167,97.23502304147466,1.0,0.7,1.0,23478551.492013875,140871308.95208326,0.0,liquido,0.6907406594371515,1198722000.0,123672000.0,0.0,274716000.0,764631000.0,21196000.0,99338000.0,85425278.83391139,0.0,528161721.1660886,274716000.0,800985000.0,1805558000.0,430874000.0,4817239000.0,0.0,0.0,25627583.650173414,0.0,96150600.0,52816172.11660886,3179400.0,17880840.0,0.021379088437663958,0.0,0.08021092463473599,0.044060401091002635,0.0026523247258330124,0.014916586164264941,0.16627470632036317,4.190454750112562,False,False
22179,,AFLUENTE TRANSMISSÃO DE ENERGIA ELÉTRICA S/A,utilities,cvm,Energia Elétrica,Categoria A,BOLSA,individual,padrao,dre,,0.04398583452900594,3519497.2015086208,7.15883327199036,,2463648.041056034,5.011183290393252,0.0,,2162475.582949518,4.398583452900592,-301172.4581065159,,0.07158833271990361,0.07158833271990361,,1.0,100.0,1.0,1.0,1.0,0.16820276497695852,0.0006900905671136351,16.82027649769585,0.9,0.7,0.8777534562211982,1055849.1604525864,1055849.1604525866,-301172.4581065159,liquido,0.8274066091954023,49163000.0,5113000.0,151000.0,2883000.0,11440000.0,151000.0,3462000.0,4230529.992816092,124938.39798850575,9465531.609195402,2883000.0,28251000.0,-889000.0,32609000.0,343723000.0,47094000.0,0.9579155055631268,1142243.098060345,35982.25862068966,908145.0,851897.8448275863,20385.0,560844.0,0.023233795701245754,0.0007318971303762924,0.018472123344791813,0.017328028086723478,0.00041464109187803837,0.01140784736488823,0.08219118301655694,-0.02726241221748597,False,False
22225,,TRANSBRASILIANA CONCESSIONÁRIA DE RODOVIA S.A,outros,padrao,Serviços Transporte e Logística,Categoria B,,individual,padrao,dva,,0.06842526065907754,43191389.9300365,15.515932122239807,,19047402.959146094,6.842526065907753,15980814.274113504,,19047402.959146094,6.842526065907753,0.0,,0.15515932122239806,0.15515932122239806,,0.63,63.0,0.9,0.7,1.0,0.9976958525345622,0.1772644064819881,99.76958525345621,1.0,0.7,1.0,8163172.6967768995,24143986.970890407,0.0,liquido,0.8600730018675838,278368000.0,57391000.0,0.0,34540000.0,189452000.0,0.0,0.0,49360449.65018251,0.0,162942550.34981748,34540000.0,37788000.0,284464000.0,103677000.0,740205000.0,112583000.0,0.40443944706288076,14808134.895054752,0.0,12089000.0,16294255.03498175,0.0,0.0,0.05319625422122785,0.0,0.04342812392228992,0.05853494307888029,0.0,0.0,0.05105072243500111,2.743752230485064,False,False
22268,,CONC AUTO RAPOSO TAVARES S.A.,outros,padrao,Serviços Transporte e Logística,Categoria B,BOLSA,individual,padrao,dva,,0.029451659955467186,83683946.59746447,10.518449984095426,,23431505.047290053,2.945165995546719,50210367.95847868,,23431505.047290053,2.945165995546719,0.0,,0.10518449984095424,0.10518449984095424,,0.4,40.0,1.0,0.4,1.0,0.9193548387096774,0.10593985802760178,91.93548387096774,1.0,0.7,1.0,10042073.591695739,60252441.550174415,0.0,liquido,0.876898300612011,795592000.0,59676000.0,0.0,68107000.0,493582000.0,0.0,4808000.0,52329782.98732237,0.0,432821217.0126776,68107000.0,373010000.0,1974725000.0,466469000.0,4258856000.0,314561000.0,0.3953797926575431,15698934.89619671,0.0,23837450.0,43282121.701267764,0.0,865440.0,0.019732394111801915,0.0,0.029961902583233616,0.05440240940239188,0.0,0.0010877937435268329,0.08758455322274339,4.233346696136292,False,False
22411,,CONC ROD AYRTON SENNA E CARV PINTO S.A.-ECOPISTAS,outros,padrao,Serviços Transporte e Logística,Categoria B,BALCÃO ORGANIZADO,individual,padrao,dva,,0.02731030355236046,52932793.188309476,7.431375116288562,,19452801.496703725,2.7310303552360455,25143076.764447007,,19452801.496703725,2.7310303552360455,0.0,,0.07431375116288563,0.07431375116288563,,0.5249999999999999,52.49999999999999,0.75,0.7,1.0,0.9976958525345622,0.17372783123347094,99.76958525345621,1.0,0.7,1.0,8336914.927158742,33479991.69160575,0.0,liquido,0.9136581930961366,712288000.0,37378000.0,0.0,32739000.0,341801000.0,0.0,0.0,34150715.941547394,0.0,312289284.0584526,32739000.0,19710000.0,1233824000.0,419852000.0,1954890000.0,347374000.0,0.48768756458061907,10245214.782464217,0.0,11458650.0,31228928.405845262,0.0,0.0,0.014383528548093213,0.0,0.016087102408014736,0.043843120206777685,0.0,0.0,0.010082408728879886,2.9387117365166775,False,False
22543,,VIARONDON CONCESSIONÁRIA DE RODOVIA S.A.,outros,padrao,Serviços Transporte e Logística,Categoria B,,individual,padrao,dva,,0.01630743113707685,37037592.90739691,7.765443398608024,,7777894.510553352,1.630743113707685,25926315.035177838,,7777894.510553352,1.630743113707685,0.0,,0.07765443398608023,0.07765443398608023,,0.30000000000000004,30.000000000000004,0.75,0.4,1.0,0.9976958525345622,0.18448354057551514,99.76958525345621,1.0,0.7,1.0,3333383.361665723,29259698.39684356,0.0,liquido,0.9098388650195698,476954000.0,6364000.0,0.0,26399000.0,286434000.0,0.0,0.0,5790214.536984542,0.0,260608785.46301547,26399000.0,487000.0,917149000.0,259087000.0,1713213000.0,163310000.0,0.342401992644993,1737064.3610953626,0.0,9239650.0,26060878.546301547,0.0,0.0,0.003641995582583148,0.0,0.019372203608733755,0.05464023479476332,0.0,0.0,0.0002842612097853565,3.5399267427543646,False,False
22683,,CACHOEIRA PAULISTA TRANSMISSORA ENERGIA S.A.,utilities,cvm,Energia Elétrica,Categoria B,BALCÃO ORGANIZADO,individual,padrao,dva,,0.006760383864854509,1283503.878504673,2.145000381878558,,471687.6753504672,0.78828764034037,609664.3422897198,,404521.0893212993,0.6760383864854509,-67166.58602916793,,0.021450003818785583,0.021450003818785583,,0.5249999999999999,52.49999999999999,0.75,0.7,1.0,0.04608294930875576,0.0,4.6082949308755765,0.9,0.7,0.8576036866359447,202151.860864486,811816.2031542058,-67166.58602916793,liquido,0.7764018691588785,59837000.0,590000.0,0.0,1914000.0,7970000.0,0.0,0.0,458077.1028037383,0.0,6187922.897196262,1914000.0,187000.0,172990000.0,50616000.0,275336000.0,24992000.0,0.41766799806140015,123680.81775700935,0.0,602910.0,556913.0607476636,0.0,0.0,0.002066962209953864,0.0,0.010075872787740026,0.009307168821091692,0.0,0.0,0.000679170177528547,3.417694009799273,False,False
22721,,CONC RODOVIAS DO TIETÊ S.A.,outros,padrao,Serviços Transporte e Logística,Categoria B,,individual,padrao,dva,,0.04275671686099225,41303069.92908396,8.144136544950904,,21684111.712769076,4.2756716860992245,10325767.48227099,,21684111.712769076,4.2756716860992245,0.0,,0.08144136544950904,0.08144136544950904,,0.75,75.0,0.75,1.0,1.0,0.9769585253456221,0.13957429504886634,97.6958525345622,1.0,0.7,1.0,9293190.734043892,19618958.216314882,0.0,liquido,0.8784938820149149,507151000.0,40349000.0,0.0,31886000.0,222074000.0,0.0,0.0,35446349.6454198,0.0,195090650.3545802,31886000.0,16587000.0,-16587000.0,291660000.0,1426340000.0,145273000.0,0.28644920349166225,10633904.89362594,0.0,11160100.0,19509065.03545802,0.0,0.0,0.020967926502414348,0.0,0.022005477658527735,0.03846796128856696,0.0,0.0,0.011629064598903487,-0.056871014194610166,False,False
22764,,GAIA IMPACTO SECURITIZADORA S.A.,financeiro,cvm,Securitização de Recebíveis,Categoria B,,individual,padrao,dva,,0.1444754991148702,105250.0,32.08841463414634,,55256.25,16.846417682926827,26312.5,,47387.96370967742,14.447549911487018,-7868.286290322583,,0.32088414634146345,0.32088414634146345,,0.75,75.0,0.75,1.0,1.0,0.04608294930875576,0.0,4.6082949308755765,1.25,0.7,0.8576036866359447,23681.250000000004,49993.75,-7868.286290322583,liquido,0.9205776173285198,328000.0,277000.0,0.0,22000.0,0.0,0.0,0.0,255000.0,0.0,0.0,22000.0,0.0,0.0,71000.0,636000.0,0.0,0.0,95625.0,0.0,9625.0,0.0,0.0,0.0,0.2915396341463415,0.0,0.029344512195121953,0.0,0.0,0.0,0.0,0.0,False,False
22977,,FERREIRA GOMES ENERGIA S.A.,utilities,cvm,Energia Elétrica,Categoria B,,individual,padrao,dva,,0.030248453931718818,16321935.097749934,6.3628562008077125,,8569015.926318714,3.340499505424048,4080483.7744374834,,7759303.15411058,3.0248453931718817,-809712.7722081346,,0.06362856200807711,0.06362856200807711,,0.75,75.0,0.75,1.0,1.0,0.33640552995391704,0.003283856598284207,33.6405529953917,0.9,0.7,0.9055069124423963,3672435.396993736,7752919.171431219,-809712.7722081346,liquido,0.9444615363101148,256519000.0,9783000.0,0.0,7943000.0,133235000.0,0.0,0.0,9239667.209721852,0.0,125835332.79027814,7943000.0,7815000.0,257537000.0,145242000.0,1414739000.0,138581000.0,0.5402367855792358,2494710.1466249004,0.0,2502045.0,11325179.951125033,0.0,0.0,0.009725245095392155,0.0,0.009753838896923814,0.04414947801576114,0.0,0.0,0.005523987109989899,1.7731579019842745,False,False
23159,,BB SEGURIDADE PARTICIPAÇÕES S.A.,financeiro,cvm,Emp. Adm. Part. - Seguradoras e Corretoras,Categoria A,BOLSA,consolidado,padrao,dva,,0.0,2879426987.5,,,2015598891.2499998,,0.0,,1730883937.2682457,,-284714953.98175406,,0.0,0.0,,1.0,100.0,1.0,1.0,1.0,0.052995391705069124,1.6521128341112463e-05,5.299539170506913,1.25,0.7,0.8587442396313364,863828096.2500001,863828096.2500002,-284714953.98175406,liquido,0.1317165714744587,0.0,0.0,99623000.0,86501000.0,0.0,5672668000.0,0.0,0.0,13121999.999999998,0.0,86501000.0,8855104000.0,-5048785000.0,4812035000.0,23097696000.0,3710770000.0,,0.0,5248800.0,37844187.5,0.0,2836334000.0,0.0,,,,,,,0.38337607352698727,-1.0491995590223264,False,False
23167,,RODOVIAS DAS COLINAS S.A.,outros,padrao,Serviços Transporte e Logística,Categoria B,BALCÃO ORGANIZADO,individual,padrao,dre,,0.016969446407758486,76860158.2676715,2.702342421438381,,48421899.70863304,1.70247572550618,7686015.8267671475,,48264584.32017873,1.6969446407758488,-157315.3884543106,,0.027023424214383807,0.027023424214383807,,0.9,90.0,0.9,1.0,1.0,0.8894009216589862,0.09123353237143161,88.94009216589862,1.0,0.7,0.9967511520737328,20752242.732271306,28438258.559038453,-157315.3884543106,liquido,0.9426034126360592,2844205000.0,88711000.0,0.0,30099000.0,435693000.0,1141000.0,0.0,83619291.33835745,0.0,410685708.66164255,30099000.0,281812000.0,2377313000.0,2614284000.0,4512034000.0,463773000.0,0.16305892156156113,25085787.401507232,0.0,10534650.0,41068570.86616426,171150.0,0.0,0.008819964595205773,0.0,0.0037038996837429087,0.01443938494804849,6.0174987386633525e-05,0.0,0.062457862684545375,0.9093552957521065,False,False
23329,,TERMELÉTRICA PERNAMBUCO III S.A.,utilities,cvm,Energia Elétrica,Categoria B,BOLSA,individual,padrao,dva,,0.02676767710844709,21721940.407439586,12.385784082062507,,5473928.982674776,3.121217588679752,13902041.860761333,,4694461.675925233,2.6767677108447088,-779467.3067495422,,0.12385784082062509,0.12385784082062509,,0.36000000000000004,36.00000000000001,0.9,0.4,1.0,0.04608294930875576,0.0,4.6082949308755765,0.9,0.7,0.8576036866359447,2345969.564003476,16248011.42476481,-779467.3067495422,liquido,0.864759710273578,175378000.0,5840000.0,0.0,14321000.0,100053000.0,0.0,49755000.0,5050196.707997696,0.0,86521803.2920023,14321000.0,12246000.0,896799000.0,138443000.0,247176000.0,12164000.0,0.0693587565145001,1363553.111159378,0.0,4511115.0,7786962.296280208,0.0,8060310.0,0.007774938197261789,0.0,0.025722239961682766,0.044401021201520195,0.0,0.04595964146016034,0.049543645014079034,6.477748965278129,False,False
23370,,FTL - FERROVIA TRANSNORDESTINA LOGÍSTICA S.A.,outros,padrao,Serviços Transporte e Logística,Categoria B,,individual,padrao,dva,,0.1031740985363874,51545204.703754894,19.045389775407877,,32473478.963365585,11.998595558506961,5154520.4703754885,,27923450.724282034,10.317409853638742,-4550028.239083551,,0.19045389775407875,0.19045389775407875,,0.9,90.0,0.9,1.0,1.0,0.059907834101382486,3.222372334381997e-05,5.990783410138248,1.0,0.7,0.8598847926267281,13917205.270013824,19071725.74038931,-4550028.239083551,liquido,0.7107151428878828,270644000.0,15312000.0,3069000.0,69908000.0,223277000.0,1825000.0,38735000.0,10882470.267899262,2181184.7735229125,158686344.9585778,69908000.0,38369000.0,-38369000.0,99047000.0,837892000.0,108379000.0,0.40044855973160315,3264741.0803697784,697979.127527332,24467800.0,15868634.495857783,273750.0,6972300.0,0.012062861472523974,0.0025789565906775397,0.0904058467950518,0.05863287010189688,0.0010114763305301428,0.02576188646339841,0.04579229781403808,-0.3873817480590023,False,False
23388,,AXIA ENERGIA UHE SANTO ANTÔNIO S.A.,utilities,cvm,Energia Elétrica,Categoria B,BALCÃO NÃO ORGANIZADO,individual,padrao,dre,,0.055062353393073436,424892266.43846965,8.511789342069571,,297424586.50692874,5.9582525394487,0.0,,274860751.22872454,5.506235339307344,-22563835.278204203,,0.08511789342069571,0.08511789342069571,,1.0,100.0,1.0,1.0,1.0,0.44930875576036866,0.00860663579656347,44.93087557603687,0.9,0.7,0.9241359447004608,127467679.9315409,127467679.9315409,-22563835.278204203,liquido,0.9564015264806615,4991809000.0,310862000.0,0.0,155100000.0,3246602000.0,0.0,100663000.0,297308891.32483137,0.0,3105055108.6751685,155100000.0,2167405000.0,2939459000.0,2264551000.0,24275699000.0,2256421000.0,0.4520247068748023,80273400.65770447,0.0,48856500.0,279454959.7807652,0.0,16307406.0,0.016081024065164446,0.0,0.009787333609919771,0.05598270281991262,0.0,0.0032668329256988803,0.08928290798135205,1.2980317069476466,False,False
23442,,ÁGUAS GUARIROBA S.A,utilities,cvm,"Saneamento, Serv. Água e Gás",Categoria B,BALCÃO ORGANIZADO,individual,padrao,dva,,0.02541125820140063,87389628.11288047,6.914628082013778,,32115688.331483565,2.5411258201400626,41510073.35361823,,32115688.331483565,2.5411258201400626,0.0,,0.06914628082013778,0.06914628082013778,,0.5249999999999999,52.49999999999999,0.75,0.7,1.0,0.9400921658986175,0.11451176926013346,94.00921658986175,0.9,0.7,1.0,13763866.427778674,55273939.7813969,0.0,liquido,0.9385325418527714,1263837000.0,156213000.0,0.0,35134000.0,415374000.0,8151000.0,3403000.0,146610983.96044698,0.0,389842016.03955305,35134000.0,6283000.0,1929459000.0,784134000.0,2975888000.0,470823000.0,0.372534591090465,39584965.66932069,0.0,11067210.0,35085781.44355978,1100385.0,551286.0,0.031321258729820924,0.0,0.008756833357466192,0.02776131846397896,0.0008706700310245705,0.0004362002378471275,0.002111302575903394,2.460624077007246,False,False
23469,,PROLAGOS S/A - CONC.DE SERVICOS PÚBLICOS DE ÁGUA E ESGOTO,utilities,cvm,"Saneamento, Serv. Água e Gás",Categoria B,BALCÃO ORGANIZADO,individual,padrao,dva,,0.03293246436478853,76276426.52483854,8.961214793139737,,28031586.747878157,3.293246436478853,36231302.59929831,,28031586.747878157,3.293246436478853,0.0,,0.08961214793139738,0.08961214793139738,,0.5249999999999999,52.49999999999999,0.75,0.7,1.0,0.9447004608294931,0.11609959641978425,94.47004608294931,0.9,0.7,1.0,12013537.177662069,48244839.77696038,0.0,liquido,0.9307018108768949,851184000.0,134431000.0,0.0,33358000.0,346938000.0,15369000.0,5260000.0,125115175.13799185,0.0,322895824.86200815,33358000.0,8726000.0,1050556000.0,455751000.0,1644035000.0,222015000.0,0.26083079569164835,33781097.2872578,0.0,10507770.0,29060624.23758074,2074815.0000000002,852120.0,0.03968718548193787,0.0,0.012344886652004736,0.03414141271168248,0.0024375634410421254,0.001001099644730164,0.005307672890175696,2.3051095883497785,False,False
23515,,CONC DO AEROPORTO INTERNACIONAL DE GUARULHOS S.A.,outros,padrao,Serviços Transporte e Logística,Categoria B,BALCÃO ORGANIZADO,individual,padrao,dva,,0.04419160248442338,267818717.55119866,7.014540076892599,,168725792.05725515,4.419160248442338,26781871.75511986,,168725792.05725515,4.419160248442338,0.0,,0.070145400768926,0.070145400768926,,0.9,90.0,0.9,1.0,1.0,0.967741935483871,0.12679330173840214,96.7741935483871,1.0,0.7,1.0,72311053.73882365,99092925.49394351,0.0,liquido,0.9358173422287619,3818051000.0,111817000.0,0.0,133126000.0,1962357000.0,29420000.0,9882000.0,104640287.75599347,0.0,1836407712.2440064,133126000.0,824315000.0,377907000.0,2920847000.0,15664960000.0,2359494000.0,0.6179838875908154,31392086.32679804,0.0,46594100.0,183640771.22440064,4413000.0,1778760.0,0.008222018597131897,0.0,0.012203634786439469,0.04809804039401272,0.0011558253150625803,0.0004658816762793373,0.05262158345760219,0.12938267564168887,False,False
23523,,PORTO SUDESTE V.M. S.A.,outros,padrao,Emp. Adm. Part. - Serviços Transporte e Logística,Categoria B,,individual,padrao,dva,,0.0,91095.3,,,11956.258125,,74014.93125000001,,10253.731046370967,,-1702.527078629033,,0.0,0.0,,0.1875,18.75,0.75,0.25,1.0,0.04608294930875576,0.0,4.6082949308755765,1.0,0.7,0.8576036866359447,5124.110625000001,79139.041875,-1702.527078629033,liquido,1.0,0.0,303651.0,0.0,0.0,0.0,0.0,0.0,303651.0,0.0,0.0,0.0,361637.0,-361637.0,-303651.0,87438565.0,-345869.0,,91095.3,0.0,0.0,0.0,0.0,0.0,,,,,,,0.004135898158895906,1.1909626512015439,False,False
23558,,LEADS CIA. SECURITIZADORA,financeiro,cvm,Securitização de Recebíveis,Categoria B,,individual,padrao,dva,,0.043816924885131114,214318.875,80.83722145109459,,23909.949492187498,9.018402518137739,180161.804296875,,20505.26083177923,7.73421524712181,-3404.6886604082683,,0.8083722145109458,0.45796998752568274,,0.159375,15.937499999999998,0.75,0.25,0.85,0.04608294930875576,0.0,4.6082949308755765,1.25,0.7,0.8576036866359447,10247.121210937501,190408.9255078125,-3404.6886604082683,liquido,1.0,265124.0,571517.0,0.0,0.0,0.0,0.0,0.0,571517.0,0.0,0.0,0.0,1902.0,-1902.0,-978640.0,38882400.0,-417008.0,-1.5728791056260467,214318.875,0.0,0.0,0.0,0.0,0.0,0.8083722145109458,0.0,0.0,0.0,0.0,0.0,4.891673353496698e-05,0.0019435134472328946,False,False
23582,,ECO101 CONCESSIONÁRIA DE RODOVIAS S.A.,outros,padrao,Serviços Transporte e Logística,Categoria B,,individual,padrao,dva,,0.027322752394657937,64430162.54230103,12.755720072202584,,13800940.816560883,2.732275239465794,44714532.80435691,,13800940.816560883,2.732275239465794,0.0,,0.12755720072202584,0.12755720072202584,,0.30600000000000005,30.600000000000005,0.9,0.4,0.85,0.9792626728110599,0.14890213814969375,97.92626728110599,1.0,0.7,1.0,5914688.921383237,50629221.72574015,0.0,liquido,0.9270996338408171,505108000.0,16628000.0,0.0,37828000.0,502272000.0,0.0,0.0,15415812.711505106,0.0,465656187.2884949,37828000.0,133604000.0,770495000.0,83133000.0,3008302000.0,-116112000.0,-0.2298755909627248,4624743.813451531,0.0,13239800.0,46565618.72884949,0.0,0.0,0.009155950437236257,0.0,0.026211820046405914,0.09218943023838366,0.0,0.0,0.044411764510345036,9.268220802809955,False,False
23671,,LINHAS DE XINGU TRANSMISSORA DE ENERGIA S/A,utilities,cvm,Energia Elétrica,Categoria B,,individual,padrao,dva,,0.0073815008450911716,6147744.143442082,4.069763564860143,,1291026.2701228373,0.8546503486206298,4303420.900409457,,1115042.1361586275,0.7381500845091172,-175984.13396420982,,0.04069763564860142,0.04069763564860142,,0.30000000000000004,30.000000000000004,0.75,0.4,1.0,0.08294930875576037,0.00010771508239539408,8.294930875576037,0.9,0.7,0.8636866359447004,553296.9729097876,4856717.873319245,-175984.13396420982,liquido,0.6291441024963678,151059000.0,7905000.0,0.0,11231000.0,22379000.0,0.0,0.0,4973384.130233787,0.0,14079615.869766215,11231000.0,9348000.0,710777000.0,120854000.0,2408205000.0,152733000.0,1.01108176275495,1342813.7151631226,0.0,3537765.0,1267165.4282789596,0.0,0.0,0.008889332745239427,0.0,0.02341975651897603,0.008388546384385964,0.0,0.0,0.0038817293378263064,5.88128651099674,False,False
23680,,LINHAS DE MACAPÁ TRANSMISSORA DE ENERGIA S/A,utilities,cvm,Energia Elétrica,Categoria B,,individual,padrao,dva,,0.00948264941805332,10073369.73401003,5.242069135743443,,2115407.644142106,1.100834518506123,7051358.81380702,,1822223.8427707981,0.948264941805332,-293183.80137130804,,0.05242069135743442,0.05242069135743442,,0.30000000000000004,30.000000000000004,0.75,0.4,1.0,0.06912442396313365,7.303859473743725e-05,6.912442396313365,0.9,0.7,0.8614055299539171,906603.2760609029,7957962.089867923,-293183.80137130804,liquido,0.8484468631527455,192164000.0,12803000.0,0.0,9914000.0,52613000.0,0.0,0.0,10862665.1889446,0.0,44639334.8110554,9914000.0,10859000.0,588241000.0,127598000.0,2272771000.0,132139000.0,0.687636602069066,2932919.6010150425,0.0,3122910.0,4017540.1329949866,0.0,0.0,0.015262586129634282,0.0,0.016251274952644616,0.020906830275155528,0.0,0.0,0.00477786807381826,4.610111443753037,False,False
23795,,CAIXA SEGURIDADE PARTICIPAÇÕES S.A.,financeiro,cvm,Emp. Adm. Part. - Seguradoras e Corretoras,Categoria A,BOLSA,consolidado,padrao,dva,,0.0,61891187.5,,,32492873.437499996,,15472796.875,,27866008.049395155,,-4626865.388104841,,0.0,0.0,,0.75,75.0,0.75,1.0,1.0,0.04608294930875576,0.0,4.6082949308755765,1.25,0.7,0.8576036866359447,13925517.187500002,29398314.062500004,-4626865.388104841,liquido,0.37269192416059327,0.0,149421000.0,0.0,93733000.0,0.0,0.0,0.0,55688000.00000001,0.0,0.0,93733000.0,306000.0,9823000.0,4648732000.0,14765001000.0,4273412000.0,,20883000.000000004,0.0,41008187.5,0.0,0.0,0.0,,,,,,,2.0724685355591916e-05,0.0021130493218365783,False,False
23833,,CONCESSIONÁRIA DE RODOVIA SUL-MATOGROSSENSE S.A.,outros,padrao,Emp. Adm. Part. - Serviços Transporte e Logística,Categoria B,,individual,padrao,dre,,0.05685153209201887,84899936.31076753,11.622438347061811,,41600968.792276084,5.694994790060287,25469980.893230263,,41529077.717174225,5.6851532092018875,-71891.07510185987,,0.1162243834706181,0.1162243834706181,,0.7,70.0,1.0,0.7,1.0,0.8986175115207373,0.0941431910217308,89.86175115207374,1.0,0.7,0.9982718894009217,17828986.625261184,43298967.51849145,-71891.07510185987,liquido,0.8773680178297814,730483000.0,56189000.0,0.0,70430000.0,518131000.0,5000.0,0.0,49298431.55383758,0.0,454591568.44616246,70430000.0,193920000.0,466012000.0,160523000.0,1464603000.0,263939000.0,0.36132120802263706,14789529.466151275,0.0,24650500.0,45459156.84461625,750.0,0.0,0.020246233610024155,0.0,0.033745480729873246,0.06223164241278202,1.0267179386789288e-06,0.0,0.13240448094125165,2.903085539143923,False,False
23868,,CONCEBRA - CONCESSIONARIA DAS RODOVIAS CENTRAIS DO BRASIL,outros,padrao,Serviços Transporte e Logística,Categoria B,,individual,padrao,dva,,0.01516151908030927,59785841.295476206,12.735701704277739,,7846891.670031251,1.671560848686453,48575996.05257442,,7117347.709464982,1.516151908030927,-729543.9605662692,,0.12735701704277738,0.12735701704277738,,0.1875,18.75,0.75,0.25,1.0,0.3456221198156682,0.0035116751615226153,34.56221198156682,1.0,0.7,0.9070276497695853,3362953.572870537,51938949.625444956,-729543.9605662692,liquido,0.8535147710073434,469435000.0,64686000.0,0.0,52263000.0,292094000.0,0.0,0.0,55210456.47738101,0.0,249306543.52261898,52263000.0,22361000.0,900277000.0,-206130000.0,997074000.0,151448000.0,0.32261761479225026,16563136.943214303,0.0,18292050.0,24930654.3522619,0.0,0.0,0.03528313172902384,0.0,0.0389660975427908,0.05310778777096275,0.0,0.0,0.022426620290971384,-4.3675204967738805,False,False
23884,,ECO050 CONCESSIONÁRIA DE RODOVIAS S.A.,outros,padrao,Serviços Transporte e Logística,Categoria B,BALCÃO ORGANIZADO,individual,padrao,dva,,0.019489255659608785,55895092.42577866,9.280597933147039,,11737969.409413518,1.9489255659608784,39126564.69804506,,11737969.409413518,1.9489255659608784,0.0,,0.09280597933147039,0.09280597933147039,,0.30000000000000004,30.000000000000004,0.75,0.4,1.0,0.9953917050691244,0.16673921247821222,99.53917050691244,1.0,0.7,1.0,5030558.318320081,44157123.01636514,0.0,liquido,0.9399100155254904,602279000.0,26981000.0,0.0,26551000.0,414873000.0,0.0,0.0,25359712.128893256,0.0,389943287.87110674,26551000.0,71465000.0,1362952000.0,255243000.0,2806043000.0,252249000.0,0.418824166208684,7607913.6386679765,0.0,9292850.0,38994328.78711068,0.0,0.0,0.012631875988815777,0.0,0.01542947703639011,0.0647446263062645,0.0,0.0,0.025468248348296873,5.339821268359955,False,False
23922,,CONCESSIONÁRIA ROTA DO OESTE S.A.,outros,padrao,Serviços Transporte e Logística,Categoria B,BALCÃO ORGANIZADO,individual,padrao,dva,,0.028691847306635113,279676650.8061564,10.247088323798254,,78309462.22572379,2.8691847306635108,167805990.48369384,,78309462.22572379,2.8691847306635108,0.0,,0.10247088323798255,0.10247088323798255,,0.4,40.0,1.0,0.4,1.0,0.988479262672811,0.15650554739726533,98.84792626728111,1.0,0.7,1.0,33561198.09673877,201367188.5804326,0.0,liquido,0.9671846200555908,2729328000.0,65876000.0,0.0,80954000.0,2401077000.0,0.0,0.0,63714254.0307821,0.0,2322284745.969218,80954000.0,1368616000.0,1928976000.0,414880000.0,6941814000.0,558819000.0,0.20474600341182886,19114276.20923463,0.0,28333900.0,232228474.5969218,0.0,0.0,0.007003290263843199,0.0,0.010381273339078336,0.08508631963506101,0.0,0.0,0.1971553833047097,4.6494793675279595,False,False
24082,,TRAVESSIA SECURITIZADORA S.A.,financeiro,cvm,Securitização de Recebíveis,Categoria B,BOLSA,individual,padrao,dva,,0.10811051062933397,566875.0,20.00970702435581,,357131.25,12.606115425344159,56687.499999999985,,306277.0766129032,10.8110510629334,-50854.17338709679,,0.20009707024355805,0.20009707024355805,,0.9,90.0,0.9,1.0,1.0,0.04608294930875576,0.0,4.6082949308755765,1.25,0.7,0.8576036866359447,153056.25000000003,209743.75,-50854.17338709679,liquido,1.0,2833000.0,1496000.0,0.0,0.0,47000.0,0.0,0.0,1496000.0,0.0,47000.0,0.0,205000.0,-205000.0,2194000.0,3817000.0,2445000.0,0.8630427109071656,561000.0,0.0,0.0,5875.0,0.0,0.0,0.19802329685845393,0.0,0.0,0.0020737733851041297,0.0,0.0,0.053707099816609906,-0.09343664539653601,False,False
24104,,CONCESSIONÁRIA DA RODOVIA MG-050 S.A.,outros,padrao,Serviços Transporte e Logística,Categoria B,BALCÃO ORGANIZADO,individual,padrao,dva,,0.06500652376475205,35834381.89300696,10.318495835674927,,22575660.592594385,6.500652376475205,3583438.189300695,,22575660.592594385,6.500652376475205,0.0,,0.10318495835674929,0.10318495835674929,,0.9,90.0,0.9,1.0,1.0,0.9769585253456221,0.1366587813339448,97.6958525345622,1.0,0.7,1.0,9675283.111111881,13258721.300412573,0.0,liquido,0.9822185057463321,347283000.0,28546000.0,0.0,5146000.0,260856000.0,0.0,0.0,28038409.465034794,0.0,256217590.5349652,5146000.0,43366000.0,317204000.0,184191000.0,1072878000.0,51580000.0,0.1485244022886234,8411522.839510437,0.0,1801100.0,25621759.05349652,0.0,0.0,0.024220946143377126,0.0,0.005186260197015114,0.07377775201635704,0.0,0.0,0.04042025281532476,1.7221471190231878,False,False
24139,,CONCESSIONÁRIA PONTE RIO-NITERÓI S.A. - ECOPONTE,outros,padrao,Serviços Transporte e Logística,Categoria B,BALCÃO ORGANIZADO,individual,padrao,dva,,0.022104057361636852,23810385.33253921,10.525741600779453,,5000180.9198332345,2.2104057361636857,16667269.732777445,,5000180.9198332345,2.2104057361636857,0.0,,0.10525741600779454,0.10525741600779454,,0.30000000000000004,30.000000000000004,0.75,0.4,1.0,0.9976958525345622,0.17484470291551943,99.76958525345621,1.0,0.7,1.0,2142934.6799285295,18810204.412705973,0.0,liquido,0.8547283435907617,226211000.0,18786000.0,0.0,21952000.0,132324000.0,0.0,0.0,16056926.662696049,0.0,113101073.33730395,21952000.0,6844000.0,476227000.0,115437000.0,777220000.0,107758000.0,0.47636056602022003,4817077.998808814,0.0,7683199.999999999,11310107.333730396,0.0,0.0,0.021294623156295735,0.0,0.03396474972481444,0.049998043126684356,0.0,0.0,0.008805743547515505,4.12542772248066,False,False
24147,,CIA SEC DE CRÉDITOS FINANCEIROS CARTÕES CONSIGNADOS I,financeiro,cvm,Securitização de Recebíveis,Categoria B,BALCÃO ORGANIZADO,individual,padrao,dva,,0.0,0.0,,,0.0,,0.0,,0.0,,0.0,,0.0,0.0,,0.25,25.0,1.0,0.25,1.0,0.04608294930875576,0.0,4.6082949308755765,1.25,0.7,0.8576036866359447,0.0,0.0,0.0,liquido,1.0,0.0,0.0,0.0,0.0,0.0,0.0,0.0,0.0,0.0,0.0,0.0,1000.0,-1000.0,0.0,9000.0,0.0,,0.0,0.0,0.0,0.0,0.0,0.0,,,,,,,0.1111111111111111,,False,False
24155,,COMPANHIA ENERGÉTICA SINOP S/A,utilities,cvm,Energia Elétrica,Categoria B,BALCÃO ORGANIZADO,individual,padrao,dre,,0.01433585248361206,28711523.80487775,7.631902851877638,,6029419.999024328,1.602699598894304,20098066.663414422,,5393205.04774479,1.4335852483612057,-636214.9512795378,,0.0763190285187764,0.0763190285187764,,0.30000000000000004,30.000000000000004,0.75,0.4,1.0,0.2695852534562212,0.0019517472001847808,26.95852534562212,0.9,0.7,0.8944815668202765,2584037.1424389984,22682103.805853423,-636214.9512795378,liquido,0.9548652513655157,376204000.0,11647000.0,0.0,11015000.0,232400000.0,12520000.0,3561000.0,11121315.582654161,0.0,221910684.41734585,11015000.0,37230000.0,1334578000.0,321586000.0,2926711000.0,68841000.0,0.18298848497092005,3002755.207316624,0.0,3469725.0,19971961.59756113,1690200.0,576882.0,0.007981720575317179,0.0,0.009222988059669753,0.053088116015675355,0.004492775196435977,0.001533428671678132,0.012720764024872972,4.149987872606395,False,False
24210,,ARGO TRANSMISSÃO DE ENERGIA S/A,utilities,cvm,Energia Elétrica,Categoria B,BALCÃO ORGANIZADO,individual,padrao,dva,,0.0067454304435461,16379911.166336756,2.119583892412645,,6019617.3536287565,0.7789470804616468,7780457.804009961,,5212794.447037547,0.67454304435461,-806822.9065912096,,0.02119583892412645,0.02119583892412645,,0.5249999999999999,52.49999999999999,0.75,0.7,1.0,0.0967741935483871,0.0001674168498755613,9.67741935483871,0.9,0.7,0.8659677419354839,2579836.0086980388,10360293.812708,-806822.9065912096,liquido,0.4876128912532476,772789000.0,35379000.0,0.0,33133000.0,29285000.0,0.0,0.0,17251256.479648646,0.0,14279743.520351356,33133000.0,101185000.0,1979181000.0,712810000.0,6139167000.0,545164000.0,0.7054499999352993,4657839.249505134,0.0,10436895.0,1285176.9168316221,0.0,0.0,0.006027310494203637,0.0,0.013505491149589344,0.0016630372803334704,0.0,0.0,0.01648187775312188,2.7765898345982802,False,False
24341,,ENTREVIAS CONCESSIONÁRIA DE RODOVIAS S.A.,outros,padrao,Serviços Transporte e Logística,Categoria B,BALCÃO ORGANIZADO,individual,padrao,dva,,0.025199974977441402,160169330.9583155,8.99999106337193,,44847412.66832834,2.5199974977441397,96101598.57498929,,44847412.66832834,2.5199974977441397,0.0,,0.08999991063371929,0.08999991063371929,,0.4,40.0,1.0,0.4,1.0,0.967741935483871,0.12750156460425824,96.7741935483871,1.0,0.7,1.0,19220319.714997865,115321918.28998715,0.0,liquido,0.9615718584335045,1779661000.0,56344000.0,0.0,51735000.0,1289935000.0,0.0,9844000.0,54178804.79157738,0.0,1240365195.2084227,51735000.0,527968000.0,4466914000.0,566053000.0,5576490000.0,435250000.0,0.24456904994827666,16253641.437473211,0.0,18107250.0,124036519.52084227,0.0,1771920.0,0.009132998608989697,0.0,0.010174550096900476,0.06969671163263244,0.0,0.0009956502951966695,0.09467747633367943,7.891335263659057,False,False
24422,,COMPANHIA ENERGÉTICA JAGUARA,utilities,cvm,Energia Elétrica,Categoria B,BALCÃO ORGANIZADO,individual,padrao,dva,,0.011387583508800174,13132334.821199547,2.2534915738517123,,6894475.781129762,1.183083076272149,3283083.705299887,,6636171.227670845,1.1387583508800172,-258304.55345891695,,0.022534915738517125,0.022534915738517125,,0.75,75.0,0.75,1.0,1.0,0.6820276497695853,0.03177755525119068,68.20276497695853,0.9,0.7,0.9625345622119815,2954775.3347698986,6237859.040069786,-258304.55345891695,liquido,0.9219833186638166,582755000.0,1818000.0,0.0,9307000.0,117477000.0,0.0,0.0,1676165.6733308185,0.0,108311834.32666917,9307000.0,29720000.0,269913000.0,485436000.0,2900028000.0,307829000.0,0.5282305600123551,452564.731799321,0.0,2931705.0,9748065.089400226,0.0,0.0,0.0007765951931760707,0.0,0.005030767646781238,0.016727552898559817,0.0,0.0,0.010248176914153933,0.5560218030801176,False,False
24430,,COMPANHIA ENERGÉTICA MIRANDA,utilities,cvm,Energia Elétrica,Categoria B,BALCÃO ORGANIZADO,individual,padrao,dva,,0.013191466588797548,9795261.724252615,2.6001921155501972,,5142512.405232622,1.3651008606638533,2448815.431063154,,4969396.95306569,1.3191466588797545,-173115.45216693264,,0.026001921155501977,0.026001921155501977,,0.75,75.0,0.75,1.0,1.0,0.7050691244239631,0.034819196229801286,70.50691244239631,0.9,0.7,0.9663364055299539,2203933.8879568386,4652749.319019993,-173115.45216693264,liquido,0.8753679957626597,376713000.0,1347000.0,0.0,10118000.0,79836000.0,0.0,0.0,1179120.6902923025,0.0,69885879.3097077,10118000.0,11890000.0,195812000.0,312520000.0,1751844000.0,195768000.0,0.5196741285806437,318362.5863789217,0.0,3187170.0,6289729.137873694,0.0,0.0,0.0008451064507434617,0.0,0.0084604725613398,0.016696342143418714,0.0,0.0,0.006787134014215878,0.6265583002687828,False,False
24457,,BELÉM TRANSMISSORA DE ENERGIA S.A,utilities,cvm,Energia Elétrica,Categoria B,,individual,padrao,dva,,0.00974544780013758,6775622.8999144565,3.079842590154708,,2490041.4157185624,1.131842151881855,3218420.8774593673,,2143988.770582468,0.9745447800137582,-346052.64513609465,,0.030798425901547084,0.030798425901547084,,0.5249999999999999,52.49999999999999,0.75,0.7,1.0,0.06682027649769585,6.82228759489802e-05,6.682027649769585,0.9,0.7,0.8610253456221197,1067160.6067365268,4285581.484195894,-346052.64513609465,liquido,0.8840889649272883,219999000.0,8469000.0,0.0,5420000.0,38291000.0,0.0,0.0,7487349.443969204,0.0,33852650.556030795,5420000.0,16420000.0,393667000.0,173338000.0,1465784000.0,63303000.0,0.2877422170100773,2021584.3498716853,0.0,1707300.0,3046738.5500427717,0.0,0.0,0.009189061540605573,0.0,0.007760489820408275,0.013848874540533239,0.0,0.0,0.01120219623082255,2.2710946243754977,False,False
24481,,TAPAJÓS TRANSMISSORA DE ENERGIA S.A.,utilities,cvm,Energia Elétrica,Categoria B,,individual,padrao,dva,,0.0023348291698391723,3239480.328458943,0.517425225405013,,1700727.172440945,0.2716482433376318,809870.0821147357,,1461782.8421653996,0.23348291698391724,-238944.33027554536,,0.005174252254050129,0.005174252254050129,,0.75,75.0,0.75,1.0,1.0,0.0576036866359447,2.414229506732041e-05,5.76036866359447,0.9,0.7,0.8595046082949308,728883.0739032623,1538753.156017998,-238944.33027554536,liquido,0.6385264341957255,626077000.0,1681000.0,0.0,6427000.0,16099000.0,0.0,0.0,1073362.9358830147,0.0,10279637.064116985,6427000.0,17330000.0,617409000.0,604447000.0,2104191000.0,110775000.0,0.17693510542632934,289807.992688414,0.0,2024505.0,925167.3357705288,0.0,0.0,0.0004628951274178959,0.0,0.0032336357987915224,0.001477721327840711,0.0,0.0,0.008235944360564226,1.0214443946284786,False,False
24643,,CASA DE PEDRA SECURITIZADORA DE CREDITO S/A,financeiro,cvm,Securitização de Recebíveis,Categoria B,,individual,padrao,dva,,0.05337751003802362,1273.5,59.34296365330848,,167.146875,7.788763979496737,1034.71875,,148.42950604838708,6.91656598547936,-18.71736895161291,,0.5934296365330848,0.45796998752568274,,0.1875,18.75,0.75,0.25,1.0,0.2304147465437788,0.0013497228247770546,23.04147465437788,1.25,0.7,0.8880184331797235,71.634375,1106.353125,-18.71736895161291,liquido,0.7208012326656394,2146.0,3245.0,0.0,906.0,0.0,0.0,0.0,2339.0,0.0,0.0,906.0,1.0,-1.0,-1085.0,4149.0,225.0,0.1048462255358807,877.125,0.0,396.375,0.0,0.0,0.0,0.40872553588070826,0.0,0.18470410065237652,0.0,0.0,0.0,0.00024102193299590263,0.0009216589861751152,False,False
24708,,NOVA TRANSPORTADORA DO SUDESTE S.A. - NTS,commodities,cvm,Emp. Adm. Part. - Petróleo e Gás,Categoria B,BALCÃO ORGANIZADO,individual,padrao,dva,,0.006237814267677606,130072343.55879575,1.6493286788806647,,57361903.509428926,0.7273539473863732,48126767.11675443,,49193779.92214158,0.6237814267677605,-8168123.587287344,,0.016493286788806648,0.016493286788806648,,0.63,63.0,0.9,0.7,1.0,0.04608294930875576,0.0,4.6082949308755765,0.75,0.7,0.8576036866359447,24583672.9326124,72710440.04936683,-8168123.587287344,liquido,0.8987571352008915,7886381000.0,145344000.0,0.0,119012000.0,1030166000.0,0.0,0.0,130628957.05863838,0.0,925869042.9413615,119012000.0,1135751000.0,18612446000.0,7191267000.0,19249434000.0,5587820000.0,0.7085404572769183,29391515.338193633,0.0,31240649.999999996,69440178.22060212,0.0,0.0,0.0037268698200345163,0.0,0.0039613417104753116,0.008805075258296819,0.0,0.0,0.059001786753833906,2.588201216837033,False,False
24864,,ENERGISA SUL-SUDESTE - DISTRIBUIDORA DE ENERGIA S/A,utilities,cvm,Energia Elétrica,Categoria B,BOLSA,individual,padrao,dva,,0.02022609329805065,261423774.24019355,9.685030772931265,,54898992.590440646,2.0338564623155655,182996641.96813548,,54595403.691323005,2.022609329805065,-303588.89911764115,,0.09685030772931265,0.09685030772931265,,0.30000000000000004,30.000000000000004,0.75,0.4,1.0,0.8755760368663594,0.08422924239532072,87.55760368663594,0.9,0.7,0.9944700460829493,23528139.681617424,206524781.64975291,-303588.89911764115,liquido,0.9575808419246922,2699256000.0,151052000.0,0.0,99308000.0,2190060000.0,6028000.0,9442000.0,144644501.3344086,0.0,2097159498.6655912,99308000.0,51552000.0,1929853000.0,426070000.0,3661923000.0,221861000.0,0.08219338958587107,39054015.360290326,0.0,31282020.0,188744354.87990323,813780.0,1529604.0,0.014468436991634113,0.0,0.011589126781602042,0.06992458472997864,0.00030148307533631495,0.0005666761507615432,0.014077849261166878,4.529427089445396,False,False
24929,,TIM S.A.,utilities,cvm,Telecomunicações,Categoria A,BOLSA,consolidado,padrao,dva,,0.0,0.0,,,0.0,,0.0,,0.0,,0.0,,0.0,0.0,,0.25,25.0,1.0,0.25,1.0,0.04608294930875576,0.0,4.6082949308755765,0.9,0.7,0.8576036866359447,0.0,0.0,0.0,liquido,1.0,0.0,0.0,0.0,0.0,0.0,0.0,0.0,0.0,0.0,0.0,0.0,0.0,0.0,0.0,0.0,0.0,,0.0,0.0,0.0,0.0,0.0,0.0,,,,,,,,,False,False
24937,,LINHA AMARELA S.A. - LAMSA,outros,padrao,Serviços Transporte e Logística,Categoria B,,individual,padrao,dva,,0.11106017670067997,25530513.419952314,15.865739528668568,,17871359.39396662,11.106017670067997,0.0,,17871359.39396662,11.106017670067997,0.0,,0.15865739528668568,0.15865739528668568,,1.0,100.0,1.0,1.0,1.0,0.9769585253456221,0.14352723266503722,97.6958525345622,1.0,0.7,1.0,7659154.025985695,7659154.025985695,0.0,liquido,0.7132589239434672,160916000.0,38251000.0,0.0,33192000.0,77505000.0,0.0,1113000.0,27282867.099761564,0.0,55281132.90023843,33192000.0,34523000.0,-34523000.0,70124000.0,353087000.0,50652000.0,0.3147729250043501,8184860.129928469,0.0,11617200.0,5528113.290023844,0.0,200340.0,0.0508641783907658,0.0,0.07219418827214198,0.03435403123383531,0.0,0.0012449973899425787,0.09777476939111324,-0.49231361588044037,False,False
24945,,USINA TERMELÉTRICA PAMPA SUL S.A.,utilities,cvm,Energia Elétrica,Categoria B,BALCÃO ORGANIZADO,individual,padrao,dva,,0.02406711703210416,103263204.4499743,10.885268075401207,,26022327.521393526,2.7430875550011042,66088450.84798354,,22831294.639622644,2.4067117032104157,-3191032.8817708828,,0.10885268075401207,0.10885268075401207,,0.36000000000000004,36.00000000000001,0.9,0.4,1.0,0.16589861751152074,0.0006507921690264172,16.589861751152075,0.9,0.7,0.877373271889401,11152426.080597227,77240876.92858078,-3191032.8817708828,liquido,0.9322799012313542,948651000.0,29093000.0,0.0,54111000.0,769946000.0,0.0,88226000.0,27122819.166523788,0.0,717805180.8334762,54111000.0,150422000.0,1704673000.0,330631000.0,3074407000.0,158466000.0,0.1670435175844436,7323161.1749614235,0.0,17044965.0,64602466.275012866,0.0,14292612.0,0.007719552475000209,0.0,0.017967582388043656,0.06809929708081568,0.0,0.015066248810152522,0.04892715896106144,5.155817210122462,False,False
24988,,NORTE BRASIL TRANSMISSORA DE ENERGIA S.A.,utilities,cvm,Energia Elétrica,Categoria B,BALCÃO ORGANIZADO,individual,padrao,dva,,0.016370026088868356,13977824.449789535,3.8938047250483416,,6849133.980396871,1.9079643152736872,4193347.3349368614,,5876446.485277605,1.637002608886835,-972687.4951192662,,0.03893804725048342,0.03893804725048342,,0.7,70.0,1.0,0.7,1.0,0.04838709677419355,2.8461114324908015e-06,4.838709677419355,0.9,0.7,0.8579838709677419,2935343.134455803,7128690.469392664,-972687.4951192662,liquido,0.6221186610543195,358976000.0,31251000.0,0.0,22623000.0,28617000.0,0.0,0.0,19441830.276608538,0.0,17803169.72339146,22623000.0,432979000.0,747701000.0,302895000.0,4427093000.0,261366000.0,0.7280876715992155,5249294.174684306,0.0,7126245.0,1602285.2751052314,0.0,0.0,0.014622966924486053,0.0,0.019851591749866285,0.004463488576131083,0.0,0.0,0.09780210174035196,2.4685154921672527,False,False
25178,,COMPANHIA DE GÁS DE MINAS GERAIS - GASMIG,utilities,cvm,"Saneamento, Serv. Água e Gás",Categoria B,,individual,padrao,dva,,0.05069948715820739,223127718.70488274,8.047537644159902,,140570462.78407612,5.069948715820739,22312771.870488267,,140570462.78407612,5.069948715820739,0.0,,0.08047537644159904,0.08047537644159904,,0.9,90.0,0.9,1.0,1.0,0.9953917050691244,0.1640387695489044,99.53917050691244,0.9,0.7,1.0,60244484.05031835,82557255.92080662,0.0,liquido,0.962845715467858,2772621000.0,128754000.0,0.0,75431000.0,1901456000.0,329000.0,6653000.0,123970237.2493486,0.0,1830808762.7506514,75431000.0,100012000.0,1317862000.0,849113000.0,3152990000.0,439344000.0,0.15845800778397048,33471964.057324123,0.0,23760765.0,164772788.64755863,44415.0,1077786.0,0.012072318595770617,0.0,0.00856978469109193,0.05942852941226321,1.601913856960616e-05,0.00038872460390367095,0.03171973269816904,1.5520454874675103,False,False
25240,,TRAVESSIA SECURITIZADORA DE CRÉDITOS FINANCEIROS S.A.,financeiro,cvm,Securitização de Recebíveis,Categoria B,,individual,padrao,dva,,0.043816924885131114,207875.0,73.19542253521126,,23191.0546875,8.165864326584508,174744.921875,,19888.733996975807,7.003075351047819,-3302.320690524193,,0.7319542253521126,0.45796998752568274,,0.159375,15.937499999999998,0.75,0.25,0.85,0.04608294930875576,0.0,4.6082949308755765,1.25,0.7,0.8576036866359447,9939.023437500002,184683.9453125,-3302.320690524193,liquido,1.0,284000.0,544000.0,0.0,0.0,31000.0,0.0,0.0,544000.0,0.0,31000.0,0.0,41000.0,-41000.0,-291000.0,4058000.0,-358000.0,-1.2605633802816902,204000.0,0.0,0.0,3875.0,0.0,0.0,0.7183098591549295,0.0,0.0,0.013644366197183098,0.0,0.0,0.010103499260719566,0.140893470790378,False,False
25356,,CONCESSIONÁRIA DAS RODOVIAS INTEGRADAS DO SUL S.A.,outros,padrao,Emp. Adm. Part. - Serviços Transporte e Logística,Categoria B,,individual,padrao,dva,,0.026881356852163012,156687588.89742216,10.667205100064686,,39485272.402150385,2.688135685216301,100280056.89435017,,39485272.402150385,2.688135685216301,0.0,,0.10667205100064686,0.10667205100064686,,0.36000000000000004,36.00000000000001,0.9,0.4,1.0,0.9976958525345622,0.17814990601786562,99.76958525345621,1.0,0.7,1.0,16922259.600921597,117202316.49527177,0.0,liquido,0.947248901467609,1468872000.0,78298000.0,0.0,66111000.0,1174965000.0,0.0,0.0,74167694.48711085,0.0,1112984305.5128891,66111000.0,140577000.0,1579657000.0,286501000.0,3987992000.0,267014000.0,0.1817816664760442,22250308.346133254,0.0,23138850.0,111298430.55128892,0.0,0.0,0.015147887866426249,0.0,0.015752802150221394,0.07577136098399923,0.0,0.0,0.03525007071227826,5.513617753515694,False,False
25461,,GRUPO TOKY S.A. - EM RECUPERAÇÃO JUDICIAL,varejo,cvm,Comércio (Atacado e Varejo),Categoria A,BOLSA,consolidado,padrao,dva,,0.10426729508113247,419807305.51949155,29.05182563945025,,154279184.77841312,10.676545922497965,199408470.12175852,,150669265.1437938,10.42672950811325,-3609919.6346193254,,0.29051825639450246,0.29051825639450246,,0.5249999999999999,52.49999999999999,0.75,0.7,1.0,0.7672811059907834,0.05242229699524395,76.72811059907833,1.1,0.7,0.9766013824884793,66119650.61931992,265528120.74107844,-3609919.6346193254,liquido,0.8597629590859945,1445029000.0,164773000.0,600974000.0,203634000.0,686323000.0,2882000.0,239384000.0,141665722.05747658,516695184.5737465,590075093.368777,203634000.0,30718000.0,476640000.0,207601000.0,1834292000.0,119940000.0,0.08300179442765508,46749688.278967276,181876704.96995878,78399090.0,64908260.27056548,475530.0,47398032.0,0.03235207617215106,0.12586370582871262,0.05425433676417567,0.044918309785177656,0.0003290799008185995,0.03280074794346688,0.0167465158219084,2.2959426977712054,False,False
25542,,CVLB BRASIL S.A EM RECUPERAÇÃO JUDICAL,varejo,cvm,Comércio (Atacado e Varejo),Categoria A,,consolidado,padrao,dva,,0.046263735095134005,477388582.69269663,22.85174932997378,,100251602.36546631,4.798867359294494,334172007.88488764,,96648088.54772143,4.626373509513402,-3603513.817744881,,0.22851749329973778,0.22851749329973778,,0.30000000000000004,30.000000000000004,0.75,0.4,1.0,0.6912442396313364,0.033729501168881064,69.12442396313364,1.1,0.7,0.9640552995391705,42964972.44234271,377136980.32723033,-3603513.817744881,liquido,0.847531443914987,2089068000.0,101763000.0,427596000.0,281188000.0,1314877000.0,0.0,457174000.0,86247342.32712083,362401055.2922728,1114399602.3806064,281188000.0,34299000.0,620206000.0,43745000.0,2303485000.0,32771000.0,0.015686899612650233,28461622.967949875,127565171.46288005,108257380.0,122583956.26186672,0.0,90520452.0,0.013624076845727315,0.06106319730275895,0.05182089812299073,0.05867877745572031,0.0,0.043330543572540486,0.014890047037423729,14.177757457995199,False,False
25577,,EQUATORIAL GOIÁS DISTRIBUIDORA DE ENERGIA S.A.,utilities,cvm,Energia Elétrica,Categoria B,BALCÃO ORGANIZADO,individual,padrao,dva,,0.017120442961887805,1225076748.347528,9.637250259206343,,218676199.58003375,1.7202491712683325,912682177.5189084,,217633204.803235,1.712044296188781,-1042994.7767987549,,0.09637250259206344,0.09637250259206344,,0.255,25.5,0.75,0.4,0.85,0.880184331797235,0.08810870928691938,88.0184331797235,0.9,0.7,0.9952304147465438,93718371.24858591,1006400548.7674942,-1042994.7767987549,liquido,0.9818777073436782,12711891000.0,727146000.0,220194000.0,194646000.0,9793354000.0,240569000.0,66787000.0,713968447.3841262,216203579.89083388,9615875972.72504,194646000.0,42214000.0,14902671000.0,2248146000.0,26227750000.0,-665936000.0,-0.05238685574003112,192771480.79371408,62266631.008560166,61313490.0,865428837.5452538,32476815.000000004,10819494.0,0.0151646580979741,0.004898298058767195,0.004823317789619184,0.0680802594629905,0.0025548374352800853,0.0008511317474323843,0.001609516637912135,6.628871523468671,False,False
25607,,VIAPAULISTA S.A.,outros,padrao,Serviços Transporte e Logística,Categoria B,,individual,padrao,dre,,0.018462765048248675,107917587.16280633,8.791792880118415,,22662693.30418933,1.8462765048248675,75542311.01396443,,22662693.30418933,1.8462765048248675,0.0,,0.08791792880118415,0.08791792880118415,,0.30000000000000004,30.000000000000004,0.75,0.4,1.0,0.9953917050691244,0.1626282171047797,99.53917050691244,1.0,0.7,1.0,9712582.844652573,85254893.85861701,0.0,liquido,0.9291801396326329,1227481000.0,37914000.0,0.0,60690000.0,819049000.0,20000.0,0.0,35228935.814031646,0.0,761044064.1859684,60690000.0,72770000.0,1983819000.0,538998000.0,4640469000.0,341708000.0,0.2783814983694249,10568680.744209493,0.0,21241500.0,76104406.41859685,3000.0,0.0,0.008610056484955362,0.0,0.017304952174412476,0.06200047611213277,2.444029683555183e-06,0.0,0.015681604596431954,3.680568388008861,False,False
25615,,ÁGUAS DE TERESINA SANEAMENTO SPE S.A.,utilities,cvm,"Saneamento, Serv. Água e Gás",Categoria B,BALCÃO ORGANIZADO,individual,padrao,dva,,0.019964256001008575,64755205.15389993,9.506788571908844,,13598593.082318986,1.9964256001008571,45328643.60772995,,13598593.082318986,1.9964256001008571,0.0,,0.09506788571908845,0.09506788571908845,,0.30000000000000004,30.000000000000004,0.75,0.4,1.0,0.9769585253456221,0.1407307966402115,97.6958525345622,0.9,0.7,1.0,5827968.4638509955,51156612.07158095,0.0,liquido,0.9352951261435122,681147000.0,97737000.0,0.0,29438000.0,357221000.0,2502000.0,2428000.0,91412939.74388845,0.0,334107060.25611156,29438000.0,7221000.0,1187855000.0,293788000.0,1641770000.0,221533000.0,0.3252352282253317,24681493.730849884,0.0,9272970.0,30069635.423050046,337770.0,393336.0,0.036235194063616055,0.0,0.013613757382767598,0.04414558887149183,0.0004958841483556414,0.0005774612528573128,0.004398301832778039,4.043238661892249,False,False
25623,,RIO PARANA ENERGIA S.A.,utilities,cvm,Energia Elétrica,Categoria B,,individual,padrao,dre,,0.017620957063657988,143865981.6769395,3.426118763136807,,75529640.38039322,1.7987123506468232,35966495.41923487,,73992072.70122093,1.7620957063657985,-1537567.6791722924,,0.03426118763136807,0.03426118763136807,,0.75,75.0,0.75,1.0,1.0,0.7857142857142857,0.05619044015881156,78.57142857142857,0.9,0.7,0.9796428571428571,32369845.87731139,68336341.29654627,-1537567.6791722924,liquido,0.9281135376710892,4199095000.0,88550000.0,0.0,87390000.0,1127117000.0,0.0,0.0,82184453.76077494,0.0,1046092546.239225,87390000.0,118948000.0,1507670000.0,3255424000.0,19982424000.0,1944589000.0,0.46309716736582524,22189802.515409235,0.0,27527850.0,94148329.16153027,0.0,0.0,0.005284424980956428,0.0,0.006555662589200768,0.022421100061210873,0.0,0.0,0.005952631172274195,0.46312554063618133,False,False
25720,,RIO ALTO ENERGIAS RENOVÁVEIS S.A.,utilities,cvm,Energia Elétrica,Categoria A,,consolidado,padrao,dva,,0.009981924825428777,12335760.000000002,8.817240270183339,,1619068.5000000002,1.1572627854615634,10022805.000000002,,1396521.192701613,0.9981924825428777,-222547.30729838717,,0.0881724027018334,0.0881724027018334,,0.1875,18.75,0.75,0.25,1.0,0.07603686635944701,9.334272070137656e-05,7.603686635944701,0.9,0.7,0.8625460829493088,693886.5000000002,10716691.500000002,-222547.30729838717,liquido,1.0,139905000.0,0.0,0.0,0.0,137064000.0,0.0,0.0,0.0,0.0,137064000.0,0.0,4346000.0,1303472000.0,-25049000.0,1255588000.0,111935000.0,0.8000786247811015,0.0,0.0,0.0,12335760.000000002,0.0,0.0,0.0,0.0,0.0,0.0881724027018334,0.0,0.0,0.003461326486076643,-52.03688770010779,False,False
25992,,INTERCEMENT BRASIL S.A. - EM RECUPERAÇÃO JUDICIAL,construcao,cvm,"Construção Civil, Mat. Constr. e Decoração",Categoria A,,consolidado,padrao,dva,,0.03392129620058871,426013768.2416579,12.886609014819058,,119283855.10766421,3.608250524149336,255608260.94499475,,112139191.94286299,3.392129620058871,-7144663.164801225,,0.1288660901481906,0.1288660901481906,,0.4,40.0,1.0,0.4,1.0,0.5460829493087558,0.016170054274290312,54.60829493087558,0.85,0.7,0.9401036866359447,51121652.18899896,306729913.1339937,-7144663.164801225,liquido,0.888727151839054,3305864000.0,280817000.0,0.0,325341000.0,2642996000.0,4086000.0,427496000.0,249569692.59798765,0.0,2348902307.4020123,325341000.0,1431082000.0,2672604000.0,709029000.0,6449094000.0,979356000.0,0.29624812151982055,63640271.612486854,0.0,96788947.5,199656696.12917107,520965.0,65406888.0,0.0192507228405303,0.0,0.029277958046671007,0.06039470956130412,0.00015758815244668262,0.01978511154723848,0.2219043481146344,3.7693860194717,False,False
26077,,ECONOMATICA S.A.,tecnologia,cvm,Comunicação e Informática,Categoria A,,consolidado,padrao,dva,,0.058500892307947285,29525996.232135125,132.19608789852307,,3952792.74557709,17.697751267414773,23879149.45273928,,3771638.257767117,16.886672298039475,-181154.48780997284,,1.3219608789852304,0.45796998752568274,,0.19125,19.125,0.9,0.25,0.85,0.631336405529954,0.025335272707026985,63.133640552995395,1.2,0.7,0.9541705069124424,1694054.0338187532,25573203.486558035,-181154.48780997284,liquido,0.8463620614984841,22335000.0,60166000.0,3170000.0,12771000.0,19788000.0,15501000.0,0.0,50922219.7921178,2682967.7349501946,16747812.472932003,12771000.0,9140000.0,-9034000.0,-86218000.0,143689000.0,-34974000.0,-1.565883143049026,18331999.125162408,1030259.6102208748,5363820.0,2009737.4967518402,2790180.0,0.0,0.8207745298931008,0.046127584966235716,0.240153122901276,0.08998153108358362,0.12492411014103424,0.0,0.06360960129167856,0.10478090421953652,False,False
26107,,CIA SECURITIZADORA DE CRED. FIN. CARTÕES CONSIGNADOS II,financeiro,cvm,Securitização de Recebíveis,Categoria B,BALCÃO ORGANIZADO,individual,padrao,dva,,0.0,0.0,,,0.0,,0.0,,0.0,,0.0,,0.0,0.0,,0.25,25.0,1.0,0.25,1.0,0.04608294930875576,0.0,4.6082949308755765,1.25,0.7,0.8576036866359447,0.0,0.0,0.0,liquido,1.0,0.0,0.0,0.0,0.0,0.0,0.0,0.0,0.0,0.0,0.0,0.0,4000.0,-4000.0,0.0,4000.0,0.0,,0.0,0.0,0.0,0.0,0.0,0.0,,,,,,,1.0,,False,False
26239,,TRV XLIII SECURITIZADORA DE CREDITOS MERCANTIS S.A.,financeiro,cvm,Securitização de Recebíveis,Categoria B,,individual,padrao,dva,,0.0159483677988747,2601125.0,12.501802364702488,,386917.34375,1.8596431017494954,2048385.9375,,331821.7404233871,1.5948367798874703,-55095.60332661291,,0.12501802364702488,0.12501802364702488,,0.2125,21.25,1.0,0.25,0.85,0.04608294930875576,0.0,4.6082949308755765,1.25,0.7,0.8576036866359447,165821.71875000003,2214207.65625,-55095.60332661291,liquido,1.0,20806000.0,0.0,0.0,0.0,20809000.0,0.0,0.0,0.0,0.0,20809000.0,0.0,20000.0,-20000.0,-3000.0,25000.0,-65000.0,-0.003124098817648755,0.0,0.0,0.0,2601125.0,0.0,0.0,0.0,0.0,0.0,0.12501802364702488,0.0,0.0,0.8,6.666666666666667,False,False
26425,,AÇO VERDE DO BRASIL S.A,commodities,cvm,Metalurgia e Siderurgia,Categoria B,BALCÃO ORGANIZADO,individual,padrao,dva,,0.06648274307620723,248721391.9153418,15.654167188448872,,121873482.03851746,7.670541922339947,74616417.57460254,,105631172.81937495,6.648274307620724,-16242309.219142511,,0.15654167188448873,0.15654167188448873,,0.7,70.0,1.0,0.7,1.0,0.10138248847926268,0.00020875100451518125,10.138248847926267,0.75,0.7,0.8667281105990783,52231492.30222178,126847909.87682433,-16242309.219142511,liquido,0.8876029168025443,1588851000.0,94142000.0,170241000.0,167162000.0,1222862000.0,6281000.0,501199000.0,83560713.79362513,151106408.15938196,1085415878.046993,167162000.0,665147000.0,1146520000.0,348674000.0,4039262000.0,420916000.0,0.2649184851191207,18801160.603565652,36265537.95825167,43880024.99999999,81406190.85352449,706612.4999999999,67661865.0,0.011833180457806083,0.022825008737919206,0.027617457521189836,0.05123588735100049,0.00044473175898809885,0.04258540605758501,0.1646704274196623,3.2882291194640265,False,False
26433,,ALVAREZ & MARSAL INVESTIMENTOS I S.A.,outros,padrao,Emp. Adm. Part. - Sem Setor Principal,Categoria A,,individual,padrao,dva,,0.0,59636.1,,,10436.3175,,44727.075,,8950.224362903225,,-1486.0931370967737,,0.0,0.0,,0.25,25.0,1.0,0.25,1.0,0.04608294930875576,0.0,4.6082949308755765,1.0,0.7,0.8576036866359447,4472.7075,49199.7825,-1486.0931370967737,liquido,1.0,0.0,198787.0,0.0,0.0,0.0,0.0,0.0,198787.0,0.0,0.0,0.0,18116.0,-18116.0,-198787.0,18231.0,-200248.0,,59636.1,0.0,0.0,0.0,0.0,0.0,,,,,,,0.9936920629696671,0.09113271994647537,False,False
26484,,RUMO MALHA CENTRAL S.A.,outros,padrao,Serviços Transporte e Logística,Categoria B,,individual,padrao,dva,,0.02489863299655568,103041024.02241367,6.580483289188015,,45441091.59388442,2.901993130531914,38125178.88829306,,38987723.66672067,2.489863299655567,-6453367.92716375,,0.06580483289188016,0.06580483289188016,,0.63,63.0,0.9,0.7,1.0,0.04838709677419355,5.773021605112992e-06,4.838709677419355,1.0,0.7,0.8579838709677419,19474753.540236186,57599932.42852925,-6453367.92716375,liquido,0.9018549010427361,1565858000.0,38539000.0,2000.0,75044000.0,726082000.0,5000.0,4807000.0,34756586.03128601,1803.7098020854723,654820610.258912,75044000.0,496654000.0,3051343000.0,1149316000.0,7136644000.0,1250345000.0,0.7985047175414374,10426975.809385803,577.1871366673512,26265400.0,65482061.0258912,750.0,865260.0,0.006658953627586795,3.686075855328843e-07,0.01677380707573739,0.041818645768576204,4.789706346297046e-07,0.0005525788417595975,0.06959209398703368,2.654920839873455,False,False
26581,,CONCESSIONÁRIA ECOVIAS DO CERRADO S.A.,outros,padrao,Serviços Transporte e Logística,Categoria B,BALCÃO ORGANIZADO,individual,padrao,dva,,0.02268981617313701,47521226.85278711,10.80467436816048,,9979457.639085293,2.268981617313701,33264858.796950974,,9979457.639085293,2.268981617313701,0.0,,0.1080467436816048,0.1080467436816048,,0.30000000000000004,30.000000000000004,0.75,0.4,1.0,0.9976958525345622,0.1740216089686362,99.76958525345621,1.0,0.7,1.0,4276910.416750841,37541769.213701814,0.0,liquido,0.9419871117270755,439821000.0,19377000.0,0.0,22227000.0,363762000.0,0.0,0.0,18252884.263935544,0.0,342659115.73606443,22227000.0,32980000.0,778433000.0,108464000.0,1772042000.0,122225000.0,0.27789714452015707,5475865.279180663,0.0,7779449.999999999,34265911.57360645,0.0,0.0,0.012450213334926397,0.0,0.017687763885762615,0.0779087664609158,0.0,0.0,0.018611297023433983,7.176878964449034,False,False
26611,,MNLT S.A.,outros,padrao,Emp. Adm. Part. - Sem Setor Principal,Categoria B,,individual,padrao,dva,,0.0,8479450.0,,,1483903.75,,6359587.5,,1272601.3266129033,,-211302.42338709673,,0.0,0.0,,0.25,25.0,1.0,0.25,1.0,0.04608294930875576,0.0,4.6082949308755765,1.0,0.7,0.8576036866359447,635958.7500000001,6995546.25,-211302.42338709673,liquido,0.0,0.0,23873000.0,0.0,24227000.0,0.0,0.0,0.0,0.0,0.0,0.0,24227000.0,1439249000.0,-1045470000.0,-25846000.0,1453137000.0,-214103000.0,,0.0,0.0,8479450.0,0.0,0.0,0.0,,,,,,,0.9904427455910901,40.44997291650546,False,False
26638,,CONCESSIONARIA ECOVIAS DO ARAGUAIA S.A.,outros,padrao,Serviços Transporte e Logística,Categoria B,,individual,padrao,dva,,0.017234589020506622,67017191.82306915,8.2069471526222,,14073610.282844521,1.7234589020506619,46912034.2761484,,14073610.282844521,1.7234589020506619,0.0,,0.082069471526222,0.082069471526222,,0.30000000000000004,30.000000000000004,0.75,0.4,1.0,0.9447004608294931,0.116967852817206,94.47004608294931,1.0,0.7,1.0,6031547.2640762245,52943581.54022463,0.0,liquido,0.9381107071481773,816591000.0,23369000.0,0.0,33569000.0,519035000.0,0.0,0.0,21922709.115345757,0.0,486912290.8846542,33569000.0,84213000.0,1809713000.0,388122000.0,5840574000.0,392469000.0,0.4806188165189183,6576812.734603727,0.0,11749150.0,48691229.08846542,0.0,0.0,0.008053986309674889,0.0,0.014388047382349303,0.059627437834197806,0.0,0.0,0.014418617074280713,4.662742642777271,False,False
26654,,TRANSMISSORA JOSÉ MARIA DE MACEDO DE ELETRICIDADE S.A.,utilities,cvm,Energia Elétrica,Categoria B,,individual,padrao,dva,,0.002866912166300452,5567031.947515964,1.5876502077639454,,1169076.7089783526,0.3334065436304286,3896922.3632611744,,1005271.2834645885,0.28669121663004526,-163805.42551376414,,0.01587650207763945,0.01587650207763945,,0.30000000000000004,30.000000000000004,0.75,0.4,1.0,0.059907834101382486,3.363002640329236e-05,5.990783410138248,0.9,0.7,0.8598847926267281,501032.8752764369,4397955.238537611,-163805.42551376414,liquido,0.6060193116337019,350646000.0,8972000.0,0.0,10119000.0,16712000.0,0.0,0.0,5437205.263977573,0.0,10127794.736022426,10119000.0,27563000.0,1058230000.0,213350000.0,2955692000.0,256904000.0,0.7326591491133508,1468045.421273945,0.0,3187485.0,911501.5262420184,0.0,0.0,0.004186688059393077,0.0,0.00909032186307558,0.0025994921551707943,0.0,0.0,0.009325396556880758,4.960065619873447,False,False
26662,,ARGO V TRANSMISSÃO DE ENERGIA S.A.,utilities,cvm,Energia Elétrica,Categoria B,BALCÃO ORGANIZADO,individual,padrao,dva,,0.004584571338274612,3451964.3259936823,2.5388624469486136,,724912.5084586734,0.533161113859209,2416375.028195577,,623341.2420085076,0.4584571338274612,-101571.26645016577,,0.025388624469486136,0.025388624469486136,,0.30000000000000004,30.000000000000004,0.75,0.4,1.0,0.059907834101382486,3.520156036304303e-05,5.990783410138248,0.9,0.7,0.8598847926267281,310676.7893394315,2727051.817535009,-101571.26645016577,liquido,0.7838653401857703,135965000.0,3627000.0,0.0,4584000.0,17582000.0,0.0,0.0,2843079.5888537886,0.0,13781920.411146212,4584000.0,15620000.0,374104000.0,88853000.0,1113587000.0,83149000.0,0.6115470893244584,767631.4889905229,0.0,1443960.0,1240372.8370031593,0.0,0.0,0.005645802147541816,0.0,0.010620086051557386,0.009122736270386933,0.0,0.0,0.014026744205886024,4.2103699368620084,False,False
26670,,ARGO VI TRANSMISSÃO DE ENERGIA S.A.,utilities,cvm,Energia Elétrica,Categoria B,BALCÃO ORGANIZADO,individual,padrao,dva,,0.005769089506156331,3193150.168557278,2.6588314086707947,,804673.8424764341,0.6700255149850404,2043616.1078766575,,692844.5733313508,0.5769089506156332,-111829.26914508326,,0.026588314086707948,0.026588314086707948,,0.36000000000000004,36.00000000000001,0.9,0.4,1.0,0.06682027649769585,5.4721127217087484e-05,6.682027649769585,0.9,0.7,0.8610253456221197,344860.21820418607,2388476.326080844,-111829.26914508326,liquido,0.7515577568301646,120096000.0,3353000.0,0.0,4665000.0,15424000.0,0.0,0.0,2519973.158651542,0.0,11592026.841348458,4665000.0,42569000.0,230958000.0,57351000.0,1048955000.0,79962000.0,0.6658173461231015,680392.7528359164,0.0,1469475.0,1043282.4157213613,0.0,0.0,0.0056654072811410565,0.0,0.012235836330935251,0.00868707047463164,0.0,0.0,0.04058229380669333,4.027096301720982,False,False
26719,,MANAUS TRANSMISSORA DE ENERGIA S.A,utilities,cvm,Energia Elétrica,Categoria B,,individual,padrao,dva,,0.010086808174818392,10090963.24927053,4.665241145103597,,2542922.7388161737,1.1756407685661063,6458216.479533139,,2181786.695021393,1.0086808174818391,-361136.04379478097,,0.04665241145103596,0.04665241145103596,,0.36000000000000004,36.00000000000001,0.9,0.4,1.0,0.04838709677419355,4.020356691178012e-06,4.838709677419355,0.9,0.7,0.8579838709677419,1089824.0309212175,7548040.510454357,-361136.04379478097,liquido,0.7459358065860775,216301000.0,17308000.0,0.0,13409000.0,35470000.0,0.0,0.0,12910656.94039183,0.0,26458343.05960817,13409000.0,84255000.0,901637000.0,182246000.0,2338101000.0,60485000.0,0.27963347372411596,3485877.373905794,0.0,4223835.0,2381250.8753647353,0.0,0.0,0.016115863421370193,0.0,0.019527579622840394,0.011008968406825375,0.0,0.0,0.036035654576085464,4.947362356375448,False,False
26727,,IGUÁ RIO DE JANEIRO S.A.,utilities,cvm,"Emp. Adm. Part. - Saneamento, Serv. Água e Gás",Categoria B,,individual,padrao,dva,,0.015670158374824862,152246518.21768498,8.778800209985919,,27176003.50185677,1.5670158374824865,113423656.07217531,,27176003.50185677,1.5670158374824865,0.0,,0.08778800209985918,0.08778800209985918,,0.255,25.5,0.75,0.4,0.85,0.9976958525345622,0.16809692156019945,99.76958525345621,0.9,0.7,1.0,11646858.643652905,125070514.71582821,0.0,liquido,0.9025836824573046,1734252000.0,79050000.0,0.0,118030000.0,1132554000.0,28167000.0,0.0,71349240.09824993,0.0,1022224759.9017501,118030000.0,29252000.0,8441970000.0,775617000.0,9064072000.0,-1485645000.0,-0.8566488607192034,19264294.82652748,0.0,37179450.0,92000228.39115752,3802545.0000000005,0.0,0.011108128937736546,0.0,0.021438320382504965,0.053048938903433596,0.002192613876184084,0.0,0.003227247091594153,10.884199289082112,False,False
26735,,ÁGUAS DO RIO 1 SPE S.A.,utilities,cvm,"Saneamento, Serv. Água e Gás",Categoria B,BOLSA,individual,padrao,dva,,0.02827821146677727,319556851.4151178,13.465814984179653,,67106938.79717474,2.827821146677727,223689795.99058244,,67106938.79717474,2.827821146677727,0.0,,0.13465814984179653,0.13465814984179653,,0.30000000000000004,30.000000000000004,0.75,0.4,1.0,0.9953917050691244,0.1647029856253102,99.53917050691244,0.9,0.7,1.0,28760116.62736061,252449912.61794305,0.0,liquido,0.9438875712703277,2373097000.0,564507000.0,0.0,115598000.0,1495607000.0,76140000.0,12028000.0,532831141.1950989,0.0,1411684858.8049011,115598000.0,45750000.0,7548791000.0,612330000.0,12001372000.0,192147000.0,0.08096887737837939,143864408.1226767,0.0,36413370.0,127051637.29244111,10278900.0,1948536.0,0.060623062657226695,0.0,0.015344240037385746,0.05353832451536583,0.004331428508822017,0.0008210941229962365,0.003812064153998393,12.32797837767217,False,False
26743,,ÁGUAS DO RIO 4 SPE S.A.,utilities,cvm,"Saneamento, Serv. Água e Gás",Categoria B,BALCÃO ORGANIZADO,individual,padrao,dva,,0.027069416060832477,651487757.1608734,12.89019812420594,,136812429.00378343,2.7069416060832476,456041430.0126114,,136812429.00378343,2.7069416060832476,0.0,,0.1289019812420594,0.1289019812420594,,0.30000000000000004,30.000000000000004,0.75,0.4,1.0,0.9792626728110599,0.1481151836750509,97.92626728110599,0.9,0.7,1.0,58633898.14447863,514675328.15708995,0.0,liquido,0.9637279588903283,5054133000.0,1146214000.0,0.0,158423000.0,3221420000.0,164940000.0,10208000.0,1104638478.6715188,0.0,3104572521.328481,158423000.0,118979000.0,8394068000.0,1093309000.0,13059177000.0,411792000.0,0.08147628881155285,298252389.2413101,0.0,49903245.0,279411526.91956335,22266900.0,1653696.0,0.05901158304328558,0.0,0.009873749859768232,0.05528377011834935,0.004405681449221855,0.00032719677143438846,0.009110757898449496,7.677672094531372,False,False
26808,,COPEL DISTRIBUIÇÃO S.A.,utilities,cvm,Energia Elétrica,Categoria B,BALCÃO ORGANIZADO,individual,padrao,dva,,0.03487243125097581,1823881367.8232224,9.498288831458579,,670276402.675034,3.490621145561027,866343649.7160308,,669627748.0918001,3.4872431250975806,-648654.5832339525,,0.0949828883145858,0.0949828883145858,,0.5249999999999999,52.49999999999999,0.75,0.7,1.0,0.9032258064516129,0.09630262131317611,90.32258064516128,0.9,0.7,0.9990322580645161,287261315.4321575,1153604965.1481884,-648654.5832339525,liquido,0.9540731574292322,19202210000.0,431046000.0,130412000.0,773445000.0,16279347000.0,99365000.0,136475000.0,411249418.2172408,124422588.60666102,15531687993.176098,773445000.0,400104000.0,8585108000.0,2790175000.0,24647570000.0,1639752000.0,0.08539392080390747,111037342.91865502,35833705.51871838,243635175.0,1397851919.385849,13414275.0,22108950.0,0.00578252935045784,0.001866124030448494,0.012687871604362206,0.0727964082980995,0.0006985797468103932,0.0011513752844073677,0.016232999845420867,3.0769066456405065,False,False
26824,,TRAVESSIA SECURITIZADORA DE CRÉDITOS MERCANTIS VI S.A.,financeiro,cvm,Securitização de Recebíveis,Categoria B,,individual,padrao,dva,,0.01195955141129032,703625.0,12.5,,78498.16406249999,1.3945312499999998,591484.765625,,67320.31489415321,1.1959551411290321,-11177.849168346773,,0.125,0.125,,0.159375,15.937499999999998,0.75,0.25,0.85,0.04608294930875576,0.0,4.6082949308755765,1.25,0.7,0.8576036866359447,33642.0703125,625126.8359375,-11177.849168346773,liquido,1.0,5629000.0,0.0,0.0,0.0,5629000.0,0.0,0.0,0.0,0.0,5629000.0,0.0,1000.0,13821000.0,0.0,13981000.0,-79000.0,-0.014034464380884704,0.0,0.0,0.0,703625.0,0.0,0.0,0.0,0.0,0.0,0.125,0.0,0.0,7.152564194263644e-05,,False,False
26859,,CONCESSIONÁRIA CATARINENSE DE RODOVIAS S.A.,outros,padrao,Emp. Adm. Part. - Serviços Transporte e Logística,Categoria B,,individual,padrao,dva,,0.033426096783286535,65367597.353726834,11.937891708316622,,18302927.259043515,3.342609678328655,39220558.4122361,,18302927.259043515,3.342609678328655,0.0,,0.1193789170831662,0.1193789170831662,,0.4,40.0,1.0,0.4,1.0,0.9792626728110599,0.14877064486457994,97.92626728110599,1.0,0.7,1.0,7844111.682447222,47064670.09468332,0.0,liquido,0.9386092658499926,547564000.0,32611000.0,0.0,31532000.0,481017000.0,0.0,0.0,30608986.768634107,0.0,451487013.2313659,31532000.0,176837000.0,522043000.0,63145000.0,1874316000.0,89314000.0,0.16311152668911763,9182696.030590232,0.0,11036200.0,45148701.3231366,0.0,0.0,0.016770087205496036,0.0,0.02015508689395212,0.08245374298371805,0.0,0.0,0.09434748462905934,8.267368754454035,False,False
26875,,EIXO SP CONCESSIONÁRIA DE RODOVIAS S.A.,outros,padrao,Serviços Transporte e Logística,Categoria B,BALCÃO ORGANIZADO,individual,padrao,dva,,0.03201598790723758,193676831.1891593,11.434281395441994,,54229512.732964605,3.2015987907237577,116206098.71349558,,54229512.732964605,3.2015987907237577,0.0,,0.11434281395441992,0.11434281395441992,,0.4,40.0,1.0,0.4,1.0,0.9953917050691244,0.16636857971058916,99.53917050691244,1.0,0.7,1.0,23241219.74269912,139447318.4561947,0.0,liquido,0.9208583081215299,1693826000.0,62968000.0,0.0,119651000.0,1448890000.0,0.0,5452000.0,57984605.9457965,0.0,1334222394.0542035,119651000.0,423034000.0,2292134000.0,390846000.0,4697958000.0,447833000.0,0.2643913837666915,17395381.78373895,0.0,41877850.0,133422239.40542036,0.0,981360.0,0.010269875290460148,0.0,0.02472382051048927,0.07876974341249948,0.0,0.0005793747409710325,0.09004635631055025,5.864545114955763,False,False
26883,,BSB ENERGÉTICA S.A.,utilities,cvm,Emp. Adm. Part. - Energia Elétrica,Categoria B,BALCÃO ORGANIZADO,individual,padrao,dva,,0.0,16065.0,,,8434.125,,4016.25,,7233.136693548387,,-1200.9883064516134,,0.0,0.0,,0.75,75.0,0.75,1.0,1.0,0.04608294930875576,0.0,4.6082949308755765,0.9,0.7,0.8576036866359447,3614.6250000000005,7630.875,-1200.9883064516134,liquido,0.0,0.0,4000.0,0.0,51000.0,0.0,0.0,0.0,0.0,0.0,0.0,51000.0,4280000.0,247591000.0,144325000.0,489916000.0,76695000.0,,0.0,0.0,16065.0,0.0,0.0,0.0,,,,,,,0.008736191510381372,1.7155101333795253,False,False
26913,,VIA BRASIL BR 163 CONCESSIONÁRIA DE RODOVIAS S.A.,varejo,nome,Serviços Transporte e Logística,Categoria B,,individual,padrao,dva,,0.05089081097859709,87161303.5759643,11.53986643505603,,38438134.87700026,5.089081097859709,32249682.32310679,,38438134.87700026,5.089081097859709,0.0,,0.1153986643505603,0.1153986643505603,,0.63,63.0,0.9,0.7,1.0,0.9976958525345622,0.16883663494156176,99.76958525345621,1.1,0.7,1.0,16473486.375857256,48723168.698964044,0.0,liquido,0.9215731261301682,755306000.0,43724000.0,3123000.0,46147000.0,541561000.0,1119000.0,0.0,40294863.36691547,2878072.8729045154,499088063.76018,46147000.0,92278000.0,891756000.0,332984000.0,1568579000.0,257179000.0,0.3404964345576495,13297304.911082106,1013081.6512623895,17766595.0,54899687.01361981,184635.0,0.0,0.017605189037399552,0.0013412863809666405,0.0235223803332689,0.07268535800539093,0.00024445059353427615,0.0,0.058829042082037306,2.6780746222040697,False,False
26921,,REGENERA RIO S.A.,utilities,cvm,"Saneamento, Serv. Água e Gás",Categoria B,,individual,padrao,dva,,0.023120479144065634,45645663.21958205,10.226680442350332,,11502707.131334677,2.577123471472284,29213224.46053251,,10319571.540683111,2.3120479144065635,-1183135.5906515662,,0.10226680442350332,0.10226680442350332,,0.36000000000000004,36.00000000000001,0.9,0.4,1.0,0.2857142857142857,0.002095948989479742,28.57142857142857,0.9,0.7,0.8971428571428571,4929731.627714863,34142956.08824737,-1183135.5906515662,liquido,0.9088112331776163,446339000.0,32750000.0,0.0,30471000.0,301403000.0,106000.0,20643000.0,29763567.886566933,0.0,273918432.11343306,30471000.0,46445000.0,853311000.0,147331000.0,1209476000.0,39289000.0,0.08802502134028171,8036163.329373073,0.0,9598365.0,24652658.89020898,14310.000000000002,3344166.0,0.01800461830441228,0.0,0.021504652293436153,0.055233037870786504,3.2060832685470016e-05,0.007492435122182914,0.03840092734374225,5.79179534517515,False,False
26948,,ELEA DIGITAL INFRAESTRUTURA E REDES DE TELECOMUNICAÇÕES S.A.,tecnologia,cvm,Comunicação e Informática,Categoria B,,consolidado,padrao,dva,,0.02216565264218388,20955.159606987825,9.50623292338267,,5280.700220960932,2.3955706966924333,13411.302148472207,,4886.107805832446,2.216565264218388,-394.5924151284862,,0.09506232923382671,0.09506232923382671,,0.36000000000000004,36.00000000000001,0.9,0.4,1.0,0.45622119815668205,0.008818960837099486,45.622119815668206,1.2,0.7,0.9252764976958525,2263.1572375546857,15674.459386026894,-394.5924151284862,liquido,0.9802646903123345,220436.0,13242.0,0.0,2796.0,128433.0,0.0,0.0,12980.665029115935,0.0,125898.33497088407,2796.0,33677.0,678157.0,137916.0,981771.0,132247.0,0.5999337676241631,4673.039410481736,0.0,1174.32,15107.800196506088,0.0,0.0,0.02119907551616676,0.0,0.0053272605200602435,0.0685359931975997,0.0,0.0,0.034302296564066366,4.917174221990197,False,False
26999,,BRK AMBIENTAL - REGIÃO METROPOLITANA DE MACEIÓ S.A.,utilities,cvm,"Emp. Adm. Part. - Saneamento, Serv. Água e Gás",Categoria B,BALCÃO ORGANIZADO,individual,padrao,dre,,0.033163853853196514,127909299.4391286,13.160259465554173,,32233143.45866041,3.316385385319651,81861951.64104229,,32233143.45866041,3.316385385319651,0.0,,0.13160259465554172,0.13160259465554172,,0.36000000000000004,36.00000000000001,0.9,0.4,1.0,0.9769585253456221,0.14537210426831948,97.6958525345622,0.9,0.7,1.0,13814204.339425892,95676155.98046818,0.0,liquido,0.933624044805164,971936000.0,176816000.0,0.0,55939000.0,665944000.0,63488000.0,7342000.0,165079669.1062699,0.0,621741330.8937302,55939000.0,353874000.0,2908578000.0,192214000.0,4549800000.0,254353000.0,0.2616972722483785,44571510.658692874,0.0,17620785.0,55956719.78043572,8570880.0,1189404.0,0.04585848312923164,0.0,0.018129573346393178,0.0575724325268698,0.008818358410430318,0.0012237472426167978,0.07777792430436503,15.131977899632702,False,False
27065,,COMPANHIA DO METROPOLITANO DE SÃO PAULO - METRÔ,outros,padrao,Serviços Transporte e Logística,Categoria B,BALCÃO ORGANIZADO,individual,padrao,dva,,0.041319738889156216,1008251182.8402886,36.51467295423145,,132332967.74778788,4.792550825242877,819204086.0577345,,114092972.0549937,4.1319738889156215,-18239995.692794174,,0.3651467295423144,0.3651467295423144,,0.1875,18.75,0.75,0.25,1.0,0.07373271889400922,8.986933774408293e-05,7.373271889400922,1.0,0.7,0.8621658986175115,56714129.03476624,875918215.0925008,-18239995.692794174,liquido,0.5337657349123966,2761222000.0,1232776000.0,19251000.0,1802464000.0,2613978000.0,747000.0,205885000.0,658013587.6223646,10275524.162798548,1395251888.2148368,1802464000.0,642932000.0,-492625000.0,-244275000.0,48704042000.0,778567000.0,0.2819646518823912,197404076.2867094,3288167.7320955354,630862400.0,139525188.8214837,112050.0,37059300.0,0.07149156289740896,0.0011908378725417714,0.2284721764494126,0.050530232202077086,4.057985920726403e-05,0.013421340261666753,0.013200793478290776,2.0166820182171734,False,False
27081,,NOVA SOCIEDADE DE NAVEGAÇÃO S.A.,commodities,cvm,Emp. Adm. Part. - Petróleo e Gás,Categoria B,,individual,padrao,dva,,0.058422566513508155,245844.49708454806,147.21227370332218,,36569.36894132652,21.89782571336917,193602.5414540816,,31362.025622031633,18.779656061096787,-5207.343319294883,,1.4721227370332222,0.45796998752568274,,0.2125,21.25,1.0,0.25,0.85,0.04608294930875576,0.0,4.6082949308755765,0.75,0.7,0.8576036866359447,15672.58668913994,209275.12814322155,-5207.343319294883,liquido,0.206025267249757,167000.0,11215000.0,0.0,8987000.0,104000.0,0.0,0.0,2310573.372206025,0.0,21426.627793974727,8987000.0,7585000.0,19799000.0,-12339000.0,37815000.0,-3600000.0,-21.55688622754491,112724.99999999999,0.0,131512.49999999997,1606.9970845481048,0.0,0.0,0.6749999999999999,0.0,0.7874999999999999,0.009622737033222185,0.0,0.0,0.2005817797170435,-1.6045870816111516,False,False
27146,,RIO+ SANEAMENTO BL 3 S.A.,utilities,cvm,"Saneamento, Serv. Água e Gás",Categoria B,,individual,padrao,dva,,0.045482499462018565,212170986.8653742,18.04861089762641,,53467088.6900743,4.548249946201856,135789431.59383947,,53467088.6900743,4.548249946201856,0.0,,0.18048610897626413,0.18048610897626413,,0.36000000000000004,36.00000000000001,0.9,0.4,1.0,0.9723502304147466,0.13317115893075673,97.23502304147466,0.9,0.7,1.0,22914466.58146042,158703898.1752999,0.0,liquido,0.9049764641378988,1175553000.0,321645000.0,0.0,113693000.0,874827000.0,181540000.0,12377000.0,291081154.8076345,0.0,791697845.1923655,113693000.0,243812000.0,3305949000.0,51701000.0,4224670000.0,21127000.0,0.0179719672358456,78591911.79806131,0.0,35813295.0,71252806.06731291,24507900.0,2005074.0,0.06685526879524897,0.0,0.030465061975087467,0.06061215961110465,0.02084797537839638,0.0017056432164266522,0.057711489891518156,63.94361811183536,False,False
27235,,VRENTAL LOCAÇÃO DE MÁQUINAS E EQUIPAMENTOS S.A.,industria,cvm,"Máquinas, Equipamentos, Veículos e Peças",Categoria B,,individual,padrao,dva,,0.05176548357133388,50377088.02299749,21.126543493922302,,14105584.646439297,5.9154321782982455,30226252.813798495,,12343686.61951885,5.176548357133388,-1761898.0269204471,,0.211265434939223,0.211265434939223,,0.4,40.0,1.0,0.4,1.0,0.15207373271889402,0.0005665104489050019,15.207373271889402,1.0,0.7,0.8750921658986175,6045250.5627597,36271503.37655819,-1761898.0269204471,liquido,0.8825537771809031,238454000.0,29380000.0,27498000.0,35156000.0,242459000.0,1562000.0,4973000.0,25929429.973574933,24268463.764920473,213983106.2615046,35156000.0,83532000.0,250733000.0,23996000.0,678540000.0,170182000.0,0.713689013394617,7778828.99207248,7765908.404774551,12304600.0,21398310.62615046,234300.0,895140.0,0.032621927047029944,0.03256774222606688,0.05160156675920722,0.08973768788173174,0.0009825794492858162,0.003753931575901432,0.12310549120169777,10.448949824970828,False,False
27243,,CLI SUL S.A.,outros,padrao,Serviços Transporte e Logística,Categoria B,,consolidado,padrao,dva,,0.0,0.0,,,0.0,,0.0,,0.0,,0.0,,0.0,0.0,,0.25,25.0,1.0,0.25,1.0,0.04608294930875576,0.0,4.6082949308755765,1.0,0.7,0.8576036866359447,0.0,0.0,0.0,liquido,1.0,0.0,0.0,0.0,0.0,0.0,0.0,0.0,0.0,0.0,0.0,0.0,0.0,0.0,0.0,0.0,0.0,,0.0,0.0,0.0,0.0,0.0,0.0,,,,,,,,,False,False
27294,,CONCESSIONARIA ROTA DE SANTA MARIA S.A,outros,padrao,Serviços Transporte e Logística,Categoria B,BOLSA,individual,padrao,dva,,0.02638817273772702,62114062.80209713,19.71105339886239,,8315520.157630752,2.638817273772702,50234748.29119605,,8315520.157630752,2.638817273772702,0.0,,0.19711053398862388,0.19711053398862388,,0.19125,19.125,0.9,0.25,0.85,0.9769585253456221,0.1431705346326405,97.6958525345622,1.0,0.7,1.0,3563794.353270323,53798542.64446638,0.0,liquido,0.9454372970715337,315123000.0,42143000.0,0.0,25997000.0,434318000.0,0.0,0.0,39843564.01048564,0.0,410620435.98951435,25997000.0,27057000.0,443973000.0,-65638000.0,882419000.0,-21591000.0,-0.06851610323587932,11953069.203145692,0.0,9098950.0,41062043.59895144,0.0,0.0,0.03793144011432264,0.0,0.028874280836371828,0.13030481303792943,0.0,0.0,0.030662304415476096,-6.763962948292148,False,False
27359,,ÁGUAS DO SERTÃO S.A.,utilities,cvm,"Saneamento, Serv. Água e Gás",Categoria B,BALCÃO ORGANIZADO,individual,padrao,dva,,0.029138413444102493,52215620.628782466,13.87543497338214,,10965280.332044318,2.9138413444102493,36550934.44014772,,10965280.332044318,2.9138413444102493,0.0,,0.1387543497338214,0.1387543497338214,,0.30000000000000004,30.000000000000004,0.75,0.4,1.0,0.9976958525345622,0.17872826764130448,99.76958525345621,0.9,0.7,1.0,4699405.856590424,41250340.29673815,0.0,liquido,0.9263020567573457,376317000.0,34057000.0,17315000.0,26720000.0,311189000.0,8224000.0,22276000.0,31547069.14698492,16038920.11275344,288255010.7402616,26720000.0,13702000.0,1336155000.0,51960000.0,1600321000.0,98534000.0,0.2618377591232923,8517708.669685928,4619208.992472991,8416800.0,25942950.96662355,1110240.0,3608712.0,0.022634397780822893,0.012274781613567794,0.02236624973094492,0.06893908849885481,0.002950278621481358,0.009589553488149619,0.008562032242281392,25.715069284064665,False,False
27367,,LIGGA TELECOMUNICAÇÕES S.A.,utilities,cvm,Telecomunicações,Categoria B,,individual,padrao,dva,,0.03422971378198765,105322770.1822092,16.82136477256286,,22117781.738263935,3.532486602238201,73725939.12754643,,21432079.54174702,3.422971378198765,-685702.1965169162,,0.16821364772562858,0.16821364772562858,,0.30000000000000004,30.000000000000004,0.75,0.4,1.0,0.7211981566820277,0.03845945315688218,72.11981566820278,0.9,0.7,0.9689976958525346,9479049.316398831,83204988.44394526,-685702.1965169162,liquido,0.8535613133326341,626125000.0,101420000.0,98690000.0,83760000.0,371870000.0,10151000.0,8437000.0,86568188.39819574,84237966.01279765,317413845.58900666,83760000.0,15690000.0,1267186000.0,274120000.0,2744480000.0,250982000.0,0.4008496705929327,23373410.867512852,24260534.21168573,26384400.0,28567246.103010602,1370385.0,1366794.0,0.037330262914773975,0.038747109940803715,0.042139189458973846,0.04562546792255637,0.002188676382511479,0.0021829411060091835,0.005716929983093337,4.622741864876696,False,False
27383,,LETS RENT A CAR S/A,outros,padrao,Serviços Transporte e Logística,Categoria B,,individual,padrao,dva,,0.03243365043292566,98919869.33456823,9.4258952644217,,36353051.98045381,3.4640165096749733,46986937.93391992,,34037429.57953297,3.2433650432925663,-2315622.400920838,,0.09425895264421699,0.09425895264421699,,0.5249999999999999,52.49999999999999,0.75,0.7,1.0,0.5230414746543779,0.014406569235052308,52.30414746543779,1.0,0.7,0.9363018433179724,15579879.420194495,62566817.35411442,-2315622.400920838,liquido,0.9501447062096608,1049448000.0,24855000.0,0.0,41395000.0,805448000.0,3195000.0,1880000.0,23615846.67284112,0.0,765292153.3271589,41395000.0,2826000.0,1074417000.0,495722000.0,1993535000.0,299479000.0,0.28536811733406514,7084754.001852336,0.0,14488250.0,76529215.3327159,479250.0,338400.0,0.006750933826023144,0.0,0.013805591129813007,0.07292330380611131,0.00045666864866101035,0.0003224552336085256,0.0014175823348975564,2.167378086911616,False,False
27405,,CONCESSIONÁRIA VIARIO S.A.,outros,padrao,Emp. Adm. Part. - Serviços Transporte e Logística,Categoria B,BOLSA,individual,padrao,dva,,0.018459442064535665,14491687.545219637,7.325175422434787,,3651905.2613953487,1.8459442064535665,9274680.028940566,,3651905.2613953487,1.8459442064535665,0.0,,0.07325175422434788,0.07325175422434788,,0.36000000000000004,36.00000000000001,0.9,0.4,1.0,0.9769585253456221,0.1399545690179479,97.6958525345622,1.0,0.7,1.0,1565102.2548837212,10839782.28382429,0.0,liquido,0.7783462532299742,197834000.0,15820000.0,0.0,17156000.0,61580000.0,0.0,0.0,12313437.726098191,0.0,47930562.27390181,17156000.0,61575000.0,576500000.0,155025000.0,979948000.0,134780000.0,0.6812782433757595,3694031.317829457,0.0,6004600.0,4793056.227390181,0.0,0.0,0.01867237844773627,0.0,0.03035170900856273,0.024227666768048876,0.0,0.0,0.06283496675333793,3.7187550395097566,False,False
27421,,CONCESSIONÁRIA DO SISTEMA RODOVIÁRIO RIO-SÃO PAULO S.A,outros,padrao,Emp. Adm. Part. - Serviços Transporte e Logística,Categoria B,BOLSA,individual,padrao,dva,,0.022939320207641316,259210222.03916693,9.10290484430211,,65320975.95387007,2.2939320207641316,165894542.1050668,,65320975.95387007,2.2939320207641316,0.0,,0.0910290484430211,0.0910290484430211,,0.36000000000000004,36.00000000000001,0.9,0.4,1.0,0.9723502304147466,0.13418574291042892,97.23502304147466,1.0,0.7,1.0,27994703.980230037,193889246.08529687,0.0,liquido,0.9435299064748698,2847555000.0,145460000.0,0.0,114685000.0,1885438000.0,0.0,0.0,137245860.19583455,0.0,1778967139.8041656,114685000.0,590373000.0,3802896000.0,936011000.0,8592974000.0,720666000.0,0.2530823812007143,41173758.05875036,0.0,40139750.0,177896713.98041657,0.0,0.0,0.014459337241510826,0.0,0.01409621587642732,0.062473495325082944,0.0,0.0,0.06870415295100392,4.062875329456598,False,False
27448,,PARSAN S.A.,utilities,cvm,"Saneamento, Serv. Água e Gás",Categoria B,,individual,padrao,dva,,0.0,3861180.0,,,2027119.4999999998,,965295.0,,1738465.1564516127,,-288654.34354838706,,0.0,0.0,,0.75,75.0,0.75,1.0,1.0,0.04608294930875576,0.0,4.6082949308755765,0.9,0.7,0.8576036866359447,868765.5000000001,1834060.5000000002,-288654.34354838706,liquido,0.2591719695184225,0.0,12729000.0,0.0,9430000.0,0.0,0.0,0.0,3298999.9999999995,0.0,0.0,9430000.0,17000.0,3313760000.0,2360854000.0,5546069000.0,-616924000.0,,890729.9999999999,0.0,2970450.0,0.0,0.0,0.0,,,,,,,3.0652341324999744e-06,1.4036276703260768,False,False
27456,,ECORIOMINAS CONCESSIONÁRIA DE RODOVIAS S.A.,outros,padrao,Serviços Transporte e Logística,Categoria B,BALCÃO ORGANIZADO,individual,padrao,dva,,0.029629709555353163,178670857.37154028,8.062506001456644,,65661540.08404104,2.9629709555353165,84868657.25148165,,65661540.08404104,2.9629709555353165,0.0,,0.08062506001456646,0.08062506001456646,,0.5249999999999999,52.49999999999999,0.75,0.7,1.0,0.9953917050691244,0.16381712161336323,99.53917050691244,1.0,0.7,1.0,28140660.036017593,113009317.28749925,0.0,liquido,0.965469135048166,2216071000.0,41346000.0,0.0,54256000.0,1529886000.0,0.0,0.0,39918286.85770147,0.0,1477057713.1422985,54256000.0,59121000.0,1690745000.0,734064000.0,3927200000.0,656304000.0,0.29615657621078023,11975486.057310442,0.0,18989600.0,147705771.31422985,0.0,0.0,0.0054039270661050305,0.0,0.008569039529870658,0.06665209341859077,0.0,0.0,0.015054237115502139,2.3032664726781316,False,False
27464,,CONCESSIONÁRIA DE RODOVIAS NOROESTE PAULISTA S.A,outros,padrao,Serviços Transporte e Logística,Categoria B,BALCÃO ORGANIZADO,individual,padrao,dva,,0.030680689952334948,110162252.31259511,6.957072551549875,,48581553.26985445,3.0680689952334954,40760033.35566019,,48581553.26985445,3.0680689952334954,0.0,,0.06957072551549875,0.06957072551549875,,0.63,63.0,0.9,0.7,1.0,0.988479262672811,0.1563121415148816,98.84792626728111,1.0,0.7,1.0,20820665.68708048,61580699.042740665,0.0,liquido,0.963277891107988,1583457000.0,27027000.0,0.0,35301000.0,934274000.0,0.0,0.0,26034511.562975593,0.0,899965488.4370244,35301000.0,110873000.0,2245697000.0,702898000.0,3460046000.0,721182000.0,0.4554477955511264,7810353.468892678,0.0,12355350.0,89996548.84370244,0.0,0.0,0.004932469570624701,0.0,0.007802769510002482,0.056835486434871574,0.0,0.0,0.03204379363742563,3.194911637250355,False,False
27529,,FISIA COMÉRCIO DE PRODUTOS ESPORTIVOS S.A.,varejo,cvm,Comércio (Atacado e Varejo),Categoria B,,individual,padrao,dva,,0.10835708362683075,1192756300.786232,22.453861362021765,,626197057.9127717,11.788277215061425,298189075.196558,,575596295.652401,10.835708362683075,-50600762.26037073,,0.22453861362021765,0.22453861362021765,,0.75,75.0,0.75,1.0,1.0,0.41935483870967744,0.006819037962936012,41.935483870967744,1.1,0.7,0.9191935483870968,268370167.67690223,566559242.8734603,-50600762.26037073,liquido,0.9333067104372235,5312032000.0,221155000.0,1151658000.0,318149000.0,3397517000.0,1568000.0,1387613000.0,206405445.54674417,1074850139.5287118,3170925414.9245443,318149000.0,33745000.0,1235467000.0,648373000.0,4706617000.0,279204000.0,0.0525606773453172,68113797.03042558,378347249.1141066,122487365.0,348801795.6416999,258720.0,274747374.0,0.012822550208738497,0.07122458018214246,0.02305847649261149,0.06566259307957857,4.870452587635014e-05,0.05172170913127029,0.007169693221266995,1.9054880446903248,False,False
27537,,CONCESSIONÁRIA RODOVIAS DO TRIÂNGULO SPE S.A.,outros,padrao,Serviços Transporte e Logística,Categoria B,BALCÃO ORGANIZADO,individual,padrao,dva,,0.02132028236579698,33593759.77286156,7.614386559213207,,9406252.736401238,2.132028236579698,20156255.863716938,,9406252.736401238,2.132028236579698,0.0,,0.07614386559213207,0.07614386559213207,,0.4,40.0,1.0,0.4,1.0,0.9193548387096774,0.10814423735353998,91.93548387096774,1.0,0.7,1.0,4031251.172743388,24187507.036460325,0.0,liquido,0.9105740155017205,441188000.0,29823000.0,0.0,20583000.0,200345000.0,0.0,0.0,27156048.86430781,0.0,182428951.13569218,20583000.0,251531000.0,1121112000.0,233438000.0,1953946000.0,126060000.0,0.2857285329610053,8146814.659292342,0.0,7204050.0,18242895.11356922,0.0,0.0,0.018465630659248083,0.0,0.01632875327524774,0.041349481657636245,0.0,0.0,0.12872976018784552,4.80261140002913,False,False
27561,,REVEE MCO S.A.,financeiro,cvm,Emp. Adm. Part. - Intermediação Financeira,Categoria A,,individual,padrao,dva,,0.0,337875.0,,,44346.09375,,274523.4375,,38031.37348790323,,-6314.720262096773,,0.0,0.0,,0.1875,18.75,0.75,0.25,1.0,0.04608294930875576,0.0,4.6082949308755765,1.25,0.7,0.8576036866359447,19005.468750000004,293528.90625,-6314.720262096773,liquido,1.0,0.0,901000.0,0.0,0.0,0.0,0.0,0.0,901000.0,0.0,0.0,0.0,29000.0,-29000.0,-901000.0,6316000.0,-588000.0,,337875.0,0.0,0.0,0.0,0.0,0.0,,,,,,,0.004591513616212793,0.03218645948945616,False,False
27570,,BELORA RDVC CITY DESENVOLVIMENTO IMOBILIÁRIO S.A.,construcao,cvm,"Construção Civil, Mat. Constr. e Decoração",Categoria A,BOLSA,individual,padrao,dva,,0.0,873120.0,,,114597.0,,709410.0,,98278.80967741935,,-16318.190322580645,,0.0,0.0,,0.1875,18.75,0.75,0.25,1.0,0.04608294930875576,0.0,4.6082949308755765,0.85,0.7,0.8576036866359447,49113.00000000001,758523.0,-16318.190322580645,liquido,1.0,0.0,3424000.0,0.0,0.0,0.0,0.0,0.0,3424000.0,0.0,0.0,0.0,0.0,0.0,-3424000.0,5072000.0,-1437000.0,,873120.0,0.0,0.0,0.0,0.0,0.0,,,,,,,0.0,-0.0,False,False
27588,,CONCESSIONÁRIA RODOVIAS DO CAFÉ SPE S.A.,outros,padrao,Serviços Transporte e Logística,Categoria B,,individual,padrao,dva,,0.023046996599983736,26712266.073672794,8.302232204605092,,7479434.500628382,2.3246250172894256,16027359.644203676,,7415325.062051567,2.3046996599983736,-64109.43857681472,,0.08302232204605092,0.08302232204605092,,0.4,40.0,1.0,0.4,1.0,0.8571428571428571,0.07925902549751407,85.71428571428571,1.0,0.7,0.9914285714285714,3205471.928840736,19232831.57304441,-64109.43857681472,liquido,0.8967616795881944,321748000.0,26702000.0,0.0,17990000.0,147555000.0,0.0,0.0,23945330.36836397,0.0,132321669.63163602,17990000.0,144363000.0,704747000.0,170683000.0,1150269000.0,43841000.0,0.13625881124358194,7183599.110509191,0.0,6296500.0,13232166.963163603,0.0,0.0,0.022326787145558608,0.0,0.019569663214689757,0.04112587168580256,0.0,0.0,0.12550368652897714,4.128981796663991,False,False
27596,,CONCESSIONÁRIA RODOVIAS DO SUL DE MINAS SPE S.A.,outros,padrao,Serviços Transporte e Logística,Categoria B,BALCÃO ORGANIZADO,individual,padrao,dva,,0.026189320658852207,29261997.55449945,10.050868332480173,,8193359.315259846,2.814243133094448,17557198.53269967,,7624732.627297573,2.618932065885221,-568626.6879622731,,0.10050868332480173,0.10050868332480173,,0.4,40.0,1.0,0.4,1.0,0.48847926267281105,0.01237180903741171,48.8479262672811,1.0,0.7,0.9305990783410139,3511439.7065399345,21068638.239239603,-568626.6879622731,liquido,0.9092509572277914,291139000.0,20656000.0,0.0,18866000.0,187236000.0,0.0,0.0,18781487.77249726,0.0,170244512.22750273,18866000.0,129334000.0,393570000.0,95393000.0,733086000.0,28213000.0,0.09690560179158408,5634446.331749178,0.0,6603100.0,17024451.222750273,0.0,0.0,0.019353114257276344,0.0,0.022680231779321904,0.05847533728820348,0.0,0.0,0.17642404847453094,4.125774427893032,False,False
27626,,AZEVEDO & TRAVASSOS ENERGIA S.A.,commodities,cvm,Petróleo e Gás,Categoria A,,consolidado,padrao,dva,,0.05040182465259434,2245515.119479156,78.15924536996715,,250515.2805168933,8.719640811586958,1887636.1473121655,,247129.8608850233,8.601805112600882,-3385.419631869998,,0.7815924536996716,0.45796998752568274,,0.159375,15.937499999999998,0.75,0.25,0.85,0.8271889400921659,0.07002641845491163,82.7188940092166,0.75,0.7,0.9864861751152074,107363.69165009716,1994999.8389622627,-3385.419631869998,liquido,0.9041304969951349,2873000.0,9309000.0,0.0,1005000.0,1174000.0,0.0,62000.0,8416550.796527712,0.0,1061449.2034722883,1005000.0,12000.0,2170000.0,-4115000.0,268373000.0,-37807000.0,-13.159415245388097,1893723.9292187348,0.0,263812.49999999994,79608.69026042163,0.0,8370.0,0.6591451198116028,0.0,0.09182474765053948,0.027709255224650762,0.0,0.002913331012878524,4.4713887015459825e-05,-0.5273390036452005,True,False
27634,,B100 S.A.,financeiro,cvm,Intermediação Financeira,Categoria A,BOLSA,consolidado,padrao,dva,,0.0,5501500.0,,,962762.4999999999,,4126125.0,,825668.6693548386,,-137093.83064516133,,0.0,0.0,,0.25,25.0,1.0,0.25,1.0,0.04608294930875576,0.0,4.6082949308755765,1.25,0.7,0.8576036866359447,412612.50000000006,4538737.5,-137093.83064516133,liquido,0.9222536767244356,0.0,14483000.0,0.0,1126000.0,0.0,0.0,0.0,13357000.0,0.0,0.0,1126000.0,21000.0,-21000.0,-463532000.0,22000.0,-13998000.0,,5008875.0,0.0,492625.0,0.0,0.0,0.0,,,,,,,0.9545454545454546,4.5304315559659314e-05,False,False
27650,,REVEE S.A.,industria,cvm,Emp. Adm. Part. - Brinquedos e Lazer,Categoria A,,consolidado,padrao,dva,,0.2885210921411801,2173150.0,191.6358024691358,,1369084.5,120.73055555555557,217314.99999999994,,1369084.5,120.73055555555557,0.0,,1.9163580246913579,0.45796998752568274,,0.9,90.0,0.9,1.0,1.0,0.9193548387096774,0.10820071005363421,91.93548387096774,1.0,0.7,1.0,586750.5000000001,804065.5,0.0,liquido,0.8574762050967147,1134000.0,10376000.0,0.0,2321000.0,5909000.0,0.0,0.0,8897173.104083512,0.0,5066826.895916487,2321000.0,9941000.0,-9941000.0,25863000.0,170973000.0,41012000.0,36.1657848324515,1020600.0,0.0,812350.0,340200.0,0.0,0.0,0.8999999999999999,0.0,0.716358024691358,0.30000000000000004,0.0,0.0,0.05814368350558275,-0.3843714959594788,True,False
27677,,ATOM EDUCAÇÃO E EDITORA S.A.,saude_educacao,cvm,Educação,Categoria A,BOLSA,consolidado,padrao,dva,,0.044217457041307674,7904693.711218336,29.868481810762653,,1175823.1895437273,4.442936669350944,6224946.297584439,,1170215.0005982078,4.421745704130768,-5608.188945519505,,0.2986848181076265,0.2986848181076265,,0.2125,21.25,1.0,0.25,0.85,0.880184331797235,0.0888392074346835,88.0184331797235,1.05,0.7,0.9952304147465438,503924.22409016895,6728870.521674609,-5608.188945519505,liquido,0.81318858061922,26465000.0,15262000.0,7462000.0,4646000.0,2146000.0,0.0,348000.0,12410884.117410535,6068013.188580619,1745102.694008846,4646000.0,3132000.0,-1778000.0,-1707000.0,22812000.0,-237000.0,-0.008955223880597015,3909428.4969843184,2038852.431363088,1707405.0,183235.78287092884,0.0,65772.0,0.1477207064796644,0.07703957798462453,0.06451558662384281,0.006923702356732623,0.0,0.0024852446627621387,0.13729615991583377,1.041593438781488,False,False
27685,,R/HOLDINGS S.A.,outros,padrao,Emp. Adm. Part. - Sem Setor Principal,Categoria A,,individual,padrao,dva,,0.0,51000.0,,,8925.0,,38250.0,,7654.112903225806,,-1270.887096774194,,0.0,0.0,,0.25,25.0,1.0,0.25,1.0,0.04608294930875576,0.0,4.6082949308755765,1.0,0.7,0.8576036866359447,3825.0000000000005,42075.0,-1270.887096774194,liquido,1.0,0.0,170000.0,0.0,0.0,0.0,0.0,0.0,170000.0,0.0,0.0,0.0,3000.0,-3000.0,-170000.0,3000.0,-136000.0,,51000.0,0.0,0.0,0.0,0.0,0.0,,,,,,,1.0,0.01764705882352941,False,False
27723,,EPR LITORAL PIONEIRO S.A.,outros,padrao,Serviços Transporte e Logística,Categoria B,,individual,padrao,dva,,0.04746432646283987,86548761.77825865,6.94037461544792,,60584133.244781055,4.858262230813543,0.0,,59189581.4219346,4.746432646283987,-1394551.8228464574,,0.0694037461544792,0.0694037461544792,,1.0,100.0,1.0,1.0,1.0,0.7695852534562212,0.05381527632948736,76.95852534562212,1.0,0.7,0.9769815668202765,25964628.5334776,25964628.533477597,-1394551.8228464574,liquido,0.9370149174786054,1247033000.0,64816000.0,0.0,40487000.0,577987000.0,0.0,0.0,60733558.89129329,0.0,541582441.1087067,40487000.0,935608000.0,-10856000.0,640169000.0,2312113000.0,491301000.0,0.39397594129425606,18220067.667387985,0.0,14170450.0,54158244.110870674,0.0,0.0,0.014610734172542335,0.0,0.011363332004846705,0.04342967997709016,0.0,0.0,0.40465496279809854,-0.016958022022309734,False,False
27758,,SPE NOVO NORTE AEROPORTOS S.A,outros,padrao,Emp. Adm. Part. - Serviços Transporte e Logística,Categoria B,,individual,padrao,dva,,0.02393344533291009,44650311.592268586,9.497398941630985,,11251878.521251684,2.3933445332910086,28576199.41905189,,11251878.521251684,2.3933445332910086,0.0,,0.09497398941630987,0.09497398941630987,,0.36000000000000004,36.00000000000001,0.9,0.4,1.0,0.9976958525345622,0.18463292222939104,99.76958525345621,1.0,0.7,1.0,4822233.651965009,33398433.0710169,0.0,liquido,0.9808477829564388,470132000.0,12489000.0,0.0,7713000.0,390232000.0,0.0,0.0,12249807.961342964,0.0,382758192.038657,7713000.0,30183000.0,337105000.0,72566000.0,644768000.0,74945000.0,0.15941267558898353,3674942.388402889,0.0,2699550.0,38275819.2038657,0.0,0.0,0.007816830993003857,0.0,0.005742110726349195,0.08141504769695682,0.0,0.0,0.046812186709017815,4.645495135462889,False,False
27782,,CONCESSIONÁRIA RODOANEL NORTE SPE S.A.,outros,padrao,Emp. Adm. Part. - Serviços Transporte e Logística,Categoria B,,individual,padrao,dva,,0.04435358607088974,286334531.80811405,9.051752259365255,,140303920.5859759,4.435358607088975,85900359.54243423,,140303920.5859759,4.435358607088975,0.0,,0.09051752259365255,0.09051752259365255,,0.7,70.0,1.0,0.7,1.0,0.9331797235023042,0.11118285603259975,93.31797235023042,1.0,0.7,1.0,60130251.67970396,146030611.22213817,0.0,liquido,0.9996400753073204,3163305000.0,21785000.0,0.0,1014000.0,2795471000.0,0.0,0.0,21777159.040569972,0.0,2794464840.95943,1014000.0,351247000.0,812593000.0,347428000.0,2295478000.0,2300414000.0,0.7272185261933326,6533147.712170991,0.0,354900.0,279446484.09594303,0.0,0.0,0.002065291747767285,0.0,0.00011219278570988254,0.08834003806017537,0.0,0.0,0.15301693154976873,2.3388817251344163,False,False
27790,,CONCESSIONARIA DAS RODOVIAS DO LESTE MS S/A,outros,padrao,Serviços Transporte e Logística,Categoria B,BALCÃO ORGANIZADO,individual,padrao,dva,,0.03566099280537808,56791786.73151626,12.736068859063595,,15901700.284824552,3.566099280537807,34075072.038909756,,15901700.284824552,3.566099280537807,0.0,,0.12736068859063598,0.12736068859063598,,0.4,40.0,1.0,0.4,1.0,0.9769585253456221,0.1427347125501957,97.6958525345622,1.0,0.7,1.0,6815014.407781952,40890086.44669171,0.0,liquido,0.9485937026010529,445913000.0,77769000.0,0.0,19149000.0,294734000.0,0.0,0.0,73771183.65758128,0.0,279582816.34241873,19149000.0,198527000.0,402073000.0,92185000.0,983650000.0,113219000.0,0.25390378840715566,22131355.097274385,0.0,6702150.0,27958281.634241875,0.0,0.0,0.04963155390687059,0.0,0.015030174047403864,0.06269896063636152,0.0,0.0,0.20182686931327198,4.361588110864023,False,False
27812,,IGUÁ SERGIPE S.A.,utilities,cvm,"Emp. Adm. Part. - Saneamento, Serv. Água e Gás",Categoria B,,individual,padrao,dva,,0.02261817004173147,92308489.95720378,12.671243720857966,,16477065.457360873,2.2618170041731465,68769825.01811682,,16477065.457360873,2.2618170041731465,0.0,,0.12671243720857966,0.12671243720857966,,0.255,25.5,0.75,0.4,0.85,0.9976958525345622,0.17890454166807157,99.76958525345621,0.9,0.7,1.0,7061599.4817260895,75831424.4998429,0.0,liquido,0.9179604026486852,728488000.0,94193000.0,0.0,56781000.0,597924000.0,12433000.0,0.0,86465444.2066876,0.0,548870555.7933124,56781000.0,60080000.0,3034884000.0,129205000.0,5249547000.0,-846274000.0,-1.1616855734068372,23345669.935805652,0.0,17886015.0,49398350.02139813,1678455.0,0.0,0.03204674604908475,0.0,0.024552243825567477,0.06780942173570206,0.0023040255982253654,0.0,0.01144479704629752,23.488905228125848,False,False
27855,,QUANTUM PARTICIPAÇÕES S.A,utilities,cvm,Emp. Adm. Part. - Energia Elétrica,Categoria B,,individual,padrao,dva,,0.0,12780810.0,,,5636337.21,,4728899.7,,4928028.842641936,,-708308.3673580643,,0.0,0.0,,0.63,63.0,0.9,0.7,1.0,0.14746543778801843,0.0004945604449214557,14.746543778801843,0.9,0.7,0.8743317972350231,2415573.0900000003,7144472.79,-708308.3673580643,liquido,0.0,0.0,29705000.0,0.0,40574000.0,0.0,0.0,0.0,0.0,0.0,0.0,40574000.0,51789000.0,410344000.0,159268000.0,655936000.0,-20410000.0,,0.0,0.0,12780810.0,0.0,0.0,0.0,,,,,,,0.07895434920480048,2.576437200190873,False,False
27863,,EPR VIA MINEIRA S.A.,varejo,nome,Serviços Transporte e Logística,Categoria B,,individual,padrao,dva,,0.06339837479768222,49529977.93188694,9.076045666454155,,34670984.55232086,6.3532319665179084,0.0,,34597887.89134073,6.339837479768222,-73096.66098012775,,0.09076045666454155,0.09076045666454155,,1.0,100.0,1.0,1.0,1.0,0.8963133640552995,0.09341190758234867,89.63133640552995,1.1,0.7,0.9978917050691244,14858993.379566085,14858993.37956608,-73096.66098012775,liquido,0.8993197051498487,545722000.0,42168000.0,0.0,30117000.0,256967000.0,0.0,0.0,37922513.32675882,0.0,231095486.67324117,30117000.0,137295000.0,-137295000.0,259501000.0,502285000.0,197507000.0,0.36191870586122604,12514429.39783041,0.0,11595045.0,25420503.534056533,0.0,0.0,0.02293187629934364,0.0,0.021247164307101416,0.046581416058096486,0.0,0.0,0.27334083239595053,-0.5290731056913075,False,False
27871,,CAMINHOS DA SERRA GAUCHA S/A,outros,padrao,Serviços Transporte e Logística,Categoria B,,individual,padrao,dva,,0.09229332284968433,48815959.639753714,13.43267686255647,,34171171.7478276,9.402873803789527,0.0,,33540501.043449488,9.229332284968434,-630670.7043781094,,0.13432676862556467,0.13432676862556467,,1.0,100.0,1.0,1.0,1.0,0.7972350230414746,0.060304219153282046,79.72350230414746,1.0,0.7,0.9815437788018433,14644787.891926117,14644787.891926117,-630670.7043781094,liquido,0.8917495807373544,363412000.0,39477000.0,0.0,35566000.0,289076000.0,0.0,158000.0,35203598.19876854,0.0,257783401.80123147,35566000.0,278718000.0,-187051000.0,100500000.0,512591000.0,88850000.0,0.24448834931152522,10561079.459630562,0.0,12448100.0,25778340.18012315,0.0,28440.0,0.029060899088721785,0.0,0.03425340935357115,0.07093420189790967,0.0,7.825828536206839e-05,0.5437434523821136,-1.8612039800995024,False,False
27898,,CONCESSIONÁRIA DE RODOVIAS PRVIAS S.A.,outros,padrao,Emp. Adm. Part. - Serviços Transporte e Logística,Categoria B,BOLSA,individual,padrao,dva,,0.03941940591282315,52086148.19688793,8.044776716902684,,25522212.616475083,3.941940591282314,15625844.459066382,,25522212.616475083,3.941940591282314,0.0,,0.08044776716902684,0.08044776716902684,,0.7,70.0,1.0,0.7,1.0,0.9700460829493087,0.13128660078771945,97.00460829493088,1.0,0.7,1.0,10938091.121346466,26563935.58041285,0.0,liquido,0.9237147946503484,647453000.0,38425000.0,0.0,28822000.0,339394000.0,0.0,0.0,35493740.98443964,0.0,313503259.0155604,28822000.0,271197000.0,825968000.0,282769000.0,2192405000.0,204768000.0,0.31626697227443534,10648122.295331892,0.0,10087700.0,31350325.90155604,0.0,0.0,0.01644617029395476,0.0,0.015580590405790072,0.048421006469282005,0.0,0.0,0.12369840426381075,2.9209991194225675,False,False
27901,,OZN HEALTH SPE S.A.,saude_educacao,cvm,Serviços Médicos,Categoria B,,individual,padrao,dva,,0.04143946981020523,24793303.494028654,9.871635468662491,,10933846.840866636,4.353391241680159,9173522.292790601,,10407812.919121716,4.143946981020523,-526033.9217449203,,0.0987163546866249,0.0987163546866249,,0.63,63.0,0.9,0.7,1.0,0.6175115207373272,0.023426290335848848,61.75115207373272,1.05,0.7,0.951889400921659,4685934.360371416,13859456.653162017,-526033.9217449203,liquido,0.8482744924579568,251157000.0,49116000.0,0.0,16808000.0,61663000.0,0.0,0.0,41663849.97156501,0.0,52307150.02843499,16808000.0,63483000.0,341015000.0,155176000.0,923868000.0,85768000.0,0.34149157698172855,13124112.741042977,0.0,6176940.0,5492250.752985675,0.0,0.0,0.0522546165985538,0.0,0.02459393924915491,0.021867798838916194,0.0,0.0,0.0687143617919443,2.197601433211321,False,False
27910,,ORANJEBTC S.A. - EDUCAÇÃO E INVESTIMENTO,saude_educacao,cvm,Educação,Categoria A,,consolidado,padrao,dva,,0.0,3267022.5,,,428796.703125,,2654455.78125,,428796.703125,,0.0,,0.0,0.0,,0.1875,18.75,0.75,0.25,1.0,0.9976958525345622,0.19636844501147357,99.76958525345621,1.05,0.7,1.0,183770.01562500003,2838225.796875,0.0,liquido,0.661743735995111,0.0,9818000.0,0.0,3321000.0,0.0,0.0,0.0,6497000.0,0.0,0.0,3321000.0,19237000.0,104350000.0,-466497000.0,1825499000.0,-66140000.0,,2046555.0,0.0,1220467.5,0.0,0.0,0.0,,,,,,,0.010537940585012645,-0.22368846959358796,False,False
27928,,EPR IGUAÇU S.A.,outros,padrao,Serviços Transporte e Logística,Categoria B,BALCÃO ORGANIZADO,individual,padrao,dva,,0.07139348716355069,81093550.16505355,10.247948056722485,,56765485.11553748,7.1735636397057405,0.0,,56494737.29482513,7.13934871635507,-270747.8207123503,,0.10247948056722486,0.10247948056722486,,1.0,100.0,1.0,1.0,1.0,0.880184331797235,0.08825641417182356,88.0184331797235,1.0,0.7,0.9952304147465438,24328065.049516067,24328065.049516067,-270747.8207123503,liquido,0.9499084442269233,791315000.0,75901000.0,0.0,29681000.0,516634000.0,0.0,0.0,72099000.8252677,0.0,490754999.1747323,29681000.0,449953000.0,20380000.0,205031000.0,1034701000.0,138337000.0,0.17481913018203876,21629700.24758031,0.0,10388350.0,49075499.917473234,0.0,0.0,0.02733386862068874,0.0,0.013127957892874518,0.06201765405366161,0.0,0.0,0.43486282510599683,0.0993996029868654,False,False
27936,,VIA ARAUCÁRIA CONCESSIONÁRIA DE RODOVIAS S.A.,varejo,nome,Serviços Transporte e Logística,Categoria B,,individual,padrao,dva,,0.1042719730851118,131924155.54747573,14.895996155015975,,92346908.883233,10.42719730851118,0.0,,92346908.883233,10.42719730851118,0.0,,0.14895996155015973,0.14895996155015973,,1.0,100.0,1.0,1.0,1.0,0.9193548387096774,0.10537310205740147,91.93548387096774,1.1,0.7,1.0,39577246.66424272,39577246.66424273,0.0,liquido,0.9086365460796119,885635000.0,70943000.0,0.0,78531000.0,788602000.0,0.0,8064000.0,64461402.488525905,0.0,716552597.5114741,78531000.0,283808000.0,-274140000.0,134158000.0,1341255000.0,265469000.0,0.2997498969665833,21272262.82121355,0.0,30234435.0,78820785.72626217,0.0,1596672.0,0.024019221034866,0.0,0.034138708384379574,0.08899917655271321,0.0,0.001802855578200952,0.211598838401348,-2.0434114998732835,False,False
27952,,MANTIQUEIRA HOLDING S.A.,utilities,cvm,Emp. Adm. Part. - Energia Elétrica,Categoria B,,individual,padrao,dva,,0.0,396360.0,,,83235.6,,277452.0,,71383.15741935484,,-11852.442580645162,,0.0,0.0,,0.30000000000000004,30.000000000000004,0.75,0.4,1.0,0.04608294930875576,0.0,4.6082949308755765,0.9,0.7,0.8576036866359447,35672.40000000001,313124.4,-11852.442580645162,liquido,1.0,0.0,1468000.0,0.0,0.0,0.0,0.0,0.0,1468000.0,0.0,0.0,0.0,12332000.0,847536000.0,171300000.0,1211594000.0,-6605000.0,,396360.0,0.0,0.0,0.0,0.0,0.0,,,,,,,0.010178327063356207,4.9476707530647985,False,False
27960,,ÁGUAS DO PARÁ B SPE S.A.,utilities,cvm,"Saneamento, Serv. Água e Gás",Categoria B,BALCÃO ORGANIZADO,individual,padrao,dva,,0.031065329714757423,3214202.383842994,28.680310376041707,,358584.453447484,3.199647126327153,2701938.878918017,,348149.1501132865,3.106532971475743,-10435.303334197495,,0.28680310376041707,0.28680310376041707,,0.159375,15.937499999999998,0.75,0.25,0.85,0.7327188940092166,0.04134890824286953,73.27188940092167,0.9,0.7,0.9708986175115207,153679.05147749317,2855617.93039551,-10435.303334197495,liquido,0.9117602312490491,11207000.0,5147000.0,0.0,1740000.0,14572000.0,421000.0,904000.0,4692829.9102388555,0.0,13286170.089761144,1740000.0,193000.0,276427000.0,-6476000.0,726810000.0,-3383000.0,-0.30186490586240744,1267064.075764491,0.0,548100.0,1195755.308078503,56835.00000000001,146448.0,0.11306005851382984,0.0,0.04890693316677077,0.10669718105456438,0.005071383956455787,0.013067547068796289,0.0002655439523396761,-42.684836318715256,False,False
27979,,ÁGUAS DO PARÁ A SPE S.A,utilities,cvm,"Saneamento, Serv. Água e Gás",Categoria B,BALCÃO ORGANIZADO,individual,padrao,dva,,0.027043076974569733,63677431.91612021,12.877655702176066,,13372260.702385245,2.704307697456974,44574202.34128414,,13372260.702385245,2.704307697456974,0.0,,0.12877655702176063,0.12877655702176063,,0.30000000000000004,30.000000000000004,0.75,0.4,1.0,0.9331797235023042,0.11062860368689005,93.31797235023042,0.9,0.7,1.0,5730968.87245082,50305171.21373496,0.0,liquido,0.9787185501939197,494480000.0,62460000.0,0.0,10914000.0,450381000.0,25245000.0,4040000.0,61130760.645112224,0.0,440796239.3548878,10914000.0,13090000.0,1396603000.0,181000.0,2593351000.0,38950000.0,0.07876961656689856,16505305.374180302,0.0,3437910.0,39671661.54193991,3408075.0,654480.0,0.03337911619111046,0.0,0.006952576443941111,0.08022905181592765,0.006892240333279406,0.0013235722375020225,0.005047523455174406,7716.03867403315,False,False
27987,,ÁGUAS DO PARÁ D SPE S.A.,utilities,cvm,"Saneamento, Serv. Água e Gás",Categoria B,BALCÃO ORGANIZADO,individual,padrao,dva,,0.02257383844469647,2415201.219834283,20.91445462274232,,269445.8860877622,2.33326884384969,2030278.525423194,,260682.6863593549,2.2573838444696475,-8763.199728407286,,0.20914454622742315,0.20914454622742315,,0.159375,15.937499999999998,0.75,0.25,0.85,0.7119815668202765,0.03725922486116381,71.19815668202764,0.9,0.7,0.9674769585253457,115476.80832332667,2145755.333746521,-8763.199728407286,liquido,0.9219963749352666,11548000.0,3709000.0,0.0,1205000.0,11739000.0,749000.0,229000.0,3419684.554634904,0.0,10823315.445365096,1205000.0,510000.0,255641000.0,-2516000.0,682639000.0,-2630000.0,-0.22774506408036024,923314.8297514241,0.0,379575.0,974098.3900828587,101115.0,37098.0,0.07995452283957603,0.0,0.03286932802216834,0.08435212938022676,0.008756061655697958,0.0032125043297540697,0.0007471005905024471,-101.60612082670906,False,False
27995,,PLATÃO CAPITAL S.A.,utilities,cvm,Emp. Adm. Part. - Energia Elétrica,Categoria B,,consolidado,padrao,dva,,0.02032569832364525,4211919.180739389,17.985819372872953,,552814.3924720448,2.3606387926895755,3422184.3343507536,,475987.20334312454,2.0325698323645254,-76827.18912892026,,0.17985819372872955,0.17985819372872955,,0.1875,18.75,0.75,0.25,1.0,0.06682027649769585,5.5484850901802224e-05,6.682027649769585,0.9,0.7,0.8610253456221197,236920.45391659066,3659104.7882673442,-76827.18912892026,liquido,0.9933820173436787,23418000.0,12345000.0,0.0,145000.0,9565000.0,0.0,0.0,12263301.004107714,0.0,9501698.995892286,145000.0,0.0,345465000.0,-616000.0,288367000.0,9557000.0,0.40810487659065675,3311091.2711090827,0.0,45675.0,855152.9096303058,0.0,0.0,0.14139086476680685,0.0,0.001950422751729439,0.03651690621019327,0.0,0.0,0.0,-560.8198051948052,False,False
80152,,PPLA PARTICIPATIONS LTD.,outros,padrao,,,,individual,padrao,dva,,0.0,644400.0,,,84577.5,,523575.0,,72533.9758064516,,-12043.524193548394,,0.0,0.0,,0.1875,18.75,0.75,0.25,1.0,0.04608294930875576,0.0,4.6082949308755765,1.0,0.7,0.8576036866359447,36247.50000000001,559822.5,-12043.524193548394,liquido,1.0,0.0,2148000.0,0.0,0.0,0.0,0.0,0.0,2148000.0,0.0,0.0,0.0,0.0,0.0,-1000.0,1108000.0,0.0,,644400.0,0.0,0.0,0.0,0.0,0.0,,,,,,,0.0,-0.0,False,False
6041,,INVESTIMENTOS BEMGE S.A.,financeiro,cvm,Bancos,Categoria A,BOLSA,individual,financeiro,dre,,0.0019901692535306513,108375.0,0.44202218778040625,,56896.875,0.23206164858471326,27093.75,,48794.969758064515,0.19901692535306517,-8101.905241935485,,0.004420221877804062,0.004420221877804062,,0.75,75.0,0.75,1.0,1.0,0.04608294930875576,0.0,4.6082949308755765,1.25,0.7,0.8576036866359447,24384.375000000004,51478.125,-8101.905241935485,liquido,1.0,24518000.0,289000.0,,0.0,,0.0,,289000.0,0.0,0.0,0.0,2000.0,-2000.0,23054000.0,194394000.0,108000.0,0.004404926992413737,108375.0,0.0,0.0,0.0,0.0,0.0,0.004420221877804062,0.0,0.0,0.0,0.0,0.0,1.0288383386318508e-05,,False,False
14214,,DIBENS LEASING S.A. - ARREND.MERCANTIL,financeiro,cvm,Arrendamento Mercantil,Categoria B,BOLSA,individual,financeiro,dre,,0.003040436486418567,646875.0,0.5064671202524212,,452812.5,0.35452698417669487,0.0,,388333.66935483867,0.30404364864185673,-64478.83064516133,,0.0050646712025242124,0.0050646712025242124,,1.0,100.0,1.0,1.0,1.0,0.04608294930875576,0.0,4.6082949308755765,1.25,0.7,0.8576036866359447,194062.50000000003,194062.5,-64478.83064516133,liquido,1.0,127723000.0,1725000.0,,0.0,,0.0,,1725000.0,0.0,0.0,0.0,246124000.0,-246124000.0,121220000.0,1061138000.0,17045000.0,0.13345286283598098,646875.0,0.0,0.0,0.0,0.0,0.0,0.0050646712025242124,0.0,0.0,0.0,0.0,0.0,0.2319434418520494,,False,False
19640,,BRADESCO LEASING S.A. ARREND MERCANTIL,financeiro,cvm,Arrendamento Mercantil,Categoria B,BALCÃO ORGANIZADO,individual,financeiro,dre,,0.0008971092387754224,4558875.0,0.19925048470025505,,2393409.375,0.1046065044676339,1139718.75,,2052596.7036290322,0.08971092387754226,-340812.67137096776,,0.0019925048470025505,0.0019925048470025505,,0.75,75.0,0.75,1.0,1.0,0.04608294930875576,0.0,4.6082949308755765,1.25,0.7,0.8576036866359447,1025746.8750000001,2165465.625,-340812.67137096776,liquido,1.0,2288012000.0,12157000.0,,0.0,,0.0,,12157000.0,0.0,0.0,0.0,731000.0,-731000.0,740373000.0,17792155000.0,6424624000.0,2.80795030795293,4558875.0,0.0,0.0,0.0,0.0,0.0,0.0019925048470025505,0.0,0.0,0.0,0.0,0.0,4.108552336689963e-05,,False,False
